group,period,price_deviation,realized_surplus,traded_volume,filled_contract,block,format,ce_quantity,filled_ce_quantity,block_1,block_2,block_3,block_4,block_5,group_id_x,format_num,realized_surplus_percent,filled_contract_percent,change_log_wprice,change_log_price,Traded/CE Quantity,gross_profits,gross_norm_diff,total_ce_profit,overall_order_num,overall_order_price_low,overall_order_price_high,overall_order_quantity,overall_order_rate,overall_order_price_low_initial,overall_order_price_high_initial,overall_order_quantity_initial,overall_order_rate_initial,max_quantity/rate_orders_buy,max_quantity/rate_orders_sell,%no_trans,max_quantity/rate_orders,buyer_profit,buyer_ce_profit,buyer_order_num,buyer_order_price_low,buyer_order_price_high,buyer_order_quantity,buyer_order_rate,buyer_order_price_low_initial,buyer_order_price_high_initial,buyer_order_quantity_initial,buyer_order_rate_initial,seller_profit,seller_ce_profit,seller_order_num,seller_order_price_low,seller_order_price_high,seller_order_quantity,seller_order_rate,seller_order_price_low_initial,seller_order_price_high_initial,seller_order_quantity_initial,seller_order_rate_initial,%max_quantity/rate_orders_buy,%max_quantity/rate_orders_sell,%max_quantity/rate_orders,group_id_y,seller_realized_surplus,buyer_realized_surplus,order_size,gross_diff
CDA1,1,5.25974025974026,0.524,770.0,0.5027,1,CDA,1100,0.7,True,False,False,False,False,1,0,52.400000000000006,50.27,0.40291168809894734,0.1741390300997617,0.7,6131.0,1.3358333333333334,11700.0,34.0,9.973333333333333,9.973333333333333,105.81111111111112,0.0,12.5,12.5,141.16666666666669,,2.0,3.0,,5.0,3806.0,2400.0,9,7.666666666666667,7.666666666666667,115.22222222222223,0.0,8.0,8.0,154.33333333333334,,2325.0,9300.0,25,12.28,12.28,96.4,0.0,17.0,17.0,128.0,,0.2222222222222222,0.12,0.1711111111111111,1,0.25,1.5858333333333334,45.294117647058826,8381.0
CDA1,2,5.443732845379689,0.7185,1093.0,0.6882,1,CDA,1100,0.9936363636363637,True,False,False,False,False,1,0,71.85000000000001,68.82000000000001,0.3583294174522211,0.15518308520675703,0.9936363636363637,8407.0,1.2373521505376344,11700.0,31.0,9.31359649122807,9.31359649122807,106.04385964912281,0.0,11.75,11.75,163.25,,2.0,1.0,,3.0,4085.0,2400.0,12,7.416666666666667,7.416666666666667,122.66666666666667,0.0,11.5,11.5,164.5,,4322.0,9300.0,19,11.210526315789474,11.210526315789474,89.42105263157895,0.0,12.0,12.0,162.0,,0.16666666666666666,0.05263157894736842,0.10964912280701754,1,0.4647311827956989,1.7020833333333334,70.51612903225806,6663.0
CDA1,3,5.127476313522825,0.7522,1161.0,0.7464,1,CDA,1100,1.0554545454545454,True,False,False,False,False,1,0,75.22,74.64,0.301360001567518,0.1734618906822635,1.0554545454545454,8801.0,1.985470430107527,11700.0,38.0,8.807692307692307,8.807692307692307,91.42615384615385,0.0,8.325,8.325,127.85,,1.0,5.0,,6.0,5593.0,2400.0,13,5.615384615384615,5.615384615384615,89.6923076923077,0.0,6.25,6.25,135.5,,3208.0,9300.0,25,12.0,12.0,93.16,0.0,10.4,10.4,120.2,,0.07692307692307693,0.2,0.13846153846153847,1,0.3449462365591398,2.330416666666667,61.10526315789474,9285.0
CDA1,4,4.198970840480275,0.7553,1166.0,0.7845,1,CDA,1100,1.06,True,False,False,False,False,1,0,75.53,78.45,0.4067563299486761,0.1856781387696445,1.06,8837.0,1.611518817204301,11700.0,39.0,8.472222222222221,8.472222222222221,87.44444444444444,0.0,10.666666666666668,10.666666666666668,105.70833333333334,,1.0,2.0,,3.0,4887.0,2400.0,12,6.5,6.5,87.33333333333333,0.0,8.0,8.0,119.25,,3950.0,9300.0,27,10.444444444444445,10.444444444444445,87.55555555555556,0.0,13.333333333333334,13.333333333333334,92.16666666666667,,0.08333333333333333,0.07407407407407407,0.07870370370370369,1,0.42473118279569894,2.03625,59.794871794871796,7837.0
CDA1,5,0.04952076677316253,0.5611,1252.0,0.7467,2,CDA,1200,1.0433333333333332,False,True,False,False,False,1,0,56.11000000000001,74.67,0.1573558639454838,0.0705211039592999,1.0433333333333332,6004.0,-0.4235645933014354,10700.0,44.0,6.435729847494553,6.435729847494553,105.50217864923746,0.0,7.375,7.375,156.875,,2.0,4.0,,6.0,4276.0,8800.0,17,4.352941176470588,4.352941176470588,117.41176470588235,0.0,5.75,5.75,144.5,,1728.0,1900.0,27,8.518518518518519,8.518518518518519,93.5925925925926,0.0,9.0,9.0,169.25,,0.11764705882352941,0.14814814814814814,0.1328976034858388,1,0.9094736842105263,0.4859090909090909,56.90909090909091,-4352.0
CDA1,6,0.32323232323232354,0.5376,1287.0,0.7425,2,CDA,1200,1.0725,False,True,False,False,False,1,0,53.76,74.25,0.2033308688730643,0.1048318985018149,1.0725,5752.0,-0.8163337320574162,10700.0,47.0,5.777777777777778,5.777777777777778,93.00766283524905,0.0,6.375,6.375,182.0,,1.0,2.0,,3.0,3455.0,8800.0,18,4.555555555555555,4.555555555555555,106.22222222222223,0.0,6.75,6.75,164.0,,2297.0,1900.0,29,7.0,7.0,79.79310344827586,0.0,6.0,6.0,200.0,,0.05555555555555555,0.06896551724137931,0.06226053639846743,1,1.2089473684210525,0.3926136363636364,54.765957446808514,-5742.0
CDA1,7,0.1601085481682496,0.7834,1474.0,1.0592,2,CDA,1200,1.2283333333333333,False,True,False,False,False,1,0,78.34,105.91999999999999,0.13101384943387168,0.06992355398053417,1.2283333333333333,8382.0,-0.13093899521531094,10700.0,37.0,5.445454545454545,5.445454545454545,111.8439393939394,0.0,6.25,6.25,140.5,,1.0,5.0,,6.0,6689.0,8800.0,15,4.8,4.8,112.73333333333333,0.0,5.0,5.0,127.75,,1693.0,1900.0,22,6.090909090909091,6.090909090909091,110.95454545454545,0.0,7.5,7.5,153.25,,0.06666666666666667,0.22727272727272727,0.14696969696969697,1,0.8910526315789473,0.7601136363636364,79.67567567567568,-1904.0
CDA1,8,0.4541516245487367,0.8566,1385.0,0.8975,2,CDA,1200,1.1541666666666666,False,True,False,False,False,1,0,85.66,89.75,0.1889401187653841,0.08347974909578529,1.1541666666666666,9166.0,-0.6024461722488038,10700.0,39.0,6.140000000000001,6.140000000000001,98.79142857142857,0.0,6.833333333333334,6.833333333333334,143.75,,2.0,2.0,,4.0,6597.0,8800.0,14,5.0,5.0,108.14285714285714,0.0,5.666666666666667,5.666666666666667,150.0,,2569.0,1900.0,25,7.28,7.28,89.44,0.0,8.0,8.0,137.5,,0.14285714285714285,0.08,0.11142857142857143,1,1.3521052631578947,0.7496590909090909,71.02564102564102,-2872.0
CDA1,9,2.1056160938809727,0.7079,1193.0,0.5813,3,CDA,1500,0.7953333333333333,False,False,True,False,False,1,0,70.78999999999999,58.13,0.19388856486434733,0.1742113979874448,0.7953333333333333,9344.0,0.9132919254658385,13200.0,31.0,6.552272727272728,6.552272727272728,96.79545454545455,0.0,9.05,9.05,117.35,,0.0,3.0,,3.0,7892.0,6900.0,11,5.454545454545454,5.454545454545454,104.0909090909091,0.0,10.5,10.5,159.5,,1452.0,6300.0,20,7.65,7.65,89.5,0.0,7.6,7.6,75.2,,0.0,0.15,0.075,1,0.23047619047619047,1.143768115942029,76.96774193548387,5840.0
CDA1,10,0.7242798353909468,0.8075,1215.0,0.7373,3,CDA,1500,0.81,False,False,True,False,False,1,0,80.75,73.72999999999999,0.05841319546346547,0.05655002169103086,0.81,10659.0,0.8381711525189786,13200.0,36.0,6.7615384615384615,6.7615384615384615,93.86923076923077,0.0,7.4,7.4,139.8,,3.0,2.0,,5.0,8332.0,6900.0,10,5.6,5.6,106.7,0.0,8.0,8.0,167.0,,2327.0,6300.0,26,7.923076923076923,7.923076923076923,81.03846153846153,0.0,6.8,6.8,112.6,,0.3,0.07692307692307693,0.18846153846153846,1,0.36936507936507934,1.207536231884058,67.5,5405.0
CDA1,11,1.6501352569882775,0.8881,1109.0,0.7393,3,CDA,1500,0.7393333333333333,False,False,True,False,False,1,0,88.81,73.92999999999999,0.15831266651354772,0.10567145881769678,0.7393333333333333,11723.0,1.1812491373360938,13200.0,29.0,5.77536231884058,5.77536231884058,108.5072463768116,0.0,4.625,4.625,136.25,,1.0,5.0,,6.0,10018.0,6900.0,6,4.333333333333333,4.333333333333333,110.66666666666667,0.0,2.5,2.5,117.0,,1705.0,6300.0,23,7.217391304347826,7.217391304347826,106.34782608695652,0.0,6.75,6.75,155.5,,0.16666666666666666,0.21739130434782608,0.19202898550724637,1,0.2706349206349206,1.4518840579710144,76.48275862068965,7713.0
CDA1,12,1.2861815208503682,0.8,1223.0,0.6867,3,CDA,1500,0.8153333333333334,False,False,True,False,False,1,0,80.0,68.67,0.11447407978797794,0.12040206803722311,0.8153333333333334,10560.0,1.0946859903381643,13200.0,26.0,5.647727272727273,5.647727272727273,98.2159090909091,0.0,5.0,5.0,106.39285714285714,,0.0,2.0,,2.0,9125.0,6900.0,4,4.25,4.25,101.25,0.0,4.0,4.0,106.5,,1435.0,6300.0,22,7.045454545454546,7.045454545454546,95.18181818181819,0.0,6.0,6.0,106.28571428571429,,0.0,0.09090909090909091,0.045454545454545456,1,0.22777777777777777,1.3224637681159421,94.07692307692308,7090.0
CDA1,13,0.7510416666666666,0.8933,960.0,0.8,4,CDA,1200,0.8,False,False,False,True,False,1,0,89.33,80.0,0.24985719566867443,0.11209521389476179,0.8,9558.0,-0.07601674641148326,10700.0,36.0,5.526923076923077,5.526923076923077,82.11538461538461,0.0,5.375,5.375,128.125,,0.0,4.0,,4.0,7742.0,8800.0,10,3.4,3.4,77.0,0.0,3.0,3.0,112.0,,1816.0,1900.0,26,7.653846153846154,7.653846153846154,87.23076923076923,0.0,7.75,7.75,144.25,,0.0,0.15384615384615385,0.07692307692307693,1,0.9557894736842105,0.8797727272727273,53.333333333333336,-974.0
CDA1,14,0.11909090909090914,0.8943,1100.0,0.8167,4,CDA,1200,0.9166666666666666,False,False,False,True,False,1,0,89.42999999999999,81.67,0.11293851762643738,0.10995971975842567,0.9166666666666666,9569.0,0.34696172248803825,10700.0,27.0,4.571428571428571,4.571428571428571,113.675,0.0,4.125,4.125,158.375,,0.0,1.0,,1.0,8412.0,8800.0,7,3.142857142857143,3.142857142857143,134.0,0.0,2.5,2.5,169.5,,1157.0,1900.0,20,6.0,6.0,93.35,0.0,5.75,5.75,147.25,,0.0,0.05,0.025,1,0.6089473684210527,0.9559090909090909,81.48148148148148,355.0
CDA1,15,0.8276515151515156,0.8697,1056.0,0.8308,4,CDA,1200,0.88,False,False,False,True,False,1,0,86.97,83.08,0.1854606009328335,0.0731974543599355,0.88,9306.0,-0.07585526315789481,10700.0,39.0,6.316558441558442,6.316558441558442,101.28246753246754,0.0,7.533333333333333,7.533333333333333,114.96666666666667,,0.0,3.0,,3.0,7535.0,8800.0,11,5.454545454545454,5.454545454545454,128.63636363636363,0.0,5.666666666666667,5.666666666666667,120.33333333333333,,1771.0,1900.0,28,7.178571428571429,7.178571428571429,73.92857142857143,0.0,9.4,9.4,109.6,,0.0,0.10714285714285714,0.05357142857142857,1,0.9321052631578948,0.85625,54.15384615384615,-1136.0
CDA1,16,0.31790744466800813,0.8801,994.0,0.8283,4,CDA,1200,0.8283333333333334,False,False,False,True,False,1,0,88.01,82.83,0.06839078161353211,0.03543135708831446,0.8283333333333334,9417.0,0.5434330143540669,10700.0,31.0,4.869047619047619,4.869047619047619,98.63571428571429,0.0,4.055555555555555,4.055555555555555,108.38888888888889,,1.0,3.0,,4.0,8594.0,8800.0,10,3.5,3.5,114.7,0.0,2.3333333333333335,2.3333333333333335,118.66666666666667,,823.0,1900.0,21,6.238095238095238,6.238095238095238,82.57142857142857,0.0,5.777777777777778,5.777777777777778,98.11111111111111,,0.1,0.14285714285714285,0.12142857142857143,1,0.43315789473684213,0.9765909090909091,64.12903225806451,871.0
CDA1,17,5.041109969167524,0.8228,973.0,0.85,5,CDA,1100,0.8845454545454545,False,False,False,False,True,1,0,82.28,85.0,0.2540985970907784,0.15204439670486,0.8845454545454545,9627.0,2.5188709677419356,11700.0,38.0,8.393846153846154,8.393846153846154,86.36307692307692,0.0,10.214285714285715,10.214285714285715,114.51785714285714,,1.0,3.0,,4.0,6780.0,2400.0,13,7.3076923076923075,7.3076923076923075,97.84615384615384,0.0,11.0,11.0,123.75,,2847.0,9300.0,25,9.48,9.48,74.88,0.0,9.428571428571429,9.428571428571429,105.28571428571429,,0.07692307692307693,0.12,0.09846153846153846,1,0.30612903225806454,2.825,51.21052631578947,10833.0
CDA1,18,5.358190709046454,0.785,818.0,0.7436,5,CDA,1100,0.7436363636363637,False,False,False,False,True,1,0,78.5,74.36,0.112005277138976,0.08471114692759373,0.7436363636363637,9184.0,2.1675940860215053,11700.0,34.0,9.185714285714287,9.185714285714287,102.58928571428572,0.0,8.107142857142858,8.107142857142858,100.89285714285714,,0.0,4.0,,4.0,6019.0,2400.0,14,7.071428571428571,7.071428571428571,111.42857142857143,0.0,5.5,5.5,95.5,,3165.0,9300.0,20,11.3,11.3,93.75,0.0,10.714285714285714,10.714285714285714,106.28571428571429,,0.0,0.2,0.1,1,0.3403225806451613,2.5079166666666666,48.11764705882353,9754.0
CDA1,19,4.93175355450237,0.9226,1055.0,0.9591,5,CDA,1100,0.9590909090909091,False,False,False,False,True,1,0,92.25999999999999,95.91,0.10528244944540148,0.06185498555159926,0.9590909090909091,10795.0,2.450416666666667,11700.0,26.0,9.396969696969697,9.396969696969697,101.97878787878787,0.0,9.15,9.15,128.75,,0.0,3.0,,3.0,6889.0,2400.0,11,7.7272727272727275,7.7272727272727275,102.0909090909091,0.0,7.5,7.5,113.5,,3906.0,9300.0,15,11.066666666666666,11.066666666666666,101.86666666666666,0.0,10.8,10.8,144.0,,0.0,0.2,0.1,1,0.42,2.870416666666667,81.15384615384616,9883.0
CDA1,20,5.637681159420289,0.8128,828.0,0.7527,5,CDA,1100,0.7527272727272727,False,False,False,False,True,1,0,81.28,75.27000000000001,0.02455946066575442,0.010797153176162727,0.7527272727272727,9510.0,2.0109274193548385,11700.0,35.0,9.064144736842106,9.064144736842106,119.52960526315789,0.0,9.380952380952381,9.380952380952381,134.02380952380952,,0.0,6.0,,6.0,5787.0,2400.0,19,7.315789473684211,7.315789473684211,110.6842105263158,0.0,7.333333333333333,7.333333333333333,129.33333333333334,,3723.0,9300.0,16,10.8125,10.8125,128.375,0.0,11.428571428571429,11.428571428571429,138.71428571428572,,0.0,0.375,0.1875,1,0.4003225806451613,2.41125,47.31428571428572,8964.0
CDA2,1,5.5016694490818026,0.8302,1198.0,1.0891,1,CDA,1100,1.089090909090909,True,False,False,False,False,2,0,83.02000000000001,108.91,0.09863040633162212,0.06639384518121,1.089090909090909,9713.0,3.1978897849462364,11700.0,22.0,9.572649572649572,9.572649572649572,128.60256410256412,0.0,9.833333333333332,9.833333333333332,136.41666666666669,,3.0,3.0,,6.0,8093.0,2400.0,9,6.222222222222222,6.222222222222222,116.66666666666667,0.0,9.666666666666666,9.666666666666666,133.33333333333334,,1620.0,9300.0,13,12.923076923076923,12.923076923076923,140.53846153846155,0.0,10.0,10.0,139.5,,0.3333333333333333,0.23076923076923078,0.28205128205128205,2,0.17419354838709677,3.3720833333333333,108.9090909090909,13373.0
CDA2,2,5.120109190172885,0.8616,1099.0,0.9255,1,CDA,1100,0.9990909090909091,True,False,False,False,False,2,0,86.16,92.55,0.18602716047975082,0.09173987534195718,0.9990909090909091,10081.0,2.6702956989247313,11700.0,35.0,10.234265734265733,10.234265734265733,125.26048951048952,0.0,10.166666666666668,10.166666666666668,155.25,,7.0,5.0,,12.0,7162.0,2400.0,13,6.923076923076923,6.923076923076923,139.3846153846154,0.0,7.0,7.0,150.5,,2919.0,9300.0,22,13.545454545454545,13.545454545454545,111.13636363636364,0.0,13.333333333333334,13.333333333333334,160.0,,0.5384615384615384,0.22727272727272727,0.38286713286713286,2,0.31387096774193546,2.984166666666667,62.8,11143.0
CDA2,3,4.431356620633631,0.905,1231.0,1.1191,1,CDA,1100,1.1190909090909091,True,False,False,False,False,2,0,90.5,111.91,0.16684438149980735,0.0853739412575291,1.1190909090909091,10589.0,2.8814381720430107,11700.0,23.0,10.808333333333334,10.808333333333334,126.0125,0.0,10.208333333333334,10.208333333333334,132.75,,3.0,3.0,,6.0,7669.0,2400.0,8,8.75,8.75,149.625,0.0,7.666666666666667,7.666666666666667,160.0,,2920.0,9300.0,15,12.866666666666667,12.866666666666667,102.4,0.0,12.75,12.75,105.5,,0.375,0.2,0.2875,2,0.3139784946236559,3.1954166666666666,107.04347826086956,11649.0
CDA2,4,4.0476190476190474,0.9758,1281.0,1.1645,1,CDA,1100,1.1645454545454546,True,False,False,False,False,2,0,97.58,116.45,0.1018962985074401,0.05652315729202821,1.1645454545454546,11417.0,2.745228494623656,11700.0,34.0,10.3,10.3,114.99642857142857,0.0,9.791666666666668,9.791666666666668,164.5,,4.0,5.0,,9.0,7579.0,2400.0,14,8.0,8.0,110.14285714285714,0.0,8.333333333333334,8.333333333333334,200.0,,3838.0,9300.0,20,12.6,12.6,119.85,0.0,11.25,11.25,129.0,,0.2857142857142857,0.25,0.26785714285714285,2,0.4126881720430107,3.1579166666666665,75.3529411764706,10641.0
CDA2,5,0.6925182481751824,0.6965,1096.0,0.89,2,CDA,1200,0.9133333333333333,False,True,False,False,False,2,0,69.65,89.0,0.2970410204282916,0.17863273480325387,0.9133333333333333,7453.0,-0.7363098086124401,10700.0,33.0,7.181818181818182,7.181818181818182,117.38636363636363,0.0,7.0,7.0,200.0,,6.0,7.0,,13.0,4979.0,8800.0,11,4.090909090909091,4.090909090909091,135.9090909090909,0.0,3.5,3.5,200.0,,2474.0,1900.0,22,10.272727272727273,10.272727272727273,98.86363636363636,0.0,10.5,10.5,200.0,,0.5454545454545454,0.3181818181818182,0.43181818181818177,2,1.3021052631578947,0.5657954545454545,66.42424242424242,-4395.0
CDA2,6,2.7439999999999998,0.9523,1000.0,0.8333,2,CDA,1200,0.8333333333333334,False,True,False,False,False,2,0,95.23,83.33,0.19163010888656182,0.12020284503108042,0.8333333333333334,10190.0,-0.8329366028708134,10700.0,29.0,7.913043478260869,7.913043478260869,128.0144927536232,0.0,6.916666666666667,6.916666666666667,175.5,,3.0,8.0,,11.0,7079.0,8800.0,6,6.0,6.0,145.33333333333334,0.0,3.3333333333333335,3.3333333333333335,151.0,,3111.0,1900.0,23,9.826086956521738,9.826086956521738,110.69565217391305,0.0,10.5,10.5,200.0,,0.5,0.34782608695652173,0.42391304347826086,2,1.6373684210526316,0.8044318181818182,68.96551724137932,-2932.0
CDA2,7,2.2912735849056602,0.7778,848.0,0.7017,2,CDA,1200,0.7066666666666667,False,True,False,False,False,2,0,77.78,70.17,0.1401209349643746,0.06681913331017199,0.7066666666666667,8322.0,-0.9748145933014355,10700.0,31.0,6.859523809523809,6.859523809523809,102.89285714285714,0.0,8.333333333333334,8.333333333333334,156.875,,4.0,5.0,,9.0,5321.0,8800.0,10,5.1,5.1,117.5,0.0,6.666666666666667,6.666666666666667,170.0,,3001.0,1900.0,21,8.619047619047619,8.619047619047619,88.28571428571429,0.0,10.0,10.0,143.75,,0.4,0.23809523809523808,0.319047619047619,2,1.5794736842105264,0.6046590909090909,54.70967741935484,-4580.0
CDA2,8,1.4323062558356678,0.9505,1071.0,0.8925,2,CDA,1200,0.8925,False,True,False,False,False,2,0,95.05,89.25,0.14871815879154324,0.08462745217574057,0.8925,10170.0,-0.8089712918660287,10700.0,30.0,7.545454545454546,7.545454545454546,121.14204545454545,0.0,7.966666666666667,7.966666666666667,123.66666666666666,,3.0,8.0,,11.0,7100.0,8800.0,8,6.0,6.0,124.875,0.0,7.333333333333333,7.333333333333333,118.33333333333333,,3070.0,1900.0,22,9.090909090909092,9.090909090909092,117.4090909090909,0.0,8.6,8.6,129.0,,0.375,0.36363636363636365,0.3693181818181818,2,1.6157894736842104,0.8068181818181818,71.4,-2870.0
CDA2,9,0.2396755162241888,0.9228,1356.0,0.894,3,CDA,1500,0.904,False,False,True,False,False,2,0,92.28,89.4,0.19080460135536428,0.08616694548882989,0.904,12181.0,0.6351483781918564,13200.0,28.0,7.533333333333333,7.533333333333333,129.30769230769232,0.0,8.666666666666666,8.666666666666666,155.0,,5.0,8.0,,13.0,8459.0,6900.0,13,6.0,6.0,117.61538461538461,0.0,7.333333333333333,7.333333333333333,134.33333333333334,,3722.0,6300.0,15,9.066666666666666,9.066666666666666,141.0,0.0,10.0,10.0,175.66666666666666,,0.38461538461538464,0.5333333333333333,0.458974358974359,2,0.5907936507936508,1.2259420289855072,96.85714285714286,4137.0
CDA2,10,0.0,0.8547,1363.0,0.8713,3,CDA,1500,0.9086666666666666,False,False,True,False,False,2,0,85.47,87.13,0.09212799337220397,0.04961102433667316,0.9086666666666666,11282.0,0.26193236714975854,13200.0,25.0,7.6850649350649345,7.6850649350649345,120.58766233766234,0.0,7.0,7.0,143.5,,3.0,8.0,,11.0,6760.0,6900.0,11,5.7272727272727275,5.7272727272727275,103.81818181818181,0.0,5.5,5.5,116.75,,4522.0,6300.0,14,9.642857142857142,9.642857142857142,137.35714285714286,0.0,8.5,8.5,170.25,,0.2727272727272727,0.5714285714285714,0.42207792207792205,2,0.7177777777777777,0.9797101449275363,109.04,1638.0
CDA2,11,0.0,0.8929,1360.0,0.9067,3,CDA,1500,0.9066666666666666,False,False,True,False,False,2,0,89.29,90.67,0.09144155114979961,0.06599984474084677,0.9066666666666666,11786.0,0.19498964803312624,13200.0,30.0,7.84841628959276,7.84841628959276,96.91855203619909,0.0,7.425,7.425,173.45,,2.0,4.0,,6.0,6803.0,6900.0,13,6.461538461538462,6.461538461538462,79.3076923076923,0.0,6.25,6.25,169.5,,4983.0,6300.0,17,9.235294117647058,9.235294117647058,114.52941176470588,0.0,8.6,8.6,177.4,,0.15384615384615385,0.23529411764705882,0.19457013574660634,2,0.790952380952381,0.9859420289855072,90.66666666666667,1220.0
CDA2,12,0.0,0.9904,1485.0,0.99,3,CDA,1500,0.99,False,False,True,False,False,2,0,99.03999999999999,99.0,0.09473356851118069,0.08235127218756362,0.99,13073.0,0.2888957902001381,13200.0,37.0,8.541176470588235,8.541176470588235,87.78676470588235,0.0,9.166666666666666,9.166666666666666,142.41666666666669,,1.0,7.0,,8.0,7785.0,6900.0,17,6.882352941176471,6.882352941176471,82.82352941176471,0.0,7.333333333333333,7.333333333333333,137.0,,5288.0,6300.0,20,10.2,10.2,92.75,0.0,11.0,11.0,147.83333333333334,,0.058823529411764705,0.35,0.20441176470588235,2,0.8393650793650793,1.1282608695652174,80.27027027027027,1897.0
CDA2,13,1.1170886075949369,0.9136,948.0,0.7775,4,CDA,1200,0.79,False,False,False,True,False,2,0,91.36,77.75,0.07839866767117228,0.03395575248381856,0.79,9775.0,-0.5473205741626794,10700.0,39.0,6.7366310160427805,6.7366310160427805,103.08021390374331,0.0,7.7,7.7,154.2,,5.0,6.0,,11.0,7184.0,8800.0,22,5.590909090909091,5.590909090909091,91.45454545454545,0.0,6.4,6.4,108.4,,2591.0,1900.0,17,7.882352941176471,7.882352941176471,114.70588235294117,0.0,9.0,9.0,200.0,,0.22727272727272727,0.35294117647058826,0.29010695187165775,2,1.3636842105263158,0.8163636363636364,48.61538461538461,-2307.0
CDA2,14,0.8755439512619665,0.8288,1149.0,0.9575,4,CDA,1200,0.9575,False,False,False,True,False,2,0,82.88,95.75,0.08176555247876006,0.03540525522439303,0.9575,8868.0,-0.6318301435406699,10700.0,41.0,6.466666666666667,6.466666666666667,95.53333333333333,0.0,7.183333333333334,7.183333333333334,170.28333333333333,,5.0,4.0,,9.0,6306.0,8800.0,21,5.333333333333333,5.333333333333333,87.66666666666667,0.0,6.2,6.2,167.4,,2562.0,1900.0,20,7.6,7.6,103.4,0.0,8.166666666666666,8.166666666666666,173.16666666666666,,0.23809523809523808,0.2,0.21904761904761905,2,1.348421052631579,0.7165909090909091,56.048780487804876,-3156.0
CDA2,15,0.6284987277353693,0.9489,1179.0,0.9825,4,CDA,1200,0.9825,False,False,False,True,False,2,0,94.89,98.25,0.07395616498850957,0.03476002386182834,0.9825,10153.0,-0.4275717703349283,10700.0,33.0,6.911764705882353,6.911764705882353,83.65808823529412,0.0,6.225,6.225,156.075,,2.0,3.0,,5.0,7682.0,8800.0,16,5.0,5.0,70.375,0.0,5.25,5.25,129.75,,2471.0,1900.0,17,8.823529411764707,8.823529411764707,96.94117647058823,0.0,7.2,7.2,182.4,,0.125,0.17647058823529413,0.15073529411764708,2,1.3005263157894738,0.8729545454545454,71.45454545454545,-1689.0
CDA2,16,0.6763668430335095,0.9393,1134.0,0.945,4,CDA,1200,0.945,False,False,False,True,False,2,0,93.93,94.5,0.08050256702491919,0.03476002386182835,0.945,10051.0,-0.5703528708133973,10700.0,29.0,6.875,6.875,98.48557692307692,0.0,7.625,7.625,135.54166666666666,,4.0,3.0,,7.0,7375.0,8800.0,16,5.75,5.75,88.125,0.0,6.0,6.0,125.33333333333333,,2676.0,1900.0,13,8.0,8.0,108.84615384615384,0.0,9.25,9.25,145.75,,0.25,0.23076923076923078,0.2403846153846154,2,1.408421052631579,0.8380681818181818,78.20689655172414,-2201.0
CDA2,17,4.517117117117117,0.9682,1110.0,0.9882,5,CDA,1100,1.009090909090909,False,False,False,False,True,2,0,96.82,98.82,0.2471441869352922,0.17630520444695122,1.009090909090909,11328.0,2.571854838709678,11700.0,34.0,11.294117647058822,11.294117647058822,106.17647058823529,0.0,12.375,12.375,145.70833333333331,,7.0,6.0,,13.0,7230.0,2400.0,17,9.0,9.0,106.94117647058823,0.0,10.75,10.75,127.75,,4098.0,9300.0,17,13.588235294117647,13.588235294117647,105.41176470588235,0.0,14.0,14.0,163.66666666666666,,0.4117647058823529,0.35294117647058826,0.38235294117647056,2,0.4406451612903226,3.0125,65.29411764705883,10032.0
CDA2,18,4.048664122137405,0.9417,1048.0,0.9527,5,CDA,1100,0.9527272727272728,False,False,False,False,True,2,0,94.17,95.27,0.24590745929885904,0.12260065018291448,0.9527272727272728,11018.0,2.2922446236559137,11700.0,21.0,10.033333333333333,10.033333333333333,124.44999999999999,0.0,8.9,8.9,190.2,,3.0,4.0,,7.0,6633.0,2400.0,6,8.0,8.0,140.16666666666666,0.0,7.0,7.0,200.0,,4385.0,9300.0,15,12.066666666666666,12.066666666666666,108.73333333333333,0.0,10.8,10.8,180.4,,0.5,0.26666666666666666,0.3833333333333333,2,0.471505376344086,2.76375,99.80952380952381,9148.0
CDA2,19,2.890476190476191,0.9708,1050.0,0.9545,5,CDA,1100,0.9545454545454546,False,False,False,False,True,2,0,97.08,95.45,0.17073333457034562,0.09218418319856231,0.9545454545454546,11358.0,1.7367338709677418,11700.0,27.0,11.329670329670328,11.329670329670328,111.70879120879121,0.0,10.225,10.225,184.35,,5.0,5.0,,10.0,5643.0,2400.0,13,9.23076923076923,9.23076923076923,101.84615384615384,0.0,9.25,9.25,170.5,,5715.0,9300.0,14,13.428571428571429,13.428571428571429,121.57142857142857,0.0,11.2,11.2,198.2,,0.38461538461538464,0.35714285714285715,0.3708791208791209,2,0.614516129032258,2.35125,77.77777777777777,6828.0
CDA2,20,1.8372727272727278,0.9995,1100.0,1.0,5,CDA,1100,1.0,False,False,False,False,True,2,0,99.95,100.0,0.05821004140469199,0.04566464640471977,1.0,11694.0,1.1910887096774194,11700.0,29.0,12.0,12.0,116.67788461538461,0.0,10.75,10.75,178.0,,7.0,4.0,,11.0,4671.0,2400.0,16,10.0,10.0,111.125,0.0,9.333333333333334,9.333333333333334,197.0,,7023.0,9300.0,13,14.0,14.0,122.23076923076923,0.0,12.166666666666666,12.166666666666666,159.0,,0.4375,0.3076923076923077,0.37259615384615385,2,0.7551612903225806,1.94625,75.86206896551724,4548.0
CDA3,1,2.0785288270377738,0.9487,1006.0,0.8873,1,CDA,1100,0.9145454545454546,True,False,False,False,False,3,0,94.87,88.73,0.17398247094797456,0.08048838982146346,0.9145454545454546,11100.0,1.2916532258064515,11700.0,29.0,11.41388888888889,11.41388888888889,127.57222222222222,0.0,11.45,11.45,154.0,,6.0,3.0,,9.0,4741.0,2400.0,20,8.05,8.05,112.7,0.0,7.4,7.4,126.0,,6359.0,9300.0,9,14.777777777777779,14.777777777777779,142.44444444444446,0.0,15.5,15.5,182.0,,0.3,0.3333333333333333,0.31666666666666665,3,0.683763440860215,1.9754166666666666,69.37931034482759,5282.0
CDA3,2,3.4854838709677427,0.8685,1240.0,1.1273,1,CDA,1100,1.1272727272727272,True,False,False,False,False,3,0,86.85000000000001,112.72999999999999,0.13120832930126264,0.05898580091208598,1.1272727272727272,10162.0,2.3287231182795702,11700.0,31.0,9.892543859649123,9.892543859649123,134.3267543859649,0.0,10.5,10.5,153.58333333333331,,4.0,4.0,,8.0,6527.0,2400.0,19,8.368421052631579,8.368421052631579,109.73684210526316,0.0,7.0,7.0,125.5,,3635.0,9300.0,12,11.416666666666666,11.416666666666666,158.91666666666666,0.0,14.0,14.0,181.66666666666666,,0.21052631578947367,0.3333333333333333,0.27192982456140347,3,0.39086021505376345,2.7195833333333335,80.0,9792.0
CDA3,3,3.3861283643892346,0.7225,966.0,0.8782,1,CDA,1100,0.8781818181818182,True,False,False,False,False,3,0,72.25,87.82,0.09470469320918226,0.04103842326672254,0.8781818181818182,8453.0,1.9783333333333333,11700.0,30.0,11.458333333333332,11.458333333333332,123.76388888888889,0.0,11.125,11.125,159.25,,6.0,4.0,,10.0,5508.0,2400.0,18,9.5,9.5,126.27777777777777,0.0,8.25,8.25,149.5,,2945.0,9300.0,12,13.416666666666666,13.416666666666666,121.25,0.0,14.0,14.0,169.0,,0.3333333333333333,0.3333333333333333,0.3333333333333333,3,0.31666666666666665,2.295,64.4,9463.0
CDA3,4,3.418410041841005,0.9112,956.0,0.8691,1,CDA,1100,0.8690909090909091,True,False,False,False,False,3,0,91.12,86.91,0.06849953483595807,0.03999443458125138,0.8690909090909091,10661.0,1.6245430107526881,11700.0,34.0,11.238636363636363,11.238636363636363,116.18939393939394,0.0,11.55,11.55,134.55,,6.0,2.0,,8.0,5286.0,2400.0,22,9.727272727272727,9.727272727272727,111.54545454545455,0.0,10.6,10.6,148.6,,5375.0,9300.0,12,12.75,12.75,120.83333333333333,0.0,12.5,12.5,120.5,,0.2727272727272727,0.16666666666666666,0.21969696969696967,3,0.5779569892473119,2.2025,56.23529411764706,6811.0
CDA3,5,1.1883372734436568,0.9695,1269.0,1.0575,2,CDA,1200,1.0575,False,True,False,False,False,3,0,96.95,105.75000000000001,0.15290674941172686,0.07070754948811976,1.0575,10374.0,-0.8305861244019139,10700.0,34.0,6.294736842105263,6.294736842105263,119.8719298245614,0.0,6.791666666666666,6.791666666666666,129.54166666666666,,8.0,4.0,,12.0,7234.0,8800.0,19,4.7894736842105265,4.7894736842105265,121.21052631578948,0.0,6.25,6.25,136.75,,3140.0,1900.0,15,7.8,7.8,118.53333333333333,0.0,7.333333333333333,7.333333333333333,122.33333333333333,,0.42105263157894735,0.26666666666666666,0.343859649122807,3,1.6526315789473685,0.8220454545454545,74.6470588235294,-2806.0
CDA3,6,0.9582651391162029,0.9373,1222.0,1.0183,2,CDA,1200,1.0183333333333333,False,True,False,False,False,3,0,93.73,101.83,0.1337954715759778,0.058061771253287695,1.0183333333333333,10029.0,-0.6726854066985646,10700.0,33.0,6.372222222222222,6.372222222222222,120.89444444444445,0.0,7.3,7.3,159.1,,7.0,2.0,,9.0,7197.0,8800.0,18,5.277777777777778,5.277777777777778,119.05555555555556,0.0,6.4,6.4,182.0,,2832.0,1900.0,15,7.466666666666667,7.466666666666667,122.73333333333333,0.0,8.2,8.2,136.2,,0.3888888888888889,0.13333333333333333,0.2611111111111111,3,1.4905263157894737,0.8178409090909091,74.06060606060606,-2535.0
CDA3,7,0.28473998294970126,0.9845,1173.0,0.9525,2,CDA,1200,0.9775,False,True,False,False,False,3,0,98.45,95.25,0.07300458348921722,0.03699885803418276,0.9775,10534.0,-0.1993301435406699,10700.0,31.0,5.825,5.825,136.01363636363635,0.0,7.0,7.0,151.54166666666669,,7.0,4.0,,11.0,8352.0,8800.0,20,4.65,4.65,115.3,0.0,6.0,6.0,166.33333333333334,,2182.0,1900.0,11,7.0,7.0,156.72727272727272,0.0,8.0,8.0,136.75,,0.35,0.36363636363636365,0.3568181818181818,3,1.148421052631579,0.9490909090909091,75.6774193548387,-730.0
CDA3,8,0.8435498627630373,0.8912,1093.0,0.8692,2,CDA,1200,0.9108333333333334,False,True,False,False,False,3,0,89.12,86.92,0.10548959364459498,0.04699185630719424,0.9108333333333334,9536.0,-0.5757595693779906,10700.0,28.0,7.122994652406417,7.122994652406417,117.04278074866309,0.0,6.416666666666666,6.416666666666666,171.83333333333331,,4.0,5.0,,9.0,6943.0,8800.0,17,5.882352941176471,5.882352941176471,92.17647058823529,0.0,5.333333333333333,5.333333333333333,159.66666666666666,,2593.0,1900.0,11,8.363636363636363,8.363636363636363,141.9090909090909,0.0,7.5,7.5,184.0,,0.23529411764705882,0.45454545454545453,0.3449197860962567,3,1.3647368421052632,0.7889772727272727,78.07142857142857,-2550.0
CDA3,9,0.0,0.9429,1446.0,0.9287,3,CDA,1500,0.964,False,False,True,False,False,3,0,94.28999999999999,92.86999999999999,0.12224823024057895,0.05838235693674797,0.964,12446.0,0.38477570738440303,13200.0,33.0,8.175,8.175,102.13846153846154,0.0,7.25,7.25,151.875,,4.0,2.0,,6.0,7773.0,6900.0,20,7.35,7.35,88.2,0.0,6.0,6.0,129.25,,4673.0,6300.0,13,9.0,9.0,116.07692307692308,0.0,8.5,8.5,174.5,,0.2,0.15384615384615385,0.17692307692307693,3,0.7417460317460317,1.1265217391304347,87.63636363636364,2500.0
CDA3,10,0.0,0.9141,1302.0,0.868,3,CDA,1500,0.868,False,False,True,False,False,3,0,91.41,86.8,0.07815557859463955,0.03806495461029424,0.868,12066.0,0.26714975845410627,13200.0,29.0,8.757352941176471,8.757352941176471,117.19117647058823,0.0,8.625,8.625,146.525,,5.0,2.0,,7.0,7187.0,6900.0,17,7.764705882352941,7.764705882352941,115.88235294117646,0.0,8.0,8.0,135.8,,4879.0,6300.0,12,9.75,9.75,118.5,0.0,9.25,9.25,157.25,,0.29411764705882354,0.16666666666666666,0.2303921568627451,3,0.7744444444444445,1.0415942028985508,89.79310344827586,1708.0
CDA3,11,0.0,0.935,1414.0,0.9427,3,CDA,1500,0.9426666666666667,False,False,True,False,False,3,0,93.5,94.27,0.05135938497279018,0.029777086384215966,0.9426666666666667,12342.0,0.29378881987577643,13200.0,37.0,8.048245614035089,8.048245614035089,102.3874269005848,0.0,7.833333333333334,7.833333333333334,136.83333333333334,,5.0,1.0,,6.0,7419.0,6900.0,19,7.2631578947368425,7.2631578947368425,116.05263157894737,0.0,6.666666666666667,6.666666666666667,123.16666666666667,,4923.0,6300.0,18,8.833333333333334,8.833333333333334,88.72222222222223,0.0,9.0,9.0,150.5,,0.2631578947368421,0.05555555555555555,0.1593567251461988,3,0.7814285714285715,1.075217391304348,76.43243243243244,1896.0
CDA3,12,0.0,0.9748,1519.0,0.9707,3,CDA,1500,1.0126666666666666,False,False,True,False,False,3,0,97.48,97.07000000000001,0.08030742631873783,0.0408157720105632,1.0126666666666666,12868.0,0.23337474120082813,13200.0,34.0,7.916666666666666,7.916666666666666,88.20138888888889,0.0,7.791666666666667,7.791666666666667,143.625,,4.0,0.0,,4.0,7495.0,6900.0,18,6.833333333333333,6.833333333333333,90.27777777777777,0.0,6.25,6.25,124.25,,5373.0,6300.0,16,9.0,9.0,86.125,0.0,9.333333333333334,9.333333333333334,163.0,,0.2222222222222222,0.0,0.1111111111111111,3,0.8528571428571429,1.086231884057971,89.3529411764706,1522.0
CDA3,13,0.4272727272727277,0.8797,1210.0,1.0083,4,CDA,1200,1.0083333333333333,False,False,False,True,False,3,0,87.97,100.83,0.04148263358645762,0.028381440636149016,1.0083333333333333,9413.0,-0.4150299043062201,10700.0,34.0,7.034722222222222,7.034722222222222,115.99652777777777,0.0,6.875,6.875,154.25,,7.0,2.0,,9.0,7093.0,8800.0,18,5.944444444444445,5.944444444444445,130.55555555555554,0.0,6.0,6.0,167.0,,2320.0,1900.0,16,8.125,8.125,101.4375,0.0,7.75,7.75,141.5,,0.3888888888888889,0.125,0.2569444444444444,3,1.2210526315789474,0.8060227272727273,71.17647058823529,-2127.0
CDA3,14,0.9608333333333334,0.986,1200.0,1.0,4,CDA,1200,1.0,False,False,False,True,False,3,0,98.6,100.0,0.062347860587792854,0.027374127756912132,1.0,10550.0,-0.6749162679425839,10700.0,29.0,7.216346153846153,7.216346153846153,87.48798076923077,0.0,7.5,7.5,147.66666666666666,,4.0,0.0,,4.0,7622.0,8800.0,13,6.3076923076923075,6.3076923076923075,100.53846153846153,0.0,7.0,7.0,168.0,,2928.0,1900.0,16,8.125,8.125,74.4375,0.0,8.0,8.0,127.33333333333333,,0.3076923076923077,0.0,0.15384615384615385,3,1.5410526315789475,0.8661363636363636,82.75862068965517,-2206.0
CDA3,15,0.47623019182652193,0.9917,1199.0,0.9992,4,CDA,1200,0.9991666666666666,False,False,False,True,False,3,0,99.17,99.92,0.05650991347150793,0.024544600008536907,0.9991666666666666,10611.0,-0.3243301435406698,10700.0,28.0,6.638461538461538,6.638461538461538,122.41538461538461,0.0,6.583333333333334,6.583333333333334,138.25,,6.0,3.0,,9.0,8220.0,8800.0,13,6.076923076923077,6.076923076923077,137.23076923076923,0.0,5.5,5.5,170.5,,2391.0,1900.0,15,7.2,7.2,107.6,0.0,7.666666666666667,7.666666666666667,106.0,,0.46153846153846156,0.2,0.3307692307692308,3,1.2584210526315789,0.9340909090909091,85.64285714285714,-1071.0
CDA3,16,0.3396537510305029,0.9724,1213.0,0.985,4,CDA,1200,1.0108333333333333,False,False,False,True,False,3,0,97.24000000000001,98.5,0.06380301204555282,0.04013741826732881,1.0108333333333333,10405.0,-0.14743421052631578,10700.0,32.0,6.53125,6.53125,93.9375,0.0,6.0,6.0,161.5,,4.0,2.0,,6.0,8327.0,8800.0,16,4.875,4.875,96.0,0.0,5.333333333333333,5.333333333333333,169.33333333333334,,2078.0,1900.0,16,8.1875,8.1875,91.875,0.0,6.666666666666667,6.666666666666667,153.66666666666666,,0.25,0.125,0.1875,3,1.0936842105263158,0.94625,75.8125,-651.0
CDA3,17,5.2245885769603095,0.8739,1033.0,0.9391,5,CDA,1100,0.9390909090909091,False,False,False,False,True,3,0,87.39,93.91000000000001,0.1627891619779134,0.07344695225190277,0.9390909090909091,10225.0,2.800013440860215,11700.0,29.0,10.275,10.275,102.21111111111111,0.0,9.375,9.375,102.0,,2.0,3.0,,5.0,7439.0,2400.0,20,8.55,8.55,98.2,0.0,7.75,7.75,158.0,,2786.0,9300.0,9,12.0,12.0,106.22222222222223,0.0,11.0,11.0,46.0,,0.1,0.3333333333333333,0.21666666666666667,3,0.29956989247311827,3.0995833333333334,71.24137931034483,11553.0
CDA3,18,2.572719060523939,0.8678,1107.0,1.0064,5,CDA,1100,1.0063636363636363,False,False,False,False,True,3,0,86.78,100.64,0.0831447630375497,0.036888179916500986,1.0063636363636363,10153.0,1.4569086021505377,11700.0,33.0,11.727272727272727,11.727272727272727,106.43181818181819,0.0,11.666666666666668,11.666666666666668,147.9,,6.0,3.0,,9.0,4862.0,2400.0,22,10.818181818181818,10.818181818181818,112.86363636363636,0.0,9.0,9.0,188.8,,5291.0,9300.0,11,12.636363636363637,12.636363636363637,100.0,0.0,14.333333333333334,14.333333333333334,107.0,,0.2727272727272727,0.2727272727272727,0.2727272727272727,3,0.5689247311827957,2.0258333333333334,67.0909090909091,6471.0
CDA3,19,1.9690909090909088,0.8615,1100.0,1.0,5,CDA,1100,1.0,False,False,False,False,True,3,0,86.15,100.0,0.08310621549475258,0.04109265477072413,1.0,10079.0,1.1325268817204301,11700.0,29.0,12.82843137254902,12.82843137254902,107.68382352941177,0.0,12.708333333333332,12.708333333333332,162.75,,2.0,5.0,,7.0,4228.0,2400.0,17,11.823529411764707,11.823529411764707,96.11764705882354,0.0,10.75,10.75,125.5,,5851.0,9300.0,12,13.833333333333334,13.833333333333334,119.25,0.0,14.666666666666666,14.666666666666666,200.0,,0.11764705882352941,0.4166666666666667,0.26715686274509803,3,0.6291397849462366,1.7616666666666667,75.86206896551724,5277.0
CDA3,20,1.0140986908358514,0.7943,993.0,0.9027,5,CDA,1100,0.9027272727272727,False,False,False,False,True,3,0,79.43,90.27,0.05932520193309949,0.030406762608308747,0.9027272727272727,9293.0,0.6876075268817204,11700.0,32.0,12.765182186234817,12.765182186234817,99.81376518218624,0.0,11.9,11.9,135.5,,4.0,2.0,,6.0,3218.0,2400.0,19,11.68421052631579,11.68421052631579,111.47368421052632,0.0,10.8,10.8,130.0,,6075.0,9300.0,13,13.846153846153847,13.846153846153847,88.15384615384616,0.0,13.0,13.0,141.0,,0.21052631578947367,0.15384615384615385,0.18218623481781376,3,0.6532258064516129,1.3408333333333333,62.0625,4043.0
CDA4,1,2.8440191387559803,0.7184,1045.0,0.76,1,CDA,1100,0.95,True,False,False,False,False,4,0,71.84,76.0,0.14116091854914795,0.07420909000062344,0.95,8405.0,1.0609139784946238,11700.0,27.0,10.735795454545453,10.735795454545453,112.67329545454545,0.0,9.375,9.375,153.875,,2.0,3.0,,5.0,3748.0,2400.0,16,8.5625,8.5625,111.4375,0.0,9.75,9.75,127.25,,4657.0,9300.0,11,12.909090909090908,12.909090909090908,113.9090909090909,0.0,9.0,9.0,180.5,,0.125,0.2727272727272727,0.19886363636363635,4,0.500752688172043,1.5616666666666668,77.4074074074074,5991.0
CDA4,2,2.4692239072256914,0.6766,1121.0,0.7264,1,CDA,1100,1.019090909090909,True,False,False,False,False,4,0,67.66,72.64,0.14568773614521813,0.06016792793908902,1.019090909090909,7916.0,1.2896236559139784,11700.0,28.0,11.760233918128655,11.760233918128655,113.13450292397661,0.0,9.5,9.5,74.5,,1.0,3.0,,4.0,4084.0,2400.0,19,10.631578947368421,10.631578947368421,97.15789473684211,0.0,9.5,9.5,74.5,,3832.0,9300.0,9,12.88888888888889,12.88888888888889,129.11111111111111,0.0,,,,,0.05263157894736842,0.3333333333333333,0.19298245614035087,4,0.4120430107526882,1.7016666666666667,80.07142857142857,7152.0
CDA4,3,1.872340425531915,0.7997,846.0,0.7691,1,CDA,1100,0.769090909090909,True,False,False,False,False,4,0,79.97,76.91,0.08711508393603283,0.0376152277902435,0.769090909090909,9357.0,1.1614112903225806,11700.0,21.0,11.172727272727272,11.172727272727272,108.45454545454545,0.0,11.25,11.25,134.75,,0.0,2.0,,2.0,4135.0,2400.0,11,8.545454545454545,8.545454545454545,89.9090909090909,0.0,11.0,11.0,100.0,,5222.0,9300.0,10,13.8,13.8,127.0,0.0,11.5,11.5,169.5,,0.0,0.2,0.1,4,0.561505376344086,1.7229166666666667,80.57142857142857,5813.0
CDA4,4,1.9329113924050638,0.6779,790.0,0.7182,1,CDA,1100,0.7181818181818181,True,False,False,False,False,4,0,67.78999999999999,71.82,0.1165581447933726,0.05773241395238648,0.7181818181818181,7931.0,0.745470430107527,11700.0,18.0,12.7875,12.7875,128.25,0.0,13.666666666666668,13.666666666666668,159.5,,0.0,4.0,,4.0,3049.0,2400.0,10,11.2,11.2,113.5,0.0,11.333333333333334,11.333333333333334,119.0,,4882.0,9300.0,8,14.375,14.375,143.0,0.0,16.0,16.0,200.0,,0.0,0.5,0.25,4,0.5249462365591397,1.2704166666666667,87.77777777777777,5067.0
CDA4,5,2.0108173076923084,0.7755,832.0,0.6933,2,CDA,1200,0.6933333333333334,False,True,False,False,False,4,0,77.55,69.33,0.1851061531716912,0.08041032893029082,0.6933333333333334,8298.0,-0.9013875598086125,10700.0,26.0,7.7976190476190474,7.7976190476190474,116.4702380952381,0.0,7.833333333333334,7.833333333333334,174.66666666666669,,4.0,2.0,,6.0,5416.0,8800.0,12,5.666666666666667,5.666666666666667,119.08333333333333,0.0,5.666666666666667,5.666666666666667,149.33333333333334,,2882.0,1900.0,14,9.928571428571429,9.928571428571429,113.85714285714286,0.0,10.0,10.0,200.0,,0.3333333333333333,0.14285714285714285,0.23809523809523808,4,1.516842105263158,0.6154545454545455,64.0,-4366.0
CDA4,6,1.973154362416107,0.7544,894.0,0.745,2,CDA,1200,0.745,False,True,False,False,False,4,0,75.44,74.5,0.21970573783513264,0.1160413586493669,0.745,8072.0,-1.108815789473684,10700.0,24.0,7.895104895104895,7.895104895104895,129.23426573426573,0.0,6.5,6.5,187.5,,5.0,3.0,,8.0,4906.0,8800.0,11,5.636363636363637,5.636363636363637,131.54545454545453,0.0,5.0,5.0,200.0,,3166.0,1900.0,13,10.153846153846153,10.153846153846153,126.92307692307692,0.0,8.0,8.0,175.0,,0.45454545454545453,0.23076923076923078,0.34265734265734266,4,1.6663157894736842,0.5575,74.5,-5160.0
CDA4,7,1.2662721893491122,0.7486,845.0,0.7042,2,CDA,1200,0.7041666666666667,False,True,False,False,False,4,0,74.86,70.42,0.1897635332185416,0.0828044566607735,0.7041666666666667,8010.0,-0.7741267942583732,10700.0,26.0,6.727272727272727,6.727272727272727,129.3151515151515,0.0,7.291666666666667,7.291666666666667,147.83333333333331,,5.0,2.0,,7.0,5378.0,8800.0,11,4.454545454545454,4.454545454545454,136.36363636363637,0.0,5.25,5.25,149.0,,2632.0,1900.0,15,9.0,9.0,122.26666666666667,0.0,9.333333333333334,9.333333333333334,146.66666666666666,,0.45454545454545453,0.13333333333333333,0.29393939393939394,4,1.3852631578947368,0.6111363636363636,65.0,-4154.0
CDA4,8,1.0611620795107033,0.8681,981.0,0.7733,2,CDA,1200,0.8175,False,True,False,False,False,4,0,86.81,77.33,0.09758949368873333,0.043301614586859306,0.8175,9289.0,-0.6108672248803827,10700.0,31.0,6.704166666666667,6.704166666666667,120.34583333333333,0.0,6.166666666666667,6.166666666666667,162.5,,8.0,1.0,,9.0,6685.0,8800.0,15,4.533333333333333,4.533333333333333,146.06666666666666,0.0,4.0,4.0,194.66666666666666,,2604.0,1900.0,16,8.875,8.875,94.625,0.0,8.333333333333334,8.333333333333334,130.33333333333334,,0.5333333333333333,0.0625,0.29791666666666666,4,1.3705263157894736,0.7596590909090909,63.29032258064516,-2819.0
CDA4,9,0.40599455040871923,0.8389,1101.0,0.734,3,CDA,1500,0.734,False,False,True,False,False,4,0,83.89,73.4,0.10113822606790909,0.08981581242992885,0.734,11073.0,0.1718219461697722,13200.0,27.0,8.741666666666667,8.741666666666667,113.49166666666666,0.0,6.875,6.875,179.75,,4.0,1.0,,5.0,6354.0,6900.0,15,7.733333333333333,7.733333333333333,134.73333333333332,0.0,8.75,8.75,159.5,,4719.0,6300.0,12,9.75,9.75,92.25,0.0,5.0,5.0,200.0,,0.26666666666666666,0.08333333333333333,0.175,4,0.7490476190476191,0.9208695652173913,81.55555555555556,1035.0
CDA4,10,0.0,0.92,1302.0,0.868,3,CDA,1500,0.868,False,False,True,False,False,4,0,92.0,86.8,0.1151161295410012,0.09310107500219826,0.868,12144.0,0.05344375431331949,13200.0,37.0,8.581845238095237,8.581845238095237,104.2827380952381,0.0,8.69047619047619,8.69047619047619,152.33333333333331,,5.0,1.0,,6.0,6524.0,6900.0,21,7.476190476190476,7.476190476190476,105.19047619047619,0.0,7.714285714285714,7.714285714285714,158.0,,5620.0,6300.0,16,9.6875,9.6875,103.375,0.0,9.666666666666666,9.666666666666666,146.66666666666666,,0.23809523809523808,0.0625,0.15029761904761904,4,0.8920634920634921,0.9455072463768116,70.37837837837837,304.0
CDA4,11,0.0,0.7691,1368.0,0.7547,3,CDA,1500,0.912,False,False,True,False,False,4,0,76.91,75.47,0.24856639411975845,0.11032107320094775,0.912,10152.0,-0.0038647342995168366,13200.0,29.0,8.27020202020202,8.27020202020202,111.65151515151516,0.0,9.066666666666666,9.066666666666666,152.6,,5.0,1.0,,6.0,5294.0,6900.0,18,6.722222222222222,6.722222222222222,110.66666666666667,0.0,7.8,7.8,164.2,,4858.0,6300.0,11,9.818181818181818,9.818181818181818,112.63636363636364,0.0,10.333333333333334,10.333333333333334,141.0,,0.2777777777777778,0.09090909090909091,0.18434343434343436,4,0.7711111111111111,0.7672463768115942,94.34482758620689,-164.0
CDA4,12,0.2484848484848481,0.8584,1320.0,0.8507,3,CDA,1500,0.88,False,False,True,False,False,4,0,85.84,85.07000000000001,0.1436458841416772,0.06241723080038811,0.88,11331.0,0.3391787439613526,13200.0,28.0,9.143589743589743,9.143589743589743,136.12307692307692,0.0,10.291666666666668,10.291666666666668,157.375,,5.0,4.0,,9.0,7040.0,6900.0,15,7.133333333333334,7.133333333333334,147.4,0.0,6.25,6.25,180.75,,4291.0,6300.0,13,11.153846153846153,11.153846153846153,124.84615384615384,0.0,14.333333333333334,14.333333333333334,134.0,,0.3333333333333333,0.3076923076923077,0.3205128205128205,4,0.6811111111111111,1.0202898550724637,94.28571428571429,2149.0
CDA4,13,0.8913978494623658,0.8161,930.0,0.7642,4,CDA,1200,0.775,False,False,False,True,False,4,0,81.61,76.42,0.13905635222187113,0.06012505682371124,0.775,8732.0,-0.44122009569377985,10700.0,33.0,6.607142857142858,6.607142857142858,107.59022556390977,0.0,8.25,8.25,135.375,,3.0,4.0,,7.0,6492.0,8800.0,14,5.214285714285714,5.214285714285714,96.28571428571429,0.0,5.5,5.5,111.75,,2240.0,1900.0,19,8.0,8.0,118.89473684210526,0.0,11.0,11.0,159.0,,0.21428571428571427,0.21052631578947367,0.212406015037594,4,1.1789473684210525,0.7377272727272727,56.36363636363637,-2648.0
CDA4,14,0.7351945854483928,0.993,1182.0,0.985,4,CDA,1200,0.985,False,False,False,True,False,4,0,99.3,98.5,0.08769517031489839,0.05434143519744852,0.985,10625.0,-0.539683014354067,10700.0,27.0,7.110795454545455,7.110795454545455,102.2215909090909,0.0,6.833333333333333,6.833333333333333,160.33333333333331,,4.0,3.0,,7.0,7895.0,8800.0,11,5.909090909090909,5.909090909090909,113.81818181818181,0.0,5.0,5.0,134.0,,2730.0,1900.0,16,8.3125,8.3125,90.625,0.0,8.666666666666666,8.666666666666666,186.66666666666666,,0.36363636363636365,0.1875,0.2755681818181818,4,1.436842105263158,0.897159090909091,87.55555555555556,-1735.0
CDA4,15,0.40919199406968154,0.8216,1349.0,0.8683,4,CDA,1200,1.1241666666666668,False,False,False,True,False,4,0,82.16,86.83,0.11381340807343268,0.05120983883335332,1.1241666666666668,8791.0,-0.03710526315789475,10700.0,40.0,6.295454545454545,6.295454545454545,112.44949494949495,0.0,6.333333333333333,6.333333333333333,149.5,,6.0,5.0,,11.0,7172.0,8800.0,18,5.0,5.0,110.94444444444444,0.0,5.333333333333333,5.333333333333333,132.0,,1619.0,1900.0,22,7.590909090909091,7.590909090909091,113.95454545454545,0.0,7.333333333333333,7.333333333333333,167.0,,0.3333333333333333,0.22727272727272727,0.2803030303030303,4,0.8521052631578947,0.815,67.45,-1347.0
CDA4,16,0.5147540983606556,0.9845,1220.0,0.9842,4,CDA,1200,1.0166666666666666,False,False,False,True,False,4,0,98.45,98.42,0.08585749664733901,0.04395019441913837,1.0166666666666666,10534.0,-0.25756578947368425,10700.0,32.0,6.847058823529412,6.847058823529412,105.25882352941177,0.0,5.875,5.875,128.45833333333331,,3.0,3.0,,6.0,8261.0,8800.0,15,5.4,5.4,97.4,0.0,4.75,4.75,127.25,,2273.0,1900.0,17,8.294117647058824,8.294117647058824,113.11764705882354,0.0,7.0,7.0,129.66666666666666,,0.2,0.17647058823529413,0.18823529411764706,4,1.1963157894736842,0.93875,76.25,-912.0
CDA4,17,4.704200178731011,0.9198,1119.0,0.8545,5,CDA,1100,1.0172727272727273,False,False,False,False,True,4,0,91.97999999999999,85.45,0.18951888069607883,0.07924492870067287,1.0172727272727273,10762.0,2.368521505376344,11700.0,21.0,9.577272727272728,9.577272727272728,134.1818181818182,0.0,9.416666666666668,9.416666666666668,190.0,,5.0,3.0,,8.0,6726.0,2400.0,10,7.7,7.7,137.0,0.0,5.5,5.5,200.0,,4036.0,9300.0,11,11.454545454545455,11.454545454545455,131.36363636363637,0.0,13.333333333333334,13.333333333333334,180.0,,0.5,0.2727272727272727,0.38636363636363635,4,0.4339784946236559,2.8025,106.57142857142857,9590.0
CDA4,18,5.079777365491651,0.989,1078.0,0.98,5,CDA,1100,0.98,False,False,False,False,True,4,0,98.9,98.0,0.21954914926215302,0.10348573668523181,0.98,11571.0,2.7438709677419353,11700.0,31.0,10.65126050420168,10.65126050420168,119.03571428571428,0.0,11.25,11.25,153.20833333333331,,7.0,3.0,,10.0,7608.0,2400.0,17,8.588235294117647,8.588235294117647,126.0,0.0,8.0,8.0,160.66666666666666,,3963.0,9300.0,14,12.714285714285714,12.714285714285714,112.07142857142857,0.0,14.5,14.5,145.75,,0.4117647058823529,0.21428571428571427,0.3130252100840336,4,0.42612903225806453,3.17,69.54838709677419,10545.0
CDA4,19,6.147191011235955,0.8406,890.0,0.7273,5,CDA,1100,0.8090909090909091,False,False,False,False,True,4,0,84.06,72.72999999999999,0.09253271468073326,0.05248079343796616,0.8090909090909091,9835.0,2.1374327956989245,11700.0,28.0,10.285714285714285,10.285714285714285,115.17857142857142,0.0,9.75,9.75,161.5,,5.0,3.0,,8.0,6095.0,2400.0,14,8.714285714285714,8.714285714285714,119.21428571428571,0.0,8.0,8.0,162.5,,3740.0,9300.0,14,11.857142857142858,11.857142857142858,111.14285714285714,0.0,11.5,11.5,160.5,,0.35714285714285715,0.21428571428571427,0.2857142857142857,4,0.4021505376344086,2.5395833333333333,63.57142857142857,9255.0
CDA4,20,4.368078175895766,0.8637,921.0,0.8373,5,CDA,1100,0.8372727272727273,False,False,False,False,True,4,0,86.37,83.73,0.07993261835760478,0.03472768183902693,0.8372727272727273,10105.0,1.9223118279569893,11700.0,32.0,9.954901960784312,9.954901960784312,127.01764705882354,0.0,9.675,9.675,144.1,,5.0,5.0,,10.0,5740.0,2400.0,15,8.733333333333333,8.733333333333333,122.8,0.0,7.75,7.75,170.0,,4365.0,9300.0,17,11.176470588235293,11.176470588235293,131.23529411764707,0.0,11.6,11.6,118.2,,0.3333333333333333,0.29411764705882354,0.3137254901960784,4,0.4693548387096774,2.3916666666666666,57.5625,8275.0
CDA5,1,0.14981273408239737,0.4327,801.0,0.6482,1,CDA,1100,0.7281818181818182,True,False,False,False,False,5,0,43.269999999999996,64.82,0.06916462802895858,0.043734779543206356,0.7281818181818182,5063.0,0.22877688172043015,11700.0,27.0,13.090659340659341,13.090659340659341,129.69505494505495,0.0,12.333333333333332,12.333333333333332,125.33333333333333,,3.0,5.0,,8.0,1475.0,2400.0,14,9.642857142857142,9.642857142857142,118.92857142857143,0.0,8.333333333333334,8.333333333333334,110.0,,3588.0,9300.0,13,16.53846153846154,16.53846153846154,140.46153846153845,0.0,16.333333333333332,16.333333333333332,140.66666666666666,,0.21428571428571427,0.38461538461538464,0.29945054945054944,5,0.3858064516129032,0.6145833333333334,59.333333333333336,4787.0
CDA5,2,0.581979320531758,0.6522,677.0,0.6155,1,CDA,1100,0.6154545454545455,True,False,False,False,False,5,0,65.22,61.550000000000004,0.09418859482171625,0.04080700895898439,0.6154545454545455,7631.0,-0.12073924731182795,11700.0,29.0,13.378787878787879,13.378787878787879,126.13383838383838,0.0,14.375,14.375,183.125,,6.0,5.0,,11.0,1335.0,2400.0,18,10.666666666666666,10.666666666666666,111.72222222222223,0.0,11.75,11.75,166.25,,6296.0,9300.0,11,16.09090909090909,16.09090909090909,140.54545454545453,0.0,17.0,17.0,200.0,,0.3333333333333333,0.45454545454545453,0.3939393939393939,5,0.676989247311828,0.55625,46.689655172413794,1939.0
CDA5,3,0.8524193548387089,0.5883,1240.0,0.7273,1,CDA,1100,1.1272727272727272,True,False,False,False,False,5,0,58.830000000000005,72.72999999999999,0.09565267689215866,0.04015130068387954,1.1272727272727272,6883.0,-0.1954704301075269,11700.0,36.0,13.679566563467493,13.679566563467493,123.4969040247678,0.0,13.375,13.375,163.875,,6.0,6.0,,12.0,1039.0,2400.0,19,10.947368421052632,10.947368421052632,123.05263157894737,0.0,11.5,11.5,159.0,,5844.0,9300.0,17,16.41176470588235,16.41176470588235,123.94117647058823,0.0,15.25,15.25,168.75,,0.3157894736842105,0.35294117647058826,0.33436532507739936,5,0.6283870967741936,0.43291666666666667,68.88888888888889,2095.0
CDA5,4,0.3731343283582085,0.5576,1072.0,0.5645,1,CDA,1100,0.9745454545454545,True,False,False,False,False,5,0,55.76,56.45,0.03751855943495963,0.016590878026356278,0.9745454545454545,6524.0,-0.2795295698924732,11700.0,38.0,13.31578947368421,13.31578947368421,109.05263157894737,0.0,15.35,15.35,160.4,,4.0,7.0,,11.0,805.0,2400.0,19,10.0,10.0,101.26315789473684,0.0,13.5,13.5,200.0,,5719.0,9300.0,19,16.63157894736842,16.63157894736842,116.84210526315789,0.0,17.2,17.2,120.8,,0.21052631578947367,0.3684210526315789,0.2894736842105263,5,0.6149462365591398,0.33541666666666664,56.421052631578945,1986.0
CDA5,5,4.359916054564533,0.8313,953.0,0.6367,2,CDA,1200,0.7941666666666667,False,True,False,False,False,5,0,83.13000000000001,63.67,0.15650062948011656,0.07282260100938778,0.7941666666666667,8895.0,-1.8273923444976075,10700.0,35.0,10.71875,10.71875,130.17105263157896,0.0,11.5,11.5,156.58333333333331,,8.0,5.0,,13.0,4460.0,8800.0,19,7.0,7.0,127.84210526315789,0.0,8.0,8.0,136.66666666666666,,4435.0,1900.0,16,14.4375,14.4375,132.5,0.0,15.0,15.0,176.5,,0.42105263157894735,0.3125,0.3667763157894737,5,2.3342105263157893,0.5068181818181818,54.457142857142856,-6875.0
CDA5,6,4.421307506053269,0.82,826.0,0.635,2,CDA,1200,0.6883333333333334,False,True,False,False,False,5,0,82.0,63.5,0.14923117724279295,0.0658006324663914,0.6883333333333334,8774.0,-1.857141148325359,10700.0,24.0,10.892857142857142,10.892857142857142,138.84285714285716,0.0,10.5,10.5,176.25,,5.0,4.0,,9.0,4314.0,8800.0,10,8.0,8.0,139.4,0.0,7.0,7.0,152.5,,4460.0,1900.0,14,13.785714285714286,13.785714285714286,138.28571428571428,0.0,14.0,14.0,200.0,,0.5,0.2857142857142857,0.39285714285714285,5,2.3473684210526318,0.49022727272727273,68.83333333333333,-7046.0
CDA5,7,4.457109283196239,0.7861,851.0,0.6342,2,CDA,1200,0.7091666666666666,False,True,False,False,False,5,0,78.61,63.42,0.159455845343512,0.06941207147445214,0.7091666666666666,8411.0,-1.7172846889952151,10700.0,34.0,10.5,10.5,103.97058823529412,0.0,11.366666666666667,11.366666666666667,156.7,,6.0,2.0,,8.0,4234.0,8800.0,17,7.0588235294117645,7.0588235294117645,100.94117647058823,0.0,7.4,7.4,184.4,,4177.0,1900.0,17,13.941176470588236,13.941176470588236,107.0,0.0,15.333333333333334,15.333333333333334,129.0,,0.35294117647058826,0.11764705882352941,0.23529411764705882,5,2.198421052631579,0.48113636363636364,50.05882352941177,-6843.0
CDA5,8,3.5353535353535346,0.8809,891.0,0.7425,2,CDA,1200,0.7425,False,True,False,False,False,5,0,88.09,74.25,0.20091890314811736,0.08697199277278388,0.7425,9426.0,-1.7926495215311005,10700.0,33.0,10.163602941176471,10.163602941176471,136.42279411764707,0.0,10.166666666666666,10.166666666666666,176.91666666666669,,7.0,7.0,,14.0,4951.0,8800.0,17,6.764705882352941,6.764705882352941,131.47058823529412,0.0,6.666666666666667,6.666666666666667,200.0,,4475.0,1900.0,16,13.5625,13.5625,141.375,0.0,13.666666666666666,13.666666666666666,153.83333333333334,,0.4117647058823529,0.4375,0.42463235294117646,5,2.3552631578947367,0.5626136363636364,54.0,-6424.0
CDA5,9,0.0,0.8902,1280.0,0.7553,3,CDA,1500,0.8533333333333334,False,False,True,False,False,5,0,89.02,75.53,0.0638172294736759,0.07157162321788581,0.8533333333333334,11750.0,-0.17886818495514145,13200.0,38.0,9.40909090909091,9.40909090909091,119.48579545454545,0.0,11.0,11.0,180.54166666666669,,5.0,7.0,,12.0,5553.0,6900.0,22,7.318181818181818,7.318181818181818,102.9090909090909,0.0,10.0,10.0,185.75,,6197.0,6300.0,16,11.5,11.5,136.0625,0.0,12.0,12.0,175.33333333333334,,0.22727272727272727,0.4375,0.33238636363636365,5,0.9836507936507937,0.8047826086956522,67.36842105263158,-1244.0
CDA5,10,0.04920514761544226,0.8395,1321.0,0.7413,3,CDA,1500,0.8806666666666667,False,False,True,False,False,5,0,83.95,74.13,0.07477671033484576,0.06670188655697763,0.8806666666666667,11081.0,-0.2427260179434093,13200.0,35.0,9.583333333333334,9.583333333333334,132.14285714285714,0.0,9.958333333333332,9.958333333333332,157.29166666666669,,7.0,7.0,,14.0,4993.0,6900.0,21,7.380952380952381,7.380952380952381,112.85714285714286,0.0,9.25,9.25,132.25,,6088.0,6300.0,14,11.785714285714286,11.785714285714286,151.42857142857142,0.0,10.666666666666666,10.666666666666666,182.33333333333334,,0.3333333333333333,0.5,0.41666666666666663,5,0.9663492063492064,0.7236231884057971,75.48571428571428,-1695.0
CDA5,11,0.0,0.9156,1330.0,0.806,3,CDA,1500,0.8866666666666667,False,False,True,False,False,5,0,91.56,80.60000000000001,0.06078547373276421,0.029855677890964247,0.8866666666666667,12086.0,-0.002636300897170485,13200.0,37.0,9.824561403508772,9.824561403508772,128.63011695906434,0.0,11.2,11.2,128.36666666666667,,8.0,7.0,,15.0,6309.0,6900.0,19,7.315789473684211,7.315789473684211,129.31578947368422,0.0,8.0,8.0,152.33333333333334,,5777.0,6300.0,18,12.333333333333334,12.333333333333334,127.94444444444444,0.0,14.4,14.4,104.4,,0.42105263157894735,0.3888888888888889,0.4049707602339181,5,0.916984126984127,0.9143478260869565,71.89189189189189,-68.0
CDA5,12,0.0,0.8423,1341.0,0.7053,3,CDA,1500,0.894,False,False,True,False,False,5,0,84.23,70.53,0.10402070216438704,0.044960748523956866,0.894,11118.0,0.19534851621808147,13200.0,34.0,10.31422924901186,10.31422924901186,144.7173913043478,0.0,11.766666666666666,11.766666666666666,162.93333333333334,,7.0,5.0,,12.0,6455.0,6900.0,23,8.173913043478262,8.173913043478262,131.43478260869566,0.0,8.2,8.2,199.2,,4663.0,6300.0,11,12.454545454545455,12.454545454545455,158.0,0.0,15.333333333333334,15.333333333333334,126.66666666666667,,0.30434782608695654,0.45454545454545453,0.37944664031620556,5,0.7401587301587301,0.9355072463768116,78.88235294117646,1192.0
CDA5,13,1.46757257566399,0.781,1619.0,0.9767,4,CDA,1200,1.3491666666666666,False,False,False,True,False,5,0,78.10000000000001,97.67,0.23321009163196244,0.09376156123749264,1.3491666666666666,8357.0,-1.078989234449761,10700.0,33.0,9.75751879699248,9.75751879699248,133.88345864661653,0.0,10.575,10.575,150.9,,6.0,9.0,,15.0,5187.0,8800.0,14,6.357142857142857,6.357142857142857,131.71428571428572,0.0,6.75,6.75,200.0,,3170.0,1900.0,19,13.157894736842104,13.157894736842104,136.05263157894737,0.0,14.4,14.4,101.8,,0.42857142857142855,0.47368421052631576,0.45112781954887216,5,1.668421052631579,0.5894318181818182,98.12121212121212,-4883.0
CDA5,14,0.68201617921593,0.868,1607.0,1.0042,4,CDA,1200,1.3391666666666666,False,False,False,True,False,5,0,86.8,100.42,0.15603329213219674,0.09608635029552928,1.3391666666666666,9288.0,-0.5521052631578947,10700.0,36.0,8.1,8.1,139.47142857142856,0.0,8.825,8.825,157.825,,7.0,9.0,,16.0,6776.0,8800.0,15,5.533333333333333,5.533333333333333,142.13333333333333,0.0,6.25,6.25,196.25,,2512.0,1900.0,21,10.666666666666666,10.666666666666666,136.8095238095238,0.0,11.4,11.4,119.4,,0.4666666666666667,0.42857142857142855,0.4476190476190476,5,1.3221052631578947,0.77,89.27777777777777,-2636.0
CDA5,15,1.4821634062140392,0.902,1738.0,0.9625,4,CDA,1200,1.4483333333333333,False,False,False,True,False,5,0,90.2,96.25,0.24668115635972498,0.10851055784960238,1.4483333333333333,9651.0,-0.8289114832535885,10700.0,29.0,8.867788461538462,8.867788461538462,154.40865384615384,0.0,9.525,9.525,160.075,,5.0,10.0,,15.0,6642.0,8800.0,13,5.923076923076923,5.923076923076923,149.69230769230768,0.0,6.8,6.8,199.4,,3009.0,1900.0,16,11.8125,11.8125,159.125,0.0,12.25,12.25,120.75,,0.38461538461538464,0.625,0.5048076923076923,5,1.5836842105263158,0.7547727272727273,119.86206896551724,-3267.0
CDA5,16,0.5508982035928147,0.8817,1837.0,0.9475,4,CDA,1200,1.5308333333333333,False,False,False,True,False,5,0,88.17,94.75,0.23832264794820504,0.10811129837589571,1.5308333333333333,9434.0,0.048761961722488034,10700.0,35.0,7.05952380952381,7.05952380952381,147.26190476190476,0.0,7.325,7.325,178.225,,7.0,10.0,,17.0,7835.0,8800.0,14,5.214285714285714,5.214285714285714,145.42857142857142,0.0,5.4,5.4,197.2,,1599.0,1900.0,21,8.904761904761905,8.904761904761905,149.0952380952381,0.0,9.25,9.25,159.25,,0.5,0.47619047619047616,0.4880952380952381,5,0.8415789473684211,0.8903409090909091,104.97142857142858,-664.0
CDA5,17,4.711475409836066,0.611,915.0,0.7782,5,CDA,1100,0.8318181818181818,False,False,False,False,True,5,0,61.1,77.82,0.21433908784154715,0.09257762607867911,0.8318181818181818,7149.0,2.528991935483871,11700.0,29.0,10.223557692307693,10.223557692307693,146.4206730769231,0.0,11.875,11.875,162.275,,5.0,9.0,,14.0,6291.0,2400.0,13,6.384615384615385,6.384615384615385,127.15384615384616,0.0,7.0,7.0,159.8,,858.0,9300.0,16,14.0625,14.0625,165.6875,0.0,16.75,16.75,164.75,,0.38461538461538464,0.5625,0.4735576923076923,5,0.09225806451612903,2.62125,63.10344827586207,12333.0
CDA5,18,4.702740688685875,0.8524,1423.0,0.8536,5,CDA,1100,1.2936363636363637,False,False,False,False,True,5,0,85.24000000000001,85.36,0.1838050777687016,0.1275852400118849,1.2936363636363637,9973.0,2.237916666666667,11700.0,39.0,9.941176470588236,9.941176470588236,126.25,0.0,10.625,10.625,172.5,,6.0,6.0,,12.0,6315.0,2400.0,17,6.882352941176471,6.882352941176471,115.0,0.0,9.25,9.25,200.0,,3658.0,9300.0,22,13.0,13.0,137.5,0.0,12.0,12.0,145.0,,0.35294117647058826,0.2727272727272727,0.3128342245989305,5,0.3933333333333333,2.63125,72.97435897435898,9557.0
CDA5,19,5.840837696335079,0.864,955.0,0.8082,5,CDA,1100,0.8681818181818182,False,False,False,False,True,5,0,86.4,80.82000000000001,0.2135616553441112,0.10091792056283627,0.8681818181818182,10109.0,2.739099462365591,11700.0,26.0,9.357575757575757,9.357575757575757,137.34545454545454,0.0,8.933333333333334,8.933333333333334,171.06666666666666,,5.0,4.0,,9.0,7299.0,2400.0,11,6.181818181818182,6.181818181818182,138.0909090909091,0.0,7.2,7.2,179.8,,2810.0,9300.0,15,12.533333333333333,12.533333333333333,136.6,0.0,10.666666666666666,10.666666666666666,162.33333333333334,,0.45454545454545453,0.26666666666666666,0.3606060606060606,5,0.3021505376344086,3.04125,73.46153846153847,11389.0
CDA5,20,5.299301919720769,0.9515,1146.0,0.9673,5,CDA,1100,1.0418181818181818,False,False,False,False,True,5,0,95.15,96.73,0.2315744901615121,0.12004816479223618,1.0418181818181818,11132.0,3.190510752688172,11700.0,36.0,10.619047619047619,10.619047619047619,101.13333333333333,0.0,10.125,10.125,143.875,,3.0,6.0,,9.0,8370.0,2400.0,15,7.666666666666667,7.666666666666667,99.26666666666667,0.0,7.5,7.5,174.75,,2762.0,9300.0,21,13.571428571428571,13.571428571428571,103.0,0.0,12.75,12.75,113.0,,0.2,0.2857142857142857,0.24285714285714285,5,0.29698924731182796,3.4875,63.666666666666664,12508.0
Flow301,1,6.993284333073677,0.5448,502.325,0.4567,1,Flow30,1100,0.4566590909090909,True,False,False,False,False,1,1,54.48,45.67,0.07233536012429048,0.08859705981633095,0.4566590909090909,6373.95,1.6613282258064515,11700.0,20.0,6.520833333333333,11.625,201.875,15.6875,5.333333333333333,11.833333333333332,254.16666666666666,12.333333333333334,1.0,3.0,0.09166666666666666,4.0,4476.78,2400.0,8,1.625,8.5,181.25,11.875,1.0,9.0,175.0,6.0,1897.17,9300.0,12,11.416666666666666,14.75,222.5,19.5,9.666666666666666,14.666666666666666,333.3333333333333,18.666666666666668,0.125,0.25,0.1875,1,0.2039967741935484,1.865325,50.2325,9479.61
Flow301,2,7.834889217436285,0.6061,633.22,0.5757,1,Flow30,1100,0.5756545454545455,True,False,False,False,False,1,1,60.61,57.57,0.0879598086042883,0.050235899872499115,0.5756545454545455,7090.92,2.397536693548387,11700.0,30.0,7.12200956937799,10.344497607655502,150.28708133971293,14.059808612440191,5.75,12.0,275.0,17.5,0.0,4.0,0.15833333333333333,4.0,6028.3099999999995,2400.0,11,3.4545454545454546,6.636363636363637,136.36363636363637,12.909090909090908,0.0,9.0,300.0,10.0,1062.6100000000001,9300.0,19,10.789473684210526,14.052631578947368,164.21052631578948,15.210526315789474,11.5,15.0,250.0,25.0,0.0,0.21052631578947367,0.10526315789473684,1,0.11425913978494626,2.5117958333333332,42.214666666666666,11865.699999999999
Flow301,3,4.346895959609423,0.461,412.665,0.3752,1,Flow30,1100,0.37515000000000004,True,False,False,False,False,1,1,46.1,37.519999999999996,0.19776036729406385,0.15188790802425356,0.37515000000000004,5394.2,0.9040123655913977,11700.0,36.0,6.3311688311688314,13.292207792207792,194.6590909090909,13.064935064935066,2.75,11.25,325.0,11.75,0.0,7.0,0.10833333333333334,7.0,2831.08,2400.0,14,2.5714285714285716,10.357142857142858,225.0,9.857142857142858,0.0,8.0,400.0,7.0,2563.12,9300.0,22,10.090909090909092,16.227272727272727,164.3181818181818,16.272727272727273,5.5,14.5,250.0,16.5,0.0,0.3181818181818182,0.1590909090909091,1,0.2756043010752688,1.1796166666666665,22.925833333333333,7167.96
Flow301,4,6.3935383474290495,0.7008,640.595,0.5771,1,Flow30,1100,0.5823590909090909,True,False,False,False,False,1,1,70.08,57.709999999999994,0.11840748211296818,0.12122683253607368,0.5823590909090909,8198.939999999999,1.9902455645161288,11700.0,33.0,5.37218045112782,10.768796992481203,158.89097744360902,15.61466165413534,5.333333333333334,10.833333333333332,200.0,15.333333333333332,2.0,5.0,0.075,7.0,5478.61,2400.0,14,1.4285714285714286,7.642857142857143,178.57142857142858,11.071428571428571,2.3333333333333335,8.666666666666666,200.0,8.333333333333334,2720.33,9300.0,19,9.31578947368421,13.894736842105264,139.21052631578948,20.157894736842106,8.333333333333334,13.0,200.0,22.333333333333332,0.14285714285714285,0.2631578947368421,0.20300751879699247,1,0.29250860215053764,2.2827541666666664,38.8239393939394,9658.279999999999
Flow301,5,1.3588172349273737,0.7873,764.09,0.63,2,Flow30,1200,0.6367416666666667,False,True,False,False,False,1,1,78.73,63.0,0.08312374888029131,0.07924828969137035,0.6367416666666667,8423.789999999999,-0.5057201555023925,10700.0,31.0,3.95625,9.447916666666668,130.41666666666666,16.389583333333334,4.958333333333334,11.291666666666668,170.83333333333331,20.375,1.0,8.0,0.075,9.0,6137.73,8800.0,16,1.3125,6.5625,137.5,10.3125,3.25,7.25,175.0,10.75,2286.06,1900.0,15,6.6,12.333333333333334,123.33333333333333,22.466666666666665,6.666666666666667,15.333333333333334,166.66666666666666,30.0,0.0625,0.5333333333333333,0.29791666666666666,1,1.2031894736842106,0.6974693181818181,49.296129032258065,-3048.3300000000004
Flow301,6,1.0281668119155132,0.8627,863.015,0.7148,2,Flow30,1200,0.7191791666666667,False,True,False,False,False,1,1,86.27,71.48,0.12090068502359262,0.07664474539292618,0.7191791666666667,9230.98,-0.2805447966507174,10700.0,37.0,4.4676470588235295,9.851470588235294,187.79558823529413,14.58235294117647,4.0,10.375,258.33333333333337,18.625,3.0,6.0,0.075,9.0,7153.450000000001,8800.0,17,1.2352941176470589,6.352941176470588,252.94117647058823,12.764705882352942,2.0,7.0,366.6666666666667,16.0,2077.5299999999997,1900.0,20,7.7,13.35,122.65,16.4,6.0,13.75,150.0,21.25,0.17647058823529413,0.3,0.23823529411764705,1,1.093436842105263,0.8128920454545455,46.64945945945946,-1824.079999999999
Flow301,7,0.6893970623693431,0.939,1009.605,0.8398,2,Flow30,1200,0.8413375,False,True,False,False,False,1,1,93.89999999999999,83.98,0.06673395440033009,0.03406921970098029,0.8413375,10047.3,-0.353931937799043,10700.0,34.0,4.205882352941177,9.647058823529411,158.41176470588238,17.88235294117647,4.25,9.916666666666668,170.83333333333331,26.125,3.0,8.0,0.075,11.0,7710.139999999999,8800.0,17,1.1176470588235294,6.588235294117647,158.7058823529412,15.764705882352942,2.5,8.5,175.0,22.25,2337.16,1900.0,17,7.294117647058823,12.705882352941176,158.11764705882354,20.0,6.0,11.333333333333334,166.66666666666666,30.0,0.17647058823529413,0.47058823529411764,0.3235294117647059,1,1.2300842105263157,0.8761522727272727,59.38852941176471,-1527.0200000000004
Flow301,8,0.8357018321954897,0.9465,1042.445,0.855,2,Flow30,1200,0.8687041666666666,False,True,False,False,False,1,1,94.65,85.5,0.07220574636633535,0.08007584513468337,0.8687041666666666,10127.259999999998,-0.5525868421052631,10700.0,27.0,4.732954545454545,10.056818181818182,167.03125,20.309659090909093,4.0,9.5,237.5,26.5,4.0,7.0,0.1,11.0,7465.48,8800.0,11,1.0909090909090908,7.363636363636363,212.0,20.181818181818183,2.0,9.25,250.0,25.5,2661.7799999999997,1900.0,16,8.375,12.75,122.0625,20.4375,6.0,9.75,225.0,27.5,0.36363636363636365,0.4375,0.4005681818181818,1,1.400936842105263,0.8483499999999999,77.21814814814815,-2096.3
Flow301,9,1.3379274146741365,0.7964,1213.62,0.8091,3,Flow30,1500,0.8090799999999999,False,False,True,False,False,1,1,79.64,80.91000000000001,0.05098366509406956,0.036039377167316755,0.8090799999999999,10512.24,0.6849744651483782,13200.0,28.0,4.35,9.705555555555556,177.30555555555554,19.87222222222222,3.666666666666667,10.333333333333334,225.0,21.5,4.0,1.0,0.11666666666666667,5.0,7750.78,6900.0,18,1.0,8.11111111111111,133.61111111111111,19.444444444444443,2.6666666666666665,10.333333333333334,183.33333333333334,16.666666666666668,2761.46,6300.0,10,7.7,11.3,221.0,20.3,4.666666666666667,10.333333333333334,266.6666666666667,26.333333333333332,0.2222222222222222,0.1,0.1611111111111111,1,0.4383269841269841,1.1233014492753624,86.68714285714285,4389.32
Flow301,10,0.10859709753023594,0.8975,1177.36,0.7833,3,Flow30,1500,0.7849066666666666,False,False,True,False,False,1,1,89.75,78.33,0.05784129406104889,0.04129156243165929,0.7849066666666666,11846.43,0.40154416839199436,13200.0,27.0,5.450549450549451,11.695054945054945,174.45054945054943,18.664835164835168,3.375,10.25,281.25,24.125,4.0,2.0,0.18333333333333332,6.0,7514.8099999999995,6900.0,14,2.2857142857142856,7.928571428571429,174.28571428571428,20.714285714285715,2.25,9.5,312.5,23.75,4331.62,6300.0,13,8.615384615384615,15.461538461538462,174.6153846153846,16.615384615384617,4.5,11.0,250.0,24.5,0.2857142857142857,0.15384615384615385,0.21978021978021978,1,0.6875587301587301,1.0891028985507245,87.21185185185185,2583.1899999999996
Flow301,11,0.0,0.7701,1055.915,0.7039,3,Flow30,1500,0.7039433333333333,False,False,True,False,False,1,1,77.01,70.39,0.03259311701278606,0.028103795355042573,0.7039433333333333,10164.93,0.19968951000690138,13200.0,19.0,4.948863636363637,11.517045454545453,184.0681818181818,22.99431818181818,3.7916666666666665,11.916666666666668,316.66666666666663,23.0,4.0,4.0,0.1,8.0,5971.1,6900.0,8,2.625,8.125,201.5,24.625,2.25,9.5,300.0,24.0,4193.83,6300.0,11,7.2727272727272725,14.909090909090908,166.63636363636363,21.363636363636363,5.333333333333333,14.333333333333334,333.3333333333333,22.0,0.5,0.36363636363636365,0.4318181818181818,1,0.6656873015873016,0.865376811594203,111.14894736842105,1177.2700000000004
Flow301,12,0.18374715504610517,0.7641,1109.915,0.7399,3,Flow30,1500,0.7399433333333333,False,False,True,False,False,1,1,76.41,73.99,0.03410561255366938,0.018077441642563988,0.7399433333333333,10085.77,0.16191421670117323,13200.0,24.0,5.083333333333334,11.083333333333332,209.25,23.375,3.3333333333333335,11.166666666666668,333.33333333333337,26.916666666666664,3.0,6.0,0.11666666666666667,9.0,5805.32,6900.0,12,1.5833333333333333,8.25,231.16666666666666,20.0,1.0,8.0,350.0,27.5,4280.45,6300.0,12,8.583333333333334,13.916666666666666,187.33333333333334,26.75,5.666666666666667,14.333333333333334,316.6666666666667,26.333333333333332,0.25,0.5,0.375,1,0.6794365079365079,0.8413507246376811,92.49291666666666,924.8699999999999
Flow301,13,0.6755489187656938,0.9185,1024.98,0.8513,4,Flow30,1200,0.85415,False,False,False,True,False,1,1,91.85,85.13,0.02929059672643651,0.0185332307988859,0.85415,9828.34,-0.4279940789473684,10700.0,22.0,4.454545454545454,9.954545454545455,230.36363636363637,21.5,3.125,9.75,356.25,25.25,3.0,6.0,0.1,9.0,7414.33,8800.0,11,1.6363636363636365,6.909090909090909,227.27272727272728,19.545454545454547,0.0,8.0,400.0,25.5,2414.0099999999998,1900.0,11,7.2727272727272725,13.0,233.45454545454547,23.454545454545453,6.25,11.5,312.5,25.0,0.2727272727272727,0.5454545454545454,0.40909090909090906,1,1.2705315789473683,0.8425374999999999,93.18,-1899.6799999999998
Flow301,14,1.2359526766201947,0.8948,1115.845,0.9201,4,Flow30,1200,0.9298708333333333,False,False,False,True,False,1,1,89.48,92.01,0.048209781158399155,0.02867664651790808,0.9298708333333333,9574.16,-0.6295244617224881,10700.0,25.0,4.402597402597403,10.282467532467532,229.8051948051948,24.31818181818182,3.625,9.166666666666668,329.16666666666663,29.0,4.0,6.0,0.125,10.0,6890.37,8800.0,11,2.090909090909091,7.636363636363637,278.1818181818182,24.636363636363637,1.25,8.0,375.0,28.0,2683.79,1900.0,14,6.714285714285714,12.928571428571429,181.42857142857142,24.0,6.0,10.333333333333334,283.3333333333333,30.0,0.36363636363636365,0.42857142857142855,0.39610389610389607,1,1.412521052631579,0.7829965909090909,89.2676,-2693.42
Flow301,15,0.5496503628041953,0.8029,1100.965,0.8757,4,Flow30,1200,0.9174708333333332,False,False,False,True,False,1,1,80.28999999999999,87.57000000000001,0.0349818766018343,0.027889711260937717,0.9174708333333332,8591.189999999999,-0.5281471291866028,10700.0,27.0,4.164835164835165,9.12912087912088,167.93956043956047,22.302197802197803,4.125,11.5,293.75,25.125,2.0,10.0,0.10833333333333334,12.0,6240.36,8800.0,13,1.6153846153846154,6.615384615384615,162.30769230769232,19.46153846153846,2.5,8.5,300.0,23.5,2350.83,1900.0,14,6.714285714285714,11.642857142857142,173.57142857142858,25.142857142857142,5.75,14.5,287.5,26.75,0.15384615384615385,0.7142857142857143,0.4340659340659341,1,1.237278947368421,0.7091318181818181,81.55296296296295,-3010.4700000000003
Flow301,16,0.6018417995362588,0.9581,1278.975,1.0614,4,Flow30,1200,1.0658124999999998,False,False,False,True,False,1,1,95.81,106.13999999999999,0.04367826185015663,0.03344183129540416,1.0658124999999998,10251.9,-0.4277050837320575,10700.0,26.0,3.769230769230769,9.423076923076923,145.69230769230768,21.192307692307693,3.375,10.25,268.75,23.25,1.0,9.0,0.08333333333333333,10.0,7763.13,8800.0,13,1.8461538461538463,6.615384615384615,127.53846153846153,16.46153846153846,1.0,7.75,250.0,19.0,2488.77,1900.0,13,5.6923076923076925,12.23076923076923,163.84615384615384,25.923076923076923,5.75,12.75,287.5,27.5,0.07692307692307693,0.6923076923076923,0.3846153846153846,1,1.3098789473684211,0.8821738636363636,98.3826923076923,-1625.6399999999999
Flow301,17,3.4700413851242367,0.8147,839.205,0.7475,5,Flow30,1100,0.7629136363636364,False,False,False,False,True,1,1,81.47,74.75,0.07273292816364534,0.05408884615367505,0.7629136363636364,9531.8,1.4917704301075267,11700.0,28.0,6.535714285714286,14.25,180.46428571428572,21.32142857142857,6.666666666666666,15.166666666666668,241.66666666666669,25.5,3.0,4.0,0.08333333333333333,7.0,4801.08,2400.0,14,1.9285714285714286,12.071428571428571,180.21428571428572,22.785714285714285,2.6666666666666665,11.666666666666666,183.33333333333334,26.333333333333332,4730.719999999999,9300.0,14,11.142857142857142,16.428571428571427,180.71428571428572,19.857142857142858,10.666666666666666,18.666666666666668,300.0,24.666666666666668,0.21428571428571427,0.2857142857142857,0.25,1,0.5086795698924731,2.00045,59.94321428571429,6970.360000000001
Flow301,18,2.6703379592799976,0.8951,1001.335,0.9103,5,Flow30,1100,0.9103045454545455,False,False,False,False,True,1,1,89.51,91.03,0.04721531630161434,0.026749344026190842,0.9103045454545455,10472.27,1.4506805107526881,11700.0,23.0,7.337301587301588,14.873015873015873,237.76984126984127,23.71825396825397,6.833333333333333,15.125,273.95833333333337,26.333333333333336,5.0,4.0,0.09166666666666666,9.0,4915.61,2400.0,14,1.7857142857142858,12.857142857142858,164.42857142857142,22.214285714285715,3.0,13.25,181.25,25.0,5556.66,9300.0,9,12.88888888888889,16.88888888888889,311.1111111111111,25.22222222222222,10.666666666666666,17.0,366.6666666666667,27.666666666666668,0.35714285714285715,0.4444444444444444,0.4007936507936508,1,0.5974903225806452,2.0481708333333333,87.07260869565218,6258.95
Flow301,19,1.7909082956296416,0.8857,1094.43,0.9914,5,Flow30,1100,0.9949363636363637,False,False,False,False,True,1,1,88.57000000000001,99.14,0.05365673926368276,0.034113284191874794,0.9949363636363637,10362.8,1.048354301075269,11700.0,21.0,7.6909090909090905,14.731818181818182,203.10909090909092,25.19090909090909,6.208333333333333,14.5,317.70833333333337,27.25,3.0,5.0,0.10833333333333334,8.0,4125.64,2400.0,11,3.1818181818181817,13.363636363636363,161.8181818181818,24.181818181818183,1.75,14.0,268.75,26.5,6237.16,9300.0,10,12.2,16.1,244.4,26.2,10.666666666666666,15.0,366.6666666666667,28.0,0.2727272727272727,0.5,0.38636363636363635,1,0.6706623655913978,1.7190166666666669,104.23142857142858,4788.4800000000005
Flow301,20,1.3055731669493014,0.882,993.38,0.9018,5,Flow30,1100,0.9030727272727272,False,False,False,False,True,1,1,88.2,90.18,0.02383573646602871,0.02486656486017256,0.9030727272727272,10318.87,0.6951638440860214,11700.0,16.0,8.031746031746032,15.61111111111111,226.58730158730157,26.460317460317462,7.916666666666667,15.5,302.08333333333337,28.625,4.0,7.0,0.075,11.0,3442.85,2400.0,7,3.2857142857142856,14.0,204.28571428571428,28.142857142857142,3.5,14.0,237.5,27.25,6876.02,9300.0,9,12.777777777777779,17.22222222222222,248.88888888888889,24.77777777777778,12.333333333333334,17.0,366.6666666666667,30.0,0.5714285714285714,0.7777777777777778,0.6746031746031746,1,0.7393569892473119,1.4345208333333332,124.1725,3466.8299999999995
Flow302,1,2.333843500130113,0.7143,838.045,0.7366,1,Flow30,1100,0.7618590909090909,True,False,False,False,False,2,1,71.43,73.66,0.060553423059089756,0.028989815094517257,0.7618590909090909,8357.52,1.2353810483870966,11700.0,25.0,7.716666666666667,15.383333333333333,178.0,16.233333333333334,7.583333333333333,15.333333333333334,183.33333333333331,21.25,0.0,3.0,0.125,3.0,4071.0899999999997,2400.0,10,4.5,12.9,190.0,15.0,5.5,14.0,200.0,20.5,4286.43,9300.0,15,10.933333333333334,17.866666666666667,166.0,17.466666666666665,9.666666666666666,16.666666666666668,166.66666666666666,22.0,0.0,0.2,0.1,2,0.4609064516129033,1.6962875,67.0436,6684.66
Flow302,2,0.6977420654635775,0.6871,897.1949999999999,0.7286,1,Flow30,1100,0.8156318181818181,True,False,False,False,False,2,1,68.71000000000001,72.86,0.05414214592245373,0.029971613617743195,0.8156318181818181,8039.35,0.6902698924731182,11700.0,33.0,9.077205882352942,15.178308823529411,164.0625,16.58639705882353,8.166666666666668,14.833333333333332,216.66666666666669,23.833333333333336,2.0,6.0,0.09166666666666666,8.0,2965.92,2400.0,16,5.625,12.0625,188.125,15.9375,5.0,11.333333333333334,266.6666666666667,25.0,5073.43,9300.0,17,12.529411764705882,18.294117647058822,140.0,17.235294117647058,11.333333333333334,18.333333333333332,166.66666666666666,22.666666666666668,0.125,0.35294117647058826,0.23897058823529413,2,0.5455301075268818,1.2358,54.375454545454545,4792.49
Flow302,3,0.8665148729421066,0.8045,953.965,0.8111,1,Flow30,1100,0.8672409090909091,True,False,False,False,False,2,1,80.45,81.11,0.039266784137929917,0.0330743948468246,0.8672409090909091,9412.63,0.6671956989247312,11700.0,31.0,9.642857142857142,15.063025210084032,159.390756302521,18.556722689075627,8.5,14.25,216.66666666666669,14.916666666666668,2.0,6.0,0.1,8.0,3203.6,2400.0,14,5.285714285714286,11.714285714285714,146.42857142857142,17.642857142857142,4.0,10.5,200.0,16.5,6209.03,9300.0,17,14.0,18.41176470588235,172.35294117647058,19.470588235294116,13.0,18.0,233.33333333333334,13.333333333333334,0.14285714285714285,0.35294117647058826,0.24789915966386555,2,0.6676376344086021,1.3348333333333333,61.546129032258065,3894.57
Flow302,4,1.1316440293290047,0.6606,854.455,0.6875,1,Flow30,1100,0.7767772727272728,True,False,False,False,False,2,1,66.06,68.75,0.033553131208006466,0.046277880235033424,0.7767772727272728,7728.9,0.6578181451612902,11700.0,26.0,9.910714285714285,15.845238095238095,166.6547619047619,20.30357142857143,9.25,15.625,193.75,21.375,3.0,7.0,0.058333333333333334,10.0,2840.33,2400.0,14,6.571428571428571,12.857142857142858,214.14285714285714,15.857142857142858,5.5,12.75,225.0,16.5,4888.57,9300.0,12,13.25,18.833333333333332,119.16666666666667,24.75,13.0,18.5,162.5,26.25,0.21428571428571427,0.5833333333333334,0.39880952380952384,2,0.525652688172043,1.1834708333333332,65.72730769230769,4851.76
Flow302,5,5.81059678903863,0.7297,817.195,0.5977,2,Flow30,1200,0.6809958333333334,False,True,False,False,False,2,1,72.97,59.77,0.17686790122843363,0.13892553155692278,0.6809958333333334,7808.02,-2.2234940191387564,10700.0,28.0,7.17379679144385,12.94385026737968,222.09625668449198,21.470588235294116,8.0,14.5,283.33333333333337,24.333333333333332,3.0,10.0,0.075,13.0,2947.08,8800.0,11,3.8181818181818183,8.181818181818182,254.54545454545453,17.0,5.333333333333333,10.333333333333334,300.0,19.333333333333332,4860.9400000000005,1900.0,17,10.529411764705882,17.705882352941178,189.64705882352942,25.941176470588236,10.666666666666666,18.666666666666668,266.6666666666667,29.333333333333332,0.2727272727272727,0.5882352941176471,0.4304812834224599,2,2.558389473684211,0.33489545454545455,58.37107142857143,-8813.86
Flow302,6,3.8499506596872966,0.8216,870.895,0.7218,2,Flow30,1200,0.7257458333333333,False,True,False,False,False,2,1,82.16,72.18,0.18133741912708937,0.15127006424925932,0.7257458333333333,8791.289999999999,-1.83199730861244,10700.0,30.0,6.199999999999999,12.6,193.26666666666665,21.4,7.65,13.4,253.75,22.15,4.0,8.0,0.08333333333333333,12.0,4367.509999999999,8800.0,15,3.2666666666666666,8.2,216.53333333333333,19.6,4.5,9.0,287.5,20.5,4423.78,1900.0,15,9.133333333333333,17.0,170.0,23.2,10.8,17.8,220.0,23.8,0.26666666666666666,0.5333333333333333,0.4,2,2.3283052631578944,0.49630795454545445,58.059666666666665,-6956.27
Flow302,7,4.539756728938501,0.7851,699.54,0.583,2,Flow30,1200,0.58295,False,True,False,False,False,2,1,78.51,58.3,0.08762193874641437,0.07559343677825192,0.58295,8400.369999999999,-1.9412535885167466,10700.0,26.0,7.428571428571429,12.964285714285715,165.11904761904762,24.523809523809526,7.3,14.466666666666669,218.33333333333331,24.733333333333334,9.0,7.0,0.25,16.0,3875.2799999999997,8800.0,14,4.357142857142857,8.428571428571429,168.57142857142858,26.714285714285715,6.0,11.333333333333334,216.66666666666666,23.666666666666668,4525.09,1900.0,12,10.5,17.5,161.66666666666666,22.333333333333332,8.6,17.6,220.0,25.8,0.6428571428571429,0.5833333333333334,0.6130952380952381,2,2.381626315789474,0.44037272727272725,53.810769230769225,-7549.81
Flow302,8,3.0524112590390455,0.8226,747.04,0.6111,2,Flow30,1200,0.6225333333333333,False,True,False,False,False,2,1,82.26,61.11,0.09431289539143159,0.12558255280887007,0.6225333333333333,8801.880000000001,-1.513224043062201,10700.0,25.0,5.916666666666666,12.533333333333335,172.33333333333331,25.3,6.5,13.325,220.0,24.075,7.0,7.0,0.15,14.0,4874.34,8800.0,15,3.7333333333333334,8.466666666666667,206.66666666666666,24.6,6.0,10.4,240.0,23.4,3927.54,1900.0,10,8.1,16.6,138.0,26.0,7.0,16.25,200.0,24.75,0.4666666666666667,0.7,0.5833333333333333,2,2.0671263157894737,0.5539022727272728,59.7632,-5953.2
Flow302,9,0.0,0.5068,956.48,0.5068,3,Flow30,1500,0.6376533333333333,False,False,True,False,False,2,1,50.68,50.68,0.039161705221678736,0.03854979950086388,0.6376533333333333,6690.32,-0.034748378191856555,13200.0,26.0,6.3125,13.583333333333332,208.23611111111111,22.84027777777778,6.958333333333333,14.458333333333334,256.25,25.541666666666664,7.0,4.0,0.08333333333333333,11.0,3382.7799999999997,6900.0,18,4.0,10.166666666666666,222.72222222222223,23.055555555555557,4.25,11.25,262.5,21.75,3307.54,6300.0,8,8.625,17.0,193.75,22.625,9.666666666666666,17.666666666666668,250.0,29.333333333333332,0.3888888888888889,0.5,0.4444444444444444,2,0.5250063492063493,0.4902579710144927,73.57538461538462,-524.7600000000002
Flow302,10,0.0,0.7158,980.65,0.6534,3,Flow30,1500,0.6537666666666666,False,False,True,False,False,2,1,71.58,65.34,0.07302333227943802,0.031411522047647925,0.6537666666666666,9449.169999999998,-0.16330069013112491,13200.0,23.0,6.553030303030304,13.041666666666668,181.17424242424244,19.58712121212121,6.625,14.125,262.5,23.25,5.0,5.0,0.09166666666666666,10.0,4401.5599999999995,6900.0,12,3.8333333333333335,10.083333333333334,204.16666666666666,20.083333333333332,5.25,12.0,250.0,21.25,5047.61,6300.0,11,9.272727272727273,16.0,158.1818181818182,19.09090909090909,8.0,16.25,275.0,25.25,0.4166666666666667,0.45454545454545453,0.4356060606060606,2,0.8012079365079364,0.6379072463768115,85.27391304347826,-1246.0500000000002
Flow302,11,0.0,0.7128,1168.6699999999998,0.7138,3,Flow30,1500,0.7791133333333332,False,False,True,False,False,2,1,71.28,71.38,0.06338271903399166,0.03073748515047065,0.7791133333333332,9408.380000000001,-0.26378040027605243,13200.0,25.0,6.525974025974026,13.344155844155845,175.03246753246754,25.64935064935065,6.25,14.25,256.25,23.875,9.0,9.0,0.06666666666666667,18.0,4049.34,6900.0,14,4.142857142857143,10.142857142857142,196.42857142857142,24.571428571428573,3.75,11.25,250.0,22.0,5359.04,6300.0,11,8.909090909090908,16.545454545454547,153.63636363636363,26.727272727272727,8.75,17.25,262.5,25.75,0.6428571428571429,0.8181818181818182,0.7305194805194806,2,0.8506412698412699,0.5868608695652174,93.49359999999999,-1909.6999999999998
Flow302,12,0.0,0.8215,1242.2649999999999,0.8282,3,Flow30,1500,0.8281766666666666,False,False,True,False,False,2,1,82.15,82.82000000000001,0.027241186737349016,0.014283872460777664,0.8281766666666666,10843.93,-0.3421608695652174,13200.0,26.0,8.36969696969697,13.233333333333333,176.66666666666669,24.524242424242424,8.125,13.5,262.5,24.875,7.0,10.0,0.09166666666666666,17.0,4541.62,6900.0,11,5.2727272727272725,9.0,200.0,25.181818181818183,5.0,10.75,287.5,25.0,6302.3099999999995,6300.0,15,11.466666666666667,17.466666666666665,153.33333333333334,23.866666666666667,11.25,16.25,237.5,24.75,0.6363636363636364,0.6666666666666666,0.6515151515151515,2,1.0003666666666666,0.6582057971014492,95.55884615384615,-2360.6899999999996
Flow302,13,1.6541027264960242,0.6845,873.245,0.6541,4,Flow30,1200,0.7277041666666667,False,False,False,True,False,2,1,68.45,65.41,0.0631666763779138,0.10374750755548874,0.7277041666666667,7323.780000000001,-0.5813681818181818,10700.0,24.0,6.285714285714286,12.607142857142858,225.0,24.935714285714287,7.0,14.0,316.6666666666667,27.166666666666664,5.0,9.0,0.075,14.0,5114.84,8800.0,10,2.5,8.0,275.0,26.3,4.0,9.666666666666666,366.6666666666667,24.333333333333332,2208.94,1900.0,14,10.071428571428571,17.214285714285715,175.0,23.571428571428573,10.0,18.333333333333332,266.6666666666667,30.0,0.5,0.6428571428571429,0.5714285714285714,2,1.1626,0.5812318181818182,72.77041666666666,-3994.1
Flow302,14,1.2165048095758326,0.77,1127.945,0.8566,4,Flow30,1200,0.9399541666666666,False,False,False,True,False,2,1,77.0,85.66,0.07018135621682416,0.03440011632310633,0.9399541666666666,8238.92,-0.5365961722488038,10700.0,24.0,4.85,11.207142857142857,246.12857142857143,23.121428571428574,4.458333333333333,11.333333333333334,310.41666666666663,23.666666666666664,8.0,5.0,0.1,13.0,5937.44,8800.0,14,3.5,7.214285714285714,291.35714285714283,25.642857142857142,2.6666666666666665,6.666666666666667,383.3333333333333,27.333333333333332,2301.48,1900.0,10,6.2,15.2,200.9,20.6,6.25,16.0,237.5,20.0,0.5714285714285714,0.5,0.5357142857142857,2,1.2113052631578947,0.6747090909090908,93.99541666666666,-3264.0400000000004
Flow302,15,1.9874753932960258,0.7874,1068.25,0.7764,4,Flow30,1200,0.8902083333333334,False,False,False,True,False,2,1,78.74,77.64,0.05963805376980811,0.03230556508475865,0.8902083333333334,8425.48,-1.1245090311004784,10700.0,25.0,5.5160256410256405,12.115384615384615,211.79487179487177,23.923076923076923,6.0,12.833333333333332,245.0,26.583333333333336,8.0,7.0,0.09166666666666666,15.0,5172.19,8800.0,13,2.6153846153846154,7.230769230769231,256.9230769230769,25.846153846153847,4.0,10.0,290.0,26.5,3253.29,1900.0,12,8.416666666666666,17.0,166.66666666666666,22.0,8.0,15.666666666666666,200.0,26.666666666666668,0.6153846153846154,0.5833333333333334,0.5993589743589745,2,1.712257894736842,0.5877488636363636,85.46,-4981.1
Flow302,16,0.8950951522994508,0.755,982.345,0.8108,4,Flow30,1200,0.8186208333333334,False,False,False,True,False,2,1,75.5,81.08,0.03405449498803426,0.01992397897836152,0.8186208333333334,8078.17,-0.37431351674641156,10700.0,22.0,4.908333333333333,11.391666666666666,252.83333333333334,27.025,5.0,12.458333333333334,327.08333333333337,27.75,10.0,8.0,0.09166666666666666,18.0,6058.82,8800.0,12,2.4166666666666665,6.583333333333333,316.6666666666667,26.25,4.0,8.25,387.5,25.5,2019.35,1900.0,10,7.4,16.2,189.0,27.8,6.0,16.666666666666668,266.6666666666667,30.0,0.8333333333333334,0.8,0.8166666666666667,2,1.0628157894736843,0.6885022727272727,89.30409090909092,-2860.53
Flow302,17,5.102062719843268,0.759,1128.28,0.9655,5,Flow30,1100,1.025709090909091,False,False,False,False,True,2,1,75.9,96.55,0.07580656365171765,0.15660361147451804,1.025709090909091,8879.94,2.9116350806451616,11700.0,25.0,5.433333333333333,11.533333333333333,166.11666666666667,23.46666666666667,6.416666666666666,13.125,258.33333333333337,24.791666666666664,9.0,6.0,0.058333333333333334,15.0,7376.030000000001,2400.0,15,2.6666666666666665,7.866666666666666,149.73333333333332,22.333333333333332,6.333333333333333,11.0,266.6666666666667,21.333333333333332,1503.9099999999999,9300.0,10,8.2,15.2,182.5,24.6,6.5,15.25,250.0,28.25,0.6,0.6,0.6,2,0.16171075268817203,3.0733458333333337,90.2624,12772.12
Flow302,18,3.8264896775700112,0.8069,1065.76,0.9015,5,Flow30,1100,0.9688727272727272,False,False,False,False,True,2,1,80.69,90.14999999999999,0.06011561433961018,0.03661923421981507,0.9688727272727272,9440.99,2.0195220430107526,11700.0,28.0,6.675,12.775,156.15,25.5875,5.416666666666666,12.5,266.66666666666663,25.333333333333336,12.0,5.0,0.175,17.0,5789.24,2400.0,20,4.1,9.3,131.05,23.3,4.5,11.0,250.0,23.0,3651.75,9300.0,8,9.25,16.25,181.25,27.875,6.333333333333333,14.0,283.3333333333333,27.666666666666668,0.6,0.625,0.6125,2,0.3926612903225806,2.412183333333333,76.12571428571428,9037.49
Flow302,19,4.453968867347877,0.7964,1100.7,0.9963,5,Flow30,1100,1.0006363636363638,False,False,False,False,True,2,1,79.64,99.63,0.07664786076575554,0.05571379303571934,1.0006363636363638,9317.75,2.6286559139784944,11700.0,22.0,6.405982905982906,13.0982905982906,193.53418803418805,24.5,6.125,14.125,243.75,25.375,7.0,5.0,0.13333333333333333,12.0,6926.0,2400.0,13,4.923076923076923,10.307692307692308,184.84615384615384,23.0,5.5,12.0,262.5,23.5,2391.75,9300.0,9,7.888888888888889,15.88888888888889,202.22222222222223,26.0,6.75,16.25,225.0,27.25,0.5384615384615384,0.5555555555555556,0.5470085470085471,2,0.25717741935483873,2.8858333333333333,100.06363636363636,11434.25
Flow302,20,3.5971510311385373,0.8048,1057.73,0.8998,5,Flow30,1100,0.9615727272727272,False,False,False,False,True,2,1,80.47999999999999,89.98,0.11667327746250737,0.056681074050550256,0.9615727272727272,9416.26,1.852940053763441,11700.0,21.0,7.277272727272727,13.954545454545455,170.9,26.763636363636365,6.75,14.5,256.25,26.375,6.0,9.0,0.10833333333333334,15.0,5466.38,2400.0,10,5.1,11.0,191.8,23.8,5.75,12.0,287.5,23.0,3949.88,9300.0,11,9.454545454545455,16.90909090909091,150.0,29.727272727272727,7.75,17.0,225.0,29.75,0.6,0.8181818181818182,0.7090909090909091,2,0.4247182795698925,2.2776583333333336,100.73619047619047,8416.5
Flow303,1,0.27634778807927063,0.6027,671.46,0.6104,1,Flow30,1100,0.6104181818181819,True,False,False,False,False,3,1,60.27,61.040000000000006,0.10185680906057694,0.06061586209969529,0.6104181818181819,7052.0,-0.0901844086021506,11700.0,24.0,9.90909090909091,14.367132867132867,127.05244755244756,10.527972027972027,9.5,11.75,77.5,12.25,0.0,2.0,0.23333333333333334,2.0,1274.52,2400.0,13,7.0,11.461538461538462,141.92307692307693,8.692307692307692,7.5,9.5,55.0,5.5,5777.4800000000005,9300.0,11,12.818181818181818,17.272727272727273,112.18181818181819,12.363636363636363,11.5,14.0,100.0,19.0,0.0,0.18181818181818182,0.09090909090909091,3,0.6212344086021506,0.53105,55.955000000000005,2397.0399999999995
Flow303,2,0.2398671558169312,0.6856,766.275,0.6966,1,Flow30,1100,0.6966136363636364,True,False,False,False,False,3,1,68.56,69.66,0.057656070352526706,0.03737845352578775,0.6966136363636364,8021.65,0.07869368279569888,11700.0,23.0,10.301587301587302,15.821428571428571,142.77380952380952,12.511904761904763,9.25,14.25,118.75,11.25,2.0,0.0,0.09166666666666666,2.0,1795.59,2400.0,14,7.714285714285714,13.642857142857142,137.21428571428572,15.357142857142858,6.0,11.0,100.0,16.0,6226.0599999999995,9300.0,9,12.88888888888889,18.0,148.33333333333334,9.666666666666666,12.5,17.5,137.5,6.5,0.14285714285714285,0.0,0.07142857142857142,3,0.6694688172043011,0.7481625,66.63260869565217,2469.5300000000007
Flow303,3,1.4227060433907983,0.7379,746.725,0.6788,1,Flow30,1100,0.6788409090909091,True,False,False,False,False,3,1,73.79,67.88,0.053102055140557845,0.030475613717004135,0.6788409090909091,8633.619999999999,0.6448477150537635,11700.0,24.0,9.1,14.821428571428571,162.28571428571428,18.371428571428574,8.916666666666668,14.916666666666666,229.16666666666669,21.208333333333336,5.0,3.0,0.15,8.0,3001.17,2400.0,10,6.2,12.0,191.0,21.1,5.5,12.5,225.0,23.75,5632.45,9300.0,14,12.0,17.642857142857142,133.57142857142858,15.642857142857142,12.333333333333334,17.333333333333332,233.33333333333334,18.666666666666668,0.5,0.21428571428571427,0.35714285714285715,3,0.6056397849462365,1.2504875,62.22708333333333,4268.72
Flow303,4,0.4243324607799188,0.7945,813.125,0.7392,1,Flow30,1100,0.7392045454545455,True,False,False,False,False,3,1,79.45,73.92,0.06479171478425404,0.04806896543022607,0.7392045454545455,9296.0,0.1554643817204301,11700.0,19.0,9.872222222222224,15.266666666666666,195.69444444444446,15.75,9.75,15.75,218.75,15.75,4.0,0.0,0.13333333333333333,4.0,2203.45,2400.0,9,6.444444444444445,13.333333333333334,238.88888888888889,22.0,6.5,14.0,250.0,22.5,7092.549999999999,9300.0,10,13.3,17.2,152.5,9.5,13.0,17.5,187.5,9.0,0.4444444444444444,0.0,0.2222222222222222,3,0.7626397849462365,0.9181041666666666,85.59210526315789,2010.9000000000005
Flow303,5,4.998968377979756,0.8306,880.275,0.7336,2,Flow30,1200,0.7335625,False,True,False,False,False,3,1,83.06,73.36,0.058277781397582724,0.031172201010259932,0.7335625,8886.94,-2.389795873205742,10700.0,24.0,8.0625,13.125,172.5,16.09375,8.5,14.75,250.0,27.5,3.0,1.0,0.125,4.0,3574.55,8800.0,8,5.0,9.25,201.25,19.0,4.0,9.5,250.0,26.0,5312.39,1900.0,16,11.125,17.0,143.75,13.1875,13.0,20.0,250.0,29.0,0.375,0.0625,0.21875,3,2.7959947368421054,0.40619886363636365,73.35625,-8637.84
Flow303,6,5.366890101941822,0.8196,868.73,0.6701,2,Flow30,1200,0.7239416666666667,False,True,False,False,False,3,1,81.96,67.01,0.03530220071824525,0.022824838060696406,0.7239416666666667,8769.95,-2.5110629186602873,10700.0,27.0,7.842105263157895,13.49671052631579,151.80921052631578,18.111842105263158,8.0,13.5,187.5,19.5,2.0,2.0,0.09166666666666666,4.0,3288.84,8800.0,8,5.0,10.625,176.25,21.75,5.0,10.0,250.0,26.0,5481.110000000001,1900.0,19,10.68421052631579,16.36842105263158,127.36842105263158,14.473684210526315,11.0,17.0,125.0,13.0,0.25,0.10526315789473684,0.17763157894736842,3,2.8847947368421054,0.3737318181818182,64.35037037037037,-9092.27
Flow303,7,6.334449777774221,0.5386,469.09499999999997,0.3909,2,Flow30,1200,0.3909125,False,True,False,False,False,3,1,53.86,39.09,0.05686994406378491,0.0859396801902865,0.3909125,5763.37,-1.7254056220095695,10700.0,24.0,7.605042016806722,13.084033613445378,187.37394957983193,17.1890756302521,8.333333333333332,12.75,220.83333333333331,16.916666666666668,4.0,0.0,0.08333333333333333,4.0,2043.82,8800.0,7,4.857142857142857,10.285714285714286,258.57142857142856,24.142857142857142,7.0,10.5,250.0,26.5,3719.55,1900.0,17,10.352941176470589,15.882352941176471,116.17647058823529,10.235294117647058,9.666666666666666,15.0,191.66666666666666,7.333333333333333,0.5714285714285714,0.0,0.2857142857142857,3,1.9576578947368422,0.23225227272727272,39.091249999999995,-8575.73
Flow303,8,5.318485838623317,0.6941,627.0649999999999,0.5226,2,Flow30,1200,0.5225541666666667,False,True,False,False,False,3,1,69.41000000000001,52.26,0.025774003470568962,0.04405549880786013,0.5225541666666667,7427.119999999999,-1.9180233851674637,10700.0,17.0,6.590909090909091,12.462121212121211,200.88636363636363,14.833333333333334,7.416666666666666,12.583333333333332,284.375,17.583333333333336,3.0,0.0,0.09166666666666666,3.0,3111.1499999999996,8800.0,6,3.0,8.833333333333334,289.5,22.666666666666668,5.333333333333333,8.666666666666666,400.0,27.666666666666668,4315.969999999999,1900.0,11,10.181818181818182,16.09090909090909,112.27272727272727,7.0,9.5,16.5,168.75,7.5,0.5,0.0,0.25,3,2.2715631578947364,0.35353977272727266,73.77235294117646,-8104.82
Flow303,9,1.6684130052335568,0.7488,977.16,0.6514,3,Flow30,1500,0.65144,False,False,True,False,False,3,1,74.88,65.14,0.04521395841130041,0.03461932553830271,0.65144,9884.630000000001,-0.7805447204968945,13200.0,26.0,8.154761904761905,12.69047619047619,153.98809523809524,18.86904761904762,9.666666666666668,12.416666666666668,183.33333333333334,19.083333333333336,7.0,3.0,0.08333333333333333,10.0,2596.49,6900.0,12,6.166666666666667,10.166666666666666,160.83333333333334,22.666666666666668,9.333333333333334,12.333333333333334,266.6666666666667,28.666666666666668,7288.14,6300.0,14,10.142857142857142,15.214285714285714,147.14285714285714,15.071428571428571,10.0,12.5,100.0,9.5,0.5833333333333334,0.21428571428571427,0.39880952380952384,3,1.1568476190476191,0.37630289855072463,75.16615384615385,-5291.650000000001
Flow303,10,0.9534338960283062,0.8581,1093.015,0.7287,3,Flow30,1500,0.7286766666666668,False,False,True,False,False,3,1,85.81,72.87,0.05022016848842745,0.032022639916842933,0.7286766666666668,11326.64,-0.5443166321601104,13200.0,27.0,8.722222222222221,12.805555555555555,201.80555555555554,18.75,9.75,13.125,285.0,21.125,7.0,3.0,0.10833333333333334,10.0,4128.21,6900.0,9,6.333333333333333,10.666666666666666,278.0,26.77777777777778,9.5,11.0,400.0,29.0,7198.43,6300.0,18,11.11111111111111,14.944444444444445,125.61111111111111,10.722222222222221,10.0,15.25,170.0,13.25,0.7777777777777778,0.16666666666666666,0.4722222222222222,3,1.1426079365079365,0.5982913043478261,80.96407407407408,-3670.2200000000003
Flow303,11,0.5098372758071736,0.866,1126.725,0.7512,3,Flow30,1500,0.75115,False,False,True,False,False,3,1,86.6,75.12,0.03674932763491527,0.02140542245897093,0.75115,11430.8,-0.4259378881987578,13200.0,20.0,9.125,12.208333333333332,193.3125,17.979166666666668,9.5,12.25,321.875,21.125,6.0,2.0,0.11666666666666667,8.0,4572.5,6900.0,8,7.0,10.25,236.625,26.375,9.0,10.0,400.0,30.0,6858.3,6300.0,12,11.25,14.166666666666666,150.0,9.583333333333334,10.0,14.5,243.75,12.25,0.75,0.16666666666666666,0.4583333333333333,3,1.0886190476190476,0.6626811594202898,112.67249999999999,-2885.8
Flow303,12,0.4084999697954057,0.9155,1215.455,0.8103,3,Flow30,1500,0.8103033333333333,False,False,True,False,False,3,1,91.55,81.03,0.04719350773977586,0.026354665561741313,0.8103033333333333,12084.54,-0.4668581090407177,13200.0,25.0,8.931818181818182,12.279220779220779,151.85714285714286,19.834415584415584,8.625,12.375,222.5,21.625,10.0,2.0,0.09166666666666666,12.0,4779.47,6900.0,11,7.363636363636363,10.272727272727273,164.0,27.454545454545453,8.5,11.0,200.0,30.0,7305.07,6300.0,14,10.5,14.285714285714286,139.71428571428572,12.214285714285714,8.75,13.75,245.0,13.25,0.9090909090909091,0.14285714285714285,0.525974025974026,3,1.1595349206349206,0.6926768115942029,97.23639999999999,-3125.5999999999995
Flow303,13,3.994168267521278,0.8495,877.945,0.7316,4,Flow30,1200,0.7316208333333334,False,False,False,True,False,3,1,84.95,73.16,0.05936418892052022,0.11542257332019719,0.7316208333333334,9089.43,-1.9093606459330146,10700.0,23.0,7.650793650793651,11.027777777777779,177.73015873015873,20.57142857142857,9.166666666666668,12.166666666666668,265.0,23.5,8.0,4.0,0.10833333333333334,12.0,4491.82,8800.0,9,6.444444444444445,8.555555555555555,196.88888888888889,27.0,9.0,10.333333333333334,300.0,30.0,4597.610000000001,1900.0,14,8.857142857142858,13.5,158.57142857142858,14.142857142857142,9.333333333333334,14.0,230.0,17.0,0.8888888888888888,0.2857142857142857,0.5873015873015872,3,2.4197947368421056,0.5104340909090909,76.34304347826087,-7005.790000000001
Flow303,14,3.4119860959863875,0.9574,1078.975,0.8929,4,Flow30,1200,0.8991458333333333,False,False,False,True,False,3,1,95.74000000000001,89.29,0.05940903507993932,0.04914501344457495,0.8991458333333333,10244.04,-2.2681791267942586,10700.0,25.0,7.066666666666666,11.216666666666667,157.28333333333333,17.433333333333334,9.416666666666666,11.833333333333332,195.0,18.75,7.0,4.0,0.075,11.0,4880.71,8800.0,10,4.6,8.9,189.9,22.2,7.333333333333333,9.666666666666666,300.0,30.0,5363.33,1900.0,15,9.533333333333333,13.533333333333333,124.66666666666667,12.666666666666666,11.5,14.0,90.0,7.5,0.7,0.26666666666666666,0.4833333333333333,3,2.822805263157895,0.5546261363636363,86.318,-7382.62
Flow303,15,3.2228765410752747,0.8763,844.22,0.7035,4,Flow30,1200,0.7035166666666667,False,False,False,True,False,3,1,87.63,70.35,0.03372074344063038,0.020412581333405844,0.7035166666666667,9376.42,-1.5257919856459328,10700.0,21.0,6.285714285714286,11.071428571428571,166.07142857142856,18.357142857142858,7.625,11.125,273.75,20.125,5.0,3.0,0.075,8.0,5327.22,8800.0,7,4.571428571428571,8.428571428571429,201.28571428571428,23.571428571428573,7.0,9.0,300.0,24.0,4049.2,1900.0,14,8.0,13.714285714285714,130.85714285714286,13.142857142857142,8.25,13.25,247.5,16.25,0.7142857142857143,0.21428571428571427,0.4642857142857143,3,2.131157894736842,0.6053659090909091,80.40190476190476,-5621.98
Flow303,16,2.860043398549779,0.9214,952.89,0.7874,4,Flow30,1200,0.794075,False,False,False,True,False,3,1,92.14,78.74,0.03270986397038679,0.057843474085438246,0.794075,9858.75,-1.613031937799043,10700.0,23.0,6.178030303030303,10.848484848484848,202.8560606060606,17.958333333333332,9.166666666666666,11.833333333333332,247.5,19.5,7.0,3.0,0.09166666666666666,10.0,5587.58,8800.0,11,4.2727272727272725,8.363636363636363,254.54545454545453,22.0,7.333333333333333,8.666666666666666,400.0,30.0,4271.17,1900.0,12,8.083333333333334,13.333333333333334,151.16666666666666,13.916666666666666,11.0,15.0,95.0,9.0,0.6363636363636364,0.25,0.4431818181818182,3,2.2479842105263157,0.6349522727272727,82.86,-5583.59
Flow303,17,0.7582621041213979,0.747,773.735,0.7034,5,Flow30,1100,0.7033954545454546,False,False,False,False,True,3,1,74.7,70.34,0.06817347294574502,0.037808452336272544,0.7033954545454546,8739.519999999999,0.27362795698924736,11700.0,31.0,9.16025641025641,13.55982905982906,190.16239316239316,17.713675213675216,10.875,14.0,222.5,21.5,8.0,5.0,0.10833333333333334,13.0,2314.72,2400.0,13,6.153846153846154,11.23076923076923,264.7692307692308,21.53846153846154,10.5,13.0,350.0,30.0,6424.799999999999,9300.0,18,12.166666666666666,15.88888888888889,115.55555555555556,13.88888888888889,11.25,15.0,95.0,13.0,0.6153846153846154,0.2777777777777778,0.4465811965811966,3,0.6908387096774192,0.9644666666666666,49.9183870967742,2789.9200000000005
Flow303,18,0.6515468778911355,0.8441,898.73,0.817,5,Flow30,1100,0.8170272727272727,False,False,False,False,True,3,1,84.41,81.69999999999999,0.05101658133418697,0.03679592782815863,0.8170272727272727,9875.85,0.27642540322580655,11700.0,27.0,10.241666666666667,14.366666666666667,150.875,19.1,9.833333333333332,13.5,230.0,18.833333333333332,9.0,3.0,0.075,12.0,2553.15,2400.0,12,8.416666666666666,12.666666666666666,185.08333333333334,26.0,8.0,12.666666666666666,266.6666666666667,29.333333333333332,7322.7,9300.0,15,12.066666666666666,16.066666666666666,116.66666666666667,12.2,11.666666666666666,14.333333333333334,193.33333333333334,8.333333333333334,0.75,0.2,0.475,3,0.7873870967741935,1.0638125,66.5725925925926,2130.4500000000003
Flow303,19,0.7737861512561892,0.8387,879.88,0.7887,5,Flow30,1100,0.7998909090909091,False,False,False,False,True,3,1,83.87,78.86999999999999,0.04764719029713348,0.03459178914306743,0.7998909090909091,9812.960000000001,0.3159918010752687,11700.0,26.0,9.68125,14.05625,145.9375,21.525,8.916666666666666,13.583333333333332,185.0,19.708333333333336,8.0,5.0,0.075,13.0,2615.73,2400.0,10,7.3,12.3,162.5,24.8,6.333333333333333,11.666666666666666,200.0,21.666666666666668,7197.2300000000005,9300.0,16,12.0625,15.8125,129.375,18.25,11.5,15.5,170.0,17.75,0.8,0.3125,0.55625,3,0.7738956989247312,1.0898875,67.68307692307692,2318.4999999999995
Flow303,20,1.1205742786396318,0.9196,958.815,0.8716,5,Flow30,1100,0.87165,False,False,False,False,True,3,1,91.96,87.16000000000001,0.039679267573698114,0.024598397196876252,0.87165,10759.800000000001,0.5011088709677418,11700.0,22.0,8.67094017094017,14.226495726495726,167.39316239316238,22.175213675213676,9.0,14.375,218.33333333333334,17.333333333333336,6.0,5.0,0.09166666666666666,11.0,3163.1,2400.0,9,5.111111111111111,12.222222222222221,205.55555555555554,23.88888888888889,6.0,13.0,266.6666666666667,19.666666666666668,7596.700000000001,9300.0,13,12.23076923076923,16.23076923076923,129.23076923076923,20.46153846153846,12.0,15.75,170.0,15.0,0.6666666666666666,0.38461538461538464,0.5256410256410257,3,0.8168494623655915,1.3179583333333333,87.165,2466.399999999999
Flow304,1,3.9348846590298834,0.7114,672.14,0.5929,1,Flow30,1100,0.6110363636363636,True,False,False,False,False,4,1,71.14,59.29,0.07938243804741726,0.04449975128361689,0.6110363636363636,8323.67,1.2261728494623656,11700.0,20.0,9.525252525252526,14.292929292929292,205.1010101010101,14.343434343434343,10.0,14.75,275.0,12.75,2.0,0.0,0.14166666666666666,2.0,4046.58,2400.0,9,7.777777777777778,11.222222222222221,161.11111111111111,18.77777777777778,10.0,12.5,200.0,16.5,4277.09,9300.0,11,11.272727272727273,17.363636363636363,249.0909090909091,9.909090909090908,10.0,17.0,350.0,9.0,0.2222222222222222,0.0,0.1111111111111111,4,0.45990215053763445,1.686075,67.214,6669.49
Flow304,2,2.2316348923471416,0.839,825.47,0.7504,1,Flow30,1100,0.7504272727272727,True,False,False,False,False,4,1,83.89999999999999,75.03999999999999,0.05343177639714007,0.03577469486288458,0.7504272727272727,9815.93,0.6193325268817205,11700.0,21.0,10.5,14.98611111111111,199.02777777777777,14.722222222222223,10.333333333333332,15.666666666666668,183.33333333333331,11.5,3.0,0.0,0.1,3.0,3195.0200000000004,2400.0,12,8.666666666666666,11.75,142.5,18.666666666666668,8.666666666666666,11.333333333333334,166.66666666666666,20.0,6620.910000000001,9300.0,9,12.333333333333334,18.22222222222222,255.55555555555554,10.777777777777779,12.0,20.0,200.0,3.0,0.25,0.0,0.125,4,0.711925806451613,1.3312583333333334,78.61619047619048,3474.1099999999997
Flow304,3,2.694156148550631,0.8819,929.575,0.8245,1,Flow30,1100,0.8450681818181819,True,False,False,False,False,4,1,88.19,82.45,0.062368504482376984,0.04395964326379696,0.8450681818181819,10318.43,1.0467091397849462,11700.0,25.0,9.8125,14.395833333333334,201.99305555555554,17.46875,10.833333333333332,15.5,233.33333333333331,16.25,5.0,0.0,0.11666666666666667,5.0,4113.4,2400.0,16,8.625,11.125,121.875,20.9375,8.666666666666666,11.0,166.66666666666666,21.0,6205.03,9300.0,9,11.0,17.666666666666668,282.1111111111111,14.0,13.0,20.0,300.0,11.5,0.3125,0.0,0.15625,4,0.6672075268817204,1.7139166666666665,74.366,4808.37
Flow304,4,1.841014257818621,0.8768,843.475,0.7668,1,Flow30,1100,0.7667954545454546,True,False,False,False,False,4,1,87.68,76.68,0.03549638144005121,0.024888171532799125,0.7667954545454546,10258.22,0.6871913978494623,11700.0,18.0,10.9375,15.875,205.0,22.2625,11.166666666666668,15.833333333333334,283.33333333333337,23.666666666666664,5.0,0.0,0.08333333333333333,5.0,3415.2,2400.0,10,9.5,13.0,150.0,24.9,10.333333333333334,13.0,200.0,25.0,6843.0199999999995,9300.0,8,12.375,18.75,260.0,19.625,12.0,18.666666666666668,366.6666666666667,22.333333333333332,0.5,0.0,0.25,4,0.7358086021505376,1.4229999999999998,93.71944444444445,3472.1800000000003
Flow304,5,1.4486984981200663,0.9023,944.21,0.7868,2,Flow30,1200,0.7868416666666667,False,True,False,False,False,4,1,90.23,78.68,0.14307524076805359,0.06817674744309471,0.7868416666666667,9654.130000000001,-0.8339186004784689,10700.0,20.0,5.0,12.299999999999999,196.5,20.7,5.5,12.333333333333334,233.33333333333331,21.333333333333336,5.0,0.0,0.15,5.0,6636.75,8800.0,10,4.3,7.7,155.0,25.5,4.666666666666667,7.666666666666667,166.66666666666666,24.0,3017.38,1900.0,10,5.7,16.9,238.0,15.9,6.333333333333333,17.0,300.0,18.666666666666668,0.5,0.0,0.25,4,1.5880947368421052,0.7541761363636363,94.421,-3280.63
Flow304,6,1.1838005887758536,0.9769,1196.255,0.9969,2,Flow30,1200,0.9968791666666668,False,True,False,False,False,4,1,97.69,99.69,0.0399568399603464,0.023859668960994864,0.9968791666666668,10452.710000000001,-0.7920056220095695,10700.0,16.0,5.4523809523809526,12.126984126984127,230.8015873015873,21.952380952380953,4.75,14.0,250.0,19.0,4.0,2.0,0.10833333333333334,6.0,7359.02,8800.0,7,4.571428571428571,8.142857142857142,222.71428571428572,22.571428571428573,5.5,8.0,250.0,23.0,3093.69,1900.0,9,6.333333333333333,16.11111111111111,238.88888888888889,21.333333333333332,4.0,20.0,250.0,15.0,0.5714285714285714,0.2222222222222222,0.3968253968253968,4,1.6282578947368422,0.8362522727272728,149.531875,-2634.6699999999996
Flow304,7,1.4232138773582044,0.9829,1231.65,1.0264,2,Flow30,1200,1.026375,False,True,False,False,False,4,1,98.29,102.64,0.07858865842643772,0.04099055626148015,1.026375,10516.58,-1.032127571770335,10700.0,20.0,5.0,11.15,206.7,23.75,5.291666666666666,12.25,258.33333333333337,25.458333333333336,6.0,3.0,0.10833333333333334,9.0,7036.33,8800.0,10,4.1,7.2,210.4,23.5,5.333333333333333,8.0,266.6666666666667,26.666666666666668,3480.25,1900.0,10,5.9,15.1,203.0,24.0,5.25,16.5,250.0,24.25,0.6,0.3,0.44999999999999996,4,1.8317105263157896,0.7995829545454546,123.165,-3343.92
Flow304,8,1.4888252949489074,0.9026,971.725,0.8098,2,Flow30,1200,0.8097708333333333,False,True,False,False,False,4,1,90.25999999999999,80.97999999999999,0.045364132574878493,0.02351231438742062,0.8097708333333333,9657.59,-0.6791625598086124,10700.0,19.0,5.511111111111111,10.733333333333334,220.31666666666666,20.322222222222223,4.083333333333334,10.666666666666668,233.33333333333334,21.833333333333332,6.0,1.0,0.1,7.0,6881.42,8800.0,9,5.222222222222222,7.666666666666667,241.33333333333334,26.444444444444443,3.5,6.0,200.0,30.0,2776.17,1900.0,10,5.8,13.8,199.3,14.2,4.666666666666667,15.333333333333334,266.6666666666667,13.666666666666666,0.6666666666666666,0.1,0.3833333333333333,4,1.461142105263158,0.7819795454545455,102.28684210526316,-2794.75
Flow304,9,0.05851490576351459,0.8936,1144.08,0.7627,3,Flow30,1500,0.76272,False,False,True,False,False,4,1,89.36,76.27000000000001,0.07672552626015282,0.041197251937443446,0.76272,11795.35,-0.26237577639751564,13200.0,22.0,7.475,13.483333333333334,226.66666666666669,21.916666666666664,7.0,13.5,250.0,21.0,8.0,1.0,0.09166666666666666,9.0,5301.7,6900.0,12,6.75,10.166666666666666,219.83333333333334,24.333333333333332,7.0,10.0,200.0,30.0,6493.650000000001,6300.0,10,8.2,16.8,233.5,19.5,7.0,17.0,300.0,12.0,0.6666666666666666,0.1,0.3833333333333333,4,1.0307380952380953,0.7683623188405797,104.00727272727272,-1791.9500000000007
Flow304,10,0.0,0.9525,1192.505,0.794,3,Flow30,1500,0.7950033333333334,False,False,True,False,False,4,1,95.25,79.4,0.06956558952806566,0.04213395588037766,0.7950033333333334,12573.06,0.13066349206349204,13200.0,27.0,8.460227272727273,13.244318181818182,197.82954545454544,19.840909090909093,8.0,13.333333333333332,266.66666666666663,21.833333333333332,8.0,1.0,0.11666666666666667,9.0,7002.58,6900.0,11,6.545454545454546,9.363636363636363,201.9090909090909,25.181818181818183,9.0,11.0,200.0,30.0,5570.48,6300.0,16,10.375,17.125,193.75,14.5,7.0,15.666666666666666,333.3333333333333,13.666666666666666,0.7272727272727273,0.0625,0.39488636363636365,4,0.8842031746031745,1.0148666666666666,88.3337037037037,832.1000000000004
Flow304,11,0.31529209237469225,0.9141,1197.8899999999999,0.7955,3,Flow30,1500,0.7985933333333333,False,False,True,False,False,4,1,91.41,79.55,0.06029116846412433,0.028434947350482583,0.7985933333333333,12066.720000000001,0.39779047619047625,13200.0,27.0,7.541666666666666,12.441666666666666,185.0,21.075,7.166666666666666,12.833333333333334,300.0,22.333333333333336,6.0,5.0,0.1,11.0,7617.6,6900.0,12,5.083333333333333,8.083333333333334,183.33333333333334,22.75,8.0,10.333333333333334,266.6666666666667,26.0,4449.12,6300.0,15,10.0,16.8,186.66666666666666,19.4,6.333333333333333,15.333333333333334,333.3333333333333,18.666666666666668,0.5,0.3333333333333333,0.41666666666666663,4,0.7062095238095238,1.104,88.73259259259258,2568.4800000000005
Flow304,12,0.4439836107993713,0.6821,980.855,0.6539,3,Flow30,1500,0.6539033333333334,False,False,True,False,False,4,1,68.21000000000001,65.39,0.09396064683736116,0.10353118065506525,0.6539033333333334,9003.48,0.17222111801242246,13200.0,26.0,6.3273809523809526,11.702380952380953,222.07738095238096,22.011904761904763,6.166666666666667,12.5,266.6666666666667,19.833333333333332,9.0,3.0,0.11666666666666667,12.0,5273.52,6900.0,14,5.071428571428571,8.071428571428571,248.57142857142858,24.857142857142858,5.666666666666667,9.0,266.6666666666667,26.0,3729.96,6300.0,12,7.583333333333333,15.333333333333334,195.58333333333334,19.166666666666668,6.666666666666667,16.0,266.6666666666667,13.666666666666666,0.6428571428571429,0.25,0.44642857142857145,4,0.5920571428571428,0.7642782608695653,75.45038461538462,943.5600000000004
Flow304,13,0.7382845057477168,0.8398,961.745,0.7706,4,Flow30,1200,0.8014541666666667,False,False,False,True,False,4,1,83.98,77.06,0.0906009911470313,0.05217898896355718,0.8014541666666667,8985.99,-0.45126668660287095,10700.0,24.0,5.3321678321678325,10.157342657342657,214.33566433566435,23.541958041958043,5.083333333333334,12.333333333333332,258.33333333333337,25.0,8.0,3.0,0.15833333333333333,11.0,6685.19,8800.0,13,3.8461538461538463,7.769230769230769,234.30769230769232,24.53846153846154,4.666666666666667,8.666666666666666,266.6666666666667,26.0,2300.8,1900.0,11,6.818181818181818,12.545454545454545,194.36363636363637,22.545454545454547,5.5,16.0,250.0,24.0,0.6153846153846154,0.2727272727272727,0.44405594405594406,4,1.2109473684210528,0.7596806818181818,80.14541666666666,-2515.6100000000006
Flow304,14,1.222276043688911,0.8805,943.345,0.7861,4,Flow30,1200,0.7861208333333334,False,False,False,True,False,4,1,88.05,78.61,0.06681636818327862,0.03539601897470087,0.7861208333333334,9421.55,-0.5410952153110049,10700.0,26.0,5.718181818181819,10.76969696969697,174.3,24.78787878787879,4.833333333333334,11.166666666666668,266.6666666666667,21.0,8.0,8.0,0.09166666666666666,16.0,6903.04,8800.0,11,4.636363636363637,7.2727272727272725,200.0,26.90909090909091,4.666666666666667,8.0,300.0,26.0,2518.51,1900.0,15,6.8,14.266666666666667,148.6,22.666666666666668,5.0,14.333333333333334,233.33333333333334,16.0,0.7272727272727273,0.5333333333333333,0.6303030303030304,4,1.3255315789473685,0.7844363636363636,72.565,-2515.4700000000003
Flow304,15,0.9845404309364234,0.9426,1202.48,0.9223,4,Flow30,1200,1.0020666666666667,False,False,False,True,False,4,1,94.26,92.23,0.07834117810363261,0.05075949227559275,1.0020666666666667,10085.46,-0.5450049641148327,10700.0,23.0,5.087121212121212,10.333333333333334,152.2689393939394,22.96212121212121,4.5,10.333333333333334,200.0,22.666666666666668,7.0,6.0,0.075,13.0,7442.95,8800.0,12,4.083333333333333,7.666666666666667,143.08333333333334,23.833333333333332,4.0,6.666666666666667,200.0,26.666666666666668,2642.51,1900.0,11,6.090909090909091,13.0,161.45454545454547,22.09090909090909,5.0,14.0,200.0,18.666666666666668,0.5833333333333334,0.5454545454545454,0.5643939393939394,4,1.3907947368421054,0.8457897727272727,104.56347826086957,-2099.5600000000004
Flow304,16,1.59230393099293,0.8721,1122.1100000000001,0.8677,4,Flow30,1200,0.9350916666666668,False,False,False,True,False,4,1,87.21,86.77,0.12736619071779778,0.06437960861993718,0.9350916666666668,9330.94,-1.0049514952153111,10700.0,21.0,5.944444444444445,11.916666666666668,187.1388888888889,23.194444444444443,6.0,13.166666666666668,200.0,22.5,5.0,6.0,0.11666666666666667,11.0,6103.6900000000005,8800.0,9,5.888888888888889,9.333333333333334,225.44444444444446,24.22222222222222,6.666666666666667,9.333333333333334,200.0,25.333333333333332,3227.25,1900.0,12,6.0,14.5,148.83333333333334,22.166666666666668,5.333333333333333,17.0,200.0,19.666666666666668,0.5555555555555556,0.5,0.5277777777777778,4,1.6985526315789474,0.6936011363636364,106.86761904761906,-4023.5599999999995
Flow304,17,3.057784616192759,0.9484,1255.895,1.1142,5,Flow30,1100,1.1417227272727273,False,False,False,False,True,4,1,94.84,111.42,0.12376707965145833,0.06587020173405492,1.1417227272727273,11096.74,1.8770719086021501,11700.0,24.0,8.857142857142858,14.657142857142858,196.67857142857144,25.192857142857143,6.833333333333334,13.833333333333334,200.0,22.166666666666664,11.0,5.0,0.125,16.0,5857.129999999999,2400.0,14,7.714285714285714,12.714285714285714,183.35714285714286,27.785714285714285,7.0,11.0,166.66666666666666,25.333333333333332,5239.610000000001,9300.0,10,10.0,16.6,210.0,22.6,6.666666666666667,16.666666666666668,233.33333333333334,19.0,0.7857142857142857,0.5,0.6428571428571428,4,0.5633989247311828,2.440470833333333,104.65791666666667,7517.519999999999
Flow304,18,3.0203504084540764,0.9652,1101.005,0.9266,5,Flow30,1100,1.0009136363636364,False,False,False,False,True,4,1,96.52,92.66,0.08223683096413426,0.05397947697383096,1.0009136363636364,11292.720000000001,1.5418758064516132,11700.0,19.0,7.5888888888888895,14.466666666666665,203.26666666666665,22.344444444444445,8.75,13.75,250.0,25.25,6.0,2.0,0.09166666666666666,8.0,5257.88,2400.0,10,6.4,11.6,151.2,24.8,9.0,11.0,175.0,30.0,6034.84,9300.0,9,8.777777777777779,17.333333333333332,255.33333333333334,19.88888888888889,8.5,16.5,325.0,20.5,0.6,0.2222222222222222,0.4111111111111111,4,0.6489075268817205,2.1907833333333335,115.89526315789475,6123.04
Flow304,19,2.758520204113669,0.878,850.5550000000001,0.7561,5,Flow30,1100,0.7732318181818182,False,False,False,False,True,4,1,87.8,75.61,0.06306826338426016,0.03946145825722027,0.7732318181818182,10272.33,1.0352588709677422,11700.0,21.0,10.131818181818183,15.454545454545455,210.4909090909091,22.354545454545455,7.75,14.625,300.0,19.791666666666664,8.0,4.0,0.075,12.0,4082.1000000000004,2400.0,10,8.9,13.0,183.8,26.8,6.0,12.0,300.0,19.333333333333332,6190.23,9300.0,11,11.363636363636363,17.90909090909091,237.1818181818182,17.90909090909091,9.5,17.25,300.0,20.25,0.8,0.36363636363636365,0.5818181818181818,4,0.665616129032258,1.7008750000000001,81.0052380952381,4791.870000000001
Flow304,20,2.350043044471418,0.9542,1107.88,1.0048,5,Flow30,1100,1.0071636363636365,False,False,False,False,True,4,1,95.42,100.47999999999999,0.04246152497220118,0.0347848631350611,1.0071636363636365,11164.2,1.117296370967742,11700.0,19.0,8.4375,15.176136363636363,206.70454545454544,24.607954545454547,10.0,16.333333333333336,250.0,24.333333333333332,9.0,4.0,0.09166666666666666,13.0,4421.55,2400.0,11,7.0,12.727272727272727,200.9090909090909,27.09090909090909,10.0,15.0,233.33333333333334,23.333333333333332,6742.65,9300.0,8,9.875,17.625,212.5,22.125,10.0,17.666666666666668,266.6666666666667,25.333333333333332,0.8181818181818182,0.5,0.6590909090909092,4,0.725016129032258,1.8423125,116.61894736842106,4578.900000000001
Flow305,1,3.3076123962671637,0.4878,487.94,0.4436,1,Flow30,1100,0.4435818181818182,True,False,False,False,False,5,1,48.78,44.36,0.04847127332965025,0.021901879195061615,0.4435818181818182,5707.35,0.7982846774193547,11700.0,22.0,8.40909090909091,15.863636363636363,211.8181818181818,9.772727272727273,8.791666666666666,15.583333333333332,245.83333333333331,13.541666666666668,0.0,1.0,0.14166666666666666,1.0,2693.62,2400.0,11,3.5454545454545454,11.909090909090908,150.9090909090909,11.090909090909092,4.333333333333333,11.666666666666666,166.66666666666666,12.333333333333334,3013.73,9300.0,11,13.272727272727273,19.818181818181817,272.72727272727275,8.454545454545455,13.25,19.5,325.0,14.75,0.0,0.09090909090909091,0.045454545454545456,5,0.32405698924731186,1.1223416666666666,44.35818181818182,6579.89
Flow305,2,3.6183660209612416,0.6087,612.95,0.5572,1,Flow30,1100,0.5572272727272728,True,False,False,False,False,5,1,60.870000000000005,55.720000000000006,0.05206599801691463,0.02764534327180325,0.5572272727272728,7121.76,1.122789112903226,11700.0,22.0,8.59090909090909,15.590909090909092,185.45454545454544,11.045454545454545,5.75,14.958333333333334,189.58333333333334,17.416666666666664,1.0,1.0,0.09166666666666666,2.0,3602.81,2400.0,11,3.272727272727273,12.272727272727273,107.27272727272727,11.181818181818182,2.5,13.25,112.5,8.5,3518.95,9300.0,11,13.909090909090908,18.90909090909091,263.6363636363636,10.909090909090908,9.0,16.666666666666668,266.6666666666667,26.333333333333332,0.09090909090909091,0.09090909090909091,0.09090909090909091,5,0.3783817204301075,1.5011708333333333,55.722727272727276,6983.860000000001
Flow305,3,3.7029624636313496,0.7112,713.64,0.6088,1,Flow30,1100,0.6487636363636363,True,False,False,False,False,5,1,71.12,60.88,0.06557174905985633,0.050845080156328035,0.6487636363636363,8321.289999999999,1.2033118279569892,11700.0,19.0,6.883333333333333,15.633333333333333,190.27777777777777,19.71666666666667,6.25,15.875,225.0,23.125,0.0,4.0,0.2916666666666667,4.0,4002.48,2400.0,10,3.1,12.6,125.0,16.1,3.0,12.75,162.5,18.5,4318.8099999999995,9300.0,9,10.666666666666666,18.666666666666668,255.55555555555554,23.333333333333332,9.5,19.0,287.5,27.75,0.0,0.4444444444444444,0.2222222222222222,5,0.4643881720430107,1.6677,75.12,6583.67
Flow305,4,3.0806383185145485,0.7019,730.5749999999999,0.6448,1,Flow30,1100,0.6641590909090909,True,False,False,False,False,5,1,70.19,64.48,0.05004421857593788,0.02785362425648317,0.6641590909090909,8212.56,1.0039,11700.0,18.0,7.5064935064935066,14.694805194805195,207.31168831168833,18.68181818181818,7.25,16.0,237.5,21.125,0.0,4.0,0.18333333333333332,4.0,3599.7599999999998,2400.0,11,3.727272727272727,11.818181818181818,128.9090909090909,12.363636363636363,4.0,13.5,125.0,14.5,4612.8,9300.0,7,11.285714285714286,17.571428571428573,285.7142857142857,25.0,10.5,18.5,350.0,27.75,0.0,0.5714285714285714,0.2857142857142857,5,0.496,1.4999,81.175,5886.959999999999
Flow305,5,1.248801521508378,0.6859,800.145,0.6668,2,Flow30,1200,0.6667875,False,True,False,False,False,5,1,68.58999999999999,66.67999999999999,0.07845402520689847,0.09056101359650433,0.6667875,7338.79,-0.4649062799043062,10700.0,26.0,5.033333333333333,12.024242424242424,228.16666666666669,18.12121212121212,6.5,13.0,300.0,16.5,0.0,9.0,0.13333333333333333,9.0,5309.17,8800.0,11,2.0,8.181818181818182,240.0,8.909090909090908,5.0,6.0,300.0,10.0,2029.62,1900.0,15,8.066666666666666,15.866666666666667,216.33333333333334,27.333333333333332,8.0,20.0,300.0,23.0,0.0,0.6,0.3,5,1.068221052631579,0.6033147727272727,61.549615384615386,-3620.45
Flow305,6,0.7474847640279769,0.9358,1067.605,0.8897,2,Flow30,1200,0.8896708333333333,False,True,False,False,False,5,1,93.58,88.97,0.11213929327679784,0.06283424299916637,0.8896708333333333,10012.79,-0.32328331339712935,10700.0,22.0,4.875,10.258333333333333,165.54166666666669,16.808333333333334,4.25,12.583333333333334,266.66666666666663,17.208333333333336,0.0,7.0,0.09166666666666666,7.0,7729.65,8800.0,10,2.5,7.1,155.5,10.7,2.5,8.5,200.0,7.75,2283.1400000000003,1900.0,12,7.25,13.416666666666666,175.58333333333334,22.916666666666668,6.0,16.666666666666668,333.3333333333333,26.666666666666668,0.0,0.5833333333333334,0.2916666666666667,5,1.2016526315789475,0.8783693181818182,97.055,-1453.4900000000007
Flow305,7,0.5361244710130659,0.8993,983.5250000000001,0.8183,2,Flow30,1200,0.8196041666666667,False,True,False,False,False,5,1,89.92999999999999,81.83,0.07343474428905399,0.058969541858096865,0.8196041666666667,9622.66,-0.20866495215310987,10700.0,24.0,4.666666666666667,10.458333333333332,154.70833333333334,17.333333333333336,3.875,11.791666666666668,237.5,18.083333333333332,0.0,8.0,0.075,8.0,7587.9,8800.0,12,2.8333333333333335,7.75,125.83333333333333,11.0,2.0,9.333333333333334,200.0,10.666666666666666,2034.7599999999998,1900.0,12,6.5,13.166666666666666,183.58333333333334,23.666666666666668,5.75,14.25,275.0,25.5,0.0,0.6666666666666666,0.3333333333333333,5,1.0709263157894735,0.8622613636363636,81.96041666666667,-1346.8600000000001
Flow305,8,0.38683793568714897,0.8039,922.55,0.7657,2,Flow30,1200,0.7687916666666667,False,True,False,False,False,5,1,80.39,76.57000000000001,0.04958535142734761,0.034844971517760455,0.7687916666666667,8602.039999999999,0.007490669856459298,10700.0,21.0,3.583333333333333,11.291666666666666,156.05555555555554,15.041666666666668,3.2916666666666665,12.291666666666668,205.79166666666669,16.5,1.0,3.0,0.09166666666666666,4.0,7086.28,8800.0,9,1.3333333333333333,8.666666666666666,137.77777777777777,11.333333333333334,1.3333333333333333,9.333333333333334,133.33333333333334,10.0,1515.76,1900.0,12,5.833333333333333,13.916666666666666,174.33333333333334,18.75,5.25,15.25,278.25,23.0,0.1111111111111111,0.25,0.18055555555555555,5,0.7977684210526316,0.8052590909090909,87.86190476190475,-1329.4800000000002
Flow305,9,0.36843479163269066,0.8907,1262.39,0.8416,3,Flow30,1500,0.8415933333333334,False,False,True,False,False,5,1,89.07000000000001,84.16,0.05776432741896619,0.04928665949535181,0.8415933333333334,11756.98,0.3839465838509317,13200.0,18.0,4.8896103896103895,12.435064935064934,196.49350649350652,20.012987012987015,5.083333333333334,12.916666666666668,270.83333333333337,20.208333333333336,1.0,5.0,0.1,6.0,7410.1,6900.0,11,2.6363636363636362,9.727272727272727,157.27272727272728,14.454545454545455,3.5,11.5,225.0,11.75,4346.88,6300.0,7,7.142857142857143,15.142857142857142,235.71428571428572,25.571428571428573,6.666666666666667,14.333333333333334,316.6666666666667,28.666666666666668,0.09090909090909091,0.7142857142857143,0.4025974025974026,5,0.6899809523809524,1.073927536231884,140.26555555555558,2463.2200000000003
Flow305,10,1.7681169494877471,0.9091,1300.595,0.8671,3,Flow30,1500,0.8670633333333333,False,False,True,False,False,5,1,90.91,86.71,0.0661981643213712,0.04640262880611325,0.8670633333333333,12000.54,0.9777050379572119,13200.0,18.0,3.7384615384615385,9.523076923076923,208.3846153846154,22.115384615384613,3.7083333333333335,10.875,250.0,21.875,0.0,5.0,0.16666666666666666,5.0,9492.77,6900.0,13,2.076923076923077,8.846153846153847,156.76923076923077,14.23076923076923,1.75,9.75,200.0,13.75,2507.77,6300.0,5,5.4,10.2,260.0,30.0,5.666666666666667,12.0,300.0,30.0,0.0,1.0,0.5,5,0.39805873015873017,1.375763768115942,144.51055555555556,6385.0
Flow305,11,1.3306337051983927,0.9102,1249.905,0.8333,3,Flow30,1500,0.83327,False,False,True,False,False,5,1,91.02,83.33,0.08071447515566785,0.0625931047860938,0.83327,12014.87,0.7891394755003451,13200.0,18.0,3.792307692307692,10.661538461538463,207.65384615384616,23.115384615384613,3.958333333333333,10.75,225.0,21.083333333333332,2.0,5.0,0.075,7.0,8879.28,6900.0,13,2.3846153846153846,8.923076923076923,155.30769230769232,16.23076923076923,2.1666666666666665,8.5,200.0,12.166666666666666,3135.59,6300.0,5,5.2,12.4,260.0,30.0,5.75,13.0,250.0,30.0,0.15384615384615385,1.0,0.5769230769230769,5,0.49771269841269844,1.2868521739130436,138.87833333333333,5143.6900000000005
Flow305,12,1.1146839001998705,0.8638,1182.56,0.7884,3,Flow30,1500,0.7883733333333333,False,False,True,False,False,5,1,86.38,78.84,0.14654615589986592,0.14861203907405257,0.7883733333333333,11402.619999999999,0.6196862663906141,13200.0,19.0,2.7443181818181817,10.880681818181818,191.76136363636363,18.28409090909091,3.5,12.25,250.0,16.125,1.0,2.0,0.13333333333333333,3.0,8001.2,6900.0,11,2.3636363636363638,9.636363636363637,167.27272727272728,15.818181818181818,2.5,10.5,200.0,15.25,3401.42,6300.0,8,3.125,12.125,216.25,20.75,4.5,14.0,300.0,17.0,0.09090909090909091,0.25,0.17045454545454547,5,0.5399079365079366,1.1595942028985506,124.47999999999999,3999.7799999999997
Flow305,13,0.5786818375250347,0.9868,1167.31,0.9728,4,Flow30,1200,0.9727583333333333,False,False,False,True,False,5,1,98.68,97.28,0.07660764456521105,0.038293075966914496,0.9727583333333333,10558.82,-0.42982984449760775,10700.0,21.0,3.366666666666667,9.366666666666667,224.08333333333331,19.75,4.291666666666667,10.25,222.91666666666669,24.333333333333336,2.0,2.0,0.08333333333333333,4.0,8012.23,8800.0,15,2.066666666666667,8.4,210.0,15.666666666666666,3.3333333333333335,9.0,133.33333333333334,23.666666666666668,2546.59,1900.0,6,4.666666666666667,10.333333333333334,238.16666666666666,23.833333333333332,5.25,11.5,312.5,25.0,0.13333333333333333,0.3333333333333333,0.23333333333333334,5,1.3403105263157895,0.9104806818181818,111.17238095238095,-1434.3600000000006
Flow305,14,0.7559708386343988,0.8905,1031.19,0.8574,4,Flow30,1200,0.859325,False,False,False,True,False,5,1,89.05,85.74000000000001,0.10439312037906501,0.10572696797101158,0.859325,9528.06,-0.35706226076555014,10700.0,20.0,3.0329670329670333,10.197802197802197,191.63736263736263,15.016483516483516,4.25,9.083333333333334,216.66666666666669,17.958333333333336,2.0,2.0,0.08333333333333333,4.0,7278.21,8800.0,13,1.9230769230769231,8.538461538461538,153.84615384615384,14.461538461538462,3.0,6.666666666666667,133.33333333333334,20.666666666666668,2249.85,1900.0,7,4.142857142857143,11.857142857142858,229.42857142857142,15.571428571428571,5.5,11.5,300.0,15.25,0.15384615384615385,0.2857142857142857,0.21978021978021978,5,1.1841315789473683,0.8270693181818182,103.119,-1871.6399999999999
Flow305,15,1.3779026459479438,0.9844,1212.255,1.0102,4,Flow30,1200,1.0102125000000002,False,False,False,True,False,5,1,98.44000000000001,101.02,0.11196654170657933,0.05511949669139713,1.0102125000000002,10532.83,-0.975315490430622,10700.0,18.0,4.425,10.625,174.75,16.55,3.625,10.375,225.0,19.375,2.0,3.0,0.1,5.0,7138.47,8800.0,10,3.1,9.0,150.0,14.1,2.25,9.0,150.0,13.75,3394.36,1900.0,8,5.75,12.25,199.5,19.0,5.0,11.75,300.0,25.0,0.2,0.375,0.2875,5,1.7865052631578948,0.8111897727272728,134.69500000000002,-3155.89
Flow305,16,1.0749062790151749,0.9846,1255.44,1.0462,4,Flow30,1200,1.0462,False,False,False,True,False,5,1,98.46000000000001,104.62,0.07700489498166589,0.05057633181239639,1.0462,10535.42,-0.7765080143540669,10700.0,24.0,4.111888111888112,10.723776223776223,136.82867132867133,18.206293706293707,4.416666666666667,12.125,168.41666666666669,17.833333333333336,5.0,5.0,0.14166666666666666,10.0,7451.26,8800.0,13,2.769230769230769,8.538461538461538,115.38461538461539,17.23076923076923,3.3333333333333335,10.0,133.33333333333334,17.666666666666668,3084.16,1900.0,11,5.454545454545454,12.909090909090908,158.27272727272728,19.181818181818183,5.5,14.25,203.5,18.0,0.38461538461538464,0.45454545454545453,0.4195804195804196,5,1.6232421052631578,0.8467340909090909,104.62,-2532.8999999999996
Flow305,17,5.623827120162794,0.9367,914.45,0.8255,5,Flow30,1100,0.8313181818181818,False,False,False,False,True,5,1,93.67,82.55,0.13393069898433202,0.0795994490881051,0.8313181818181818,10959.08,2.6852095430107523,11700.0,24.0,6.72027972027972,13.41958041958042,177.11888111888112,16.5979020979021,7.5,15.125,231.25,20.0,0.0,3.0,0.1,3.0,7370.57,2400.0,13,4.076923076923077,11.384615384615385,119.6923076923077,12.923076923076923,3.5,11.25,162.5,13.0,3588.51,9300.0,11,9.363636363636363,15.454545454545455,234.54545454545453,20.272727272727273,11.5,19.0,300.0,27.0,0.0,0.2727272727272727,0.13636363636363635,5,0.38586129032258065,3.071070833333333,76.20416666666667,10682.06
Flow305,18,4.3579546094559,0.9169,880.14,0.8001,5,Flow30,1100,0.8001272727272727,False,False,False,False,True,5,1,91.69,80.01,0.18191110839920493,0.08305497087023915,0.8001272727272727,10727.880000000001,2.0538056451612903,11700.0,21.0,7.8090909090909095,13.309090909090909,139.63636363636363,20.095454545454544,8.0,14.541666666666666,225.0,16.708333333333336,0.0,6.0,0.09166666666666666,6.0,6118.62,2400.0,11,4.818181818181818,11.818181818181818,111.27272727272727,16.09090909090909,4.0,12.75,150.0,12.75,4609.26,9300.0,10,10.8,14.8,168.0,24.1,12.0,16.333333333333332,300.0,20.666666666666668,0.0,0.6,0.3,5,0.4956193548387097,2.549425,83.82285714285715,8409.36
Flow305,19,5.229713634749002,0.9105,869.13,0.7901,5,Flow30,1100,0.7901181818181818,False,False,False,False,True,5,1,91.05,79.01,0.12455835364698782,0.1290332667536659,0.7901181818181818,10653.29,2.294662365591398,11700.0,20.0,6.646464646464646,13.237373737373737,174.64646464646466,18.68181818181818,6.833333333333333,12.75,275.0,17.625,1.0,5.0,0.075,6.0,6562.8,2400.0,11,4.181818181818182,12.363636363636363,118.18181818181819,15.363636363636363,4.0,12.5,150.0,11.25,4090.49,9300.0,9,9.11111111111111,14.11111111111111,231.11111111111111,22.0,9.666666666666666,13.0,400.0,24.0,0.09090909090909091,0.5555555555555556,0.32323232323232326,5,0.43983763440860213,2.7345,86.913,9372.310000000001
Flow305,20,4.695451198858747,0.8729,815.655,0.7415,5,Flow30,1100,0.7415045454545455,False,False,False,False,True,5,1,87.29,74.15,0.18601247321252667,0.15710203660319763,0.7415045454545455,10213.51,1.8715916666666668,11700.0,21.0,5.875,14.333333333333332,159.02777777777777,18.51388888888889,6.333333333333333,13.208333333333332,275.0,18.416666666666664,3.0,5.0,0.08333333333333333,8.0,5665.5,2400.0,12,3.0833333333333335,12.333333333333334,122.5,13.916666666666666,3.0,12.75,150.0,13.5,4548.01,9300.0,9,8.666666666666666,16.333333333333332,195.55555555555554,23.11111111111111,9.666666666666666,13.666666666666666,400.0,23.333333333333332,0.25,0.5555555555555556,0.4027777777777778,5,0.4890333333333334,2.360625,77.68142857142857,8017.49
Flow606,1,3.2745722567666,0.8279,861.65,0.7833,1,Flow60,1100,0.7833181818181818,True,False,False,False,False,6,2,82.78999999999999,78.33,0.052559752089861515,0.04909260438482065,0.7833181818181818,9687.01,1.3805271505376342,11700.0,29.0,8.966346153846153,14.483173076923077,189.54326923076923,35.40625,6.875,12.875,262.5,40.375,1.0,1.0,0.14166666666666666,2.0,4620.7,2400.0,16,4.625,10.8125,140.625,37.8125,3.5,10.0,150.0,50.25,5066.31,9300.0,13,13.307692307692308,18.153846153846153,238.46153846153845,33.0,10.25,15.75,375.0,30.5,0.0625,0.07692307692307693,0.06971153846153846,6,0.5447645161290323,1.9252916666666666,59.42413793103448,6454.389999999999
Flow606,2,2.4314285393852906,0.6008,706.26,0.6421,1,Flow60,1100,0.6420545454545454,True,False,False,False,False,6,2,60.08,64.21,0.04074503535172268,0.03133125627906834,0.6420545454545454,7029.76,0.8820227150537636,11700.0,27.0,7.258333333333333,14.241666666666667,216.59166666666667,28.174999999999997,8.333333333333332,13.458333333333334,231.25,34.125,2.0,1.0,0.10833333333333334,3.0,3124.63,2400.0,15,3.6,11.4,182.93333333333334,37.266666666666666,3.0,10.25,162.5,50.25,3905.13,9300.0,12,10.916666666666666,17.083333333333332,250.25,19.083333333333332,13.666666666666666,16.666666666666668,300.0,18.0,0.13333333333333333,0.08333333333333333,0.10833333333333334,6,0.41990645161290324,1.3019291666666668,52.315555555555555,6119.5
Flow606,3,1.8601292479973317,0.9729,1139.615,1.0052,1,Flow60,1100,1.0360136363636363,True,False,False,False,False,6,2,97.28999999999999,100.52000000000001,0.03596985439975513,0.0402491619749233,1.0360136363636363,11382.51,0.9543080645161289,11700.0,26.0,9.113095238095239,14.857142857142858,198.88095238095238,33.35714285714286,7.6,14.266666666666666,296.6666666666667,40.8,2.0,2.0,0.1,4.0,4155.4,2400.0,14,6.142857142857143,12.214285714285714,174.42857142857142,38.214285714285715,4.0,12.333333333333334,233.33333333333334,51.0,7227.110000000001,9300.0,12,12.083333333333334,17.5,223.33333333333334,28.5,11.2,16.2,360.0,30.6,0.14285714285714285,0.16666666666666666,0.15476190476190477,6,0.7771086021505377,1.7314166666666666,87.66269230769231,3828.289999999999
Flow606,4,1.0721320238368808,0.9171,1157.31,0.9612,1,Flow60,1100,1.0521,True,False,False,False,False,6,2,91.71000000000001,96.12,0.034067350145514964,0.02778977405093747,1.0521,10729.79,0.4601252688172044,11700.0,27.0,8.066666666666666,15.083333333333334,185.83333333333331,31.633333333333333,8.125,13.958333333333332,239.58333333333334,41.25,4.0,3.0,0.09166666666666666,7.0,3078.76,2400.0,12,4.0,12.5,221.66666666666666,39.0,5.25,13.25,212.5,38.5,7651.03,9300.0,15,12.133333333333333,17.666666666666668,150.0,24.266666666666666,11.0,14.666666666666666,266.6666666666667,44.0,0.3333333333333333,0.2,0.26666666666666666,6,0.8226913978494623,1.2828166666666667,85.72666666666666,2327.7300000000005
Flow606,5,4.693875279496432,0.8723,807.425,0.6695,2,Flow60,1200,0.6728541666666666,False,True,False,False,False,6,2,87.22999999999999,66.95,0.04507121582716111,0.04949278645457418,0.6728541666666666,9333.4,-2.188634629186603,10700.0,28.0,6.145833333333333,11.75,199.85416666666669,35.54166666666667,5.25,12.833333333333332,220.41666666666669,42.75,4.0,3.0,0.075,7.0,4256.07,8800.0,16,2.625,7.5,210.625,36.0,2.0,9.666666666666666,233.33333333333334,53.0,5077.33,1900.0,12,9.666666666666666,16.0,189.08333333333334,35.083333333333336,8.5,16.0,207.5,32.5,0.25,0.25,0.25,6,2.672278947368421,0.48364431818181813,57.67321428571428,-7721.26
Flow606,6,2.007030824315118,0.9932,1201.1,1.0009,2,Flow60,1200,1.0009166666666667,False,True,False,False,False,6,2,99.32,100.08999999999999,0.040113020585174394,0.06759846227173875,1.0009166666666667,10627.439999999999,-1.4956734449760762,10700.0,25.0,6.05,9.466666666666667,308.93333333333334,39.28333333333333,5.0,10.5,383.33333333333337,38.66666666666667,6.0,4.0,0.075,10.0,6403.16,8800.0,15,3.4,6.733333333333333,367.8666666666667,34.86666666666667,2.3333333333333335,7.0,400.0,43.0,4224.28,1900.0,10,8.7,12.2,250.0,43.7,7.666666666666667,14.0,366.6666666666667,34.333333333333336,0.4,0.4,0.4,6,2.2233052631578945,0.7276318181818182,96.088,-4721.12
Flow606,7,3.2560859625194034,0.9292,981.17,0.8176,2,Flow60,1200,0.8176416666666666,False,True,False,False,False,6,2,92.92,81.76,0.0806132428963993,0.030383553196870066,0.8176416666666666,9941.95,-1.9152404904306222,10700.0,24.0,5.566433566433567,10.856643356643357,229.04545454545456,35.37412587412588,5.125,13.625,300.0,44.75,2.0,2.0,0.09166666666666666,4.0,5183.77,8800.0,13,2.769230769230769,7.076923076923077,250.0,36.38461538461539,2.0,13.0,300.0,51.0,4758.18,1900.0,11,8.363636363636363,14.636363636363637,208.0909090909091,34.36363636363637,8.25,14.25,300.0,38.5,0.15384615384615385,0.18181818181818182,0.16783216783216784,6,2.504305263157895,0.5890647727272728,81.76416666666667,-6474.41
Flow606,8,1.9698362807914984,0.9573,1110.25,0.9252,2,Flow60,1200,0.9252083333333333,False,True,False,False,False,6,2,95.73,92.52,0.06669734861116074,0.03945012835519235,0.9252083333333333,10243.28,-1.2684554425837318,10700.0,27.0,5.466666666666667,10.333333333333334,248.89999999999998,38.516666666666666,5.75,11.0,325.0,43.25,5.0,4.0,0.08333333333333333,9.0,6442.27,8800.0,15,3.2666666666666666,7.333333333333333,253.13333333333333,33.53333333333333,3.5,8.0,300.0,48.25,3801.01,1900.0,12,7.666666666666667,13.333333333333334,244.66666666666666,43.5,8.0,14.0,350.0,38.25,0.3333333333333333,0.3333333333333333,0.3333333333333333,6,2.0005315789473683,0.7320761363636364,82.24074074074075,-4258.74
Flow606,9,0.0,0.9929,1480.96,0.9808,3,Flow60,1500,0.9873066666666667,False,False,True,False,False,6,2,99.29,98.08,0.08860619337484334,0.05802485049971442,0.9873066666666667,13106.669999999998,0.20534126984126988,13200.0,22.0,6.928571428571429,11.553571428571429,268.2857142857143,43.44642857142857,4.958333333333333,10.958333333333334,337.5,46.375,9.0,3.0,0.075,12.0,7527.44,6900.0,14,3.857142857142857,8.857142857142858,249.07142857142858,48.642857142857146,2.6666666666666665,7.666666666666667,300.0,55.0,5579.23,6300.0,8,10.0,14.25,287.5,38.25,7.25,14.25,375.0,37.75,0.6428571428571429,0.375,0.5089285714285714,6,0.8855920634920634,1.0909333333333333,134.63272727272727,1348.21
Flow606,10,0.0,0.9006,1353.395,0.9023,3,Flow60,1500,0.9022633333333333,False,False,True,False,False,6,2,90.06,90.23,0.01700448044457812,0.009859822937396354,0.9022633333333333,11888.41,0.08443623188405802,13200.0,20.0,6.333333333333333,12.131313131313131,220.22222222222223,38.18181818181819,4.333333333333334,11.5,308.33333333333337,45.83333333333333,4.0,2.0,0.075,6.0,6492.46,6900.0,11,4.0,8.818181818181818,246.0,47.36363636363637,2.0,8.666666666666666,316.6666666666667,59.0,5395.95,6300.0,9,8.666666666666666,15.444444444444445,194.44444444444446,29.0,6.666666666666667,14.333333333333334,300.0,32.666666666666664,0.36363636363636365,0.2222222222222222,0.29292929292929293,6,0.8564999999999999,0.940936231884058,135.3395,496.5100000000002
Flow606,11,0.0,0.8653,1266.565,0.8444,3,Flow60,1500,0.8443766666666667,False,False,True,False,False,6,2,86.53,84.44,0.039579232349395574,0.01923299547139378,0.8443766666666667,11422.09,-0.002996480331262985,13200.0,25.0,7.237012987012987,11.866883116883116,205.91558441558442,37.23051948051948,5.708333333333333,12.291666666666668,279.1666666666667,48.375,7.0,4.0,0.08333333333333333,11.0,5960.7699999999995,6900.0,14,3.9285714285714284,8.642857142857142,198.28571428571428,42.642857142857146,3.6666666666666665,9.333333333333334,233.33333333333334,57.0,5461.32,6300.0,11,10.545454545454545,15.090909090909092,213.54545454545453,31.818181818181817,7.75,15.25,325.0,39.75,0.5,0.36363636363636365,0.4318181818181818,6,0.8668761904761905,0.8638797101449275,101.32520000000001,-100.55000000000018
Flow606,12,0.0,0.9591,1436.01,0.9573,3,Flow60,1500,0.95734,False,False,True,False,False,6,2,95.91,95.73,0.029123329766739075,0.04423589529240185,0.95734,12659.869999999999,0.05493188405797089,13200.0,25.0,6.541666666666667,12.451923076923077,196.56410256410254,40.58333333333333,6.125,11.875,325.0,44.125,6.0,5.0,0.075,11.0,6798.5599999999995,6900.0,13,3.0,10.153846153846153,176.46153846153845,43.0,4.25,10.25,325.0,48.5,5861.31,6300.0,12,10.083333333333334,14.75,216.66666666666666,38.166666666666664,8.0,13.5,325.0,39.75,0.46153846153846156,0.4166666666666667,0.4391025641025641,6,0.9303666666666667,0.9852985507246376,114.8808,337.2499999999991
Flow606,13,1.4342150817195618,0.9332,1152.685,0.9606,4,Flow60,1200,0.9605708333333333,False,False,False,True,False,6,2,93.32000000000001,96.06,0.13140240406213466,0.07146207480692013,0.9605708333333333,9985.01,-0.8405008971291866,10700.0,24.0,4.90625,10.34375,263.375,43.21875,4.75,11.25,337.5,42.75,9.0,3.0,0.058333333333333334,12.0,6898.59,8800.0,16,2.0625,6.5625,233.0,49.8125,3.25,9.0,350.0,48.0,3086.42,1900.0,8,7.75,14.125,293.75,36.625,6.25,13.5,325.0,37.5,0.5625,0.375,0.46875,6,1.6244315789473684,0.7839306818181818,96.05708333333332,-3087.83
Flow606,14,1.3152170105719891,0.9828,1107.745,0.9231,4,Flow60,1200,0.9231208333333333,False,False,False,True,False,6,2,98.28,92.31,0.03198689042607653,0.016332369128557497,0.9231208333333333,10515.69,-0.9589925837320573,10700.0,17.0,6.219696969696969,9.856060606060606,243.43939393939394,47.734848484848484,4.5,8.666666666666668,341.66666666666663,53.5,7.0,3.0,0.08333333333333333,10.0,7149.88,8800.0,11,4.2727272727272725,6.545454545454546,243.54545454545453,54.63636363636363,3.0,5.0,350.0,60.0,3365.81,1900.0,6,8.166666666666666,13.166666666666666,243.33333333333334,40.833333333333336,6.0,12.333333333333334,333.3333333333333,47.0,0.6363636363636364,0.5,0.5681818181818181,6,1.771478947368421,0.8124863636363636,130.32294117647058,-3115.93
Flow606,15,1.2664320069003727,0.9953,1193.525,0.9946,4,Flow60,1200,0.9946041666666667,False,False,False,True,False,6,2,99.53,99.46000000000001,0.029414311537114365,0.016878326743242408,0.9946041666666667,10649.24,-0.9628806220095693,10700.0,20.0,5.136363636363637,9.525252525252526,258.77272727272725,47.358585858585855,4.166666666666666,9.583333333333332,233.33333333333334,40.41666666666667,7.0,4.0,0.10833333333333334,11.0,7253.64,8800.0,11,3.272727272727273,6.2727272727272725,234.54545454545453,48.27272727272727,2.0,5.5,100.0,46.5,3395.6,1900.0,9,7.0,12.777777777777779,283.0,46.44444444444444,6.333333333333333,13.666666666666666,366.6666666666667,34.333333333333336,0.6363636363636364,0.4444444444444444,0.5404040404040404,6,1.787157894736842,0.8242772727272728,119.3525,-3041.9599999999996
Flow606,16,1.220648472177679,0.918,1126.35,0.937,4,Flow60,1200,0.9386249999999999,False,False,False,True,False,6,2,91.8,93.7,0.013965301110419477,0.01099664486503154,0.9386249999999999,9822.849999999999,-0.9838468301435406,10700.0,19.0,5.9147727272727275,10.6875,238.14772727272725,44.23863636363636,4.291666666666667,9.666666666666666,225.0,51.83333333333333,7.0,4.0,0.09166666666666666,11.0,6541.23,8800.0,11,2.4545454545454546,6.0,238.54545454545453,48.72727272727273,2.3333333333333335,6.333333333333333,100.0,58.666666666666664,3281.62,1900.0,8,9.375,15.375,237.75,39.75,6.25,13.0,350.0,45.0,0.6363636363636364,0.5,0.5681818181818181,6,1.7271684210526315,0.7433215909090909,118.56315789473683,-3640.3900000000003
Flow606,17,5.919657047663071,0.8904,1031.15,0.8378,5,Flow60,1100,0.937409090909091,False,False,False,False,True,6,2,89.03999999999999,83.78,0.06830561278349238,0.0392074287375866,0.937409090909091,10417.23,2.7541979838709683,11700.0,23.0,6.742307692307692,11.326923076923077,265.6538461538462,43.269230769230774,5.833333333333333,10.0,266.6666666666667,52.0,7.0,3.0,0.08333333333333333,10.0,7391.030000000001,2400.0,13,3.3846153846153846,8.153846153846153,212.30769230769232,41.53846153846154,2.6666666666666665,7.333333333333333,166.66666666666666,55.0,3026.2,9300.0,10,10.1,14.5,319.0,45.0,9.0,12.666666666666666,366.6666666666667,49.0,0.5384615384615384,0.3,0.4192307692307692,6,0.32539784946236555,3.0795958333333338,89.66521739130435,11264.830000000002
Flow606,18,5.326109269852555,0.8939,896.14,0.7904,5,Flow60,1100,0.8146727272727272,False,False,False,False,True,6,2,89.39,79.03999999999999,0.19309602868959244,0.08920119332136626,0.8146727272727272,10459.02,2.3276552419354837,11700.0,27.0,6.692857142857143,11.857142857142858,237.03214285714284,44.32857142857142,6.875,12.0,275.0,46.75,9.0,3.0,0.14166666666666666,12.0,6585.889999999999,2400.0,20,4.1,10.0,218.35,42.8,4.5,10.25,300.0,47.75,3873.13,9300.0,7,9.285714285714286,13.714285714285714,255.71428571428572,45.857142857142854,9.25,13.75,250.0,45.75,0.45,0.42857142857142855,0.4392857142857143,6,0.4164655913978495,2.744120833333333,66.38074074074073,9612.759999999998
Flow606,19,5.654976969125819,0.9543,959.41,0.8722,5,Flow60,1100,0.872190909090909,False,False,False,False,True,6,2,95.43,87.22,0.11711937191385223,0.089171238220665,0.872190909090909,11165.43,2.863824193548387,11700.0,24.0,7.625,12.4375,254.0,39.25,7.625,11.875,333.33333333333337,47.75,6.0,4.0,0.11666666666666667,10.0,7753.639999999999,2400.0,16,4.125,10.625,210.5,32.0,3.25,9.75,300.0,47.5,3411.79,9300.0,8,11.125,14.25,297.5,46.5,12.0,14.0,366.6666666666667,48.0,0.375,0.5,0.4375,6,0.3668591397849462,3.230683333333333,79.95083333333334,11241.849999999999
Flow606,20,4.413005439876201,0.9709,968.905,0.8808,5,Flow60,1100,0.8808227272727273,False,False,False,False,True,6,2,97.09,88.08,0.11023453961337674,0.05528897862282287,0.8808227272727273,11359.8,2.246942338709678,11700.0,18.0,8.03076923076923,12.376923076923077,259.6538461538462,40.207692307692305,8.0,11.666666666666668,300.0,43.66666666666667,7.0,2.0,0.075,9.0,6616.6900000000005,2400.0,13,4.461538461538462,11.153846153846153,259.3076923076923,40.61538461538461,4.0,9.0,333.3333333333333,43.333333333333336,4743.11,9300.0,5,11.6,13.6,260.0,39.8,12.0,14.333333333333334,266.6666666666667,44.0,0.5384615384615384,0.4,0.46923076923076923,6,0.5100118279569892,2.756954166666667,107.6561111111111,8773.580000000002
Flow607,1,3.0581110286738973,0.856,766.43,0.6968,1,Flow60,1100,0.6967545454545454,True,False,False,False,False,7,2,85.6,69.67999999999999,0.07287880100100047,0.07973975786595607,0.6967545454545454,10015.12,1.2133594086021506,11700.0,23.0,7.049242424242424,13.253787878787879,179.7348484848485,37.890151515151516,5.6,12.2,235.0,34.25,0.0,0.0,0.13333333333333333,0.0,4369.1,2400.0,11,2.1818181818181817,11.090909090909092,213.63636363636363,43.36363636363637,3.2,12.4,220.0,39.0,5646.02,9300.0,12,11.916666666666666,15.416666666666666,145.83333333333334,32.416666666666664,8.0,12.0,250.0,29.5,0.0,0.0,0.0,7,0.6070989247311829,1.8204583333333335,66.64608695652173,5623.08
Flow607,2,4.633547252999559,0.9067,1078.48,0.9792,1,Flow60,1100,0.9804363636363637,True,False,False,False,False,7,2,90.67,97.92,0.06032303314731292,0.07420873810977349,0.9804363636363637,10608.8,2.529619623655914,11700.0,26.0,5.5588235294117645,11.241830065359476,152.74183006535947,32.947712418300654,5.625,12.625,216.66666666666669,37.125,1.0,0.0,0.09166666666666666,1.0,7001.9,2400.0,17,2.1176470588235294,9.705882352941176,127.70588235294117,34.11764705882353,3.25,12.25,200.0,40.25,3606.9,9300.0,9,9.0,12.777777777777779,177.77777777777777,31.77777777777778,8.0,13.0,233.33333333333334,34.0,0.058823529411764705,0.0,0.029411764705882353,7,0.38783870967741935,2.9174583333333333,82.96000000000001,10295.0
Flow607,3,4.8444635631600015,0.9016,1049.585,0.9542,1,Flow60,1100,0.9541681818181819,True,False,False,False,False,7,2,90.16,95.42,0.1677376784468078,0.13328113323267507,0.9541681818181819,10548.59,2.607557123655914,11700.0,35.0,6.685314685314685,12.297202797202797,171.1888111888112,31.886363636363637,6.166666666666667,12.533333333333333,236.66666666666669,34.96666666666667,2.0,2.0,0.14166666666666666,4.0,7138.23,2400.0,22,2.909090909090909,10.363636363636363,188.45454545454547,32.77272727272727,2.0,10.4,240.0,37.6,3410.3599999999997,9300.0,13,10.461538461538462,14.23076923076923,153.92307692307693,31.0,10.333333333333334,14.666666666666666,233.33333333333334,32.333333333333336,0.09090909090909091,0.15384615384615385,0.12237762237762238,7,0.366705376344086,2.9742625,59.976285714285716,10627.869999999999
Flow607,4,4.710660185759025,0.93,908.28,0.8257,1,Flow60,1100,0.8257090909090908,True,False,False,False,False,7,2,93.0,82.57,0.05545280325205044,0.09115131734484268,0.8257090909090908,10881.47,2.1971748655913976,11700.0,24.0,6.694444444444445,12.305555555555555,159.61111111111111,38.25,4.875,12.125,300.0,38.625,2.0,0.0,0.31666666666666665,2.0,6423.629999999999,2400.0,18,2.888888888888889,9.61111111111111,135.88888888888889,40.0,3.25,11.25,250.0,42.75,4457.84,9300.0,6,10.5,15.0,183.33333333333334,36.5,6.5,13.0,350.0,34.5,0.1111111111111111,0.0,0.05555555555555555,7,0.47933763440860216,2.6765125,75.69,8865.789999999999
Flow607,5,1.5142168898706636,0.9014,1022.04,0.8517,2,Flow60,1200,0.8517,False,True,False,False,False,7,2,90.14,85.17,0.05034747998070189,0.04299740280856452,0.8517,9645.07,-0.7064841507177032,10700.0,24.0,4.0,8.886554621848738,178.5966386554622,40.63865546218487,4.625,10.875,275.0,38.54166666666667,2.0,1.0,0.1,3.0,6828.43,8800.0,17,2.0,7.0588235294117645,136.76470588235293,39.705882352941174,2.25,8.75,250.0,41.75,2816.64,1900.0,7,6.0,10.714285714285714,220.42857142857142,41.57142857142857,7.0,13.0,300.0,35.333333333333336,0.11764705882352941,0.14285714285714285,0.13025210084033612,7,1.4824421052631578,0.7759579545454546,85.17,-2888.2099999999996
Flow607,6,1.367838227203091,0.9154,1046.525,0.8721,2,Flow60,1200,0.8721041666666668,False,True,False,False,False,7,2,91.53999999999999,87.21,0.08515754237042186,0.04070973658239528,0.8721041666666668,9794.72,-0.6114171052631578,10700.0,22.0,5.891666666666667,9.708333333333334,244.5,34.141666666666666,5.125,10.875,301.75,38.125,1.0,2.0,0.08333333333333333,3.0,7100.0599999999995,8800.0,12,2.5833333333333335,6.416666666666667,250.0,37.583333333333336,2.75,7.75,203.5,41.75,2694.66,1900.0,10,9.2,13.0,239.0,30.7,7.5,14.0,400.0,34.5,0.08333333333333333,0.2,0.14166666666666666,7,1.4182421052631577,0.8068249999999999,95.13863636363637,-2494.6000000000004
Flow607,7,1.2662958357932501,0.9203,1215.845,0.8659,2,Flow60,1200,1.0132041666666667,False,True,False,False,False,7,2,92.03,86.59,0.08372622298754379,0.0452210056640249,1.0132041666666667,9846.69,-0.6191232057416266,10700.0,16.0,4.375,9.0625,240.5,38.125,5.333333333333333,9.5,266.6666666666667,42.66666666666667,2.0,3.0,0.10833333333333334,5.0,7130.76,8800.0,8,3.125,6.875,237.5,33.875,4.333333333333333,8.0,233.33333333333334,43.333333333333336,2715.93,1900.0,8,5.625,11.25,243.5,42.375,6.333333333333333,11.0,300.0,42.0,0.25,0.375,0.3125,7,1.429436842105263,0.8103136363636364,151.980625,-2485.1699999999996
Flow607,8,0.5370650654864919,0.9647,1197.44,0.9979,2,Flow60,1200,0.9978666666666667,False,True,False,False,False,7,2,96.47,99.79,0.04100382015627493,0.026909790442023088,0.9978666666666667,10322.01,-0.1995369019138754,10700.0,18.0,3.409090909090909,7.623376623376624,203.98701298701297,35.064935064935064,4.333333333333333,9.666666666666666,250.0,45.0,2.0,0.0,0.13333333333333333,2.0,8177.33,8800.0,7,2.0,6.428571428571429,271.42857142857144,39.857142857142854,2.3333333333333335,7.333333333333333,300.0,46.333333333333336,2144.68,1900.0,11,4.818181818181818,8.818181818181818,136.54545454545453,30.272727272727273,6.333333333333333,12.0,200.0,43.666666666666664,0.2857142857142857,0.0,0.14285714285714285,7,1.1287789473684209,0.9292420454545455,133.04888888888888,-867.3499999999999
Flow607,9,0.0,0.8509,1170.485,0.7803,3,Flow60,1500,0.7803233333333333,False,False,True,False,False,7,2,85.09,78.03,0.11335003789695432,0.06292499220611866,0.7803233333333333,11231.66,0.5648351966873705,13200.0,19.0,4.564102564102564,9.98076923076923,203.9230769230769,35.032051282051285,6.25,12.833333333333332,216.66666666666669,42.25,1.0,0.0,0.1,1.0,7731.2,6900.0,13,3.4615384615384617,7.461538461538462,207.84615384615384,31.23076923076923,5.5,11.0,200.0,51.5,3500.46,6300.0,6,5.666666666666667,12.5,200.0,38.833333333333336,7.0,14.666666666666666,233.33333333333334,33.0,0.07692307692307693,0.0,0.038461538461538464,7,0.5556285714285715,1.120463768115942,123.20894736842104,3630.74
Flow607,10,0.0,0.9132,1378.19,0.9188,3,Flow60,1500,0.9187933333333334,False,False,True,False,False,7,2,91.32000000000001,91.88,0.08768456154219333,0.09008724011089139,0.9187933333333334,12054.04,0.015554727398205626,13200.0,24.0,6.916666666666666,10.875,191.66666666666669,34.625,5.416666666666666,13.166666666666668,333.33333333333337,38.75,1.0,3.0,0.175,4.0,6352.2,6900.0,12,4.083333333333333,7.416666666666667,243.33333333333334,33.416666666666664,4.333333333333333,9.333333333333334,366.6666666666667,43.0,5701.84,6300.0,12,9.75,14.333333333333334,140.0,35.833333333333336,6.5,17.0,300.0,34.5,0.08333333333333333,0.25,0.16666666666666666,7,0.9050539682539682,0.9206086956521738,114.84916666666668,50.35999999999967
Flow607,11,0.0,0.9419,1436.38,0.9468,3,Flow60,1500,0.9575866666666667,False,False,True,False,False,7,2,94.19,94.67999999999999,0.030289550578534732,0.019307773795613558,0.9575866666666667,12433.23,0.23192512077294702,13200.0,23.0,6.269230769230769,9.823076923076924,191.65384615384616,40.62307692307692,5.958333333333334,11.291666666666668,304.1666666666667,44.625,1.0,4.0,0.09166666666666666,5.0,7262.96,6900.0,13,4.538461538461538,7.846153846153846,203.30769230769232,34.84615384615385,4.25,9.25,375.0,46.25,5170.2699999999995,6300.0,10,8.0,11.8,180.0,46.4,7.666666666666667,13.333333333333334,233.33333333333334,43.0,0.07692307692307693,0.4,0.23846153846153847,7,0.8206777777777777,1.0526028985507248,124.90260869565218,1492.6900000000005
Flow607,12,0.0,0.9635,1449.545,0.8678,3,Flow60,1500,0.9663633333333334,False,False,True,False,False,7,2,96.35000000000001,86.78,0.09942792808106994,0.07538107202090297,0.9663633333333334,12718.27,0.28850317460317476,13200.0,25.0,5.925324675324676,10.532467532467532,195.28896103896105,41.37337662337663,6.291666666666666,10.333333333333332,266.6666666666667,46.95833333333333,3.0,2.0,0.26666666666666666,5.0,7598.280000000001,6900.0,14,5.214285714285714,9.428571428571429,199.21428571428572,41.92857142857143,5.25,9.0,300.0,48.25,5119.99,6300.0,11,6.636363636363637,11.636363636363637,191.36363636363637,40.81818181818182,7.333333333333333,11.666666666666666,233.33333333333334,45.666666666666664,0.21428571428571427,0.18181818181818182,0.19805194805194803,7,0.8126968253968254,1.1012000000000002,115.9636,1878.2900000000009
Flow607,13,1.77839826935924,0.9409,1017.855,0.8482,4,Flow60,1200,0.8482125,False,False,False,True,False,7,2,94.08999999999999,84.82,0.08148052548113877,0.06422940641088597,0.8482125,10067.99,-1.0479255382775117,10700.0,23.0,5.640151515151515,9.795454545454547,185.31060606060606,45.696969696969695,6.5,11.0,206.66666666666669,45.0,5.0,3.0,0.1,8.0,6642.71,8800.0,12,3.9166666666666665,7.5,219.16666666666666,46.666666666666664,5.666666666666667,9.333333333333334,180.0,46.0,3425.2799999999997,1900.0,11,7.363636363636363,12.090909090909092,151.45454545454547,44.72727272727273,7.333333333333333,12.666666666666666,233.33333333333334,44.0,0.4166666666666667,0.2727272727272727,0.3446969696969697,7,1.8027789473684208,0.7548534090909091,88.5091304347826,-3682.5699999999997
Flow607,14,1.5459620243682703,0.9698,1153.29,0.9611,4,Flow60,1200,0.961075,False,False,False,True,False,7,2,96.98,96.11,0.031916213433892164,0.047279896348467396,0.961075,10376.57,-1.020193480861244,10700.0,19.0,4.255681818181818,8.431818181818182,255.4375,43.35227272727273,2.3333333333333335,7.0,300.0,56.666666666666664,3.0,2.0,0.20833333333333334,5.0,6939.83,8800.0,8,2.875,6.5,277.875,46.25,2.3333333333333335,7.0,300.0,56.666666666666664,3436.74,1900.0,11,5.636363636363637,10.363636363636363,233.0,40.45454545454545,,,,,0.375,0.18181818181818182,0.27840909090909094,7,1.8088105263157894,0.7886170454545455,121.39894736842105,-3396.91
Flow607,15,1.3514869332534305,0.9868,1305.07,1.0712,4,Flow60,1200,1.0875583333333332,False,False,False,True,False,7,2,98.68,107.11999999999999,0.10225128141402441,0.0669984738434946,1.0875583333333332,10559.06,-1.0398817583732058,10700.0,20.0,5.229166666666666,9.0,198.45833333333331,37.25,5.375,9.25,295.83333333333337,43.125,3.0,1.0,0.1,4.0,7059.15,8800.0,8,3.375,7.0,237.5,38.75,3.75,7.5,325.0,52.25,3499.91,1900.0,12,7.083333333333333,11.0,159.41666666666666,35.75,7.0,11.0,266.6666666666667,34.0,0.375,0.08333333333333333,0.22916666666666666,7,1.842057894736842,0.8021761363636363,130.507,-3340.76
Flow607,16,1.251820686816628,0.9919,1270.8799999999999,1.0266,4,Flow60,1200,1.0590666666666666,False,False,False,True,False,7,2,99.19,102.66,0.11835150949589457,0.09722403465934325,1.0590666666666666,10613.460000000001,-0.8380281698564593,10700.0,18.0,4.785714285714286,8.448051948051948,217.53246753246754,37.824675324675326,3.708333333333333,8.541666666666666,312.5,40.625,2.0,2.0,0.125,4.0,7419.31,8800.0,7,2.5714285714285716,6.714285714285714,271.42857142857144,37.285714285714285,2.6666666666666665,7.333333333333333,400.0,52.0,3194.15,1900.0,11,7.0,10.181818181818182,163.63636363636363,38.36363636363637,4.75,9.75,225.0,29.25,0.2857142857142857,0.18181818181818182,0.23376623376623376,7,1.6811315789473684,0.8431034090909091,141.20888888888888,-2674.8399999999997
Flow607,17,5.437356118439316,0.943,1014.19,0.8155,5,Flow60,1100,0.9219909090909092,False,False,False,False,True,7,2,94.3,81.55,0.17313835712653328,0.12850134393225157,0.9219909090909092,11032.81,2.7404416666666664,11700.0,24.0,6.2444444444444445,10.8,190.44444444444446,33.65555555555555,4.833333333333334,9.666666666666668,300.0,45.83333333333333,1.0,1.0,0.16666666666666666,2.0,7491.0599999999995,2400.0,9,3.888888888888889,8.666666666666666,220.88888888888889,37.44444444444444,3.0,8.333333333333334,333.3333333333333,49.666666666666664,3541.75,9300.0,15,8.6,12.933333333333334,160.0,29.866666666666667,6.666666666666667,11.0,266.6666666666667,42.0,0.1111111111111111,0.06666666666666667,0.08888888888888888,7,0.38083333333333336,3.121275,84.51583333333333,10849.31
Flow607,18,3.5999449771002787,0.8457,847.94,0.7645,5,Flow60,1100,0.7708545454545455,False,False,False,False,True,7,2,84.57000000000001,76.44999999999999,0.04023920346151551,0.0362807685980983,0.7708545454545455,9895.02,1.2657032258064516,11700.0,24.0,5.092857142857143,11.92142857142857,225.99285714285713,43.19285714285714,5.25,11.833333333333332,220.83333333333331,43.20833333333333,5.0,2.0,0.09166666666666666,7.0,4444.32,2400.0,10,1.4,11.2,252.7,54.6,1.5,10.0,275.0,51.75,5450.700000000001,9300.0,14,8.785714285714286,12.642857142857142,199.28571428571428,31.785714285714285,9.0,13.666666666666666,166.66666666666666,34.666666666666664,0.5,0.14285714285714285,0.3214285714285714,7,0.5860967741935484,1.8518,70.66166666666668,5893.619999999999
Flow607,19,3.873590203557084,0.8963,1051.615,0.7433,5,Flow60,1100,0.9560136363636363,False,False,False,False,True,7,2,89.63,74.33,0.08446203017250986,0.04691971360346903,0.9560136363636363,10486.220000000001,1.6299119623655915,11700.0,22.0,5.3,11.058333333333334,222.29166666666669,38.825,4.0,11.5,300.0,32.16666666666667,4.0,2.0,0.11666666666666667,6.0,5260.39,2400.0,10,2.6,11.2,278.0,45.4,1.0,11.0,333.3333333333333,46.333333333333336,5225.83,9300.0,12,8.0,10.916666666666666,166.58333333333334,32.25,7.0,12.0,266.6666666666667,18.0,0.4,0.16666666666666666,0.2833333333333333,7,0.5619172043010753,2.191829166666667,95.60136363636364,6934.56
Flow607,20,2.683089010733889,0.9056,1396.995,1.0262,5,Flow60,1100,1.2699954545454544,False,False,False,False,True,7,2,90.56,102.62,0.040546907520532936,0.032076727176167524,1.2699954545454544,10595.04,1.7878032258064518,11700.0,20.0,5.151515151515151,11.247474747474747,199.07070707070707,44.176767676767675,5.375,11.25,250.0,46.375,4.0,4.0,0.10833333333333334,8.0,5583.92,2400.0,9,1.6666666666666667,11.222222222222221,261.77777777777777,47.44444444444444,3.0,12.0,325.0,49.0,5011.12,9300.0,11,8.636363636363637,11.272727272727273,136.36363636363637,40.90909090909091,7.75,10.5,175.0,43.75,0.4444444444444444,0.36363636363636365,0.40404040404040403,7,0.5388301075268818,2.3266333333333336,139.6995,7472.8
Flow608,1,3.8973719866603744,0.6802,753.23,0.6396,1,Flow60,1100,0.6847545454545455,True,False,False,False,False,8,2,68.02,63.959999999999994,0.11470363623343414,0.13021680518285558,0.6847545454545455,7958.460000000001,1.2215258064516128,11700.0,22.0,5.303418803418804,13.384615384615385,173.3760683760684,30.846153846153847,4.958333333333333,14.125,246.66666666666669,38.75,1.0,4.0,0.31666666666666665,5.0,3962.8,2400.0,9,1.2222222222222223,9.0,164.44444444444446,29.0,0.6666666666666666,10.0,243.33333333333334,38.0,3995.6600000000003,9300.0,13,9.384615384615385,17.76923076923077,182.30769230769232,32.69230769230769,9.25,18.25,250.0,39.5,0.1111111111111111,0.3076923076923077,0.2094017094017094,8,0.4296408602150538,1.6511666666666667,68.47545454545455,6867.14
Flow608,2,5.853456324208091,0.8382,920.86,0.8371,1,Flow60,1100,0.8371454545454545,True,False,False,False,False,8,2,83.82,83.71,0.14981927847092572,0.16953687253078495,0.8371454545454545,9806.98,2.4792057795698925,11700.0,30.0,6.066666666666667,11.666666666666666,163.0,26.433333333333334,5.0,13.0,225.0,26.25,1.0,3.0,0.175,4.0,6741.25,2400.0,15,1.8,6.933333333333334,176.66666666666666,26.2,1.25,8.75,200.0,26.5,3065.73,9300.0,15,10.333333333333334,16.4,149.33333333333334,26.666666666666668,8.75,17.25,250.0,26.0,0.06666666666666667,0.2,0.13333333333333333,8,0.3296483870967742,2.808854166666667,61.39066666666667,10575.52
Flow608,3,5.435748887483477,0.8481,800.345,0.7276,1,Flow60,1100,0.7275863636363636,True,False,False,False,False,8,2,84.81,72.76,0.1111221873649313,0.07842253321125282,0.7275863636363636,9923.29,2.0053985215053767,11700.0,21.0,6.790909090909091,11.427272727272728,158.5090909090909,32.45,5.666666666666667,11.333333333333332,186.66666666666669,37.16666666666667,2.0,1.0,0.10833333333333334,3.0,5861.2300000000005,2400.0,11,2.1818181818181817,7.454545454545454,141.8181818181818,33.0,2.0,8.666666666666666,173.33333333333334,33.0,4062.0599999999995,9300.0,10,11.4,15.4,175.2,31.9,9.333333333333334,14.0,200.0,41.333333333333336,0.18181818181818182,0.1,0.14090909090909093,8,0.4367806451612903,2.442179166666667,76.22333333333333,8699.170000000002
Flow608,4,3.747584659702266,0.8787,941.795,0.8562,1,Flow60,1100,0.8561772727272727,True,False,False,False,False,8,2,87.87,85.61999999999999,0.11004808106313053,0.18410168440503882,0.8561772727272727,10281.25,1.5425840053763442,11700.0,28.0,7.0,12.038461538461538,148.27179487179487,32.87692307692308,6.166666666666666,12.25,216.66666666666669,43.66666666666667,2.0,3.0,0.19166666666666668,5.0,5051.75,2400.0,15,3.0,8.0,148.46666666666667,31.6,4.333333333333333,11.0,133.33333333333334,36.333333333333336,5229.5,9300.0,13,11.0,16.076923076923077,148.07692307692307,34.15384615384615,8.0,13.5,300.0,51.0,0.13333333333333333,0.23076923076923078,0.18205128205128207,8,0.5623118279569892,2.1048958333333334,67.27107142857143,6722.25
Flow608,5,2.2113406360471988,0.8509,936.455,0.7387,2,Flow60,1200,0.7803791666666667,False,True,False,False,False,8,2,85.09,73.87,0.0948836577955059,0.049192064137917366,0.7803791666666667,9104.21,-1.0904110047846889,10700.0,33.0,5.011111111111111,10.3,230.39444444444445,32.92222222222222,6.25,10.25,225.0,39.5,5.0,6.0,0.16666666666666666,11.0,5783.68,8800.0,18,1.5555555555555556,6.666666666666667,249.72222222222223,28.444444444444443,2.0,7.5,200.0,45.0,3320.5299999999997,1900.0,15,8.466666666666667,13.933333333333334,211.06666666666666,37.4,10.5,13.0,250.0,34.0,0.2777777777777778,0.4,0.3388888888888889,8,1.7476473684210525,0.6572363636363636,56.75484848484849,-4436.849999999999
Flow608,6,0.34065957370483346,0.8401,1046.875,0.8544,2,Flow60,1200,0.8723958333333334,False,True,False,False,False,8,2,84.00999999999999,85.44,0.09712473771279638,0.11239575007479541,0.8723958333333334,8989.32,-0.3491358851674642,10700.0,26.0,3.761904761904762,8.928571428571429,182.28571428571428,36.970238095238095,3.75,9.375,250.0,37.0,4.0,5.0,0.14166666666666666,9.0,6847.52,8800.0,14,1.3571428571428572,6.357142857142857,191.07142857142858,34.857142857142854,1.5,6.5,250.0,42.0,2141.8,1900.0,12,6.166666666666667,11.5,173.5,39.083333333333336,6.0,12.25,250.0,32.0,0.2857142857142857,0.4166666666666667,0.35119047619047616,8,1.127263157894737,0.7781272727272728,80.52884615384616,-2194.2799999999997
Flow608,7,1.1539244515140012,0.973,1235.25,0.9859,2,Flow60,1200,1.029375,False,True,False,False,False,8,2,97.3,98.59,0.1188837513301552,0.07186263693589444,1.029375,10411.29,-0.8601316985645933,10700.0,27.0,3.8873626373626378,9.357142857142858,164.80769230769232,37.69505494505495,4.5,10.25,212.5,39.0,4.0,3.0,0.06666666666666667,7.0,7218.5,8800.0,13,1.8461538461538463,8.0,184.6153846153846,37.46153846153846,2.25,8.5,250.0,48.75,3192.79,1900.0,14,5.928571428571429,10.714285714285714,145.0,37.92857142857143,6.75,12.0,175.0,29.25,0.3076923076923077,0.21428571428571427,0.260989010989011,8,1.6804157894736842,0.8202840909090909,91.5,-2874.29
Flow608,8,1.114755500046127,0.977,1235.275,0.9461,2,Flow60,1200,1.0293958333333335,False,True,False,False,False,8,2,97.7,94.61,0.11756697595987851,0.07028522552083541,1.0293958333333335,10454.15,-0.8599840909090911,10700.0,28.0,4.0,9.830769230769231,175.2025641025641,36.379487179487185,3.625,8.75,243.75,32.5,4.0,6.0,0.15,10.0,7253.98,8800.0,13,2.0,8.461538461538462,201.53846153846155,33.69230769230769,1.25,8.5,287.5,30.0,3200.17,1900.0,15,6.0,11.2,148.86666666666667,39.06666666666667,6.0,9.0,200.0,35.0,0.3076923076923077,0.4,0.35384615384615387,8,1.6843000000000001,0.824315909090909,88.23392857142858,-2846.1900000000005
Flow608,9,0.5984578587605602,0.9049,1410.175,0.8688,3,Flow60,1500,0.9401166666666666,False,False,True,False,False,8,2,90.49000000000001,86.88,0.10094083492879392,0.08570147395331972,0.9401166666666666,11944.560000000001,0.446392822636301,13200.0,26.0,5.196428571428571,10.607142857142858,162.78571428571428,30.291666666666664,6.0,10.0,196.66666666666666,31.166666666666668,4.0,3.0,0.20833333333333334,7.0,7713.8,6900.0,12,3.25,10.0,175.0,30.083333333333332,4.666666666666667,10.666666666666666,216.66666666666666,27.0,4230.76,6300.0,14,7.142857142857143,11.214285714285714,150.57142857142858,30.5,7.333333333333333,9.333333333333334,176.66666666666666,35.333333333333336,0.3333333333333333,0.21428571428571427,0.2738095238095238,8,0.6715492063492063,1.1179420289855073,108.475,2883.04
Flow608,10,0.57326478814681,0.8325,1413.74,0.8345,3,Flow60,1500,0.9424933333333333,False,False,True,False,False,8,2,83.25,83.45,0.17997019178816331,0.1667201154561782,0.9424933333333333,10988.77,0.3864135955831608,13200.0,29.0,4.576190476190476,9.57857142857143,173.78571428571428,35.44285714285714,6.125,11.75,275.0,39.0,2.0,9.0,0.15833333333333333,11.0,7016.66,6900.0,15,2.8666666666666667,9.8,140.0,23.6,4.0,12.0,200.0,28.75,3972.11,6300.0,14,6.285714285714286,9.357142857142858,207.57142857142858,47.285714285714285,8.25,11.5,350.0,49.25,0.13333333333333333,0.6428571428571429,0.3880952380952381,8,0.6304936507936508,1.0169072463768116,97.49931034482759,2444.5499999999997
Flow608,11,0.0,0.9792,1516.715,0.9625,3,Flow60,1500,1.0111433333333333,False,False,True,False,False,8,2,97.92,96.25,0.1605486213767439,0.12359651025649394,1.0111433333333333,12924.96,0.3147232574189096,13200.0,23.0,5.053030303030303,11.098484848484848,161.9810606060606,41.13636363636364,5.958333333333334,11.25,252.08333333333331,38.083333333333336,5.0,6.0,0.16666666666666666,11.0,7792.67,6900.0,11,3.272727272727273,11.363636363636363,154.54545454545453,37.27272727272727,4.666666666666667,13.0,216.66666666666666,31.666666666666668,5132.29,6300.0,12,6.833333333333333,10.833333333333334,169.41666666666666,45.0,7.25,9.5,287.5,44.5,0.45454545454545453,0.5,0.4772727272727273,8,0.8146492063492063,1.129372463768116,131.88826086956522,2060.38
Flow608,12,0.0,0.8921,1357.165,0.8489,3,Flow60,1500,0.9047766666666667,False,False,True,False,False,8,2,89.21,84.89,0.1738603307506004,0.09183453692346716,0.9047766666666667,11775.920000000002,0.17066639061421685,13200.0,25.0,5.76948051948052,12.24025974025974,201.2922077922078,39.54220779220779,5.5,10.75,250.0,40.625,3.0,10.0,0.125,13.0,6717.630000000001,6900.0,11,3.1818181818181817,12.909090909090908,175.72727272727272,26.727272727272727,3.0,12.0,250.0,28.25,5058.29,6300.0,14,8.357142857142858,11.571428571428571,226.85714285714286,52.357142857142854,8.0,9.5,250.0,53.0,0.2727272727272727,0.7142857142857143,0.4935064935064935,8,0.8029031746031746,0.9735695652173915,108.5732,1059.340000000001
Flow608,13,2.0104218092755044,0.8884,1446.94,1.1224,4,Flow60,1200,1.2057833333333334,False,False,False,True,False,8,2,88.84,112.24000000000001,0.17843439580394835,0.12336605009313159,1.2057833333333334,9506.01,-2.113651196172248,10700.0,30.0,5.081339712918661,11.076555023923444,166.87081339712918,35.610047846889955,5.433333333333334,13.5,208.33333333333334,40.8,4.0,6.0,0.075,10.0,4515.200000000001,8800.0,19,2.526315789473684,9.789473684210526,142.10526315789474,25.94736842105263,3.2,13.0,150.0,25.6,4990.8099999999995,1900.0,11,7.636363636363637,12.363636363636363,191.63636363636363,45.27272727272727,7.666666666666667,14.0,266.6666666666667,56.0,0.21052631578947367,0.5454545454545454,0.37799043062200954,8,2.6267421052631574,0.5130909090909092,96.46266666666666,-7375.609999999999
Flow608,14,1.0743603007431881,0.9877,1336.0,1.0933,4,Flow60,1200,1.1133333333333333,False,False,False,True,False,8,2,98.77,109.33,0.10336622636518124,0.07645267826887202,1.1133333333333333,10568.91,-0.8745379186602871,10700.0,21.0,4.9326923076923075,10.9375,226.47596153846155,33.15384615384615,5.166666666666667,11.5,254.16666666666666,36.16666666666667,2.0,3.0,0.125,5.0,7325.62,8800.0,8,3.25,9.875,249.875,29.0,2.0,12.0,175.0,13.0,3243.29,1900.0,13,6.615384615384615,12.0,203.07692307692307,37.30769230769231,8.333333333333334,11.0,333.3333333333333,59.333333333333336,0.25,0.23076923076923078,0.2403846153846154,8,1.7069947368421052,0.8324568181818182,127.23809523809524,-2817.67
Flow608,15,2.0063049142643283,0.9667,1127.125,0.9376,4,Flow60,1200,0.9392708333333334,False,False,False,True,False,8,2,96.67,93.76,0.09925140217061197,0.05848663128233044,0.9392708333333334,10343.32,-1.2954395933014355,10700.0,30.0,6.753393665158372,10.834841628959277,177.2285067873303,32.54524886877828,5.675,10.45,242.5,35.3,2.0,7.0,0.06666666666666667,9.0,6482.379999999999,8800.0,13,5.153846153846154,9.846153846153847,207.69230769230768,24.384615384615383,3.6,9.4,260.0,27.6,3860.94,1900.0,17,8.352941176470589,11.823529411764707,146.76470588235293,40.705882352941174,7.75,11.5,225.0,43.0,0.15384615384615385,0.4117647058823529,0.2828054298642534,8,2.0320736842105265,0.7366340909090908,75.14166666666667,-4278.560000000001
Flow608,16,1.7061516924339903,0.9544,1155.195,0.9218,4,Flow60,1200,0.9626625,False,False,False,True,False,8,2,95.44,92.17999999999999,0.13105165433729374,0.13410990639308976,0.9626625,10211.74,-1.0916306220095695,10700.0,30.0,5.910714285714286,10.058035714285715,166.85714285714286,38.61607142857143,5.125,9.75,220.0,33.375,3.0,11.0,0.125,14.0,6692.639999999999,8800.0,14,4.071428571428571,8.928571428571429,179.21428571428572,25.357142857142858,2.0,8.0,222.5,14.75,3519.1000000000004,1900.0,16,7.75,11.1875,154.5,51.875,8.25,11.5,217.5,52.0,0.21428571428571427,0.6875,0.45089285714285715,8,1.8521578947368422,0.7605272727272726,77.01299999999999,-3726.460000000001
Flow608,17,4.705714032934614,0.9056,834.335,0.7581,5,Flow60,1100,0.7584863636363637,False,False,False,False,True,8,2,90.56,75.81,0.1573874866253875,0.10043948097440628,0.7584863636363637,10596.05,2.0480930107526882,11700.0,23.0,6.773809523809524,12.031746031746032,175.03968253968253,39.551587301587304,6.916666666666667,13.416666666666668,237.5,25.75,2.0,6.0,0.09166666666666666,8.0,6080.68,2400.0,14,4.214285714285714,10.285714285714286,127.85714285714286,27.214285714285715,5.5,12.5,175.0,15.5,4515.37,9300.0,9,9.333333333333334,13.777777777777779,222.22222222222223,51.888888888888886,8.333333333333334,14.333333333333334,300.0,36.0,0.14285714285714285,0.6666666666666666,0.40476190476190477,8,0.4855236559139785,2.5336166666666666,72.5508695652174,8465.310000000001
Flow608,18,3.904447083547346,1.0084,1068.35,0.9578,5,Flow60,1100,0.9712272727272726,False,False,False,False,True,8,2,100.84,95.78,0.087728683246435,0.06057032134115463,0.9712272727272726,11798.59,2.270227956989247,11700.0,24.0,7.514285714285714,13.285714285714285,178.46428571428572,36.371428571428574,6.5,13.375,250.0,42.875,3.0,7.0,0.09166666666666666,10.0,6751.12,2400.0,10,4.1,12.0,135.5,32.1,3.5,12.25,250.0,35.25,5047.47,9300.0,14,10.928571428571429,14.571428571428571,221.42857142857142,40.642857142857146,9.5,14.5,250.0,50.5,0.3,0.5,0.4,8,0.5427387096774193,2.8129666666666666,89.02916666666665,8603.65
Flow608,19,3.4995051827245334,0.9659,1048.065,0.9202,5,Flow60,1100,0.9527863636363637,False,False,False,False,True,8,2,96.59,92.02,0.07813962519399843,0.09296645431832566,0.9527863636363637,11300.51,1.8399543010752686,11700.0,26.0,6.349673202614379,13.058823529411764,154.36601307189542,38.41503267973856,6.375,13.0,231.25,43.25,3.0,8.0,0.13333333333333333,11.0,5828.12,2400.0,9,2.111111111111111,11.0,155.55555555555554,35.888888888888886,3.5,12.25,212.5,36.75,5472.39,9300.0,17,10.588235294117647,15.117647058823529,153.1764705882353,40.94117647058823,9.25,13.75,250.0,49.75,0.3333333333333333,0.47058823529411764,0.4019607843137255,8,0.5884290322580645,2.428383333333333,80.62038461538462,7255.73
Flow608,20,3.6533960344647465,1.02,1156.94,0.9998,5,Flow60,1100,1.0517636363636365,False,False,False,False,True,8,2,102.0,99.98,0.06738598745160759,0.04549575439193441,1.0517636363636365,11934.54,2.2019951612903226,11700.0,27.0,6.467032967032967,13.151098901098901,135.96153846153845,35.200549450549445,5.208333333333334,11.625,189.58333333333334,34.29166666666667,4.0,7.0,0.10833333333333334,11.0,6648.84,2400.0,13,3.076923076923077,11.23076923076923,121.92307692307692,34.61538461538461,2.75,10.25,112.5,22.25,5285.7,9300.0,14,9.857142857142858,15.071428571428571,150.0,35.785714285714285,7.666666666666667,13.0,266.6666666666667,46.333333333333336,0.3076923076923077,0.5,0.40384615384615385,8,0.5683548387096774,2.77035,85.69925925925926,8263.14
Flow609,1,2.423729790853434,0.8732,1055.93,0.9599,1,Flow60,1100,0.9599363636363637,True,False,False,False,False,9,2,87.32,95.99,0.0499016844976222,0.02851600752750215,0.9599363636363637,10216.92,1.180835887096774,11700.0,21.0,9.597222222222221,14.319444444444445,193.77777777777777,22.958333333333332,5.5,11.75,341.66666666666663,32.5,0.0,0.0,0.18333333333333332,0.0,4348.45,2400.0,9,5.777777777777778,11.222222222222221,188.22222222222223,30.0,4.0,12.0,283.3333333333333,41.0,5868.47,9300.0,12,13.416666666666666,17.416666666666668,199.33333333333334,15.916666666666666,7.0,11.5,400.0,24.0,0.0,0.0,0.0,9,0.6310182795698925,1.8118541666666665,100.56476190476191,5379.98
Flow609,2,1.4635467993316364,0.7521,707.145,0.6308,1,Flow60,1100,0.6428590909090909,True,False,False,False,False,9,2,75.21,63.080000000000005,0.05041724823360902,0.044104058372007496,0.6428590909090909,8799.52,0.5456856182795697,11700.0,25.0,10.666666666666666,15.783333333333333,233.0,25.366666666666667,9.0,14.25,350.0,38.75,0.0,0.0,0.23333333333333334,0.0,2846.0299999999997,2400.0,10,8.2,12.3,242.0,37.8,10.0,11.5,350.0,56.5,5953.490000000001,9300.0,15,13.133333333333333,19.266666666666666,224.0,12.933333333333334,8.0,17.0,350.0,21.0,0.0,0.0,0.0,9,0.6401602150537635,1.1858458333333333,56.5716,3792.539999999999
Flow609,3,1.5922885390530208,0.7076,789.76,0.6907,1,Flow60,1100,0.7179636363636364,True,False,False,False,False,9,2,70.76,69.07,0.03961670477846739,0.03208026267546729,0.7179636363636364,8278.87,0.6139356182795697,11700.0,24.0,9.328671328671328,14.304195804195803,204.25874125874128,25.524475524475523,8.5,14.666666666666668,283.33333333333337,38.91666666666667,1.0,0.0,0.14166666666666666,1.0,2869.43,2400.0,11,6.2727272727272725,10.454545454545455,153.36363636363637,30.818181818181817,7.0,12.333333333333334,266.6666666666667,49.333333333333336,5409.4400000000005,9300.0,13,12.384615384615385,18.153846153846153,255.15384615384616,20.23076923076923,10.0,17.0,300.0,28.5,0.09090909090909091,0.0,0.045454545454545456,9,0.5816602150537635,1.1955958333333332,65.81333333333333,4359.99
Flow609,4,0.9393450655728977,0.7518,1016.52,0.9224,1,Flow60,1100,0.9241090909090909,True,False,False,False,False,9,2,75.18,92.24,0.0434588703007622,0.03778591205497569,0.9241090909090909,8796.38,0.6397595430107527,11700.0,28.0,10.229166666666666,14.927083333333332,171.33333333333331,24.427083333333336,9.875,15.25,325.0,36.875,0.0,0.0,0.09166666666666666,0.0,3024.85,2400.0,12,7.333333333333333,11.666666666666666,162.66666666666666,28.666666666666668,8.0,12.5,350.0,56.5,5771.53,9300.0,16,13.125,18.1875,180.0,20.1875,11.75,18.0,300.0,17.25,0.0,0.0,0.0,9,0.620594623655914,1.2603541666666667,72.60857142857142,4153.32
Flow609,5,6.512686957579495,0.8637,806.1700000000001,0.6702,2,Flow60,1200,0.6718083333333333,False,True,False,False,False,9,2,86.37,67.02,0.04189744148731468,0.030574201970655548,0.6718083333333333,9241.849999999999,-3.080450538277512,10700.0,18.0,7.396103896103896,14.11038961038961,237.7207792207792,23.922077922077925,9.5,14.375,337.5,28.625,0.0,0.0,0.1,0.0,2787.21,8800.0,7,3.4285714285714284,9.857142857142858,235.71428571428572,27.571428571428573,6.0,9.75,375.0,40.25,6454.639999999999,1900.0,11,11.363636363636363,18.363636363636363,239.72727272727272,20.272727272727273,13.0,19.0,300.0,17.0,0.0,0.0,0.0,9,3.397178947368421,0.3167284090909091,89.57444444444445,-10567.43
Flow609,6,4.770879652691818,0.8139,958.5,0.6653,2,Flow60,1200,0.79875,False,True,False,False,False,9,2,81.39,66.53,0.09983534112329331,0.05281551501674353,0.79875,8708.64,-2.184499700956938,10700.0,29.0,7.045673076923077,11.975961538461538,249.01201923076923,27.447115384615387,8.0,13.25,375.0,33.0,0.0,0.0,0.19166666666666668,0.0,3748.7099999999996,8800.0,13,5.153846153846154,8.076923076923077,295.46153846153845,28.76923076923077,6.5,9.5,350.0,42.0,4959.93,1900.0,16,8.9375,15.875,202.5625,26.125,9.5,17.0,400.0,24.0,0.0,0.0,0.0,9,2.610489473684211,0.4259897727272727,66.10344827586206,-8111.220000000001
Flow609,7,4.286941696368753,0.7768,1170.7649999999999,0.8422,2,Flow60,1200,0.9756374999999999,False,True,False,False,False,9,2,77.68,84.22,0.05126117365083277,0.03272196722992247,0.9756374999999999,8311.599999999999,-2.8626073564593297,10700.0,27.0,6.65,11.675,211.44166666666666,26.725,6.4,13.4,310.0,33.6,1.0,0.0,0.08333333333333333,1.0,2362.55,8800.0,12,3.8333333333333335,8.083333333333334,222.41666666666666,25.583333333333332,3.8,6.8,320.0,29.2,5949.049999999999,1900.0,15,9.466666666666667,15.266666666666667,200.46666666666667,27.866666666666667,9.0,20.0,300.0,38.0,0.08333333333333333,0.0,0.041666666666666664,9,3.1310789473684206,0.26847159090909095,86.72333333333333,-10486.5
Flow609,8,3.2182990025133904,0.8345,864.005,0.6791,2,Flow60,1200,0.7200041666666667,False,True,False,False,False,9,2,83.45,67.91,0.05119041084897262,0.05892973779266366,0.7200041666666667,8928.65,-1.617062320574162,10700.0,29.0,6.2272727272727275,11.848484848484848,207.7171717171717,34.38383838383838,6.666666666666666,12.166666666666668,316.6666666666667,34.333333333333336,1.0,0.0,0.11666666666666667,1.0,4816.34,8800.0,18,4.0,8.333333333333334,200.88888888888889,33.22222222222222,6.0,10.333333333333334,266.6666666666667,44.333333333333336,4112.3099999999995,1900.0,11,8.454545454545455,15.363636363636363,214.54545454545453,35.54545454545455,7.333333333333333,14.0,366.6666666666667,24.333333333333332,0.05555555555555555,0.0,0.027777777777777776,9,2.164373684210526,0.5473113636363637,59.586551724137934,-6195.969999999999
Flow609,9,0.9433952381112487,0.8388,1289.785,0.7769,3,Flow60,1500,0.8598566666666667,False,False,True,False,False,9,2,83.88,77.69,0.04189669136445442,0.05851614776999553,0.8598566666666667,11072.18,-0.5505649413388543,13200.0,32.0,8.441666666666666,13.541666666666668,190.0,30.125,8.625,14.5,256.25,33.625,2.0,0.0,0.08333333333333333,2.0,3974.62,6900.0,12,6.083333333333333,10.833333333333334,194.5,30.0,7.75,13.75,237.5,38.75,7097.5599999999995,6300.0,20,10.8,16.25,185.5,30.25,9.5,15.25,275.0,28.5,0.16666666666666666,0.0,0.08333333333333333,9,1.1265968253968253,0.576031884057971,80.6115625,-3722.9399999999996
Flow609,10,0.3872393062991559,0.8154,1212.325,0.7916,3,Flow60,1500,0.8082166666666667,False,False,True,False,False,9,2,81.54,79.16,0.13198627946663158,0.06024576347196374,0.8082166666666667,10763.53,-0.33861801242236034,13200.0,25.0,8.094155844155845,12.922077922077921,219.21103896103895,31.02597402597403,8.875,13.5,287.5,35.0,2.0,0.0,0.08333333333333333,2.0,4511.26,6900.0,11,5.545454545454546,10.272727272727273,203.63636363636363,27.90909090909091,8.25,12.25,275.0,40.5,6252.27,6300.0,14,10.642857142857142,15.571428571428571,234.78571428571428,34.142857142857146,9.5,14.75,300.0,29.5,0.18181818181818182,0.0,0.09090909090909091,9,0.9924238095238096,0.6538057971014493,96.986,-2341.01
Flow609,11,0.09681385806309706,0.8168,1159.56,0.7038,3,Flow60,1500,0.77304,False,False,True,False,False,9,2,81.67999999999999,70.38,0.10411122048936121,0.05781911894068756,0.77304,10781.310000000001,-0.23746480331262942,13200.0,27.0,8.267045454545455,12.681818181818182,224.19602272727275,29.269886363636363,7.75,13.25,306.25,34.5,3.0,0.0,0.08333333333333333,3.0,4853.67,6900.0,11,5.909090909090909,10.363636363636363,233.45454545454547,34.72727272727273,7.0,11.25,275.0,41.0,5927.64,6300.0,16,10.625,15.0,214.9375,23.8125,8.5,15.25,337.5,28.0,0.2727272727272727,0.0,0.13636363636363635,9,0.9408952380952381,0.7034304347826087,85.89333333333333,-1673.9700000000003
Flow609,12,0.732750445684907,0.814,1074.15,0.7161,3,Flow60,1500,0.7161000000000001,False,False,True,False,False,9,2,81.39999999999999,71.61,0.060308302427123386,0.031325205752464794,0.7161000000000001,10744.29,-0.37817632850241556,13200.0,24.0,7.895104895104895,13.594405594405593,195.91958041958043,27.332167832167833,8.0,14.125,312.5,32.0,2.0,0.0,0.08333333333333333,2.0,4370.93,6900.0,11,4.636363636363637,11.727272727272727,203.45454545454547,34.81818181818182,6.75,12.5,300.0,38.25,6373.360000000001,6300.0,13,11.153846153846153,15.461538461538462,188.3846153846154,19.846153846153847,9.25,15.75,325.0,25.75,0.18181818181818182,0.0,0.09090909090909091,9,1.0116444444444446,0.633468115942029,89.5125,-2602.4300000000003
Flow609,13,4.377474473218848,0.9536,1008.7,0.8106,4,Flow60,1200,0.8405833333333333,False,False,False,True,False,9,2,95.36,81.06,0.12182483004204761,0.09991351449538444,0.8405833333333333,10203.72,-2.7273253588516746,10700.0,21.0,7.433333333333334,13.233333333333334,241.10000000000002,33.11666666666667,8.75,14.583333333333332,329.16666666666663,32.625,1.0,2.0,0.08333333333333333,3.0,4130.08,8800.0,6,5.666666666666667,11.0,271.6666666666667,29.833333333333332,8.0,12.666666666666666,333.3333333333333,34.0,6073.639999999999,1900.0,15,9.2,15.466666666666667,210.53333333333333,36.4,9.5,16.5,325.0,31.25,0.16666666666666666,0.13333333333333333,0.15,9,3.196652631578947,0.4693272727272727,96.06666666666668,-8843.56
Flow609,14,4.5542531651714935,0.9994,1239.895,0.9491,4,Flow60,1200,1.0332458333333334,False,False,False,True,False,9,2,99.94,94.91000000000001,0.1180990009565007,0.0806092679504044,1.0332458333333334,10693.65,-3.292974641148325,10700.0,23.0,7.26984126984127,12.484126984126984,198.83730158730157,39.92857142857143,9.5,15.5,356.25,42.0,2.0,3.0,0.10833333333333334,5.0,3649.12,8800.0,9,4.111111111111111,9.11111111111111,188.88888888888889,34.0,9.0,14.0,400.0,43.5,7044.53,1900.0,14,10.428571428571429,15.857142857142858,208.78571428571428,45.857142857142854,10.0,17.0,312.5,40.5,0.2222222222222222,0.21428571428571427,0.21825396825396826,9,3.7076473684210525,0.41467272727272725,107.81695652173913,-10295.41
Flow609,15,3.5679208397132616,0.9913,1288.795,1.0254,4,Flow60,1200,1.0739958333333335,False,False,False,True,False,9,2,99.13,102.54,0.0734500529037862,0.05409185997523494,1.0739958333333335,10606.63,-2.8132742822966508,10700.0,30.0,7.111111111111112,11.277777777777779,173.61111111111111,27.958333333333332,7.0,12.75,287.5,39.0,2.0,1.0,0.15833333333333333,3.0,4327.139999999999,8800.0,12,3.8333333333333335,8.5,140.0,28.083333333333332,5.75,10.5,275.0,40.5,6279.49,1900.0,18,10.38888888888889,14.055555555555555,207.22222222222223,27.833333333333332,8.25,15.0,300.0,37.5,0.16666666666666666,0.05555555555555555,0.1111111111111111,9,3.3049947368421053,0.4917204545454545,85.91966666666667,-8852.35
Flow609,16,4.175707099171579,0.8877,948.135,0.7738,4,Flow60,1200,0.7901125,False,False,False,True,False,9,2,88.77000000000001,77.38000000000001,0.09584757173071286,0.08236658408606436,0.7901125,9497.98,-2.41818259569378,10700.0,27.0,6.583333333333333,12.11111111111111,201.69444444444446,31.38888888888889,6.916666666666666,12.833333333333332,353.33333333333337,36.75,2.0,0.0,0.09166666666666666,2.0,4032.73,8800.0,9,3.4444444444444446,9.11111111111111,212.22222222222223,33.0,6.333333333333333,10.666666666666666,366.6666666666667,48.0,5465.25,1900.0,18,9.722222222222221,15.11111111111111,191.16666666666666,29.77777777777778,7.5,15.0,340.0,25.5,0.2222222222222222,0.0,0.1111111111111111,9,2.8764473684210525,0.45826477272727273,70.23222222222222,-8332.52
Flow609,17,3.1407098015810124,0.9933,1281.57,1.0009,5,Flow60,1100,1.1650636363636364,False,False,False,False,True,9,2,99.33,100.08999999999999,0.0878293411515237,0.05385305645872519,1.1650636363636364,11621.1,1.8844467741935484,11700.0,29.0,8.108585858585858,12.959595959595958,171.75757575757575,36.40151515151515,8.625,13.25,262.5,38.125,4.0,1.0,0.15,5.0,5978.76,2400.0,18,4.944444444444445,11.555555555555555,125.33333333333333,35.166666666666664,6.5,11.75,275.0,38.75,5642.34,9300.0,11,11.272727272727273,14.363636363636363,218.1818181818182,37.63636363636363,10.75,14.75,250.0,37.5,0.2222222222222222,0.09090909090909091,0.15656565656565657,9,0.6067032258064516,2.49115,88.38413793103447,7236.42
Flow609,18,2.5539981037958253,0.9868,1236.78,1.1215,5,Flow60,1100,1.1243454545454545,False,False,False,False,True,9,2,98.68,112.14999999999999,0.04678670108284073,0.03893995442882298,1.1243454545454545,11545.779999999999,1.5834602150537636,11700.0,25.0,8.6,14.25,204.38333333333333,41.016666666666666,8.375,13.75,312.5,43.45833333333333,3.0,3.0,0.08333333333333333,6.0,5389.12,2400.0,10,5.2,12.5,199.7,47.7,6.75,12.5,275.0,46.25,6156.66,9300.0,15,12.0,16.0,209.06666666666666,34.333333333333336,10.0,15.0,350.0,40.666666666666664,0.3,0.2,0.25,9,0.6620064516129032,2.2454666666666667,98.94239999999999,6132.46
Flow609,19,2.1088638754573363,0.9673,1188.425,1.0544,5,Flow60,1100,1.0803863636363635,False,False,False,False,True,9,2,96.73,105.44,0.021717405738041866,0.02062304731214049,1.0803863636363635,11316.92,1.292944623655914,11700.0,22.0,9.225,14.216666666666667,199.375,37.233333333333334,8.875,13.583333333333332,261.66666666666663,36.375,3.0,3.0,0.075,6.0,4787.96,2400.0,12,7.25,12.833333333333334,167.75,37.666666666666664,6.75,12.5,250.0,36.75,6528.96,9300.0,10,11.2,15.6,231.0,36.8,11.0,14.666666666666666,273.3333333333333,36.0,0.25,0.3,0.275,9,0.7020387096774193,1.9949833333333333,108.03863636363636,5159.0
Flow609,20,1.5682883693887195,0.9998,1297.655,1.0966,5,Flow60,1100,1.1796863636363637,False,False,False,False,True,9,2,99.98,109.66,0.03419615031600572,0.018266009618045326,1.1796863636363637,11698.21,1.024256989247312,11700.0,22.0,8.558333333333334,13.766666666666666,190.725,40.483333333333334,8.416666666666668,12.916666666666668,252.08333333333334,42.20833333333333,4.0,3.0,0.08333333333333333,7.0,4353.6,2400.0,12,5.916666666666667,12.833333333333334,168.75,42.166666666666664,6.5,12.5,237.5,44.75,7344.61,9300.0,10,11.2,14.7,212.7,38.8,10.333333333333334,13.333333333333334,266.6666666666667,39.666666666666664,0.3333333333333333,0.3,0.31666666666666665,9,0.7897430107526882,1.814,117.96863636363636,3908.9900000000007
Flow6010,1,2.781826517529815,0.6354,1104.3899999999999,1.004,1,Flow60,1100,1.003990909090909,True,False,False,False,False,10,2,63.54,100.4,0.206343189931083,0.0983313557438956,1.003990909090909,7433.9,2.0354526881720427,11700.0,29.0,8.864285714285714,13.497619047619047,144.63095238095238,20.61190476190476,8.333333333333332,11.833333333333332,183.33333333333331,20.666666666666668,0.0,0.0,0.15833333333333333,0.0,5407.92,2400.0,15,6.8,12.066666666666666,151.33333333333334,12.866666666666667,7.0,11.666666666666666,200.0,10.666666666666666,2025.98,9300.0,14,10.928571428571429,14.928571428571429,137.92857142857142,28.357142857142858,9.666666666666666,12.0,166.66666666666666,30.666666666666668,0.0,0.0,0.0,10,0.217847311827957,2.2533,76.16482758620688,10281.94
Flow6010,2,2.9625856228512717,0.807,1065.545,0.9666,1,Flow60,1100,0.9686772727272728,True,False,False,False,False,10,2,80.7,96.66,0.17675832819257123,0.12437052915504566,0.9686772727272728,9441.41,1.5801083333333332,11700.0,39.0,7.9264705882352935,13.064171122994653,136.55748663101605,23.600267379679146,9.875,15.125,156.25,34.875,0.0,4.0,0.24166666666666667,4.0,4951.0599999999995,2400.0,17,5.352941176470588,10.764705882352942,149.7058823529412,13.882352941176471,7.25,13.25,212.5,17.25,4490.35,9300.0,22,10.5,15.363636363636363,123.4090909090909,33.31818181818182,12.5,17.0,100.0,52.5,0.0,0.18181818181818182,0.09090909090909091,10,0.4828333333333334,2.0629416666666667,54.64333333333334,7360.709999999999
Flow6010,3,2.4614156609094895,0.7867,999.965,0.9048,1,Flow60,1100,0.909059090909091,True,False,False,False,False,10,2,78.67,90.48,0.08940719404086377,0.06255481458542532,0.909059090909091,9204.380000000001,1.392112365591398,11700.0,35.0,9.3125,13.962121212121213,123.95833333333334,20.30681818181818,7.291666666666666,13.041666666666668,162.5,24.458333333333332,0.0,2.0,0.09166666666666666,2.0,4543.8,2400.0,11,7.0,12.090909090909092,150.0,13.363636363636363,8.25,13.75,225.0,15.25,4660.58,9300.0,24,11.625,15.833333333333334,97.91666666666667,27.25,6.333333333333333,12.333333333333334,100.0,33.666666666666664,0.0,0.08333333333333333,0.041666666666666664,10,0.5011376344086022,1.89325,57.14085714285714,6783.22
Flow6010,4,2.429363379097497,0.8815,1146.085,0.955,1,Flow60,1100,1.0418954545454546,True,False,False,False,False,10,2,88.14999999999999,95.5,0.04935487092221428,0.04973900651734874,1.0418954545454546,10313.259999999998,1.4846154569892471,11700.0,35.0,8.955882352941178,13.393790849673202,129.83660130718954,24.436274509803923,9.7,14.45,216.25,28.05,0.0,1.0,0.11666666666666667,1.0,4947.73,2400.0,17,6.411764705882353,10.176470588235293,149.11764705882354,16.705882352941178,8.0,13.5,262.5,20.5,5365.53,9300.0,18,11.5,16.61111111111111,110.55555555555556,32.166666666666664,11.4,15.4,170.0,35.6,0.0,0.05555555555555555,0.027777777777777776,10,0.5769387096774193,2.0615541666666664,65.49057142857143,6482.2
Flow6010,5,3.5108410244287285,0.7965,803.235,0.6332,2,Flow60,1200,0.6693625,False,True,False,False,False,10,2,79.65,63.32,0.10638987041894826,0.09224626673214831,0.6693625,8522.89,-1.4323534688995214,10700.0,39.0,8.157754010695188,11.975935828877006,159.451871657754,23.08823529411765,10.25,13.916666666666668,191.66666666666666,32.416666666666664,0.0,2.0,0.15833333333333333,2.0,4771.26,8800.0,22,5.7272727272727275,8.363636363636363,197.72727272727272,14.0,9.0,11.333333333333334,283.3333333333333,12.333333333333334,3751.6299999999997,1900.0,17,10.588235294117647,15.588235294117647,121.17647058823529,32.1764705882353,11.5,16.5,100.0,52.5,0.0,0.11764705882352941,0.058823529411764705,10,1.9745421052631578,0.5421886363636363,41.191538461538464,-5880.369999999999
Flow6010,6,2.8544256716525833,0.9252,971.05,0.8092,2,Flow60,1200,0.8092083333333333,False,True,False,False,False,10,2,92.52,80.92,0.09362633929599437,0.09318237096796118,0.8092083333333333,9899.689999999999,-1.6785440191387555,10700.0,40.0,8.59375,12.15625,118.45833333333334,24.979166666666668,8.0,11.75,137.5,27.25,0.0,3.0,0.075,3.0,5518.88,8800.0,16,7.9375,9.8125,131.25,14.375,7.25,9.0,175.0,11.25,4380.8099999999995,1900.0,24,9.25,14.5,105.66666666666667,35.583333333333336,8.75,14.5,100.0,43.25,0.0,0.125,0.0625,10,2.30568947368421,0.6271454545454546,48.552499999999995,-5761.929999999999
Flow6010,7,1.508358722759204,0.9577,1232.85,0.8586,2,Flow60,1200,1.027375,False,True,False,False,False,10,2,95.77,85.86,0.120205370263377,0.07977739539770196,1.027375,10247.05,-1.1378287679425836,10700.0,32.0,6.560728744939271,10.4331983805668,133.72874493927125,27.33805668016194,7.7,11.65,136.25,27.075,0.0,3.0,0.14166666666666666,3.0,6649.49,8800.0,19,5.7368421052631575,8.789473684210526,126.84210526315789,15.368421052631579,7.4,9.8,160.0,12.4,3597.56,1900.0,13,7.384615384615385,12.076923076923077,140.6153846153846,39.30769230769231,8.0,13.5,112.5,41.75,0.0,0.23076923076923078,0.11538461538461539,10,1.8934526315789473,0.7556238636363636,77.053125,-3848.07
Flow6010,8,2.551147232231079,0.9681,1102.335,0.9186,2,Flow60,1200,0.9186125,False,True,False,False,False,10,2,96.81,91.86,0.050691767149455995,0.03576059459967065,0.9186125,10358.74,-1.739100418660287,10700.0,27.0,7.289473684210526,10.05921052631579,189.07894736842104,29.065789473684212,8.333333333333332,10.25,200.0,37.583333333333336,1.0,1.0,0.075,2.0,5801.79,8800.0,19,6.578947368421052,9.368421052631579,203.1578947368421,20.63157894736842,8.666666666666666,10.0,200.0,28.666666666666668,4556.95,1900.0,8,8.0,10.75,175.0,37.5,8.0,10.5,200.0,46.5,0.05263157894736842,0.125,0.08881578947368421,10,2.3983947368421052,0.6592943181818182,81.65444444444445,-5655.16
Flow6010,9,0.25745058750342054,0.8845,1346.03,0.8126,3,Flow60,1500,0.8973533333333333,False,False,True,False,False,10,2,88.44999999999999,81.26,0.11115964080381695,0.053970297316107585,0.8973533333333333,11675.41,-0.31037922705314014,13200.0,36.0,8.944444444444445,12.305555555555555,132.33333333333331,26.666666666666664,8.625,12.75,193.75,26.625,0.0,4.0,0.18333333333333332,4.0,5080.92,6900.0,18,7.611111111111111,11.11111111111111,122.77777777777777,16.444444444444443,8.0,11.75,225.0,15.25,6594.49,6300.0,18,10.277777777777779,13.5,141.88888888888889,36.888888888888886,9.25,13.75,162.5,38.0,0.0,0.2222222222222222,0.1111111111111111,10,1.0467444444444445,0.7363652173913043,74.77944444444444,-2113.5699999999997
Flow6010,10,0.0,0.9457,1389.0049999999999,0.9253,3,Flow60,1500,0.9260033333333333,False,False,True,False,False,10,2,94.57,92.53,0.11340173131351139,0.04252447304110392,0.9260033333333333,12483.349999999999,-0.16448150448585241,13200.0,27.0,8.19034090909091,11.28409090909091,154.20170454545456,27.75,8.541666666666668,11.166666666666668,202.08333333333331,38.75,1.0,1.0,0.125,2.0,5983.719999999999,6900.0,16,6.5625,9.75,131.3125,21.5,8.333333333333334,10.333333333333334,166.66666666666666,31.0,6499.63,6300.0,11,9.818181818181818,12.818181818181818,177.0909090909091,34.0,8.75,12.0,237.5,46.5,0.0625,0.09090909090909091,0.07670454545454546,10,1.0316873015873016,0.8672057971014492,102.88925925925925,-1115.9100000000008
Flow6010,11,0.0,0.9928,1489.445,0.993,3,Flow60,1500,0.9929633333333333,False,False,True,False,False,10,2,99.28,99.3,0.043882821816964006,0.043505990745061236,0.9929633333333333,13105.099999999999,-0.21658785369220146,13200.0,30.0,9.151785714285715,11.691964285714285,153.25446428571428,27.42857142857143,7.375,11.875,212.5,34.25,0.0,4.0,0.075,4.0,6137.13,6900.0,14,7.928571428571429,10.071428571428571,167.57142857142858,18.857142857142858,6.25,11.0,225.0,15.5,6967.969999999999,6300.0,16,10.375,13.3125,138.9375,36.0,8.5,12.75,200.0,53.0,0.0,0.25,0.125,10,1.106026984126984,0.8894391304347826,99.29633333333332,-1430.8399999999992
Flow6010,12,0.03348168874993718,0.8061,1174.875,0.7454,3,Flow60,1500,0.78325,False,False,True,False,False,10,2,80.61,74.53999999999999,0.054866503327326045,0.028140781236956132,0.78325,10640.630000000001,-0.2288508626639062,13200.0,28.0,9.571428571428573,12.5,160.07142857142856,26.32142857142857,9.25,11.625,218.75,24.375,0.0,0.0,0.06666666666666667,0.0,4808.5,6900.0,14,8.857142857142858,10.785714285714286,143.71428571428572,18.071428571428573,8.5,10.75,225.0,14.75,5832.13,6300.0,14,10.285714285714286,14.214285714285714,176.42857142857142,34.57142857142857,10.0,12.5,212.5,34.0,0.0,0.0,0.0,10,0.9257349206349207,0.6968840579710145,83.91964285714286,-1623.63
Flow6010,13,1.959844117648876,0.938,1051.905,0.8409,4,Flow60,1200,0.8765875,False,False,False,True,False,10,2,93.8,84.09,0.08154131540676768,0.05047021878441507,0.8765875,10037.05,-1.2100343899521535,10700.0,35.0,6.2333333333333325,10.075,150.19166666666666,30.558333333333334,5.916666666666666,10.583333333333334,166.66666666666669,22.0,0.0,3.0,0.075,3.0,6363.95,8800.0,20,3.8,6.55,139.05,19.25,5.333333333333333,7.666666666666667,133.33333333333334,10.0,3673.1000000000004,1900.0,15,8.666666666666666,13.6,161.33333333333334,41.86666666666667,6.5,13.5,200.0,34.0,0.0,0.2,0.1,10,1.9332105263157897,0.7231761363636363,60.10885714285714,-4209.150000000001
Flow6010,14,2.0707734680094028,0.9095,1123.995,0.8117,4,Flow60,1200,0.9366625,False,False,False,True,False,10,2,90.95,81.17,0.022292523645816135,0.02454231564597749,0.9366625,9731.49,-1.199762081339713,10700.0,29.0,7.576923076923077,10.55048076923077,144.41346153846155,29.528846153846153,7.0,9.5,145.83333333333331,32.5,0.0,5.0,0.058333333333333334,5.0,6128.7,8800.0,13,5.153846153846154,7.538461538461538,149.07692307692307,19.307692307692307,6.0,8.0,166.66666666666666,18.0,3602.79,1900.0,16,10.0,13.5625,139.75,39.75,8.0,11.0,125.0,47.0,0.0,0.3125,0.15625,10,1.8962052631578947,0.6964431818181818,77.51689655172413,-4374.09
Flow6010,15,1.8112909969829838,0.9796,1120.4850000000001,0.921,4,Flow60,1200,0.9337375000000001,False,False,False,True,False,10,2,97.96000000000001,92.10000000000001,0.10442382022015402,0.05712181600686898,0.9337375000000001,10482.19,-1.2639992822966506,10700.0,35.0,5.825,9.758333333333333,122.54166666666667,33.96666666666667,6.125,9.375,206.25,28.75,3.0,4.0,0.05,7.0,6645.72,8800.0,20,4.25,6.85,114.15,27.8,5.25,7.5,250.0,14.0,3836.4700000000003,1900.0,15,7.4,12.666666666666666,130.93333333333334,40.13333333333333,7.0,11.25,162.5,43.5,0.15,0.26666666666666666,0.20833333333333331,10,2.0191947368421053,0.7551954545454546,64.0277142857143,-4090.75
Flow6010,16,1.3153596234703198,0.974,1327.715,1.0764,4,Flow60,1200,1.1064291666666666,False,False,False,True,False,10,2,97.39999999999999,107.64,0.09568380584894128,0.0392085587709255,1.1064291666666666,10421.91,-0.9390468899521532,10700.0,27.0,6.324999999999999,10.358333333333334,147.97500000000002,25.866666666666667,6.666666666666666,8.833333333333332,250.0,31.333333333333332,0.0,1.0,0.09166666666666666,1.0,7103.92,8800.0,12,5.583333333333333,8.25,135.08333333333334,13.666666666666666,6.333333333333333,8.0,200.0,9.0,3317.9900000000002,1900.0,15,7.066666666666666,12.466666666666667,160.86666666666667,38.06666666666667,7.0,9.666666666666666,300.0,53.666666666666664,0.0,0.06666666666666667,0.03333333333333333,10,1.7463105263157896,0.8072636363636364,98.34925925925926,-3114.07
Flow6010,17,4.040415208631249,0.8335,1058.28,0.8615,5,Flow60,1100,0.9620727272727273,False,False,False,False,True,10,2,83.35000000000001,86.15,0.04573918337778748,0.06577039462773104,0.9620727272727273,9751.79,1.9963087365591403,11700.0,28.0,11.020833333333332,14.010416666666668,163.09375,25.260416666666668,12.0,14.583333333333332,204.16666666666669,33.625,0.0,1.0,0.06666666666666667,1.0,5808.710000000001,2400.0,16,9.875,12.1875,151.1875,14.6875,12.0,13.666666666666666,133.33333333333334,12.0,3943.08,9300.0,12,12.166666666666666,15.833333333333334,175.0,35.833333333333336,12.0,15.5,275.0,55.25,0.0,0.08333333333333333,0.041666666666666664,10,0.42398709677419355,2.4202958333333338,75.59142857142857,8765.630000000001
Flow6010,18,2.671595837505322,0.8809,1155.835,1.0232,5,Flow60,1100,1.050759090909091,False,False,False,False,True,10,2,88.09,102.32000000000001,0.04507035432511623,0.030924757779193207,1.050759090909091,10306.63,1.551287634408602,11700.0,26.0,10.854545454545455,13.709090909090909,168.83939393939391,29.884848484848483,10.0,13.375,245.83333333333334,36.25,0.0,6.0,0.125,6.0,5073.5599999999995,2400.0,15,10.8,12.6,154.13333333333333,18.133333333333333,9.0,11.75,225.0,12.5,5233.07,9300.0,11,10.909090909090908,14.818181818181818,183.54545454545453,41.63636363636363,11.0,15.0,266.6666666666667,60.0,0.0,0.5454545454545454,0.2727272727272727,10,0.5626956989247311,2.113983333333333,88.91038461538461,6740.49
Flow6010,19,2.551509285417218,0.8494,1017.46,0.8319,5,Flow60,1100,0.9249636363636364,False,False,False,False,True,10,2,84.94,83.19,0.04763487150521519,0.03563140890715282,0.9249636363636364,9937.779999999999,1.1994025537634405,11700.0,28.0,10.90625,14.375,142.35416666666669,32.71875,10.083333333333332,13.458333333333332,237.5,26.875,1.0,4.0,0.21666666666666667,5.0,4326.61,2400.0,16,10.0625,12.5,151.375,19.1875,9.5,12.25,225.0,11.75,5611.17,9300.0,12,11.75,16.25,133.33333333333334,46.25,10.666666666666666,14.666666666666666,250.0,42.0,0.0625,0.3333333333333333,0.19791666666666666,10,0.6033516129032258,1.8027541666666664,72.67571428571429,5615.44
Flow6010,20,1.7006859350585728,0.884,1394.445,0.9625,5,Flow60,1100,1.2676772727272727,False,False,False,False,True,10,2,88.4,96.25,0.061531134763639764,0.03348483896249214,1.2676772727272727,10342.59,1.0105052419354839,11700.0,26.0,11.572727272727272,14.896969696969697,140.7090909090909,32.27878787878788,10.541666666666668,14.25,222.91666666666669,33.875,0.0,4.0,0.08333333333333333,4.0,4049.29,2400.0,15,11.6,14.066666666666666,139.6,18.466666666666665,10.333333333333334,13.5,183.33333333333334,21.5,6293.3,9300.0,11,11.545454545454545,15.727272727272727,141.8181818181818,46.09090909090909,10.75,15.0,262.5,46.25,0.0,0.36363636363636365,0.18181818181818182,10,0.6766989247311828,1.6872041666666666,107.265,4655.99
