period,block,group,interval,ppi,group_id
1,1,CDA1,1,20.0,1
1,1,CDA1,2,20.0,1
1,1,CDA1,3,16.0,1
1,1,CDA1,4,16.0,1
1,1,CDA1,5,2.0,1
1,1,CDA1,6,12.0,1
1,1,CDA1,7,12.0,1
1,1,CDA1,8,12.0,1
1,1,CDA1,9,10.0,1
1,1,CDA1,10,12.0,1
1,1,CDA1,11,12.0,1
1,1,CDA1,12,13.899999999999999,1
1,1,CDA1,13,9.899999999999999,1
1,1,CDA1,14,2.0,1
1,1,CDA1,15,2.0,1
1,1,CDA1,16,2.0,1
1,1,CDA1,17,4.0,1
1,1,CDA1,18,5.0,1
1,1,CDA1,19,5.0,1
1,1,CDA1,20,5.0,1
1,1,CDA1,21,2.0,1
1,1,CDA1,22,2.0,1
1,1,CDA1,23,13.0,1
1,1,CDA1,24,13.0,1
1,1,CDA1,25,13.0,1
1,1,CDA1,26,9.0,1
1,1,CDA1,27,3.0,1
1,1,CDA1,28,6.0,1
1,1,CDA1,29,6.0,1
1,1,CDA1,30,6.0,1
1,1,CDA1,31,3.0,1
1,1,CDA1,32,3.0,1
1,1,CDA1,33,3.0,1
1,1,CDA1,34,3.0,1
1,1,CDA1,35,1.0,1
1,1,CDA1,36,1.0,1
1,1,CDA1,37,1.0,1
1,1,CDA1,38,1.0,1
1,1,CDA1,39,4.0,1
1,1,CDA1,40,1.0,1
1,1,CDA1,41,1.0,1
1,1,CDA1,42,1.0,1
1,1,CDA1,43,1.0,1
1,1,CDA1,44,1.0,1
1,1,CDA1,45,3.0,1
1,1,CDA1,46,3.0,1
1,1,CDA1,47,1.0,1
1,1,CDA1,48,1.0,1
1,1,CDA1,49,1.0,1
1,1,CDA1,50,1.0,1
1,1,CDA1,51,1.0,1
1,1,CDA1,52,1.0,1
1,1,CDA1,53,1.0,1
1,1,CDA1,54,1.0,1
1,1,CDA1,55,5.0,1
1,1,CDA1,56,5.0,1
1,1,CDA1,57,7.0,1
1,1,CDA1,58,7.0,1
1,1,CDA1,59,7.0,1
1,1,CDA1,60,2.0,1
2,1,CDA1,1,20.0,1
2,1,CDA1,2,20.0,1
2,1,CDA1,3,20.0,1
2,1,CDA1,4,14.0,1
2,1,CDA1,5,6.0,1
2,1,CDA1,6,6.0,1
2,1,CDA1,7,14.0,1
2,1,CDA1,8,6.0,1
2,1,CDA1,9,6.0,1
2,1,CDA1,10,6.0,1
2,1,CDA1,11,8.0,1
2,1,CDA1,12,8.0,1
2,1,CDA1,13,4.0,1
2,1,CDA1,14,4.0,1
2,1,CDA1,15,4.0,1
2,1,CDA1,16,4.0,1
2,1,CDA1,17,3.0,1
2,1,CDA1,18,3.0,1
2,1,CDA1,19,3.0,1
2,1,CDA1,20,7.0,1
2,1,CDA1,21,4.0,1
2,1,CDA1,22,5.0,1
2,1,CDA1,23,5.0,1
2,1,CDA1,24,5.0,1
2,1,CDA1,25,5.0,1
2,1,CDA1,26,5.0,1
2,1,CDA1,27,5.0,1
2,1,CDA1,28,5.0,1
2,1,CDA1,29,5.0,1
2,1,CDA1,30,5.0,1
2,1,CDA1,31,5.0,1
2,1,CDA1,32,5.0,1
2,1,CDA1,33,9.0,1
2,1,CDA1,34,7.0,1
2,1,CDA1,35,1.0,1
2,1,CDA1,36,1.0,1
2,1,CDA1,37,1.0,1
2,1,CDA1,38,1.0,1
2,1,CDA1,39,1.0,1
2,1,CDA1,40,1.0,1
2,1,CDA1,41,1.0,1
2,1,CDA1,42,4.0,1
2,1,CDA1,43,2.0,1
2,1,CDA1,44,2.0,1
2,1,CDA1,45,2.0,1
2,1,CDA1,46,8.0,1
2,1,CDA1,47,7.95,1
2,1,CDA1,48,7.95,1
2,1,CDA1,49,7.9,1
2,1,CDA1,50,7.9,1
2,1,CDA1,51,7.9,1
2,1,CDA1,52,2.0,1
2,1,CDA1,53,2.0,1
2,1,CDA1,54,2.0,1
2,1,CDA1,55,2.0,1
2,1,CDA1,56,2.0,1
2,1,CDA1,57,2.0,1
2,1,CDA1,58,1.0,1
2,1,CDA1,59,1.0,1
2,1,CDA1,60,1.0,1
3,1,CDA1,1,20.0,1
3,1,CDA1,2,20.0,1
3,1,CDA1,3,12.0,1
3,1,CDA1,4,8.0,1
3,1,CDA1,5,6.0,1
3,1,CDA1,6,6.0,1
3,1,CDA1,7,5.0,1
3,1,CDA1,8,5.0,1
3,1,CDA1,9,5.0,1
3,1,CDA1,10,5.0,1
3,1,CDA1,11,5.0,1
3,1,CDA1,12,5.0,1
3,1,CDA1,13,5.0,1
3,1,CDA1,14,4.0,1
3,1,CDA1,15,4.0,1
3,1,CDA1,16,4.0,1
3,1,CDA1,17,4.0,1
3,1,CDA1,18,4.0,1
3,1,CDA1,19,4.0,1
3,1,CDA1,20,4.0,1
3,1,CDA1,21,4.0,1
3,1,CDA1,22,4.0,1
3,1,CDA1,23,10.0,1
3,1,CDA1,24,9.95,1
3,1,CDA1,25,9.95,1
3,1,CDA1,26,10.0,1
3,1,CDA1,27,10.0,1
3,1,CDA1,28,10.0,1
3,1,CDA1,29,10.0,1
3,1,CDA1,30,2.0,1
3,1,CDA1,31,2.0,1
3,1,CDA1,32,2.0,1
3,1,CDA1,33,2.0,1
3,1,CDA1,34,2.0,1
3,1,CDA1,35,2.0,1
3,1,CDA1,36,10.0,1
3,1,CDA1,37,8.0,1
3,1,CDA1,38,7.95,1
3,1,CDA1,39,7.95,1
3,1,CDA1,40,8.0,1
3,1,CDA1,41,8.0,1
3,1,CDA1,42,8.0,1
3,1,CDA1,43,2.0,1
3,1,CDA1,44,4.0,1
3,1,CDA1,45,4.0,1
3,1,CDA1,46,4.0,1
3,1,CDA1,47,4.0,1
3,1,CDA1,48,2.4000000000000004,1
3,1,CDA1,49,2.3000000000000007,1
3,1,CDA1,50,2.3000000000000007,1
3,1,CDA1,51,2.1500000000000004,1
3,1,CDA1,52,2.1500000000000004,1
3,1,CDA1,53,4.0,1
3,1,CDA1,54,4.0,1
3,1,CDA1,55,4.0,1
3,1,CDA1,56,4.0,1
3,1,CDA1,57,11.0,1
3,1,CDA1,58,11.0,1
3,1,CDA1,59,3.0,1
3,1,CDA1,60,3.0,1
4,1,CDA1,1,20.0,1
4,1,CDA1,2,19.95,1
4,1,CDA1,3,15.0,1
4,1,CDA1,4,8.0,1
4,1,CDA1,5,1.0,1
4,1,CDA1,6,5.0,1
4,1,CDA1,7,5.0,1
4,1,CDA1,8,15.0,1
4,1,CDA1,9,15.0,1
4,1,CDA1,10,3.0,1
4,1,CDA1,11,3.0,1
4,1,CDA1,12,3.0,1
4,1,CDA1,13,5.0,1
4,1,CDA1,14,5.0,1
4,1,CDA1,15,7.0,1
4,1,CDA1,16,7.0,1
4,1,CDA1,17,1.0,1
4,1,CDA1,18,1.0,1
4,1,CDA1,19,7.0,1
4,1,CDA1,20,2.0,1
4,1,CDA1,21,1.0,1
4,1,CDA1,22,1.0,1
4,1,CDA1,23,3.0,1
4,1,CDA1,24,3.0,1
4,1,CDA1,25,3.0,1
4,1,CDA1,26,6.0,1
4,1,CDA1,27,6.0,1
4,1,CDA1,28,6.0,1
4,1,CDA1,29,3.0,1
4,1,CDA1,30,3.0,1
4,1,CDA1,31,3.0,1
4,1,CDA1,32,2.0,1
4,1,CDA1,33,10.0,1
4,1,CDA1,34,10.0,1
4,1,CDA1,35,10.0,1
4,1,CDA1,36,10.0,1
4,1,CDA1,37,10.0,1
4,1,CDA1,38,1.0,1
4,1,CDA1,39,1.0,1
4,1,CDA1,40,6.0,1
4,1,CDA1,41,4.0,1
4,1,CDA1,42,5.0,1
4,1,CDA1,43,5.0,1
4,1,CDA1,44,5.0,1
4,1,CDA1,45,9.0,1
4,1,CDA1,46,7.95,1
4,1,CDA1,47,7.9,1
4,1,CDA1,48,7.9,1
4,1,CDA1,49,7.95,1
4,1,CDA1,50,7.95,1
4,1,CDA1,51,8.95,1
4,1,CDA1,52,8.95,1
4,1,CDA1,53,8.95,1
4,1,CDA1,54,8.95,1
4,1,CDA1,55,8.95,1
4,1,CDA1,56,9.0,1
4,1,CDA1,57,9.0,1
4,1,CDA1,58,1.0,1
4,1,CDA1,59,1.0,1
4,1,CDA1,60,1.0,1
5,2,CDA1,1,20.0,1
5,2,CDA1,2,20.0,1
5,2,CDA1,3,15.0,1
5,2,CDA1,4,2.0,1
5,2,CDA1,5,2.0,1
5,2,CDA1,6,1.0,1
5,2,CDA1,7,1.0,1
5,2,CDA1,8,2.0,1
5,2,CDA1,9,1.0,1
5,2,CDA1,10,1.0,1
5,2,CDA1,11,1.0,1
5,2,CDA1,12,1.0,1
5,2,CDA1,13,1.0,1
5,2,CDA1,14,2.0,1
5,2,CDA1,15,2.0,1
5,2,CDA1,16,2.0,1
5,2,CDA1,17,2.0,1
5,2,CDA1,18,2.0,1
5,2,CDA1,19,2.0,1
5,2,CDA1,20,2.0,1
5,2,CDA1,21,1.0,1
5,2,CDA1,22,1.0,1
5,2,CDA1,23,2.0,1
5,2,CDA1,24,6.0,1
5,2,CDA1,25,6.0,1
5,2,CDA1,26,6.0,1
5,2,CDA1,27,1.0,1
5,2,CDA1,28,1.0,1
5,2,CDA1,29,1.0,1
5,2,CDA1,30,1.0,1
5,2,CDA1,31,1.0,1
5,2,CDA1,32,1.0,1
5,2,CDA1,33,1.0,1
5,2,CDA1,34,1.0,1
5,2,CDA1,35,1.0,1
5,2,CDA1,36,1.0,1
5,2,CDA1,37,1.0,1
5,2,CDA1,38,1.0,1
5,2,CDA1,39,1.0,1
5,2,CDA1,40,1.0,1
5,2,CDA1,41,2.0,1
5,2,CDA1,42,2.0,1
5,2,CDA1,43,2.0,1
5,2,CDA1,44,3.0,1
5,2,CDA1,45,3.0,1
5,2,CDA1,46,3.0,1
5,2,CDA1,47,1.0,1
5,2,CDA1,48,1.0,1
5,2,CDA1,49,1.0,1
5,2,CDA1,50,1.0,1
5,2,CDA1,51,1.0,1
5,2,CDA1,52,1.0,1
5,2,CDA1,53,1.0,1
5,2,CDA1,54,3.0,1
5,2,CDA1,55,6.25,1
5,2,CDA1,56,6.25,1
5,2,CDA1,57,4.0,1
5,2,CDA1,58,14.0,1
5,2,CDA1,59,1.0,1
5,2,CDA1,60,1.0,1
6,2,CDA1,1,20.0,1
6,2,CDA1,2,20.0,1
6,2,CDA1,3,10.0,1
6,2,CDA1,4,10.0,1
6,2,CDA1,5,10.0,1
6,2,CDA1,6,1.0,1
6,2,CDA1,7,1.0,1
6,2,CDA1,8,12.0,1
6,2,CDA1,9,12.0,1
6,2,CDA1,10,12.0,1
6,2,CDA1,11,14.0,1
6,2,CDA1,12,14.0,1
6,2,CDA1,13,1.0,1
6,2,CDA1,14,1.0,1
6,2,CDA1,15,1.0,1
6,2,CDA1,16,1.0,1
6,2,CDA1,17,1.0,1
6,2,CDA1,18,3.0,1
6,2,CDA1,19,2.0,1
6,2,CDA1,20,2.0,1
6,2,CDA1,21,2.0,1
6,2,CDA1,22,1.0999999999999996,1
6,2,CDA1,23,1.0999999999999996,1
6,2,CDA1,24,1.0,1
6,2,CDA1,25,1.0,1
6,2,CDA1,26,1.0,1
6,2,CDA1,27,1.0,1
6,2,CDA1,28,3.0,1
6,2,CDA1,29,2.0,1
6,2,CDA1,30,2.0,1
6,2,CDA1,31,5.0,1
6,2,CDA1,32,5.0,1
6,2,CDA1,33,5.0,1
6,2,CDA1,34,2.0,1
6,2,CDA1,35,1.0,1
6,2,CDA1,36,1.0,1
6,2,CDA1,37,2.0,1
6,2,CDA1,38,1.0,1
6,2,CDA1,39,1.0,1
6,2,CDA1,40,1.0,1
6,2,CDA1,41,2.0,1
6,2,CDA1,42,6.0,1
6,2,CDA1,43,7.0,1
6,2,CDA1,44,8.0,1
6,2,CDA1,45,8.0,1
6,2,CDA1,46,3.0,1
6,2,CDA1,47,3.0,1
6,2,CDA1,48,3.0,1
6,2,CDA1,49,3.0,1
6,2,CDA1,50,3.0,1
6,2,CDA1,51,6.0,1
6,2,CDA1,52,3.0,1
6,2,CDA1,53,3.0,1
6,2,CDA1,54,4.95,1
6,2,CDA1,55,4.95,1
6,2,CDA1,56,4.95,1
6,2,CDA1,57,4.95,1
6,2,CDA1,58,5.0,1
6,2,CDA1,59,4.95,1
6,2,CDA1,60,5.0,1
7,2,CDA1,1,20.0,1
7,2,CDA1,2,20.0,1
7,2,CDA1,3,12.0,1
7,2,CDA1,4,12.0,1
7,2,CDA1,5,2.0,1
7,2,CDA1,6,1.0,1
7,2,CDA1,7,3.0,1
7,2,CDA1,8,1.0,1
7,2,CDA1,9,1.0,1
7,2,CDA1,10,1.0,1
7,2,CDA1,11,1.0,1
7,2,CDA1,12,1.0,1
7,2,CDA1,13,1.0,1
7,2,CDA1,14,1.0,1
7,2,CDA1,15,6.0,1
7,2,CDA1,16,6.0,1
7,2,CDA1,17,5.0,1
7,2,CDA1,18,1.0,1
7,2,CDA1,19,1.0,1
7,2,CDA1,20,1.0,1
7,2,CDA1,21,1.0,1
7,2,CDA1,22,1.0,1
7,2,CDA1,23,1.0,1
7,2,CDA1,24,1.0,1
7,2,CDA1,25,1.0,1
7,2,CDA1,26,1.0,1
7,2,CDA1,27,6.0,1
7,2,CDA1,28,6.0,1
7,2,CDA1,29,1.0,1
7,2,CDA1,30,1.0,1
7,2,CDA1,31,5.0,1
7,2,CDA1,32,5.0,1
7,2,CDA1,33,5.0,1
7,2,CDA1,34,2.0,1
7,2,CDA1,35,3.0,1
7,2,CDA1,36,3.0,1
7,2,CDA1,37,2.0,1
7,2,CDA1,38,4.0,1
7,2,CDA1,39,1.0,1
7,2,CDA1,40,2.0,1
7,2,CDA1,41,2.0,1
7,2,CDA1,42,1.0,1
7,2,CDA1,43,1.0,1
7,2,CDA1,44,5.0,1
7,2,CDA1,45,5.0,1
7,2,CDA1,46,6.0,1
7,2,CDA1,47,1.0,1
7,2,CDA1,48,1.0,1
7,2,CDA1,49,1.0,1
7,2,CDA1,50,4.95,1
7,2,CDA1,51,5.0,1
7,2,CDA1,52,5.0,1
7,2,CDA1,53,4.0,1
7,2,CDA1,54,4.0,1
7,2,CDA1,55,4.0,1
7,2,CDA1,56,1.0,1
7,2,CDA1,57,1.0,1
7,2,CDA1,58,1.0,1
7,2,CDA1,59,1.0,1
7,2,CDA1,60,6.0,1
8,2,CDA1,1,20.0,1
8,2,CDA1,2,20.0,1
8,2,CDA1,3,15.0,1
8,2,CDA1,4,12.0,1
8,2,CDA1,5,3.0,1
8,2,CDA1,6,3.0,1
8,2,CDA1,7,1.0,1
8,2,CDA1,8,1.0,1
8,2,CDA1,9,1.0,1
8,2,CDA1,10,1.0,1
8,2,CDA1,11,1.0,1
8,2,CDA1,12,2.0,1
8,2,CDA1,13,2.0,1
8,2,CDA1,14,3.0,1
8,2,CDA1,15,1.0,1
8,2,CDA1,16,1.0,1
8,2,CDA1,17,2.0,1
8,2,CDA1,18,1.0,1
8,2,CDA1,19,1.0,1
8,2,CDA1,20,1.0,1
8,2,CDA1,21,1.0,1
8,2,CDA1,22,6.0,1
8,2,CDA1,23,6.0,1
8,2,CDA1,24,6.0,1
8,2,CDA1,25,1.0,1
8,2,CDA1,26,1.0,1
8,2,CDA1,27,1.0,1
8,2,CDA1,28,1.0,1
8,2,CDA1,29,1.0,1
8,2,CDA1,30,1.0,1
8,2,CDA1,31,1.0,1
8,2,CDA1,32,1.0,1
8,2,CDA1,33,1.0,1
8,2,CDA1,34,1.0,1
8,2,CDA1,35,1.0,1
8,2,CDA1,36,1.0,1
8,2,CDA1,37,4.0,1
8,2,CDA1,38,4.0,1
8,2,CDA1,39,4.0,1
8,2,CDA1,40,1.0,1
8,2,CDA1,41,2.0,1
8,2,CDA1,42,2.0,1
8,2,CDA1,43,2.0,1
8,2,CDA1,44,1.0,1
8,2,CDA1,45,1.0,1
8,2,CDA1,46,1.0,1
8,2,CDA1,47,1.0,1
8,2,CDA1,48,1.0,1
8,2,CDA1,49,1.0,1
8,2,CDA1,50,2.0,1
8,2,CDA1,51,2.0,1
8,2,CDA1,52,2.0,1
8,2,CDA1,53,1.2000000000000002,1
8,2,CDA1,54,2.0,1
8,2,CDA1,55,2.0,1
8,2,CDA1,56,2.0,1
8,2,CDA1,57,2.0,1
8,2,CDA1,58,1.0,1
8,2,CDA1,59,1.0,1
8,2,CDA1,60,1.0,1
9,3,CDA1,1,20.0,1
9,3,CDA1,2,20.0,1
9,3,CDA1,3,14.0,1
9,3,CDA1,4,1.0,1
9,3,CDA1,5,1.0,1
9,3,CDA1,6,3.0,1
9,3,CDA1,7,3.0,1
9,3,CDA1,8,2.0,1
9,3,CDA1,9,6.0,1
9,3,CDA1,10,5.0,1
9,3,CDA1,11,5.0,1
9,3,CDA1,12,4.0,1
9,3,CDA1,13,4.0,1
9,3,CDA1,14,13.5,1
9,3,CDA1,15,2.0,1
9,3,CDA1,16,2.0,1
9,3,CDA1,17,2.0,1
9,3,CDA1,18,2.0,1
9,3,CDA1,19,2.0,1
9,3,CDA1,20,2.0,1
9,3,CDA1,21,2.0,1
9,3,CDA1,22,2.0,1
9,3,CDA1,23,2.0,1
9,3,CDA1,24,2.0,1
9,3,CDA1,25,2.0,1
9,3,CDA1,26,2.0,1
9,3,CDA1,27,2.0,1
9,3,CDA1,28,7.0,1
9,3,CDA1,29,7.0,1
9,3,CDA1,30,7.0,1
9,3,CDA1,31,1.0,1
9,3,CDA1,32,1.0,1
9,3,CDA1,33,5.0,1
9,3,CDA1,34,5.0,1
9,3,CDA1,35,5.0,1
9,3,CDA1,36,6.0,1
9,3,CDA1,37,6.0,1
9,3,CDA1,38,6.0,1
9,3,CDA1,39,6.0,1
9,3,CDA1,40,6.0,1
9,3,CDA1,41,6.0,1
9,3,CDA1,42,6.0,1
9,3,CDA1,43,1.0,1
9,3,CDA1,44,1.0,1
9,3,CDA1,45,1.0,1
9,3,CDA1,46,6.0,1
9,3,CDA1,47,5.0,1
9,3,CDA1,48,5.0,1
9,3,CDA1,49,5.0,1
9,3,CDA1,50,5.0,1
9,3,CDA1,51,2.0,1
9,3,CDA1,52,2.0,1
9,3,CDA1,53,2.0,1
9,3,CDA1,54,2.0,1
9,3,CDA1,55,2.0,1
9,3,CDA1,56,2.0,1
9,3,CDA1,57,2.0,1
9,3,CDA1,58,1.0,1
9,3,CDA1,59,1.0,1
9,3,CDA1,60,1.0,1
10,3,CDA1,1,20.0,1
10,3,CDA1,2,20.0,1
10,3,CDA1,3,3.0,1
10,3,CDA1,4,5.0,1
10,3,CDA1,5,2.0,1
10,3,CDA1,6,2.0,1
10,3,CDA1,7,2.0,1
10,3,CDA1,8,5.0,1
10,3,CDA1,9,16.0,1
10,3,CDA1,10,2.0,1
10,3,CDA1,11,2.0,1
10,3,CDA1,12,2.0,1
10,3,CDA1,13,2.0,1
10,3,CDA1,14,2.0,1
10,3,CDA1,15,6.0,1
10,3,CDA1,16,6.0,1
10,3,CDA1,17,6.0,1
10,3,CDA1,18,3.0,1
10,3,CDA1,19,2.0,1
10,3,CDA1,20,2.0,1
10,3,CDA1,21,3.0,1
10,3,CDA1,22,6.0,1
10,3,CDA1,23,5.0,1
10,3,CDA1,24,5.0,1
10,3,CDA1,25,5.0,1
10,3,CDA1,26,5.0,1
10,3,CDA1,27,5.0,1
10,3,CDA1,28,9.0,1
10,3,CDA1,29,9.0,1
10,3,CDA1,30,9.0,1
10,3,CDA1,31,9.0,1
10,3,CDA1,32,9.0,1
10,3,CDA1,33,9.0,1
10,3,CDA1,34,6.0,1
10,3,CDA1,35,6.0,1
10,3,CDA1,36,6.0,1
10,3,CDA1,37,6.0,1
10,3,CDA1,38,6.0,1
10,3,CDA1,39,1.0,1
10,3,CDA1,40,1.0,1
10,3,CDA1,41,1.0,1
10,3,CDA1,42,1.0,1
10,3,CDA1,43,1.0,1
10,3,CDA1,44,3.0,1
10,3,CDA1,45,3.0,1
10,3,CDA1,46,1.0,1
10,3,CDA1,47,1.0,1
10,3,CDA1,48,1.0,1
10,3,CDA1,49,1.0,1
10,3,CDA1,50,4.05,1
10,3,CDA1,51,4.05,1
10,3,CDA1,52,6.0,1
10,3,CDA1,53,6.0,1
10,3,CDA1,54,6.0,1
10,3,CDA1,55,6.0,1
10,3,CDA1,56,1.0,1
10,3,CDA1,57,1.0,1
10,3,CDA1,58,1.0,1
10,3,CDA1,59,1.0,1
10,3,CDA1,60,1.0,1
11,3,CDA1,1,20.0,1
11,3,CDA1,2,19.0,1
11,3,CDA1,3,8.0,1
11,3,CDA1,4,3.0,1
11,3,CDA1,5,3.0,1
11,3,CDA1,6,3.0,1
11,3,CDA1,7,7.0,1
11,3,CDA1,8,8.0,1
11,3,CDA1,9,6.0,1
11,3,CDA1,10,2.0,1
11,3,CDA1,11,4.0,1
11,3,CDA1,12,4.0,1
11,3,CDA1,13,4.0,1
11,3,CDA1,14,4.0,1
11,3,CDA1,15,2.0,1
11,3,CDA1,16,6.0,1
11,3,CDA1,17,1.0,1
11,3,CDA1,18,1.0,1
11,3,CDA1,19,1.0,1
11,3,CDA1,20,1.0,1
11,3,CDA1,21,1.0,1
11,3,CDA1,22,1.0,1
11,3,CDA1,23,1.0,1
11,3,CDA1,24,1.0,1
11,3,CDA1,25,1.0,1
11,3,CDA1,26,1.0,1
11,3,CDA1,27,1.0,1
11,3,CDA1,28,1.0,1
11,3,CDA1,29,1.0,1
11,3,CDA1,30,1.0,1
11,3,CDA1,31,1.0,1
11,3,CDA1,32,1.0,1
11,3,CDA1,33,5.0,1
11,3,CDA1,34,5.0,1
11,3,CDA1,35,5.0,1
11,3,CDA1,36,5.0,1
11,3,CDA1,37,5.0,1
11,3,CDA1,38,5.0,1
11,3,CDA1,39,2.0,1
11,3,CDA1,40,1.0,1
11,3,CDA1,41,1.0,1
11,3,CDA1,42,5.0,1
11,3,CDA1,43,5.0,1
11,3,CDA1,44,5.0,1
11,3,CDA1,45,5.0,1
11,3,CDA1,46,5.0,1
11,3,CDA1,47,5.0,1
11,3,CDA1,48,5.0,1
11,3,CDA1,49,5.0,1
11,3,CDA1,50,5.0,1
11,3,CDA1,51,5.0,1
11,3,CDA1,52,5.0,1
11,3,CDA1,53,5.0,1
11,3,CDA1,54,5.0,1
11,3,CDA1,55,5.0,1
11,3,CDA1,56,5.0,1
11,3,CDA1,57,5.0,1
11,3,CDA1,58,5.0,1
11,3,CDA1,59,5.0,1
11,3,CDA1,60,4.0,1
12,3,CDA1,1,20.0,1
12,3,CDA1,2,16.0,1
12,3,CDA1,3,3.0,1
12,3,CDA1,4,4.0,1
12,3,CDA1,5,9.0,1
12,3,CDA1,6,6.0,1
12,3,CDA1,7,6.0,1
12,3,CDA1,8,1.0,1
12,3,CDA1,9,5.0,1
12,3,CDA1,10,5.0,1
12,3,CDA1,11,5.0,1
12,3,CDA1,12,5.0,1
12,3,CDA1,13,5.0,1
12,3,CDA1,14,5.0,1
12,3,CDA1,15,5.0,1
12,3,CDA1,16,6.0,1
12,3,CDA1,17,6.0,1
12,3,CDA1,18,6.0,1
12,3,CDA1,19,6.0,1
12,3,CDA1,20,6.0,1
12,3,CDA1,21,6.0,1
12,3,CDA1,22,6.0,1
12,3,CDA1,23,6.0,1
12,3,CDA1,24,5.0,1
12,3,CDA1,25,6.0,1
12,3,CDA1,26,6.0,1
12,3,CDA1,27,6.0,1
12,3,CDA1,28,6.0,1
12,3,CDA1,29,6.0,1
12,3,CDA1,30,2.0,1
12,3,CDA1,31,2.0,1
12,3,CDA1,32,5.0,1
12,3,CDA1,33,5.0,1
12,3,CDA1,34,5.0,1
12,3,CDA1,35,5.0,1
12,3,CDA1,36,5.0,1
12,3,CDA1,37,5.0,1
12,3,CDA1,38,6.0,1
12,3,CDA1,39,6.0,1
12,3,CDA1,40,6.0,1
12,3,CDA1,41,6.0,1
12,3,CDA1,42,1.0,1
12,3,CDA1,43,4.0,1
12,3,CDA1,44,5.0,1
12,3,CDA1,45,5.0,1
12,3,CDA1,46,5.0,1
12,3,CDA1,47,5.0,1
12,3,CDA1,48,5.0,1
12,3,CDA1,49,5.0,1
12,3,CDA1,50,5.0,1
12,3,CDA1,51,5.0,1
12,3,CDA1,52,5.0,1
12,3,CDA1,53,4.0,1
12,3,CDA1,54,5.0,1
12,3,CDA1,55,5.0,1
12,3,CDA1,56,5.0,1
12,3,CDA1,57,4.0,1
12,3,CDA1,58,4.0,1
12,3,CDA1,59,4.0,1
12,3,CDA1,60,4.0,1
13,4,CDA1,1,20.0,1
13,4,CDA1,2,20.0,1
13,4,CDA1,3,4.0,1
13,4,CDA1,4,5.0,1
13,4,CDA1,5,3.0,1
13,4,CDA1,6,4.0,1
13,4,CDA1,7,5.0,1
13,4,CDA1,8,5.0,1
13,4,CDA1,9,17.0,1
13,4,CDA1,10,1.0,1
13,4,CDA1,11,4.0,1
13,4,CDA1,12,4.0,1
13,4,CDA1,13,3.0,1
13,4,CDA1,14,3.0,1
13,4,CDA1,15,6.0,1
13,4,CDA1,16,6.0,1
13,4,CDA1,17,5.95,1
13,4,CDA1,18,5.95,1
13,4,CDA1,19,5.95,1
13,4,CDA1,20,5.95,1
13,4,CDA1,21,6.0,1
13,4,CDA1,22,6.0,1
13,4,CDA1,23,6.0,1
13,4,CDA1,24,4.0,1
13,4,CDA1,25,7.0,1
13,4,CDA1,26,7.0,1
13,4,CDA1,27,7.0,1
13,4,CDA1,28,7.0,1
13,4,CDA1,29,4.0,1
13,4,CDA1,30,2.0,1
13,4,CDA1,31,2.0,1
13,4,CDA1,32,2.0,1
13,4,CDA1,33,1.0,1
13,4,CDA1,34,1.0,1
13,4,CDA1,35,1.0,1
13,4,CDA1,36,1.0,1
13,4,CDA1,37,1.0,1
13,4,CDA1,38,1.0,1
13,4,CDA1,39,2.0,1
13,4,CDA1,40,6.0,1
13,4,CDA1,41,5.0,1
13,4,CDA1,42,5.0,1
13,4,CDA1,43,4.0,1
13,4,CDA1,44,4.0,1
13,4,CDA1,45,4.0,1
13,4,CDA1,46,4.0,1
13,4,CDA1,47,3.95,1
13,4,CDA1,48,4.95,1
13,4,CDA1,49,1.0,1
13,4,CDA1,50,1.0,1
13,4,CDA1,51,1.0,1
13,4,CDA1,52,1.0,1
13,4,CDA1,53,1.0,1
13,4,CDA1,54,2.0,1
13,4,CDA1,55,5.95,1
13,4,CDA1,56,5.95,1
13,4,CDA1,57,5.95,1
13,4,CDA1,58,5.95,1
13,4,CDA1,59,5.95,1
13,4,CDA1,60,6.0,1
14,4,CDA1,1,20.0,1
14,4,CDA1,2,20.0,1
14,4,CDA1,3,19.0,1
14,4,CDA1,4,8.0,1
14,4,CDA1,5,3.0,1
14,4,CDA1,6,3.0,1
14,4,CDA1,7,4.0,1
14,4,CDA1,8,6.0,1
14,4,CDA1,9,5.0,1
14,4,CDA1,10,4.0,1
14,4,CDA1,11,4.0,1
14,4,CDA1,12,1.0,1
14,4,CDA1,13,2.0,1
14,4,CDA1,14,2.0,1
14,4,CDA1,15,2.0,1
14,4,CDA1,16,7.0,1
14,4,CDA1,17,7.0,1
14,4,CDA1,18,6.0,1
14,4,CDA1,19,6.0,1
14,4,CDA1,20,6.0,1
14,4,CDA1,21,6.0,1
14,4,CDA1,22,6.0,1
14,4,CDA1,23,5.25,1
14,4,CDA1,24,5.25,1
14,4,CDA1,25,1.5,1
14,4,CDA1,26,5.5,1
14,4,CDA1,27,5.5,1
14,4,CDA1,28,5.0,1
14,4,CDA1,29,5.0,1
14,4,CDA1,30,5.0,1
14,4,CDA1,31,5.0,1
14,4,CDA1,32,5.0,1
14,4,CDA1,33,4.0,1
14,4,CDA1,34,3.0,1
14,4,CDA1,35,3.0,1
14,4,CDA1,36,5.0,1
14,4,CDA1,37,5.0,1
14,4,CDA1,38,5.0,1
14,4,CDA1,39,5.0,1
14,4,CDA1,40,1.0,1
14,4,CDA1,41,5.0,1
14,4,CDA1,42,5.0,1
14,4,CDA1,43,5.0,1
14,4,CDA1,44,5.0,1
14,4,CDA1,45,5.0,1
14,4,CDA1,46,5.0,1
14,4,CDA1,47,5.0,1
14,4,CDA1,48,1.0,1
14,4,CDA1,49,5.0,1
14,4,CDA1,50,5.0,1
14,4,CDA1,51,5.0,1
14,4,CDA1,52,5.0,1
14,4,CDA1,53,5.0,1
14,4,CDA1,54,5.0,1
14,4,CDA1,55,5.0,1
14,4,CDA1,56,3.0,1
14,4,CDA1,57,3.0,1
14,4,CDA1,58,3.0,1
14,4,CDA1,59,3.0,1
14,4,CDA1,60,3.0,1
15,4,CDA1,1,20.0,1
15,4,CDA1,2,20.0,1
15,4,CDA1,3,6.0,1
15,4,CDA1,4,9.0,1
15,4,CDA1,5,1.0,1
15,4,CDA1,6,6.0,1
15,4,CDA1,7,7.0,1
15,4,CDA1,8,2.0,1
15,4,CDA1,9,2.0,1
15,4,CDA1,10,5.0,1
15,4,CDA1,11,1.0,1
15,4,CDA1,12,5.0,1
15,4,CDA1,13,2.0,1
15,4,CDA1,14,2.0,1
15,4,CDA1,15,2.0,1
15,4,CDA1,16,1.0,1
15,4,CDA1,17,12.0,1
15,4,CDA1,18,7.0,1
15,4,CDA1,19,4.0,1
15,4,CDA1,20,4.0,1
15,4,CDA1,21,3.0,1
15,4,CDA1,22,4.0,1
15,4,CDA1,23,2.0,1
15,4,CDA1,24,2.0,1
15,4,CDA1,25,1.0,1
15,4,CDA1,26,2.0,1
15,4,CDA1,27,2.0,1
15,4,CDA1,28,2.0,1
15,4,CDA1,29,2.0,1
15,4,CDA1,30,2.0,1
15,4,CDA1,31,1.0,1
15,4,CDA1,32,1.0,1
15,4,CDA1,33,1.0,1
15,4,CDA1,34,1.0,1
15,4,CDA1,35,1.0,1
15,4,CDA1,36,1.0,1
15,4,CDA1,37,1.0,1
15,4,CDA1,38,1.0,1
15,4,CDA1,39,1.0,1
15,4,CDA1,40,1.0,1
15,4,CDA1,41,1.5499999999999998,1
15,4,CDA1,42,1.5499999999999998,1
15,4,CDA1,43,1.0,1
15,4,CDA1,44,1.0,1
15,4,CDA1,45,1.5499999999999998,1
15,4,CDA1,46,4.0,1
15,4,CDA1,47,4.0,1
15,4,CDA1,48,4.0,1
15,4,CDA1,49,4.0,1
15,4,CDA1,50,6.0,1
15,4,CDA1,51,15.0,1
15,4,CDA1,52,15.0,1
15,4,CDA1,53,5.0,1
15,4,CDA1,54,5.0,1
15,4,CDA1,55,1.0,1
15,4,CDA1,56,5.0,1
15,4,CDA1,57,5.0,1
15,4,CDA1,58,5.0,1
15,4,CDA1,59,6.0,1
15,4,CDA1,60,4.0,1
16,4,CDA1,1,20.0,1
16,4,CDA1,2,20.0,1
16,4,CDA1,3,6.0,1
16,4,CDA1,4,5.2,1
16,4,CDA1,5,5.2,1
16,4,CDA1,6,5.0,1
16,4,CDA1,7,5.0,1
16,4,CDA1,8,5.0,1
16,4,CDA1,9,1.0,1
16,4,CDA1,10,4.0,1
16,4,CDA1,11,4.0,1
16,4,CDA1,12,4.0,1
16,4,CDA1,13,4.0,1
16,4,CDA1,14,4.0,1
16,4,CDA1,15,1.0,1
16,4,CDA1,16,1.0,1
16,4,CDA1,17,1.0,1
16,4,CDA1,18,4.0,1
16,4,CDA1,19,4.0,1
16,4,CDA1,20,4.0,1
16,4,CDA1,21,4.0,1
16,4,CDA1,22,4.0,1
16,4,CDA1,23,4.0,1
16,4,CDA1,24,4.0,1
16,4,CDA1,25,1.0,1
16,4,CDA1,26,4.0,1
16,4,CDA1,27,4.0,1
16,4,CDA1,28,4.0,1
16,4,CDA1,29,4.0,1
16,4,CDA1,30,1.0,1
16,4,CDA1,31,1.0,1
16,4,CDA1,32,4.0,1
16,4,CDA1,33,2.3,1
16,4,CDA1,34,2.3,1
16,4,CDA1,35,1.0,1
16,4,CDA1,36,4.0,1
16,4,CDA1,37,4.0,1
16,4,CDA1,38,4.0,1
16,4,CDA1,39,3.0,1
16,4,CDA1,40,1.0,1
16,4,CDA1,41,1.0,1
16,4,CDA1,42,1.0,1
16,4,CDA1,43,1.0,1
16,4,CDA1,44,1.0,1
16,4,CDA1,45,1.0,1
16,4,CDA1,46,2.0,1
16,4,CDA1,47,2.0,1
16,4,CDA1,48,2.0,1
16,4,CDA1,49,1.0,1
16,4,CDA1,50,1.0,1
16,4,CDA1,51,1.0,1
16,4,CDA1,52,1.0,1
16,4,CDA1,53,1.0,1
16,4,CDA1,54,1.0,1
16,4,CDA1,55,1.5499999999999998,1
16,4,CDA1,56,1.5499999999999998,1
16,4,CDA1,57,1.5499999999999998,1
16,4,CDA1,58,2.0999999999999996,1
16,4,CDA1,59,2.0999999999999996,1
16,4,CDA1,60,2.0999999999999996,1
17,5,CDA1,1,20.0,1
17,5,CDA1,2,20.0,1
17,5,CDA1,3,12.0,1
17,5,CDA1,4,4.0,1
17,5,CDA1,5,10.0,1
17,5,CDA1,6,8.0,1
17,5,CDA1,7,8.0,1
17,5,CDA1,8,8.0,1
17,5,CDA1,9,8.0,1
17,5,CDA1,10,5.0,1
17,5,CDA1,11,10.0,1
17,5,CDA1,12,10.0,1
17,5,CDA1,13,10.0,1
17,5,CDA1,14,2.0,1
17,5,CDA1,15,8.0,1
17,5,CDA1,16,6.0,1
17,5,CDA1,17,8.0,1
17,5,CDA1,18,2.0,1
17,5,CDA1,19,2.0,1
17,5,CDA1,20,2.0,1
17,5,CDA1,21,2.0,1
17,5,CDA1,22,4.0,1
17,5,CDA1,23,4.0,1
17,5,CDA1,24,1.0,1
17,5,CDA1,25,1.0,1
17,5,CDA1,26,7.0,1
17,5,CDA1,27,6.0,1
17,5,CDA1,28,6.0,1
17,5,CDA1,29,6.0,1
17,5,CDA1,30,6.0,1
17,5,CDA1,31,6.0,1
17,5,CDA1,32,1.0,1
17,5,CDA1,33,1.0,1
17,5,CDA1,34,1.0,1
17,5,CDA1,35,3.0,1
17,5,CDA1,36,3.0,1
17,5,CDA1,37,3.0,1
17,5,CDA1,38,6.0,1
17,5,CDA1,39,5.95,1
17,5,CDA1,40,5.95,1
17,5,CDA1,41,5.95,1
17,5,CDA1,42,5.95,1
17,5,CDA1,43,5.95,1
17,5,CDA1,44,7.6000000000000005,1
17,5,CDA1,45,2.6500000000000004,1
17,5,CDA1,46,7.6000000000000005,1
17,5,CDA1,47,7.65,1
17,5,CDA1,48,7.65,1
17,5,CDA1,49,15.0,1
17,5,CDA1,50,15.0,1
17,5,CDA1,51,1.0,1
17,5,CDA1,52,6.0,1
17,5,CDA1,53,4.9,1
17,5,CDA1,54,4.9,1
17,5,CDA1,55,4.9,1
17,5,CDA1,56,4.9,1
17,5,CDA1,57,4.9,1
17,5,CDA1,58,2.0,1
17,5,CDA1,59,2.0,1
17,5,CDA1,60,2.0,1
18,5,CDA1,1,20.0,1
18,5,CDA1,2,20.0,1
18,5,CDA1,3,2.0,1
18,5,CDA1,4,2.0,1
18,5,CDA1,5,6.0,1
18,5,CDA1,6,6.0,1
18,5,CDA1,7,6.0,1
18,5,CDA1,8,1.0,1
18,5,CDA1,9,1.0,1
18,5,CDA1,10,1.0,1
18,5,CDA1,11,1.0,1
18,5,CDA1,12,1.0,1
18,5,CDA1,13,8.0,1
18,5,CDA1,14,3.0,1
18,5,CDA1,15,3.0,1
18,5,CDA1,16,6.0,1
18,5,CDA1,17,3.0,1
18,5,CDA1,18,3.0,1
18,5,CDA1,19,3.0,1
18,5,CDA1,20,3.0,1
18,5,CDA1,21,3.0,1
18,5,CDA1,22,3.0,1
18,5,CDA1,23,3.0,1
18,5,CDA1,24,3.0,1
18,5,CDA1,25,3.0,1
18,5,CDA1,26,3.0,1
18,5,CDA1,27,1.0,1
18,5,CDA1,28,1.0,1
18,5,CDA1,29,3.0,1
18,5,CDA1,30,3.0,1
18,5,CDA1,31,2.0,1
18,5,CDA1,32,2.0,1
18,5,CDA1,33,2.0,1
18,5,CDA1,34,2.0,1
18,5,CDA1,35,2.0,1
18,5,CDA1,36,1.0,1
18,5,CDA1,37,1.0,1
18,5,CDA1,38,1.0,1
18,5,CDA1,39,1.0,1
18,5,CDA1,40,1.0,1
18,5,CDA1,41,1.0,1
18,5,CDA1,42,6.0,1
18,5,CDA1,43,6.0,1
18,5,CDA1,44,2.0,1
18,5,CDA1,45,2.0,1
18,5,CDA1,46,1.0,1
18,5,CDA1,47,1.0,1
18,5,CDA1,48,1.0,1
18,5,CDA1,49,1.0,1
18,5,CDA1,50,9.0,1
18,5,CDA1,51,9.0,1
18,5,CDA1,52,1.0,1
18,5,CDA1,53,9.0,1
18,5,CDA1,54,9.0,1
18,5,CDA1,55,9.0,1
18,5,CDA1,56,9.0,1
18,5,CDA1,57,9.0,1
18,5,CDA1,58,2.0,1
18,5,CDA1,59,9.0,1
18,5,CDA1,60,9.0,1
19,5,CDA1,1,20.0,1
19,5,CDA1,2,5.0,1
19,5,CDA1,3,5.0,1
19,5,CDA1,4,8.0,1
19,5,CDA1,5,8.0,1
19,5,CDA1,6,1.0,1
19,5,CDA1,7,4.0,1
19,5,CDA1,8,8.0,1
19,5,CDA1,9,8.0,1
19,5,CDA1,10,4.0,1
19,5,CDA1,11,4.0,1
19,5,CDA1,12,1.0,1
19,5,CDA1,13,4.0,1
19,5,CDA1,14,4.0,1
19,5,CDA1,15,4.0,1
19,5,CDA1,16,3.0,1
19,5,CDA1,17,3.0,1
19,5,CDA1,18,3.0,1
19,5,CDA1,19,3.0,1
19,5,CDA1,20,1.0,1
19,5,CDA1,21,1.0,1
19,5,CDA1,22,2.0,1
19,5,CDA1,23,2.0,1
19,5,CDA1,24,2.0,1
19,5,CDA1,25,2.0,1
19,5,CDA1,26,2.0,1
19,5,CDA1,27,2.0,1
19,5,CDA1,28,2.0,1
19,5,CDA1,29,2.0,1
19,5,CDA1,30,2.0,1
19,5,CDA1,31,2.0,1
19,5,CDA1,32,2.0,1
19,5,CDA1,33,7.0,1
19,5,CDA1,34,7.0,1
19,5,CDA1,35,7.0,1
19,5,CDA1,36,7.0,1
19,5,CDA1,37,7.0,1
19,5,CDA1,38,7.0,1
19,5,CDA1,39,7.0,1
19,5,CDA1,40,7.0,1
19,5,CDA1,41,3.0,1
19,5,CDA1,42,3.0,1
19,5,CDA1,43,3.0,1
19,5,CDA1,44,3.0,1
19,5,CDA1,45,3.0,1
19,5,CDA1,46,3.0,1
19,5,CDA1,47,3.0,1
19,5,CDA1,48,3.0,1
19,5,CDA1,49,3.0,1
19,5,CDA1,50,3.0,1
19,5,CDA1,51,3.0,1
19,5,CDA1,52,2.5999999999999996,1
19,5,CDA1,53,2.5999999999999996,1
19,5,CDA1,54,2.5999999999999996,1
19,5,CDA1,55,2.5999999999999996,1
19,5,CDA1,56,2.5999999999999996,1
19,5,CDA1,57,2.5999999999999996,1
19,5,CDA1,58,2.5999999999999996,1
19,5,CDA1,59,2.5999999999999996,1
19,5,CDA1,60,2.5999999999999996,1
20,5,CDA1,1,20.0,1
20,5,CDA1,2,14.0,1
20,5,CDA1,3,3.0,1
20,5,CDA1,4,1.0,1
20,5,CDA1,5,1.0,1
20,5,CDA1,6,1.0,1
20,5,CDA1,7,1.0,1
20,5,CDA1,8,1.0,1
20,5,CDA1,9,1.0,1
20,5,CDA1,10,1.0,1
20,5,CDA1,11,1.0,1
20,5,CDA1,12,9.0,1
20,5,CDA1,13,12.0,1
20,5,CDA1,14,9.0,1
20,5,CDA1,15,1.0,1
20,5,CDA1,16,1.0,1
20,5,CDA1,17,1.0,1
20,5,CDA1,18,1.0,1
20,5,CDA1,19,1.0,1
20,5,CDA1,20,1.0,1
20,5,CDA1,21,1.0,1
20,5,CDA1,22,1.0,1
20,5,CDA1,23,1.0,1
20,5,CDA1,24,1.0,1
20,5,CDA1,25,1.0,1
20,5,CDA1,26,8.0,1
20,5,CDA1,27,8.0,1
20,5,CDA1,28,8.0,1
20,5,CDA1,29,1.0,1
20,5,CDA1,30,1.0,1
20,5,CDA1,31,1.0,1
20,5,CDA1,32,8.0,1
20,5,CDA1,33,8.0,1
20,5,CDA1,34,8.0,1
20,5,CDA1,35,1.0,1
20,5,CDA1,36,1.0,1
20,5,CDA1,37,1.0,1
20,5,CDA1,38,1.0,1
20,5,CDA1,39,1.0,1
20,5,CDA1,40,2.0,1
20,5,CDA1,41,2.0,1
20,5,CDA1,42,8.0,1
20,5,CDA1,43,8.0,1
20,5,CDA1,44,1.0,1
20,5,CDA1,45,1.0,1
20,5,CDA1,46,1.0,1
20,5,CDA1,47,1.0,1
20,5,CDA1,48,1.0,1
20,5,CDA1,49,1.0,1
20,5,CDA1,50,1.0,1
20,5,CDA1,51,1.0,1
20,5,CDA1,52,1.0,1
20,5,CDA1,53,1.0,1
20,5,CDA1,54,1.0,1
20,5,CDA1,55,1.0,1
20,5,CDA1,56,1.0,1
20,5,CDA1,57,1.0,1
20,5,CDA1,58,1.0,1
20,5,CDA1,59,1.0,1
20,5,CDA1,60,1.0,1
1,1,CDA2,1,20.0,2
1,1,CDA2,2,20.0,2
1,1,CDA2,3,20.0,2
1,1,CDA2,4,20.0,2
1,1,CDA2,5,12.0,2
1,1,CDA2,6,2.0,2
1,1,CDA2,7,6.0,2
1,1,CDA2,8,12.0,2
1,1,CDA2,9,12.0,2
1,1,CDA2,10,12.0,2
1,1,CDA2,11,2.0,2
1,1,CDA2,12,2.0,2
1,1,CDA2,13,2.0,2
1,1,CDA2,14,10.0,2
1,1,CDA2,15,10.0,2
1,1,CDA2,16,10.0,2
1,1,CDA2,17,10.0,2
1,1,CDA2,18,2.0,2
1,1,CDA2,19,2.0,2
1,1,CDA2,20,12.0,2
1,1,CDA2,21,5.0,2
1,1,CDA2,22,5.0,2
1,1,CDA2,23,5.0,2
1,1,CDA2,24,2.0,2
1,1,CDA2,25,2.0,2
1,1,CDA2,26,2.0,2
1,1,CDA2,27,2.0,2
1,1,CDA2,28,2.0,2
1,1,CDA2,29,2.0,2
1,1,CDA2,30,2.0,2
1,1,CDA2,31,2.0,2
1,1,CDA2,32,2.0,2
1,1,CDA2,33,2.0,2
1,1,CDA2,34,2.0,2
1,1,CDA2,35,2.0,2
1,1,CDA2,36,10.0,2
1,1,CDA2,37,10.0,2
1,1,CDA2,38,10.0,2
1,1,CDA2,39,7.0,2
1,1,CDA2,40,7.0,2
1,1,CDA2,41,7.0,2
1,1,CDA2,42,15.0,2
1,1,CDA2,43,15.0,2
1,1,CDA2,44,15.0,2
1,1,CDA2,45,15.0,2
1,1,CDA2,46,5.0,2
1,1,CDA2,47,5.0,2
1,1,CDA2,48,5.0,2
1,1,CDA2,49,5.0,2
1,1,CDA2,50,5.0,2
1,1,CDA2,51,4.0,2
1,1,CDA2,52,4.0,2
1,1,CDA2,53,4.0,2
1,1,CDA2,54,4.0,2
1,1,CDA2,55,4.0,2
1,1,CDA2,56,6.95,2
1,1,CDA2,57,7.0,2
1,1,CDA2,58,7.0,2
1,1,CDA2,59,7.0,2
1,1,CDA2,60,3.0,2
2,1,CDA2,1,20.0,2
2,1,CDA2,2,20.0,2
2,1,CDA2,3,20.0,2
2,1,CDA2,4,13.0,2
2,1,CDA2,5,13.0,2
2,1,CDA2,6,13.0,2
2,1,CDA2,7,4.0,2
2,1,CDA2,8,4.0,2
2,1,CDA2,9,4.0,2
2,1,CDA2,10,4.0,2
2,1,CDA2,11,5.0,2
2,1,CDA2,12,4.0,2
2,1,CDA2,13,4.0,2
2,1,CDA2,14,1.0,2
2,1,CDA2,15,1.0,2
2,1,CDA2,16,1.0,2
2,1,CDA2,17,1.0,2
2,1,CDA2,18,1.0,2
2,1,CDA2,19,1.0,2
2,1,CDA2,20,1.0,2
2,1,CDA2,21,1.0,2
2,1,CDA2,22,1.0,2
2,1,CDA2,23,1.0,2
2,1,CDA2,24,4.0,2
2,1,CDA2,25,3.0,2
2,1,CDA2,26,8.0,2
2,1,CDA2,27,8.0,2
2,1,CDA2,28,3.0,2
2,1,CDA2,29,3.0,2
2,1,CDA2,30,3.0,2
2,1,CDA2,31,3.0,2
2,1,CDA2,32,3.0,2
2,1,CDA2,33,3.0,2
2,1,CDA2,34,3.0,2
2,1,CDA2,35,3.0,2
2,1,CDA2,36,1.0,2
2,1,CDA2,37,1.0,2
2,1,CDA2,38,1.0,2
2,1,CDA2,39,1.0,2
2,1,CDA2,40,1.0,2
2,1,CDA2,41,2.0,2
2,1,CDA2,42,3.0,2
2,1,CDA2,43,7.0,2
2,1,CDA2,44,1.0,2
2,1,CDA2,45,1.0,2
2,1,CDA2,46,1.0,2
2,1,CDA2,47,1.0,2
2,1,CDA2,48,1.0,2
2,1,CDA2,49,3.0,2
2,1,CDA2,50,3.0,2
2,1,CDA2,51,1.0,2
2,1,CDA2,52,1.0,2
2,1,CDA2,53,1.0,2
2,1,CDA2,54,2.0,2
2,1,CDA2,55,2.0,2
2,1,CDA2,56,7.0,2
2,1,CDA2,57,7.0,2
2,1,CDA2,58,7.0,2
2,1,CDA2,59,7.0,2
2,1,CDA2,60,7.0,2
3,1,CDA2,1,20.0,2
3,1,CDA2,2,20.0,2
3,1,CDA2,3,12.0,2
3,1,CDA2,4,2.0,2
3,1,CDA2,5,2.0,2
3,1,CDA2,6,2.0,2
3,1,CDA2,7,2.0,2
3,1,CDA2,8,2.0,2
3,1,CDA2,9,2.0,2
3,1,CDA2,10,2.0,2
3,1,CDA2,11,2.0,2
3,1,CDA2,12,2.0,2
3,1,CDA2,13,2.0,2
3,1,CDA2,14,2.0,2
3,1,CDA2,15,2.0,2
3,1,CDA2,16,2.0,2
3,1,CDA2,17,1.0,2
3,1,CDA2,18,1.0,2
3,1,CDA2,19,1.0,2
3,1,CDA2,20,1.0,2
3,1,CDA2,21,1.0,2
3,1,CDA2,22,1.0,2
3,1,CDA2,23,1.0,2
3,1,CDA2,24,1.0,2
3,1,CDA2,25,1.0,2
3,1,CDA2,26,1.0,2
3,1,CDA2,27,2.0,2
3,1,CDA2,28,2.0,2
3,1,CDA2,29,2.0,2
3,1,CDA2,30,12.0,2
3,1,CDA2,31,12.0,2
3,1,CDA2,32,9.0,2
3,1,CDA2,33,9.0,2
3,1,CDA2,34,9.0,2
3,1,CDA2,35,6.0,2
3,1,CDA2,36,6.0,2
3,1,CDA2,37,3.0,2
3,1,CDA2,38,3.0,2
3,1,CDA2,39,3.0,2
3,1,CDA2,40,4.0,2
3,1,CDA2,41,1.0,2
3,1,CDA2,42,3.0,2
3,1,CDA2,43,3.0,2
3,1,CDA2,44,3.0,2
3,1,CDA2,45,3.0,2
3,1,CDA2,46,3.0,2
3,1,CDA2,47,3.0,2
3,1,CDA2,48,3.0,2
3,1,CDA2,49,3.0,2
3,1,CDA2,50,3.0,2
3,1,CDA2,51,3.0,2
3,1,CDA2,52,3.0,2
3,1,CDA2,53,3.0,2
3,1,CDA2,54,3.0,2
3,1,CDA2,55,3.0,2
3,1,CDA2,56,3.0,2
3,1,CDA2,57,11.0,2
3,1,CDA2,58,11.0,2
3,1,CDA2,59,11.0,2
3,1,CDA2,60,6.0,2
4,1,CDA2,1,20.0,2
4,1,CDA2,2,20.0,2
4,1,CDA2,3,10.0,2
4,1,CDA2,4,2.0,2
4,1,CDA2,5,2.0,2
4,1,CDA2,6,3.0,2
4,1,CDA2,7,3.0,2
4,1,CDA2,8,2.0,2
4,1,CDA2,9,2.0,2
4,1,CDA2,10,3.0,2
4,1,CDA2,11,2.0,2
4,1,CDA2,12,2.0,2
4,1,CDA2,13,1.0,2
4,1,CDA2,14,1.0,2
4,1,CDA2,15,2.0,2
4,1,CDA2,16,1.0,2
4,1,CDA2,17,1.0,2
4,1,CDA2,18,1.0,2
4,1,CDA2,19,1.0,2
4,1,CDA2,20,2.0,2
4,1,CDA2,21,2.0,2
4,1,CDA2,22,2.0,2
4,1,CDA2,23,2.0,2
4,1,CDA2,24,2.0,2
4,1,CDA2,25,2.0,2
4,1,CDA2,26,2.0,2
4,1,CDA2,27,2.0,2
4,1,CDA2,28,1.0,2
4,1,CDA2,29,1.0,2
4,1,CDA2,30,1.0,2
4,1,CDA2,31,1.0,2
4,1,CDA2,32,1.0,2
4,1,CDA2,33,3.0,2
4,1,CDA2,34,3.0,2
4,1,CDA2,35,3.0,2
4,1,CDA2,36,3.0,2
4,1,CDA2,37,3.0,2
4,1,CDA2,38,3.0,2
4,1,CDA2,39,3.0,2
4,1,CDA2,40,3.0,2
4,1,CDA2,41,3.0,2
4,1,CDA2,42,3.0,2
4,1,CDA2,43,3.0,2
4,1,CDA2,44,3.0,2
4,1,CDA2,45,3.0,2
4,1,CDA2,46,3.0,2
4,1,CDA2,47,3.0,2
4,1,CDA2,48,3.0,2
4,1,CDA2,49,3.0,2
4,1,CDA2,50,3.0,2
4,1,CDA2,51,9.0,2
4,1,CDA2,52,9.0,2
4,1,CDA2,53,13.0,2
4,1,CDA2,54,13.0,2
4,1,CDA2,55,13.0,2
4,1,CDA2,56,7.0,2
4,1,CDA2,57,7.0,2
4,1,CDA2,58,2.0,2
4,1,CDA2,59,2.0,2
4,1,CDA2,60,4.0,2
5,2,CDA2,1,20.0,2
5,2,CDA2,2,20.0,2
5,2,CDA2,3,20.0,2
5,2,CDA2,4,7.0,2
5,2,CDA2,5,6.0,2
5,2,CDA2,6,6.0,2
5,2,CDA2,7,6.0,2
5,2,CDA2,8,6.0,2
5,2,CDA2,9,6.0,2
5,2,CDA2,10,6.0,2
5,2,CDA2,11,6.0,2
5,2,CDA2,12,6.0,2
5,2,CDA2,13,6.0,2
5,2,CDA2,14,6.0,2
5,2,CDA2,15,6.0,2
5,2,CDA2,16,6.0,2
5,2,CDA2,17,4.0,2
5,2,CDA2,18,2.0,2
5,2,CDA2,19,4.0,2
5,2,CDA2,20,2.0,2
5,2,CDA2,21,2.0,2
5,2,CDA2,22,2.0,2
5,2,CDA2,23,2.0,2
5,2,CDA2,24,2.0,2
5,2,CDA2,25,2.0,2
5,2,CDA2,26,2.0,2
5,2,CDA2,27,2.0,2
5,2,CDA2,28,4.0,2
5,2,CDA2,29,4.0,2
5,2,CDA2,30,4.0,2
5,2,CDA2,31,4.0,2
5,2,CDA2,32,4.0,2
5,2,CDA2,33,4.0,2
5,2,CDA2,34,4.0,2
5,2,CDA2,35,4.0,2
5,2,CDA2,36,4.0,2
5,2,CDA2,37,4.0,2
5,2,CDA2,38,5.0,2
5,2,CDA2,39,5.0,2
5,2,CDA2,40,5.0,2
5,2,CDA2,41,4.0,2
5,2,CDA2,42,2.0,2
5,2,CDA2,43,2.0,2
5,2,CDA2,44,8.0,2
5,2,CDA2,45,8.0,2
5,2,CDA2,46,4.0,2
5,2,CDA2,47,4.0,2
5,2,CDA2,48,4.0,2
5,2,CDA2,49,4.0,2
5,2,CDA2,50,4.0,2
5,2,CDA2,51,4.0,2
5,2,CDA2,52,2.0,2
5,2,CDA2,53,2.0,2
5,2,CDA2,54,1.0,2
5,2,CDA2,55,2.0,2
5,2,CDA2,56,3.0,2
5,2,CDA2,57,3.0,2
5,2,CDA2,58,1.0,2
5,2,CDA2,59,1.0,2
5,2,CDA2,60,1.0,2
6,2,CDA2,1,20.0,2
6,2,CDA2,2,20.0,2
6,2,CDA2,3,7.0,2
6,2,CDA2,4,6.0,2
6,2,CDA2,5,6.0,2
6,2,CDA2,6,6.0,2
6,2,CDA2,7,6.0,2
6,2,CDA2,8,6.0,2
6,2,CDA2,9,6.0,2
6,2,CDA2,10,6.0,2
6,2,CDA2,11,2.0,2
6,2,CDA2,12,2.0,2
6,2,CDA2,13,2.0,2
6,2,CDA2,14,2.0,2
6,2,CDA2,15,2.0,2
6,2,CDA2,16,2.0,2
6,2,CDA2,17,2.0,2
6,2,CDA2,18,4.0,2
6,2,CDA2,19,11.0,2
6,2,CDA2,20,11.0,2
6,2,CDA2,21,11.0,2
6,2,CDA2,22,4.0,2
6,2,CDA2,23,4.0,2
6,2,CDA2,24,4.0,2
6,2,CDA2,25,4.0,2
6,2,CDA2,26,4.0,2
6,2,CDA2,27,4.0,2
6,2,CDA2,28,4.0,2
6,2,CDA2,29,8.0,2
6,2,CDA2,30,8.0,2
6,2,CDA2,31,6.0,2
6,2,CDA2,32,1.0,2
6,2,CDA2,33,1.0,2
6,2,CDA2,34,1.0,2
6,2,CDA2,35,2.0,2
6,2,CDA2,36,2.0,2
6,2,CDA2,37,2.0,2
6,2,CDA2,38,2.0,2
6,2,CDA2,39,10.45,2
6,2,CDA2,40,2.0,2
6,2,CDA2,41,2.0,2
6,2,CDA2,42,1.0,2
6,2,CDA2,43,1.0,2
6,2,CDA2,44,1.0,2
6,2,CDA2,45,1.0,2
6,2,CDA2,46,1.0,2
6,2,CDA2,47,1.0,2
6,2,CDA2,48,1.0,2
6,2,CDA2,49,1.0,2
6,2,CDA2,50,1.0,2
6,2,CDA2,51,1.0,2
6,2,CDA2,52,1.0,2
6,2,CDA2,53,1.0,2
6,2,CDA2,54,1.0,2
6,2,CDA2,55,11.0,2
6,2,CDA2,56,11.0,2
6,2,CDA2,57,2.0,2
6,2,CDA2,58,2.0,2
6,2,CDA2,59,2.0,2
6,2,CDA2,60,1.0,2
7,2,CDA2,1,20.0,2
7,2,CDA2,2,20.0,2
7,2,CDA2,3,16.0,2
7,2,CDA2,4,6.0,2
7,2,CDA2,5,4.0,2
7,2,CDA2,6,8.0,2
7,2,CDA2,7,8.0,2
7,2,CDA2,8,8.0,2
7,2,CDA2,9,6.0,2
7,2,CDA2,10,6.0,2
7,2,CDA2,11,6.0,2
7,2,CDA2,12,6.0,2
7,2,CDA2,13,6.0,2
7,2,CDA2,14,2.0,2
7,2,CDA2,15,2.0,2
7,2,CDA2,16,2.0,2
7,2,CDA2,17,2.0,2
7,2,CDA2,18,2.0,2
7,2,CDA2,19,2.0,2
7,2,CDA2,20,4.5,2
7,2,CDA2,21,4.0,2
7,2,CDA2,22,1.0,2
7,2,CDA2,23,1.0,2
7,2,CDA2,24,1.0,2
7,2,CDA2,25,3.0,2
7,2,CDA2,26,3.0,2
7,2,CDA2,27,2.0,2
7,2,CDA2,28,2.0,2
7,2,CDA2,29,2.0,2
7,2,CDA2,30,2.0,2
7,2,CDA2,31,2.0,2
7,2,CDA2,32,2.0,2
7,2,CDA2,33,2.0,2
7,2,CDA2,34,2.0,2
7,2,CDA2,35,2.0,2
7,2,CDA2,36,1.0,2
7,2,CDA2,37,1.0,2
7,2,CDA2,38,1.0,2
7,2,CDA2,39,2.0,2
7,2,CDA2,40,2.0,2
7,2,CDA2,41,1.0,2
7,2,CDA2,42,1.0,2
7,2,CDA2,43,1.0,2
7,2,CDA2,44,1.0,2
7,2,CDA2,45,1.0,2
7,2,CDA2,46,1.0,2
7,2,CDA2,47,2.0999999999999996,2
7,2,CDA2,48,2.3499999999999996,2
7,2,CDA2,49,7.300000000000001,2
7,2,CDA2,50,6.5,2
7,2,CDA2,51,1.9500000000000002,2
7,2,CDA2,52,1.9500000000000002,2
7,2,CDA2,53,1.9500000000000002,2
7,2,CDA2,54,1.9500000000000002,2
7,2,CDA2,55,2.1500000000000004,2
7,2,CDA2,56,2.1500000000000004,2
7,2,CDA2,57,1.7000000000000002,2
7,2,CDA2,58,1.7000000000000002,2
7,2,CDA2,59,1.7000000000000002,2
7,2,CDA2,60,1.7000000000000002,2
8,2,CDA2,1,20.0,2
8,2,CDA2,2,20.0,2
8,2,CDA2,3,5.0,2
8,2,CDA2,4,4.0,2
8,2,CDA2,5,4.0,2
8,2,CDA2,6,4.0,2
8,2,CDA2,7,4.0,2
8,2,CDA2,8,4.0,2
8,2,CDA2,9,4.0,2
8,2,CDA2,10,1.0,2
8,2,CDA2,11,1.0,2
8,2,CDA2,12,4.0,2
8,2,CDA2,13,4.0,2
8,2,CDA2,14,5.0,2
8,2,CDA2,15,5.0,2
8,2,CDA2,16,5.0,2
8,2,CDA2,17,1.0,2
8,2,CDA2,18,1.0,2
8,2,CDA2,19,1.0,2
8,2,CDA2,20,1.0,2
8,2,CDA2,21,1.0,2
8,2,CDA2,22,1.0,2
8,2,CDA2,23,1.0,2
8,2,CDA2,24,1.0,2
8,2,CDA2,25,2.0,2
8,2,CDA2,26,2.0,2
8,2,CDA2,27,2.0,2
8,2,CDA2,28,1.5499999999999998,2
8,2,CDA2,29,1.5499999999999998,2
8,2,CDA2,30,1.5499999999999998,2
8,2,CDA2,31,1.0,2
8,2,CDA2,32,1.0,2
8,2,CDA2,33,1.0,2
8,2,CDA2,34,1.0,2
8,2,CDA2,35,1.0,2
8,2,CDA2,36,1.0,2
8,2,CDA2,37,1.0,2
8,2,CDA2,38,1.0,2
8,2,CDA2,39,1.0,2
8,2,CDA2,40,1.0,2
8,2,CDA2,41,1.0,2
8,2,CDA2,42,1.0,2
8,2,CDA2,43,1.0,2
8,2,CDA2,44,4.0,2
8,2,CDA2,45,1.0,2
8,2,CDA2,46,1.0,2
8,2,CDA2,47,1.0,2
8,2,CDA2,48,1.0,2
8,2,CDA2,49,1.0,2
8,2,CDA2,50,1.0,2
8,2,CDA2,51,1.0,2
8,2,CDA2,52,1.0,2
8,2,CDA2,53,1.0,2
8,2,CDA2,54,1.0,2
8,2,CDA2,55,1.0,2
8,2,CDA2,56,1.0,2
8,2,CDA2,57,1.0,2
8,2,CDA2,58,1.0,2
8,2,CDA2,59,1.0,2
8,2,CDA2,60,1.0,2
9,3,CDA2,1,20.0,2
9,3,CDA2,2,20.0,2
9,3,CDA2,3,4.0,2
9,3,CDA2,4,3.55,2
9,3,CDA2,5,3.0,2
9,3,CDA2,6,2.0,2
9,3,CDA2,7,2.0,2
9,3,CDA2,8,2.0,2
9,3,CDA2,9,2.0,2
9,3,CDA2,10,2.0,2
9,3,CDA2,11,1.0,2
9,3,CDA2,12,1.0,2
9,3,CDA2,13,1.0,2
9,3,CDA2,14,1.0,2
9,3,CDA2,15,1.0,2
9,3,CDA2,16,1.0,2
9,3,CDA2,17,1.0,2
9,3,CDA2,18,8.0,2
9,3,CDA2,19,8.0,2
9,3,CDA2,20,8.0,2
9,3,CDA2,21,8.0,2
9,3,CDA2,22,8.0,2
9,3,CDA2,23,3.0,2
9,3,CDA2,24,3.0,2
9,3,CDA2,25,3.0,2
9,3,CDA2,26,2.0,2
9,3,CDA2,27,2.0,2
9,3,CDA2,28,2.0,2
9,3,CDA2,29,3.0,2
9,3,CDA2,30,2.0,2
9,3,CDA2,31,3.0,2
9,3,CDA2,32,3.0,2
9,3,CDA2,33,1.0,2
9,3,CDA2,34,1.0,2
9,3,CDA2,35,3.0,2
9,3,CDA2,36,3.0,2
9,3,CDA2,37,4.0,2
9,3,CDA2,38,8.95,2
9,3,CDA2,39,5.95,2
9,3,CDA2,40,5.95,2
9,3,CDA2,41,5.95,2
9,3,CDA2,42,6.0,2
9,3,CDA2,43,6.0,2
9,3,CDA2,44,6.0,2
9,3,CDA2,45,2.0,2
9,3,CDA2,46,2.0,2
9,3,CDA2,47,2.0,2
9,3,CDA2,48,2.0,2
9,3,CDA2,49,2.0,2
9,3,CDA2,50,2.0,2
9,3,CDA2,51,2.0,2
9,3,CDA2,52,2.0,2
9,3,CDA2,53,2.0,2
9,3,CDA2,54,2.0,2
9,3,CDA2,55,9.0,2
9,3,CDA2,56,9.0,2
9,3,CDA2,57,9.0,2
9,3,CDA2,58,3.3,2
9,3,CDA2,59,1.0,2
9,3,CDA2,60,1.0,2
10,3,CDA2,1,20.0,2
10,3,CDA2,2,20.0,2
10,3,CDA2,3,2.0,2
10,3,CDA2,4,1.0,2
10,3,CDA2,5,1.0,2
10,3,CDA2,6,1.0,2
10,3,CDA2,7,1.0,2
10,3,CDA2,8,1.0,2
10,3,CDA2,9,2.0,2
10,3,CDA2,10,2.0,2
10,3,CDA2,11,2.0,2
10,3,CDA2,12,2.0,2
10,3,CDA2,13,2.0,2
10,3,CDA2,14,2.0,2
10,3,CDA2,15,2.0,2
10,3,CDA2,16,2.0,2
10,3,CDA2,17,2.0,2
10,3,CDA2,18,1.0,2
10,3,CDA2,19,1.0,2
10,3,CDA2,20,1.0,2
10,3,CDA2,21,1.0,2
10,3,CDA2,22,1.0,2
10,3,CDA2,23,1.0,2
10,3,CDA2,24,1.0,2
10,3,CDA2,25,1.0,2
10,3,CDA2,26,1.0,2
10,3,CDA2,27,1.0,2
10,3,CDA2,28,1.0,2
10,3,CDA2,29,1.0,2
10,3,CDA2,30,5.0,2
10,3,CDA2,31,1.0,2
10,3,CDA2,32,1.0,2
10,3,CDA2,33,1.0,2
10,3,CDA2,34,1.0,2
10,3,CDA2,35,1.0,2
10,3,CDA2,36,1.0,2
10,3,CDA2,37,1.0,2
10,3,CDA2,38,1.0,2
10,3,CDA2,39,1.0,2
10,3,CDA2,40,1.0,2
10,3,CDA2,41,1.0,2
10,3,CDA2,42,1.0,2
10,3,CDA2,43,1.0,2
10,3,CDA2,44,1.0,2
10,3,CDA2,45,1.0,2
10,3,CDA2,46,1.0,2
10,3,CDA2,47,1.0,2
10,3,CDA2,48,1.0,2
10,3,CDA2,49,1.0,2
10,3,CDA2,50,1.0,2
10,3,CDA2,51,1.0,2
10,3,CDA2,52,1.0,2
10,3,CDA2,53,1.0,2
10,3,CDA2,54,1.0,2
10,3,CDA2,55,1.0,2
10,3,CDA2,56,1.0,2
10,3,CDA2,57,1.0,2
10,3,CDA2,58,1.0,2
10,3,CDA2,59,4.5,2
10,3,CDA2,60,6.0,2
11,3,CDA2,1,20.0,2
11,3,CDA2,2,20.0,2
11,3,CDA2,3,1.0,2
11,3,CDA2,4,2.0,2
11,3,CDA2,5,2.0,2
11,3,CDA2,6,2.0,2
11,3,CDA2,7,2.0,2
11,3,CDA2,8,2.0,2
11,3,CDA2,9,1.0,2
11,3,CDA2,10,1.0,2
11,3,CDA2,11,1.0,2
11,3,CDA2,12,1.0,2
11,3,CDA2,13,2.0,2
11,3,CDA2,14,2.0,2
11,3,CDA2,15,2.0,2
11,3,CDA2,16,2.0,2
11,3,CDA2,17,2.0,2
11,3,CDA2,18,2.0,2
11,3,CDA2,19,3.0,2
11,3,CDA2,20,3.0,2
11,3,CDA2,21,3.0,2
11,3,CDA2,22,3.0,2
11,3,CDA2,23,2.0,2
11,3,CDA2,24,3.0,2
11,3,CDA2,25,1.0,2
11,3,CDA2,26,1.0,2
11,3,CDA2,27,1.0,2
11,3,CDA2,28,1.0,2
11,3,CDA2,29,2.0,2
11,3,CDA2,30,2.0,2
11,3,CDA2,31,2.0,2
11,3,CDA2,32,2.0,2
11,3,CDA2,33,2.0,2
11,3,CDA2,34,2.0,2
11,3,CDA2,35,2.0,2
11,3,CDA2,36,2.0,2
11,3,CDA2,37,2.0,2
11,3,CDA2,38,2.0,2
11,3,CDA2,39,2.0,2
11,3,CDA2,40,2.0,2
11,3,CDA2,41,2.0,2
11,3,CDA2,42,1.9500000000000002,2
11,3,CDA2,43,1.9500000000000002,2
11,3,CDA2,44,1.9500000000000002,2
11,3,CDA2,45,1.0,2
11,3,CDA2,46,1.0,2
11,3,CDA2,47,6.0,2
11,3,CDA2,48,11.0,2
11,3,CDA2,49,2.0,2
11,3,CDA2,50,2.0,2
11,3,CDA2,51,2.0,2
11,3,CDA2,52,2.0,2
11,3,CDA2,53,2.0,2
11,3,CDA2,54,2.0,2
11,3,CDA2,55,2.0,2
11,3,CDA2,56,2.0,2
11,3,CDA2,57,2.0,2
11,3,CDA2,58,2.0,2
11,3,CDA2,59,2.0,2
11,3,CDA2,60,1.5999999999999996,2
12,3,CDA2,1,20.0,2
12,3,CDA2,2,20.0,2
12,3,CDA2,3,2.0,2
12,3,CDA2,4,2.0,2
12,3,CDA2,5,2.0,2
12,3,CDA2,6,2.0,2
12,3,CDA2,7,2.0,2
12,3,CDA2,8,1.0,2
12,3,CDA2,9,2.0,2
12,3,CDA2,10,2.0,2
12,3,CDA2,11,2.0,2
12,3,CDA2,12,1.0,2
12,3,CDA2,13,1.0,2
12,3,CDA2,14,2.0,2
12,3,CDA2,15,2.0,2
12,3,CDA2,16,2.0,2
12,3,CDA2,17,1.0,2
12,3,CDA2,18,2.0,2
12,3,CDA2,19,2.0,2
12,3,CDA2,20,2.0,2
12,3,CDA2,21,2.0,2
12,3,CDA2,22,3.0,2
12,3,CDA2,23,4.0,2
12,3,CDA2,24,4.0,2
12,3,CDA2,25,4.0,2
12,3,CDA2,26,2.6500000000000004,2
12,3,CDA2,27,4.0,2
12,3,CDA2,28,4.0,2
12,3,CDA2,29,4.0,2
12,3,CDA2,30,5.0,2
12,3,CDA2,31,1.0,2
12,3,CDA2,32,1.0,2
12,3,CDA2,33,3.55,2
12,3,CDA2,34,3.55,2
12,3,CDA2,35,4.0,2
12,3,CDA2,36,4.0,2
12,3,CDA2,37,8.0,2
12,3,CDA2,38,7.0,2
12,3,CDA2,39,9.0,2
12,3,CDA2,40,9.0,2
12,3,CDA2,41,2.0,2
12,3,CDA2,42,1.0,2
12,3,CDA2,43,1.0,2
12,3,CDA2,44,1.0,2
12,3,CDA2,45,1.0,2
12,3,CDA2,46,2.0,2
12,3,CDA2,47,1.5999999999999996,2
12,3,CDA2,48,8.0,2
12,3,CDA2,49,8.0,2
12,3,CDA2,50,8.0,2
12,3,CDA2,51,5.0,2
12,3,CDA2,52,5.0,2
12,3,CDA2,53,4.6,2
12,3,CDA2,54,4.6,2
12,3,CDA2,55,4.6,2
12,3,CDA2,56,4.6,2
12,3,CDA2,57,4.6,2
12,3,CDA2,58,4.300000000000001,2
12,3,CDA2,59,4.300000000000001,2
12,3,CDA2,60,4.300000000000001,2
13,4,CDA2,1,20.0,2
13,4,CDA2,2,20.0,2
13,4,CDA2,3,3.0,2
13,4,CDA2,4,1.0,2
13,4,CDA2,5,1.0,2
13,4,CDA2,6,1.0,2
13,4,CDA2,7,1.0,2
13,4,CDA2,8,1.0,2
13,4,CDA2,9,2.0,2
13,4,CDA2,10,2.0,2
13,4,CDA2,11,1.0,2
13,4,CDA2,12,1.0,2
13,4,CDA2,13,1.0,2
13,4,CDA2,14,1.0,2
13,4,CDA2,15,1.0,2
13,4,CDA2,16,1.0,2
13,4,CDA2,17,1.0,2
13,4,CDA2,18,2.0,2
13,4,CDA2,19,1.0,2
13,4,CDA2,20,1.2000000000000002,2
13,4,CDA2,21,1.2000000000000002,2
13,4,CDA2,22,1.0,2
13,4,CDA2,23,1.0,2
13,4,CDA2,24,1.0,2
13,4,CDA2,25,12.399999999999999,2
13,4,CDA2,26,12.399999999999999,2
13,4,CDA2,27,1.0,2
13,4,CDA2,28,1.0,2
13,4,CDA2,29,1.0,2
13,4,CDA2,30,1.0,2
13,4,CDA2,31,2.0,2
13,4,CDA2,32,2.0,2
13,4,CDA2,33,2.0,2
13,4,CDA2,34,1.0,2
13,4,CDA2,35,12.0,2
13,4,CDA2,36,12.0,2
13,4,CDA2,37,12.0,2
13,4,CDA2,38,12.0,2
13,4,CDA2,39,14.0,2
13,4,CDA2,40,14.0,2
13,4,CDA2,41,2.0,2
13,4,CDA2,42,1.0,2
13,4,CDA2,43,6.0,2
13,4,CDA2,44,6.0,2
13,4,CDA2,45,6.0,2
13,4,CDA2,46,6.0,2
13,4,CDA2,47,6.0,2
13,4,CDA2,48,1.0,2
13,4,CDA2,49,1.0,2
13,4,CDA2,50,1.0,2
13,4,CDA2,51,1.0,2
13,4,CDA2,52,1.0,2
13,4,CDA2,53,3.0,2
13,4,CDA2,54,2.0,2
13,4,CDA2,55,2.0,2
13,4,CDA2,56,2.0,2
13,4,CDA2,57,1.0,2
13,4,CDA2,58,1.0,2
13,4,CDA2,59,1.0,2
13,4,CDA2,60,1.0,2
14,4,CDA2,1,20.0,2
14,4,CDA2,2,20.0,2
14,4,CDA2,3,3.0,2
14,4,CDA2,4,1.0,2
14,4,CDA2,5,1.0,2
14,4,CDA2,6,1.0,2
14,4,CDA2,7,1.0,2
14,4,CDA2,8,13.0,2
14,4,CDA2,9,1.0,2
14,4,CDA2,10,1.0,2
14,4,CDA2,11,1.0,2
14,4,CDA2,12,1.0,2
14,4,CDA2,13,1.0,2
14,4,CDA2,14,1.0,2
14,4,CDA2,15,2.0,2
14,4,CDA2,16,3.0,2
14,4,CDA2,17,3.0,2
14,4,CDA2,18,6.25,2
14,4,CDA2,19,3.0,2
14,4,CDA2,20,1.0,2
14,4,CDA2,21,1.0,2
14,4,CDA2,22,1.0,2
14,4,CDA2,23,1.0,2
14,4,CDA2,24,3.0,2
14,4,CDA2,25,1.0,2
14,4,CDA2,26,2.0,2
14,4,CDA2,27,2.0,2
14,4,CDA2,28,2.0,2
14,4,CDA2,29,2.0,2
14,4,CDA2,30,2.0,2
14,4,CDA2,31,2.0,2
14,4,CDA2,32,2.0,2
14,4,CDA2,33,2.0,2
14,4,CDA2,34,2.0,2
14,4,CDA2,35,2.0,2
14,4,CDA2,36,2.6500000000000004,2
14,4,CDA2,37,2.0,2
14,4,CDA2,38,2.0,2
14,4,CDA2,39,3.0,2
14,4,CDA2,40,3.0,2
14,4,CDA2,41,3.0,2
14,4,CDA2,42,3.0,2
14,4,CDA2,43,3.0,2
14,4,CDA2,44,3.0,2
14,4,CDA2,45,1.0,2
14,4,CDA2,46,1.0,2
14,4,CDA2,47,1.0,2
14,4,CDA2,48,2.0,2
14,4,CDA2,49,2.0,2
14,4,CDA2,50,2.0,2
14,4,CDA2,51,2.0,2
14,4,CDA2,52,2.0,2
14,4,CDA2,53,2.0,2
14,4,CDA2,54,2.3000000000000007,2
14,4,CDA2,55,2.3000000000000007,2
14,4,CDA2,56,2.3000000000000007,2
14,4,CDA2,57,2.3000000000000007,2
14,4,CDA2,58,2.0,2
14,4,CDA2,59,6.0,2
14,4,CDA2,60,6.0,2
15,4,CDA2,1,20.0,2
15,4,CDA2,2,20.0,2
15,4,CDA2,3,2.0,2
15,4,CDA2,4,2.0,2
15,4,CDA2,5,1.0,2
15,4,CDA2,6,1.0,2
15,4,CDA2,7,1.0,2
15,4,CDA2,8,2.0,2
15,4,CDA2,9,2.0,2
15,4,CDA2,10,3.0,2
15,4,CDA2,11,3.0,2
15,4,CDA2,12,2.0,2
15,4,CDA2,13,1.0,2
15,4,CDA2,14,1.0,2
15,4,CDA2,15,1.0,2
15,4,CDA2,16,1.0,2
15,4,CDA2,17,1.0,2
15,4,CDA2,18,1.0,2
15,4,CDA2,19,1.0,2
15,4,CDA2,20,1.0,2
15,4,CDA2,21,7.0,2
15,4,CDA2,22,6.95,2
15,4,CDA2,23,6.95,2
15,4,CDA2,24,7.0,2
15,4,CDA2,25,1.0,2
15,4,CDA2,26,1.0,2
15,4,CDA2,27,1.0,2
15,4,CDA2,28,1.0,2
15,4,CDA2,29,1.0,2
15,4,CDA2,30,1.0,2
15,4,CDA2,31,1.0,2
15,4,CDA2,32,1.0,2
15,4,CDA2,33,1.0,2
15,4,CDA2,34,1.0,2
15,4,CDA2,35,1.0,2
15,4,CDA2,36,1.0,2
15,4,CDA2,37,1.0,2
15,4,CDA2,38,1.0,2
15,4,CDA2,39,1.0,2
15,4,CDA2,40,1.0,2
15,4,CDA2,41,1.0,2
15,4,CDA2,42,1.0,2
15,4,CDA2,43,1.0,2
15,4,CDA2,44,1.0,2
15,4,CDA2,45,1.0,2
15,4,CDA2,46,1.0,2
15,4,CDA2,47,1.0,2
15,4,CDA2,48,1.0,2
15,4,CDA2,49,2.0,2
15,4,CDA2,50,2.0,2
15,4,CDA2,51,2.0,2
15,4,CDA2,52,2.0,2
15,4,CDA2,53,1.0,2
15,4,CDA2,54,1.0,2
15,4,CDA2,55,1.0,2
15,4,CDA2,56,1.0,2
15,4,CDA2,57,7.0,2
15,4,CDA2,58,4.8,2
15,4,CDA2,59,3.0,2
15,4,CDA2,60,3.0,2
16,4,CDA2,1,20.0,2
16,4,CDA2,2,20.0,2
16,4,CDA2,3,1.0,2
16,4,CDA2,4,1.0,2
16,4,CDA2,5,1.0,2
16,4,CDA2,6,8.0,2
16,4,CDA2,7,8.0,2
16,4,CDA2,8,3.0,2
16,4,CDA2,9,1.0,2
16,4,CDA2,10,1.0,2
16,4,CDA2,11,1.0,2
16,4,CDA2,12,1.0,2
16,4,CDA2,13,1.0,2
16,4,CDA2,14,2.0,2
16,4,CDA2,15,2.0,2
16,4,CDA2,16,2.0,2
16,4,CDA2,17,2.0,2
16,4,CDA2,18,2.0,2
16,4,CDA2,19,2.0,2
16,4,CDA2,20,2.0,2
16,4,CDA2,21,2.0,2
16,4,CDA2,22,2.0,2
16,4,CDA2,23,2.0,2
16,4,CDA2,24,1.0,2
16,4,CDA2,25,1.0,2
16,4,CDA2,26,1.0,2
16,4,CDA2,27,1.0,2
16,4,CDA2,28,1.0,2
16,4,CDA2,29,1.0,2
16,4,CDA2,30,1.0,2
16,4,CDA2,31,1.0,2
16,4,CDA2,32,1.0,2
16,4,CDA2,33,1.0,2
16,4,CDA2,34,1.0,2
16,4,CDA2,35,2.0,2
16,4,CDA2,36,3.0,2
16,4,CDA2,37,1.0,2
16,4,CDA2,38,1.0,2
16,4,CDA2,39,1.0,2
16,4,CDA2,40,1.0,2
16,4,CDA2,41,1.0,2
16,4,CDA2,42,1.0,2
16,4,CDA2,43,1.0,2
16,4,CDA2,44,1.0,2
16,4,CDA2,45,1.0,2
16,4,CDA2,46,1.0,2
16,4,CDA2,47,1.0,2
16,4,CDA2,48,1.0,2
16,4,CDA2,49,1.0,2
16,4,CDA2,50,1.0,2
16,4,CDA2,51,1.0,2
16,4,CDA2,52,1.0,2
16,4,CDA2,53,1.0,2
16,4,CDA2,54,2.0,2
16,4,CDA2,55,2.0,2
16,4,CDA2,56,2.0,2
16,4,CDA2,57,1.0,2
16,4,CDA2,58,13.0,2
16,4,CDA2,59,13.0,2
16,4,CDA2,60,15.0,2
17,5,CDA2,1,20.0,2
17,5,CDA2,2,20.0,2
17,5,CDA2,3,13.0,2
17,5,CDA2,4,11.0,2
17,5,CDA2,5,2.0,2
17,5,CDA2,6,2.0,2
17,5,CDA2,7,2.0,2
17,5,CDA2,8,2.0,2
17,5,CDA2,9,2.0,2
17,5,CDA2,10,2.0,2
17,5,CDA2,11,6.0,2
17,5,CDA2,12,6.0,2
17,5,CDA2,13,1.0,2
17,5,CDA2,14,2.0,2
17,5,CDA2,15,2.0,2
17,5,CDA2,16,2.0,2
17,5,CDA2,17,2.0,2
17,5,CDA2,18,12.0,2
17,5,CDA2,19,5.0,2
17,5,CDA2,20,5.0,2
17,5,CDA2,21,5.0,2
17,5,CDA2,22,2.0,2
17,5,CDA2,23,2.0,2
17,5,CDA2,24,1.3000000000000007,2
17,5,CDA2,25,3.0,2
17,5,CDA2,26,6.0,2
17,5,CDA2,27,6.0,2
17,5,CDA2,28,4.0,2
17,5,CDA2,29,4.0,2
17,5,CDA2,30,4.0,2
17,5,CDA2,31,4.0,2
17,5,CDA2,32,4.0,2
17,5,CDA2,33,2.0,2
17,5,CDA2,34,2.0,2
17,5,CDA2,35,7.0,2
17,5,CDA2,36,7.0,2
17,5,CDA2,37,2.8999999999999986,2
17,5,CDA2,38,2.8999999999999986,2
17,5,CDA2,39,2.8999999999999986,2
17,5,CDA2,40,8.0,2
17,5,CDA2,41,14.75,2
17,5,CDA2,42,12.75,2
17,5,CDA2,43,6.800000000000001,2
17,5,CDA2,44,6.800000000000001,2
17,5,CDA2,45,10.8,2
17,5,CDA2,46,10.7,2
17,5,CDA2,47,10.8,2
17,5,CDA2,48,5.800000000000001,2
17,5,CDA2,49,5.800000000000001,2
17,5,CDA2,50,5.800000000000001,2
17,5,CDA2,51,5.800000000000001,2
17,5,CDA2,52,5.800000000000001,2
17,5,CDA2,53,5.800000000000001,2
17,5,CDA2,54,11.75,2
17,5,CDA2,55,11.75,2
17,5,CDA2,56,4.0,2
17,5,CDA2,57,4.0,2
17,5,CDA2,58,4.0,2
17,5,CDA2,59,11.75,2
17,5,CDA2,60,11.75,2
18,5,CDA2,1,20.0,2
18,5,CDA2,2,20.0,2
18,5,CDA2,3,1.0,2
18,5,CDA2,4,1.0,2
18,5,CDA2,5,1.0,2
18,5,CDA2,6,1.0,2
18,5,CDA2,7,1.0,2
18,5,CDA2,8,1.0,2
18,5,CDA2,9,1.0,2
18,5,CDA2,10,2.0,2
18,5,CDA2,11,6.0,2
18,5,CDA2,12,6.0,2
18,5,CDA2,13,5.0,2
18,5,CDA2,14,5.0,2
18,5,CDA2,15,5.0,2
18,5,CDA2,16,5.0,2
18,5,CDA2,17,5.0,2
18,5,CDA2,18,5.0,2
18,5,CDA2,19,1.0,2
18,5,CDA2,20,1.0,2
18,5,CDA2,21,1.0,2
18,5,CDA2,22,1.0,2
18,5,CDA2,23,7.0,2
18,5,CDA2,24,7.0,2
18,5,CDA2,25,7.0,2
18,5,CDA2,26,1.0,2
18,5,CDA2,27,1.0,2
18,5,CDA2,28,8.0,2
18,5,CDA2,29,8.0,2
18,5,CDA2,30,7.0,2
18,5,CDA2,31,7.0,2
18,5,CDA2,32,7.0,2
18,5,CDA2,33,7.0,2
18,5,CDA2,34,7.0,2
18,5,CDA2,35,7.0,2
18,5,CDA2,36,7.0,2
18,5,CDA2,37,7.0,2
18,5,CDA2,38,7.0,2
18,5,CDA2,39,7.0,2
18,5,CDA2,40,7.0,2
18,5,CDA2,41,7.0,2
18,5,CDA2,42,7.0,2
18,5,CDA2,43,7.0,2
18,5,CDA2,44,7.0,2
18,5,CDA2,45,15.0,2
18,5,CDA2,46,15.0,2
18,5,CDA2,47,5.0,2
18,5,CDA2,48,5.0,2
18,5,CDA2,49,4.800000000000001,2
18,5,CDA2,50,4.800000000000001,2
18,5,CDA2,51,4.800000000000001,2
18,5,CDA2,52,4.800000000000001,2
18,5,CDA2,53,5.0,2
18,5,CDA2,54,5.0,2
18,5,CDA2,55,5.0,2
18,5,CDA2,56,5.0,2
18,5,CDA2,57,5.0,2
18,5,CDA2,58,5.0,2
18,5,CDA2,59,5.0,2
18,5,CDA2,60,5.0,2
19,5,CDA2,1,20.0,2
19,5,CDA2,2,20.0,2
19,5,CDA2,3,2.0,2
19,5,CDA2,4,7.0,2
19,5,CDA2,5,1.0,2
19,5,CDA2,6,1.0,2
19,5,CDA2,7,9.0,2
19,5,CDA2,8,1.0,2
19,5,CDA2,9,5.0,2
19,5,CDA2,10,5.0,2
19,5,CDA2,11,5.0,2
19,5,CDA2,12,2.0,2
19,5,CDA2,13,2.0,2
19,5,CDA2,14,2.0,2
19,5,CDA2,15,2.0,2
19,5,CDA2,16,2.0,2
19,5,CDA2,17,5.0,2
19,5,CDA2,18,5.0,2
19,5,CDA2,19,5.0,2
19,5,CDA2,20,5.0,2
19,5,CDA2,21,5.0,2
19,5,CDA2,22,3.0,2
19,5,CDA2,23,5.0,2
19,5,CDA2,24,5.0,2
19,5,CDA2,25,2.0,2
19,5,CDA2,26,2.0,2
19,5,CDA2,27,2.0,2
19,5,CDA2,28,2.0,2
19,5,CDA2,29,2.0,2
19,5,CDA2,30,2.0,2
19,5,CDA2,31,2.0,2
19,5,CDA2,32,2.0,2
19,5,CDA2,33,2.0,2
19,5,CDA2,34,2.0,2
19,5,CDA2,35,2.0,2
19,5,CDA2,36,2.0,2
19,5,CDA2,37,2.0,2
19,5,CDA2,38,5.0,2
19,5,CDA2,39,5.0,2
19,5,CDA2,40,12.5,2
19,5,CDA2,41,12.5,2
19,5,CDA2,42,4.0,2
19,5,CDA2,43,4.0,2
19,5,CDA2,44,3.0,2
19,5,CDA2,45,3.0,2
19,5,CDA2,46,3.0,2
19,5,CDA2,47,3.0,2
19,5,CDA2,48,3.0,2
19,5,CDA2,49,13.45,2
19,5,CDA2,50,13.5,2
19,5,CDA2,51,3.1499999999999986,2
19,5,CDA2,52,2.7499999999999982,2
19,5,CDA2,53,2.7499999999999982,2
19,5,CDA2,54,2.7499999999999982,2
19,5,CDA2,55,2.0,2
19,5,CDA2,56,2.0,2
19,5,CDA2,57,2.0,2
19,5,CDA2,58,2.0,2
19,5,CDA2,59,2.0,2
19,5,CDA2,60,2.0,2
20,5,CDA2,1,20.0,2
20,5,CDA2,2,20.0,2
20,5,CDA2,3,1.0,2
20,5,CDA2,4,1.0,2
20,5,CDA2,5,5.0,2
20,5,CDA2,6,6.0,2
20,5,CDA2,7,6.0,2
20,5,CDA2,8,2.0,2
20,5,CDA2,9,10.0,2
20,5,CDA2,10,12.0,2
20,5,CDA2,11,5.0,2
20,5,CDA2,12,5.0,2
20,5,CDA2,13,5.0,2
20,5,CDA2,14,5.0,2
20,5,CDA2,15,4.0,2
20,5,CDA2,16,4.0,2
20,5,CDA2,17,4.0,2
20,5,CDA2,18,4.0,2
20,5,CDA2,19,2.0,2
20,5,CDA2,20,2.0,2
20,5,CDA2,21,2.0,2
20,5,CDA2,22,2.0,2
20,5,CDA2,23,2.0,2
20,5,CDA2,24,2.0,2
20,5,CDA2,25,1.8000000000000007,2
20,5,CDA2,26,1.8000000000000007,2
20,5,CDA2,27,1.8000000000000007,2
20,5,CDA2,28,1.8000000000000007,2
20,5,CDA2,29,2.0,2
20,5,CDA2,30,2.0,2
20,5,CDA2,31,1.9000000000000004,2
20,5,CDA2,32,1.9000000000000004,2
20,5,CDA2,33,1.5999999999999996,2
20,5,CDA2,34,1.5999999999999996,2
20,5,CDA2,35,8.2,2
20,5,CDA2,36,8.2,2
20,5,CDA2,37,8.2,2
20,5,CDA2,38,1.0,2
20,5,CDA2,39,1.0,2
20,5,CDA2,40,1.0,2
20,5,CDA2,41,1.0,2
20,5,CDA2,42,1.0,2
20,5,CDA2,43,1.0,2
20,5,CDA2,44,1.0,2
20,5,CDA2,45,1.0,2
20,5,CDA2,46,1.0,2
20,5,CDA2,47,1.0,2
20,5,CDA2,48,1.0,2
20,5,CDA2,49,1.0,2
20,5,CDA2,50,1.0,2
20,5,CDA2,51,13.0,2
20,5,CDA2,52,12.0,2
20,5,CDA2,53,12.0,2
20,5,CDA2,54,2.0,2
20,5,CDA2,55,2.0,2
20,5,CDA2,56,2.0,2
20,5,CDA2,57,2.0,2
20,5,CDA2,58,2.0,2
20,5,CDA2,59,2.0,2
20,5,CDA2,60,2.0,2
1,1,CDA3,1,20.0,3
1,1,CDA3,2,20.0,3
1,1,CDA3,3,16.0,3
1,1,CDA3,4,6.0,3
1,1,CDA3,5,16.0,3
1,1,CDA3,6,16.0,3
1,1,CDA3,7,4.0,3
1,1,CDA3,8,4.0,3
1,1,CDA3,9,6.0,3
1,1,CDA3,10,6.0,3
1,1,CDA3,11,4.0,3
1,1,CDA3,12,6.0,3
1,1,CDA3,13,9.0,3
1,1,CDA3,14,12.0,3
1,1,CDA3,15,12.0,3
1,1,CDA3,16,12.0,3
1,1,CDA3,17,10.0,3
1,1,CDA3,18,6.0,3
1,1,CDA3,19,6.0,3
1,1,CDA3,20,9.0,3
1,1,CDA3,21,9.0,3
1,1,CDA3,22,9.0,3
1,1,CDA3,23,3.0,3
1,1,CDA3,24,3.0,3
1,1,CDA3,25,3.0,3
1,1,CDA3,26,3.0,3
1,1,CDA3,27,2.0999999999999996,3
1,1,CDA3,28,2.0999999999999996,3
1,1,CDA3,29,2.0999999999999996,3
1,1,CDA3,30,5.1,3
1,1,CDA3,31,6.1,3
1,1,CDA3,32,6.1,3
1,1,CDA3,33,12.1,3
1,1,CDA3,34,3.0,3
1,1,CDA3,35,3.0,3
1,1,CDA3,36,3.0,3
1,1,CDA3,37,3.0,3
1,1,CDA3,38,3.0,3
1,1,CDA3,39,3.0,3
1,1,CDA3,40,3.0,3
1,1,CDA3,41,3.0,3
1,1,CDA3,42,3.0,3
1,1,CDA3,43,3.0,3
1,1,CDA3,44,3.0,3
1,1,CDA3,45,7.0,3
1,1,CDA3,46,7.0,3
1,1,CDA3,47,7.0,3
1,1,CDA3,48,7.0,3
1,1,CDA3,49,2.0,3
1,1,CDA3,50,2.0,3
1,1,CDA3,51,2.0,3
1,1,CDA3,52,2.0,3
1,1,CDA3,53,2.0,3
1,1,CDA3,54,2.0,3
1,1,CDA3,55,2.0,3
1,1,CDA3,56,2.0,3
1,1,CDA3,57,2.0,3
1,1,CDA3,58,7.0,3
1,1,CDA3,59,8.0,3
1,1,CDA3,60,8.0,3
2,1,CDA3,1,20.0,3
2,1,CDA3,2,19.95,3
2,1,CDA3,3,19.95,3
2,1,CDA3,4,12.0,3
2,1,CDA3,5,12.0,3
2,1,CDA3,6,12.0,3
2,1,CDA3,7,1.0,3
2,1,CDA3,8,1.0,3
2,1,CDA3,9,4.0,3
2,1,CDA3,10,5.0,3
2,1,CDA3,11,5.0,3
2,1,CDA3,12,1.0,3
2,1,CDA3,13,2.0,3
2,1,CDA3,14,2.0,3
2,1,CDA3,15,10.0,3
2,1,CDA3,16,13.0,3
2,1,CDA3,17,13.0,3
2,1,CDA3,18,6.0,3
2,1,CDA3,19,5.0,3
2,1,CDA3,20,5.0,3
2,1,CDA3,21,3.0,3
2,1,CDA3,22,3.0,3
2,1,CDA3,23,2.0,3
2,1,CDA3,24,2.0,3
2,1,CDA3,25,2.0,3
2,1,CDA3,26,2.0,3
2,1,CDA3,27,2.0,3
2,1,CDA3,28,1.0,3
2,1,CDA3,29,1.0,3
2,1,CDA3,30,4.0,3
2,1,CDA3,31,11.9,3
2,1,CDA3,32,11.9,3
2,1,CDA3,33,1.0,3
2,1,CDA3,34,1.0,3
2,1,CDA3,35,1.0,3
2,1,CDA3,36,1.0,3
2,1,CDA3,37,1.0,3
2,1,CDA3,38,1.0,3
2,1,CDA3,39,3.0,3
2,1,CDA3,40,3.0,3
2,1,CDA3,41,2.0,3
2,1,CDA3,42,2.0,3
2,1,CDA3,43,2.0,3
2,1,CDA3,44,2.0,3
2,1,CDA3,45,2.0,3
2,1,CDA3,46,2.0,3
2,1,CDA3,47,1.0,3
2,1,CDA3,48,1.0,3
2,1,CDA3,49,1.0,3
2,1,CDA3,50,1.0,3
2,1,CDA3,51,1.0,3
2,1,CDA3,52,3.0,3
2,1,CDA3,53,3.0,3
2,1,CDA3,54,12.0,3
2,1,CDA3,55,12.0,3
2,1,CDA3,56,1.0,3
2,1,CDA3,57,1.0,3
2,1,CDA3,58,1.0,3
2,1,CDA3,59,1.0,3
2,1,CDA3,60,1.0,3
3,1,CDA3,1,20.0,3
3,1,CDA3,2,20.0,3
3,1,CDA3,3,14.0,3
3,1,CDA3,4,10.0,3
3,1,CDA3,5,3.0,3
3,1,CDA3,6,3.0,3
3,1,CDA3,7,4.0,3
3,1,CDA3,8,4.0,3
3,1,CDA3,9,4.0,3
3,1,CDA3,10,4.0,3
3,1,CDA3,11,4.0,3
3,1,CDA3,12,1.0,3
3,1,CDA3,13,11.0,3
3,1,CDA3,14,1.0,3
3,1,CDA3,15,1.0,3
3,1,CDA3,16,1.0,3
3,1,CDA3,17,6.899999999999999,3
3,1,CDA3,18,6.899999999999999,3
3,1,CDA3,19,6.899999999999999,3
3,1,CDA3,20,2.0,3
3,1,CDA3,21,2.0,3
3,1,CDA3,22,2.0,3
3,1,CDA3,23,2.0,3
3,1,CDA3,24,2.0,3
3,1,CDA3,25,2.0,3
3,1,CDA3,26,2.0,3
3,1,CDA3,27,2.0,3
3,1,CDA3,28,2.0,3
3,1,CDA3,29,3.0,3
3,1,CDA3,30,2.0,3
3,1,CDA3,31,2.0,3
3,1,CDA3,32,2.0,3
3,1,CDA3,33,2.0,3
3,1,CDA3,34,2.0,3
3,1,CDA3,35,1.0,3
3,1,CDA3,36,10.0,3
3,1,CDA3,37,10.0,3
3,1,CDA3,38,10.0,3
3,1,CDA3,39,1.0,3
3,1,CDA3,40,1.0,3
3,1,CDA3,41,3.0,3
3,1,CDA3,42,3.0,3
3,1,CDA3,43,1.0,3
3,1,CDA3,44,1.0,3
3,1,CDA3,45,1.0,3
3,1,CDA3,46,1.0,3
3,1,CDA3,47,1.0,3
3,1,CDA3,48,1.0,3
3,1,CDA3,49,1.0,3
3,1,CDA3,50,1.0,3
3,1,CDA3,51,1.0,3
3,1,CDA3,52,1.0,3
3,1,CDA3,53,1.0,3
3,1,CDA3,54,1.0,3
3,1,CDA3,55,1.0,3
3,1,CDA3,56,1.0,3
3,1,CDA3,57,1.0,3
3,1,CDA3,58,1.0,3
3,1,CDA3,59,1.0,3
3,1,CDA3,60,1.0,3
4,1,CDA3,1,20.0,3
4,1,CDA3,2,20.0,3
4,1,CDA3,3,3.0,3
4,1,CDA3,4,11.0,3
4,1,CDA3,5,7.0,3
4,1,CDA3,6,7.0,3
4,1,CDA3,7,2.0,3
4,1,CDA3,8,2.0,3
4,1,CDA3,9,2.0,3
4,1,CDA3,10,2.0,3
4,1,CDA3,11,2.0,3
4,1,CDA3,12,2.0,3
4,1,CDA3,13,2.0,3
4,1,CDA3,14,2.0,3
4,1,CDA3,15,2.0,3
4,1,CDA3,16,1.0,3
4,1,CDA3,17,2.0,3
4,1,CDA3,18,3.0,3
4,1,CDA3,19,3.0,3
4,1,CDA3,20,3.0,3
4,1,CDA3,21,4.0,3
4,1,CDA3,22,4.0,3
4,1,CDA3,23,4.0,3
4,1,CDA3,24,1.0,3
4,1,CDA3,25,1.0,3
4,1,CDA3,26,1.0,3
4,1,CDA3,27,1.0,3
4,1,CDA3,28,1.0,3
4,1,CDA3,29,3.0,3
4,1,CDA3,30,3.0,3
4,1,CDA3,31,1.0999999999999996,3
4,1,CDA3,32,1.0999999999999996,3
4,1,CDA3,33,1.0999999999999996,3
4,1,CDA3,34,1.0999999999999996,3
4,1,CDA3,35,1.0500000000000007,3
4,1,CDA3,36,2.0,3
4,1,CDA3,37,2.0,3
4,1,CDA3,38,2.0,3
4,1,CDA3,39,2.0,3
4,1,CDA3,40,2.0,3
4,1,CDA3,41,2.0,3
4,1,CDA3,42,2.0,3
4,1,CDA3,43,2.0,3
4,1,CDA3,44,2.0,3
4,1,CDA3,45,1.0,3
4,1,CDA3,46,1.0,3
4,1,CDA3,47,1.0,3
4,1,CDA3,48,1.0,3
4,1,CDA3,49,1.0,3
4,1,CDA3,50,1.0,3
4,1,CDA3,51,1.0,3
4,1,CDA3,52,1.0,3
4,1,CDA3,53,1.0,3
4,1,CDA3,54,5.0,3
4,1,CDA3,55,5.0,3
4,1,CDA3,56,5.0,3
4,1,CDA3,57,5.0,3
4,1,CDA3,58,5.0,3
4,1,CDA3,59,1.0,3
4,1,CDA3,60,1.0,3
5,2,CDA3,1,20.0,3
5,2,CDA3,2,20.0,3
5,2,CDA3,3,16.0,3
5,2,CDA3,4,4.0,3
5,2,CDA3,5,10.0,3
5,2,CDA3,6,10.0,3
5,2,CDA3,7,10.0,3
5,2,CDA3,8,4.0,3
5,2,CDA3,9,4.0,3
5,2,CDA3,10,2.0,3
5,2,CDA3,11,2.0,3
5,2,CDA3,12,2.0,3
5,2,CDA3,13,2.0,3
5,2,CDA3,14,2.0,3
5,2,CDA3,15,2.0,3
5,2,CDA3,16,2.0,3
5,2,CDA3,17,2.0,3
5,2,CDA3,18,2.0,3
5,2,CDA3,19,2.0,3
5,2,CDA3,20,2.0,3
5,2,CDA3,21,2.0,3
5,2,CDA3,22,2.0,3
5,2,CDA3,23,12.0,3
5,2,CDA3,24,12.0,3
5,2,CDA3,25,12.0,3
5,2,CDA3,26,2.0,3
5,2,CDA3,27,2.0,3
5,2,CDA3,28,2.0,3
5,2,CDA3,29,6.0,3
5,2,CDA3,30,6.0,3
5,2,CDA3,31,1.0,3
5,2,CDA3,32,1.0,3
5,2,CDA3,33,1.0,3
5,2,CDA3,34,1.0,3
5,2,CDA3,35,1.0,3
5,2,CDA3,36,1.0,3
5,2,CDA3,37,1.0,3
5,2,CDA3,38,1.0,3
5,2,CDA3,39,1.0,3
5,2,CDA3,40,1.0,3
5,2,CDA3,41,1.0,3
5,2,CDA3,42,1.0,3
5,2,CDA3,43,8.0,3
5,2,CDA3,44,3.0,3
5,2,CDA3,45,1.0,3
5,2,CDA3,46,1.0,3
5,2,CDA3,47,1.0,3
5,2,CDA3,48,1.0,3
5,2,CDA3,49,1.0,3
5,2,CDA3,50,1.0,3
5,2,CDA3,51,1.0,3
5,2,CDA3,52,1.0,3
5,2,CDA3,53,1.0,3
5,2,CDA3,54,1.0,3
5,2,CDA3,55,1.0,3
5,2,CDA3,56,1.0,3
5,2,CDA3,57,13.55,3
5,2,CDA3,58,13.55,3
5,2,CDA3,59,3.0,3
5,2,CDA3,60,1.0,3
6,2,CDA3,1,20.0,3
6,2,CDA3,2,20.0,3
6,2,CDA3,3,15.0,3
6,2,CDA3,4,2.0,3
6,2,CDA3,5,1.0,3
6,2,CDA3,6,1.0,3
6,2,CDA3,7,1.0,3
6,2,CDA3,8,1.0,3
6,2,CDA3,9,1.0,3
6,2,CDA3,10,1.0,3
6,2,CDA3,11,1.0,3
6,2,CDA3,12,1.0,3
6,2,CDA3,13,1.0,3
6,2,CDA3,14,1.0,3
6,2,CDA3,15,1.0,3
6,2,CDA3,16,1.0,3
6,2,CDA3,17,1.0,3
6,2,CDA3,18,1.0,3
6,2,CDA3,19,1.0,3
6,2,CDA3,20,1.0,3
6,2,CDA3,21,1.0,3
6,2,CDA3,22,1.0,3
6,2,CDA3,23,1.0,3
6,2,CDA3,24,1.0,3
6,2,CDA3,25,1.0,3
6,2,CDA3,26,1.0,3
6,2,CDA3,27,1.0,3
6,2,CDA3,28,1.0,3
6,2,CDA3,29,1.0,3
6,2,CDA3,30,1.0,3
6,2,CDA3,31,1.0,3
6,2,CDA3,32,2.0,3
6,2,CDA3,33,2.0,3
6,2,CDA3,34,2.0,3
6,2,CDA3,35,2.0,3
6,2,CDA3,36,2.0,3
6,2,CDA3,37,2.0,3
6,2,CDA3,38,2.0,3
6,2,CDA3,39,2.0,3
6,2,CDA3,40,3.0,3
6,2,CDA3,41,3.0,3
6,2,CDA3,42,3.0,3
6,2,CDA3,43,1.0,3
6,2,CDA3,44,1.0,3
6,2,CDA3,45,5.0,3
6,2,CDA3,46,5.0,3
6,2,CDA3,47,1.0,3
6,2,CDA3,48,1.0,3
6,2,CDA3,49,1.0,3
6,2,CDA3,50,1.0,3
6,2,CDA3,51,1.0,3
6,2,CDA3,52,1.0,3
6,2,CDA3,53,1.0,3
6,2,CDA3,54,1.0,3
6,2,CDA3,55,1.0,3
6,2,CDA3,56,1.0,3
6,2,CDA3,57,1.0,3
6,2,CDA3,58,1.0,3
6,2,CDA3,59,1.0,3
6,2,CDA3,60,1.0,3
7,2,CDA3,1,20.0,3
7,2,CDA3,2,20.0,3
7,2,CDA3,3,14.0,3
7,2,CDA3,4,1.0,3
7,2,CDA3,5,4.0,3
7,2,CDA3,6,3.0,3
7,2,CDA3,7,3.0,3
7,2,CDA3,8,4.0,3
7,2,CDA3,9,1.0,3
7,2,CDA3,10,1.0,3
7,2,CDA3,11,1.0,3
7,2,CDA3,12,1.0,3
7,2,CDA3,13,1.0,3
7,2,CDA3,14,1.0,3
7,2,CDA3,15,1.0,3
7,2,CDA3,16,1.0,3
7,2,CDA3,17,1.0,3
7,2,CDA3,18,1.0,3
7,2,CDA3,19,1.0,3
7,2,CDA3,20,1.0,3
7,2,CDA3,21,1.0,3
7,2,CDA3,22,1.0,3
7,2,CDA3,23,1.0,3
7,2,CDA3,24,1.0,3
7,2,CDA3,25,1.0,3
7,2,CDA3,26,1.0,3
7,2,CDA3,27,14.0,3
7,2,CDA3,28,14.0,3
7,2,CDA3,29,14.0,3
7,2,CDA3,30,1.0,3
7,2,CDA3,31,1.0,3
7,2,CDA3,32,1.0,3
7,2,CDA3,33,2.0,3
7,2,CDA3,34,2.0,3
7,2,CDA3,35,1.0,3
7,2,CDA3,36,1.0,3
7,2,CDA3,37,1.0,3
7,2,CDA3,38,1.0,3
7,2,CDA3,39,1.0,3
7,2,CDA3,40,1.0,3
7,2,CDA3,41,14.0,3
7,2,CDA3,42,1.0,3
7,2,CDA3,43,1.0,3
7,2,CDA3,44,1.0,3
7,2,CDA3,45,1.0,3
7,2,CDA3,46,1.0,3
7,2,CDA3,47,1.0,3
7,2,CDA3,48,1.0,3
7,2,CDA3,49,2.0,3
7,2,CDA3,50,2.0,3
7,2,CDA3,51,2.0,3
7,2,CDA3,52,1.0,3
7,2,CDA3,53,1.0,3
7,2,CDA3,54,1.0,3
7,2,CDA3,55,1.0,3
7,2,CDA3,56,1.0,3
7,2,CDA3,57,1.0,3
7,2,CDA3,58,1.0,3
7,2,CDA3,59,1.0,3
7,2,CDA3,60,1.0,3
8,2,CDA3,1,20.0,3
8,2,CDA3,2,20.0,3
8,2,CDA3,3,15.0,3
8,2,CDA3,4,2.0,3
8,2,CDA3,5,2.0,3
8,2,CDA3,6,1.0,3
8,2,CDA3,7,1.0,3
8,2,CDA3,8,1.0,3
8,2,CDA3,9,1.0,3
8,2,CDA3,10,1.0,3
8,2,CDA3,11,1.0,3
8,2,CDA3,12,2.0,3
8,2,CDA3,13,2.0,3
8,2,CDA3,14,1.0,3
8,2,CDA3,15,3.0,3
8,2,CDA3,16,3.0,3
8,2,CDA3,17,3.0,3
8,2,CDA3,18,3.0,3
8,2,CDA3,19,8.0,3
8,2,CDA3,20,7.0,3
8,2,CDA3,21,5.5,3
8,2,CDA3,22,1.0,3
8,2,CDA3,23,1.0,3
8,2,CDA3,24,1.0,3
8,2,CDA3,25,1.0,3
8,2,CDA3,26,1.0,3
8,2,CDA3,27,4.0,3
8,2,CDA3,28,4.0,3
8,2,CDA3,29,1.0,3
8,2,CDA3,30,2.0,3
8,2,CDA3,31,2.0,3
8,2,CDA3,32,2.0,3
8,2,CDA3,33,2.0,3
8,2,CDA3,34,1.0,3
8,2,CDA3,35,1.0,3
8,2,CDA3,36,1.0,3
8,2,CDA3,37,1.0,3
8,2,CDA3,38,1.0,3
8,2,CDA3,39,1.0,3
8,2,CDA3,40,1.0,3
8,2,CDA3,41,2.0,3
8,2,CDA3,42,3.0,3
8,2,CDA3,43,14.0,3
8,2,CDA3,44,14.0,3
8,2,CDA3,45,14.0,3
8,2,CDA3,46,14.0,3
8,2,CDA3,47,14.0,3
8,2,CDA3,48,12.0,3
8,2,CDA3,49,12.0,3
8,2,CDA3,50,11.899999999999999,3
8,2,CDA3,51,11.899999999999999,3
8,2,CDA3,52,11.899999999999999,3
8,2,CDA3,53,4.0,3
8,2,CDA3,54,3.0,3
8,2,CDA3,55,3.0,3
8,2,CDA3,56,3.0,3
8,2,CDA3,57,3.0,3
8,2,CDA3,58,3.0,3
8,2,CDA3,59,1.0,3
8,2,CDA3,60,1.0,3
9,3,CDA3,1,20.0,3
9,3,CDA3,2,20.0,3
9,3,CDA3,3,20.0,3
9,3,CDA3,4,8.0,3
9,3,CDA3,5,1.0,3
9,3,CDA3,6,1.0,3
9,3,CDA3,7,1.0,3
9,3,CDA3,8,1.0,3
9,3,CDA3,9,1.0,3
9,3,CDA3,10,1.0,3
9,3,CDA3,11,1.0,3
9,3,CDA3,12,1.0,3
9,3,CDA3,13,11.0,3
9,3,CDA3,14,11.0,3
9,3,CDA3,15,9.0,3
9,3,CDA3,16,1.0,3
9,3,CDA3,17,1.0,3
9,3,CDA3,18,1.0,3
9,3,CDA3,19,1.0,3
9,3,CDA3,20,1.0,3
9,3,CDA3,21,1.0,3
9,3,CDA3,22,1.0,3
9,3,CDA3,23,3.0,3
9,3,CDA3,24,3.0,3
9,3,CDA3,25,2.0,3
9,3,CDA3,26,2.0,3
9,3,CDA3,27,2.0,3
9,3,CDA3,28,13.0,3
9,3,CDA3,29,13.0,3
9,3,CDA3,30,13.0,3
9,3,CDA3,31,13.0,3
9,3,CDA3,32,13.0,3
9,3,CDA3,33,1.0,3
9,3,CDA3,34,13.75,3
9,3,CDA3,35,13.75,3
9,3,CDA3,36,13.75,3
9,3,CDA3,37,13.75,3
9,3,CDA3,38,13.75,3
9,3,CDA3,39,14.0,3
9,3,CDA3,40,14.0,3
9,3,CDA3,41,13.5,3
9,3,CDA3,42,13.5,3
9,3,CDA3,43,1.0,3
9,3,CDA3,44,1.0,3
9,3,CDA3,45,1.0,3
9,3,CDA3,46,2.0,3
9,3,CDA3,47,2.0,3
9,3,CDA3,48,2.0,3
9,3,CDA3,49,1.0,3
9,3,CDA3,50,1.0,3
9,3,CDA3,51,1.0,3
9,3,CDA3,52,2.0,3
9,3,CDA3,53,1.0,3
9,3,CDA3,54,1.0,3
9,3,CDA3,55,1.0,3
9,3,CDA3,56,1.0,3
9,3,CDA3,57,1.0,3
9,3,CDA3,58,1.0,3
9,3,CDA3,59,1.0,3
9,3,CDA3,60,10.0,3
10,3,CDA3,1,20.0,3
10,3,CDA3,2,20.0,3
10,3,CDA3,3,10.0,3
10,3,CDA3,4,10.0,3
10,3,CDA3,5,1.0,3
10,3,CDA3,6,2.0,3
10,3,CDA3,7,2.0,3
10,3,CDA3,8,1.0,3
10,3,CDA3,9,2.0,3
10,3,CDA3,10,2.0,3
10,3,CDA3,11,2.0,3
10,3,CDA3,12,3.0,3
10,3,CDA3,13,3.0,3
10,3,CDA3,14,3.0,3
10,3,CDA3,15,3.0,3
10,3,CDA3,16,3.0,3
10,3,CDA3,17,7.0,3
10,3,CDA3,18,7.0,3
10,3,CDA3,19,3.0,3
10,3,CDA3,20,3.0,3
10,3,CDA3,21,3.0,3
10,3,CDA3,22,3.0,3
10,3,CDA3,23,3.0,3
10,3,CDA3,24,3.0,3
10,3,CDA3,25,3.0,3
10,3,CDA3,26,3.0,3
10,3,CDA3,27,3.0,3
10,3,CDA3,28,3.0,3
10,3,CDA3,29,3.9499999999999993,3
10,3,CDA3,30,3.9499999999999993,3
10,3,CDA3,31,3.9499999999999993,3
10,3,CDA3,32,1.0,3
10,3,CDA3,33,1.0,3
10,3,CDA3,34,1.0,3
10,3,CDA3,35,1.0,3
10,3,CDA3,36,1.0,3
10,3,CDA3,37,1.0,3
10,3,CDA3,38,1.9499999999999993,3
10,3,CDA3,39,1.0,3
10,3,CDA3,40,1.0,3
10,3,CDA3,41,1.0,3
10,3,CDA3,42,2.9499999999999993,3
10,3,CDA3,43,11.5,3
10,3,CDA3,44,11.5,3
10,3,CDA3,45,2.9499999999999993,3
10,3,CDA3,46,2.9499999999999993,3
10,3,CDA3,47,1.9499999999999993,3
10,3,CDA3,48,1.9499999999999993,3
10,3,CDA3,49,1.9499999999999993,3
10,3,CDA3,50,1.9499999999999993,3
10,3,CDA3,51,1.9499999999999993,3
10,3,CDA3,52,2.0,3
10,3,CDA3,53,2.0,3
10,3,CDA3,54,2.0,3
10,3,CDA3,55,2.0,3
10,3,CDA3,56,2.0,3
10,3,CDA3,57,2.0,3
10,3,CDA3,58,1.0,3
10,3,CDA3,59,9.85,3
10,3,CDA3,60,9.85,3
11,3,CDA3,1,20.0,3
11,3,CDA3,2,20.0,3
11,3,CDA3,3,20.0,3
11,3,CDA3,4,12.0,3
11,3,CDA3,5,12.0,3
11,3,CDA3,6,12.0,3
11,3,CDA3,7,8.0,3
11,3,CDA3,8,2.0,3
11,3,CDA3,9,2.0,3
11,3,CDA3,10,2.0,3
11,3,CDA3,11,12.0,3
11,3,CDA3,12,12.0,3
11,3,CDA3,13,1.0,3
11,3,CDA3,14,1.0,3
11,3,CDA3,15,1.0,3
11,3,CDA3,16,1.0,3
11,3,CDA3,17,1.0,3
11,3,CDA3,18,1.0,3
11,3,CDA3,19,1.0,3
11,3,CDA3,20,11.0,3
11,3,CDA3,21,11.0,3
11,3,CDA3,22,11.0,3
11,3,CDA3,23,1.0,3
11,3,CDA3,24,1.0,3
11,3,CDA3,25,1.0,3
11,3,CDA3,26,1.0,3
11,3,CDA3,27,1.0,3
11,3,CDA3,28,1.0,3
11,3,CDA3,29,1.0,3
11,3,CDA3,30,1.0,3
11,3,CDA3,31,1.0,3
11,3,CDA3,32,1.0,3
11,3,CDA3,33,1.0,3
11,3,CDA3,34,6.0,3
11,3,CDA3,35,5.0,3
11,3,CDA3,36,5.0,3
11,3,CDA3,37,1.0,3
11,3,CDA3,38,1.0,3
11,3,CDA3,39,1.0,3
11,3,CDA3,40,1.0,3
11,3,CDA3,41,1.0,3
11,3,CDA3,42,1.0,3
11,3,CDA3,43,1.0,3
11,3,CDA3,44,1.0,3
11,3,CDA3,45,1.0,3
11,3,CDA3,46,7.0,3
11,3,CDA3,47,7.0,3
11,3,CDA3,48,7.0,3
11,3,CDA3,49,7.0,3
11,3,CDA3,50,7.0,3
11,3,CDA3,51,1.0,3
11,3,CDA3,52,1.0,3
11,3,CDA3,53,1.0,3
11,3,CDA3,54,1.0,3
11,3,CDA3,55,1.0,3
11,3,CDA3,56,8.0,3
11,3,CDA3,57,20.0,3
11,3,CDA3,58,13.0,3
11,3,CDA3,59,4.300000000000001,3
11,3,CDA3,60,4.300000000000001,3
12,3,CDA3,1,19.95,3
12,3,CDA3,2,20.0,3
12,3,CDA3,3,13.0,3
12,3,CDA3,4,13.0,3
12,3,CDA3,5,1.0,3
12,3,CDA3,6,1.0,3
12,3,CDA3,7,1.0,3
12,3,CDA3,8,1.0,3
12,3,CDA3,9,1.0,3
12,3,CDA3,10,1.0,3
12,3,CDA3,11,8.95,3
12,3,CDA3,12,8.0,3
12,3,CDA3,13,1.0,3
12,3,CDA3,14,1.0,3
12,3,CDA3,15,2.0,3
12,3,CDA3,16,1.0,3
12,3,CDA3,17,1.0,3
12,3,CDA3,18,2.0,3
12,3,CDA3,19,1.0,3
12,3,CDA3,20,2.0,3
12,3,CDA3,21,8.0,3
12,3,CDA3,22,2.0,3
12,3,CDA3,23,2.0,3
12,3,CDA3,24,2.0,3
12,3,CDA3,25,2.0,3
12,3,CDA3,26,8.0,3
12,3,CDA3,27,8.0,3
12,3,CDA3,28,1.0,3
12,3,CDA3,29,1.0,3
12,3,CDA3,30,2.0,3
12,3,CDA3,31,1.0,3
12,3,CDA3,32,1.0,3
12,3,CDA3,33,1.0,3
12,3,CDA3,34,1.0,3
12,3,CDA3,35,1.0,3
12,3,CDA3,36,1.0,3
12,3,CDA3,37,1.0,3
12,3,CDA3,38,1.0,3
12,3,CDA3,39,1.0,3
12,3,CDA3,40,1.0,3
12,3,CDA3,41,1.0,3
12,3,CDA3,42,1.0,3
12,3,CDA3,43,1.0,3
12,3,CDA3,44,1.0,3
12,3,CDA3,45,1.0,3
12,3,CDA3,46,9.0,3
12,3,CDA3,47,8.0,3
12,3,CDA3,48,8.0,3
12,3,CDA3,49,8.0,3
12,3,CDA3,50,8.0,3
12,3,CDA3,51,3.0,3
12,3,CDA3,52,2.0,3
12,3,CDA3,53,2.0,3
12,3,CDA3,54,2.0,3
12,3,CDA3,55,10.0,3
12,3,CDA3,56,10.0,3
12,3,CDA3,57,3.5,3
12,3,CDA3,58,7.0,3
12,3,CDA3,59,7.0,3
12,3,CDA3,60,7.0,3
13,4,CDA3,1,20.0,3
13,4,CDA3,2,20.0,3
13,4,CDA3,3,6.0,3
13,4,CDA3,4,6.0,3
13,4,CDA3,5,4.0,3
13,4,CDA3,6,3.0,3
13,4,CDA3,7,3.0,3
13,4,CDA3,8,3.0,3
13,4,CDA3,9,3.0,3
13,4,CDA3,10,1.0,3
13,4,CDA3,11,2.0,3
13,4,CDA3,12,2.0,3
13,4,CDA3,13,1.0,3
13,4,CDA3,14,3.0,3
13,4,CDA3,15,1.0,3
13,4,CDA3,16,2.0,3
13,4,CDA3,17,2.0,3
13,4,CDA3,18,4.0,3
13,4,CDA3,19,4.0,3
13,4,CDA3,20,1.0,3
13,4,CDA3,21,1.0,3
13,4,CDA3,22,1.0,3
13,4,CDA3,23,1.0,3
13,4,CDA3,24,1.0,3
13,4,CDA3,25,1.0,3
13,4,CDA3,26,1.0,3
13,4,CDA3,27,2.0,3
13,4,CDA3,28,1.0,3
13,4,CDA3,29,1.0,3
13,4,CDA3,30,1.0,3
13,4,CDA3,31,2.0,3
13,4,CDA3,32,2.0,3
13,4,CDA3,33,14.0,3
13,4,CDA3,34,14.0,3
13,4,CDA3,35,14.0,3
13,4,CDA3,36,14.0,3
13,4,CDA3,37,1.0,3
13,4,CDA3,38,2.0,3
13,4,CDA3,39,3.0,3
13,4,CDA3,40,3.0,3
13,4,CDA3,41,3.0,3
13,4,CDA3,42,3.0,3
13,4,CDA3,43,14.0,3
13,4,CDA3,44,14.0,3
13,4,CDA3,45,14.0,3
13,4,CDA3,46,2.0,3
13,4,CDA3,47,2.0,3
13,4,CDA3,48,2.0,3
13,4,CDA3,49,1.0,3
13,4,CDA3,50,1.0,3
13,4,CDA3,51,1.0,3
13,4,CDA3,52,1.0,3
13,4,CDA3,53,1.0,3
13,4,CDA3,54,1.0,3
13,4,CDA3,55,1.0,3
13,4,CDA3,56,14.1,3
13,4,CDA3,57,14.1,3
13,4,CDA3,58,15.0,3
13,4,CDA3,59,15.0,3
13,4,CDA3,60,15.0,3
14,4,CDA3,1,20.0,3
14,4,CDA3,2,20.0,3
14,4,CDA3,3,12.0,3
14,4,CDA3,4,8.0,3
14,4,CDA3,5,12.0,3
14,4,CDA3,6,2.0,3
14,4,CDA3,7,2.0,3
14,4,CDA3,8,12.0,3
14,4,CDA3,9,14.0,3
14,4,CDA3,10,14.0,3
14,4,CDA3,11,3.0,3
14,4,CDA3,12,2.0,3
14,4,CDA3,13,2.0,3
14,4,CDA3,14,2.0,3
14,4,CDA3,15,2.0,3
14,4,CDA3,16,2.0,3
14,4,CDA3,17,2.0,3
14,4,CDA3,18,2.0,3
14,4,CDA3,19,2.0,3
14,4,CDA3,20,2.0,3
14,4,CDA3,21,1.0,3
14,4,CDA3,22,1.0,3
14,4,CDA3,23,2.0,3
14,4,CDA3,24,3.0,3
14,4,CDA3,25,3.0,3
14,4,CDA3,26,14.0,3
14,4,CDA3,27,14.0,3
14,4,CDA3,28,2.0,3
14,4,CDA3,29,1.0,3
14,4,CDA3,30,1.0,3
14,4,CDA3,31,1.0,3
14,4,CDA3,32,1.0,3
14,4,CDA3,33,13.0,3
14,4,CDA3,34,1.0,3
14,4,CDA3,35,1.0,3
14,4,CDA3,36,1.0,3
14,4,CDA3,37,1.0,3
14,4,CDA3,38,2.0,3
14,4,CDA3,39,1.5999999999999996,3
14,4,CDA3,40,2.0,3
14,4,CDA3,41,2.0,3
14,4,CDA3,42,1.0,3
14,4,CDA3,43,1.0,3
14,4,CDA3,44,1.0,3
14,4,CDA3,45,1.0,3
14,4,CDA3,46,1.0,3
14,4,CDA3,47,1.0,3
14,4,CDA3,48,14.0,3
14,4,CDA3,49,14.0,3
14,4,CDA3,50,14.0,3
14,4,CDA3,51,14.0,3
14,4,CDA3,52,14.0,3
14,4,CDA3,53,1.0,3
14,4,CDA3,54,1.0,3
14,4,CDA3,55,1.0,3
14,4,CDA3,56,1.0,3
14,4,CDA3,57,1.0,3
14,4,CDA3,58,1.0,3
14,4,CDA3,59,1.0,3
14,4,CDA3,60,1.0,3
15,4,CDA3,1,20.0,3
15,4,CDA3,2,20.0,3
15,4,CDA3,3,15.0,3
15,4,CDA3,4,3.0,3
15,4,CDA3,5,3.0,3
15,4,CDA3,6,3.0,3
15,4,CDA3,7,3.0,3
15,4,CDA3,8,2.0,3
15,4,CDA3,9,2.0,3
15,4,CDA3,10,1.0,3
15,4,CDA3,11,3.0,3
15,4,CDA3,12,1.0,3
15,4,CDA3,13,1.0,3
15,4,CDA3,14,1.0,3
15,4,CDA3,15,1.0,3
15,4,CDA3,16,2.0,3
15,4,CDA3,17,2.0,3
15,4,CDA3,18,1.0,3
15,4,CDA3,19,3.0,3
15,4,CDA3,20,2.0,3
15,4,CDA3,21,2.0,3
15,4,CDA3,22,2.0,3
15,4,CDA3,23,1.0,3
15,4,CDA3,24,13.0,3
15,4,CDA3,25,13.0,3
15,4,CDA3,26,13.0,3
15,4,CDA3,27,1.0,3
15,4,CDA3,28,1.0,3
15,4,CDA3,29,1.0,3
15,4,CDA3,30,1.0,3
15,4,CDA3,31,1.0,3
15,4,CDA3,32,1.0,3
15,4,CDA3,33,1.0,3
15,4,CDA3,34,1.0,3
15,4,CDA3,35,1.0,3
15,4,CDA3,36,1.0,3
15,4,CDA3,37,1.0,3
15,4,CDA3,38,1.0,3
15,4,CDA3,39,1.0,3
15,4,CDA3,40,1.0,3
15,4,CDA3,41,1.0,3
15,4,CDA3,42,1.0,3
15,4,CDA3,43,1.0,3
15,4,CDA3,44,1.0,3
15,4,CDA3,45,1.0,3
15,4,CDA3,46,1.0,3
15,4,CDA3,47,1.0,3
15,4,CDA3,48,1.0,3
15,4,CDA3,49,1.0,3
15,4,CDA3,50,1.0,3
15,4,CDA3,51,1.0,3
15,4,CDA3,52,14.0,3
15,4,CDA3,53,14.0,3
15,4,CDA3,54,1.0,3
15,4,CDA3,55,1.0,3
15,4,CDA3,56,1.0,3
15,4,CDA3,57,1.0,3
15,4,CDA3,58,1.0,3
15,4,CDA3,59,1.0,3
15,4,CDA3,60,1.0,3
16,4,CDA3,1,20.0,3
16,4,CDA3,2,20.0,3
16,4,CDA3,3,15.0,3
16,4,CDA3,4,15.0,3
16,4,CDA3,5,1.0,3
16,4,CDA3,6,1.0,3
16,4,CDA3,7,1.0,3
16,4,CDA3,8,1.0,3
16,4,CDA3,9,1.0,3
16,4,CDA3,10,2.0,3
16,4,CDA3,11,1.0,3
16,4,CDA3,12,1.0,3
16,4,CDA3,13,1.0,3
16,4,CDA3,14,1.0,3
16,4,CDA3,15,1.0,3
16,4,CDA3,16,1.0,3
16,4,CDA3,17,1.0,3
16,4,CDA3,18,1.0,3
16,4,CDA3,19,1.0,3
16,4,CDA3,20,1.0,3
16,4,CDA3,21,1.0,3
16,4,CDA3,22,1.0,3
16,4,CDA3,23,1.0,3
16,4,CDA3,24,13.0,3
16,4,CDA3,25,12.899999999999999,3
16,4,CDA3,26,13.899999999999999,3
16,4,CDA3,27,13.899999999999999,3
16,4,CDA3,28,1.0,3
16,4,CDA3,29,1.0,3
16,4,CDA3,30,1.0,3
16,4,CDA3,31,1.0,3
16,4,CDA3,32,1.0,3
16,4,CDA3,33,1.0,3
16,4,CDA3,34,1.0,3
16,4,CDA3,35,1.0,3
16,4,CDA3,36,1.0,3
16,4,CDA3,37,1.0,3
16,4,CDA3,38,1.0,3
16,4,CDA3,39,1.0,3
16,4,CDA3,40,1.0,3
16,4,CDA3,41,1.0,3
16,4,CDA3,42,1.0,3
16,4,CDA3,43,1.0,3
16,4,CDA3,44,1.0,3
16,4,CDA3,45,1.0,3
16,4,CDA3,46,1.0,3
16,4,CDA3,47,15.0,3
16,4,CDA3,48,15.0,3
16,4,CDA3,49,1.0,3
16,4,CDA3,50,1.0,3
16,4,CDA3,51,1.0,3
16,4,CDA3,52,1.0,3
16,4,CDA3,53,1.0,3
16,4,CDA3,54,1.0,3
16,4,CDA3,55,1.0,3
16,4,CDA3,56,1.0,3
16,4,CDA3,57,1.0,3
16,4,CDA3,58,1.0,3
16,4,CDA3,59,1.0,3
16,4,CDA3,60,1.0,3
17,5,CDA3,1,20.0,3
17,5,CDA3,2,20.0,3
17,5,CDA3,3,20.0,3
17,5,CDA3,4,12.0,3
17,5,CDA3,5,12.0,3
17,5,CDA3,6,6.0,3
17,5,CDA3,7,1.0,3
17,5,CDA3,8,1.0,3
17,5,CDA3,9,6.0,3
17,5,CDA3,10,6.0,3
17,5,CDA3,11,6.0,3
17,5,CDA3,12,5.0,3
17,5,CDA3,13,5.0,3
17,5,CDA3,14,5.0,3
17,5,CDA3,15,5.0,3
17,5,CDA3,16,1.0,3
17,5,CDA3,17,4.0,3
17,5,CDA3,18,4.0,3
17,5,CDA3,19,4.0,3
17,5,CDA3,20,4.0,3
17,5,CDA3,21,5.0,3
17,5,CDA3,22,5.0,3
17,5,CDA3,23,10.0,3
17,5,CDA3,24,11.0,3
17,5,CDA3,25,11.0,3
17,5,CDA3,26,11.0,3
17,5,CDA3,27,11.75,3
17,5,CDA3,28,8.0,3
17,5,CDA3,29,8.0,3
17,5,CDA3,30,8.0,3
17,5,CDA3,31,2.0,3
17,5,CDA3,32,6.0,3
17,5,CDA3,33,6.0,3
17,5,CDA3,34,14.0,3
17,5,CDA3,35,6.0,3
17,5,CDA3,36,6.0,3
17,5,CDA3,37,5.0,3
17,5,CDA3,38,5.0,3
17,5,CDA3,39,5.0,3
17,5,CDA3,40,5.0,3
17,5,CDA3,41,5.0,3
17,5,CDA3,42,6.0,3
17,5,CDA3,43,6.0,3
17,5,CDA3,44,14.0,3
17,5,CDA3,45,4.0,3
17,5,CDA3,46,4.0,3
17,5,CDA3,47,4.0,3
17,5,CDA3,48,4.0,3
17,5,CDA3,49,4.0,3
17,5,CDA3,50,12.8,3
17,5,CDA3,51,12.8,3
17,5,CDA3,52,12.8,3
17,5,CDA3,53,2.0,3
17,5,CDA3,54,12.0,3
17,5,CDA3,55,12.0,3
17,5,CDA3,56,2.0,3
17,5,CDA3,57,14.0,3
17,5,CDA3,58,14.0,3
17,5,CDA3,59,1.0,3
17,5,CDA3,60,1.0,3
18,5,CDA3,1,20.0,3
18,5,CDA3,2,20.0,3
18,5,CDA3,3,7.0,3
18,5,CDA3,4,4.0,3
18,5,CDA3,5,10.0,3
18,5,CDA3,6,10.0,3
18,5,CDA3,7,4.0,3
18,5,CDA3,8,4.0,3
18,5,CDA3,9,4.0,3
18,5,CDA3,10,4.0,3
18,5,CDA3,11,3.0,3
18,5,CDA3,12,3.0,3
18,5,CDA3,13,1.0,3
18,5,CDA3,14,1.0,3
18,5,CDA3,15,3.0,3
18,5,CDA3,16,3.0,3
18,5,CDA3,17,3.0,3
18,5,CDA3,18,3.0,3
18,5,CDA3,19,3.0,3
18,5,CDA3,20,3.0,3
18,5,CDA3,21,6.0,3
18,5,CDA3,22,6.0,3
18,5,CDA3,23,2.0,3
18,5,CDA3,24,2.0,3
18,5,CDA3,25,1.0,3
18,5,CDA3,26,13.0,3
18,5,CDA3,27,2.0,3
18,5,CDA3,28,1.0,3
18,5,CDA3,29,1.0,3
18,5,CDA3,30,1.0,3
18,5,CDA3,31,1.0,3
18,5,CDA3,32,1.0,3
18,5,CDA3,33,1.0,3
18,5,CDA3,34,2.0,3
18,5,CDA3,35,10.0,3
18,5,CDA3,36,10.0,3
18,5,CDA3,37,4.0,3
18,5,CDA3,38,2.0,3
18,5,CDA3,39,1.0,3
18,5,CDA3,40,1.0,3
18,5,CDA3,41,1.0,3
18,5,CDA3,42,1.0,3
18,5,CDA3,43,1.0,3
18,5,CDA3,44,2.0,3
18,5,CDA3,45,2.0,3
18,5,CDA3,46,2.0,3
18,5,CDA3,47,2.0,3
18,5,CDA3,48,1.6999999999999993,3
18,5,CDA3,49,1.6999999999999993,3
18,5,CDA3,50,1.6999999999999993,3
18,5,CDA3,51,1.0,3
18,5,CDA3,52,1.0,3
18,5,CDA3,53,1.0,3
18,5,CDA3,54,1.0,3
18,5,CDA3,55,1.0,3
18,5,CDA3,56,1.0,3
18,5,CDA3,57,1.0,3
18,5,CDA3,58,1.0,3
18,5,CDA3,59,1.0,3
18,5,CDA3,60,1.0,3
19,5,CDA3,1,20.0,3
19,5,CDA3,2,20.0,3
19,5,CDA3,3,10.0,3
19,5,CDA3,4,4.0,3
19,5,CDA3,5,4.0,3
19,5,CDA3,6,4.0,3
19,5,CDA3,7,4.0,3
19,5,CDA3,8,4.0,3
19,5,CDA3,9,4.0,3
19,5,CDA3,10,2.0,3
19,5,CDA3,11,2.0,3
19,5,CDA3,12,2.0,3
19,5,CDA3,13,2.0,3
19,5,CDA3,14,2.0,3
19,5,CDA3,15,2.0,3
19,5,CDA3,16,2.0,3
19,5,CDA3,17,1.0,3
19,5,CDA3,18,1.0,3
19,5,CDA3,19,1.0,3
19,5,CDA3,20,1.0,3
19,5,CDA3,21,1.0,3
19,5,CDA3,22,1.0,3
19,5,CDA3,23,1.0,3
19,5,CDA3,24,3.0,3
19,5,CDA3,25,3.0,3
19,5,CDA3,26,3.0,3
19,5,CDA3,27,3.0,3
19,5,CDA3,28,3.0,3
19,5,CDA3,29,3.0,3
19,5,CDA3,30,3.0,3
19,5,CDA3,31,13.0,3
19,5,CDA3,32,11.0,3
19,5,CDA3,33,11.0,3
19,5,CDA3,34,2.0,3
19,5,CDA3,35,2.0,3
19,5,CDA3,36,1.0,3
19,5,CDA3,37,1.4000000000000004,3
19,5,CDA3,38,1.0,3
19,5,CDA3,39,1.0,3
19,5,CDA3,40,12.0,3
19,5,CDA3,41,19.9,3
19,5,CDA3,42,19.9,3
19,5,CDA3,43,4.0,3
19,5,CDA3,44,4.0,3
19,5,CDA3,45,4.0,3
19,5,CDA3,46,1.0,3
19,5,CDA3,47,3.0,3
19,5,CDA3,48,4.0,3
19,5,CDA3,49,4.0,3
19,5,CDA3,50,4.0,3
19,5,CDA3,51,2.0,3
19,5,CDA3,52,13.0,3
19,5,CDA3,53,13.0,3
19,5,CDA3,54,15.0,3
19,5,CDA3,55,2.0,3
19,5,CDA3,56,2.0,3
19,5,CDA3,57,2.0,3
19,5,CDA3,58,2.0,3
19,5,CDA3,59,2.0,3
19,5,CDA3,60,3.0,3
20,5,CDA3,1,20.0,3
20,5,CDA3,2,20.0,3
20,5,CDA3,3,20.0,3
20,5,CDA3,4,2.0,3
20,5,CDA3,5,1.0,3
20,5,CDA3,6,1.0,3
20,5,CDA3,7,2.0,3
20,5,CDA3,8,2.0,3
20,5,CDA3,9,2.0,3
20,5,CDA3,10,2.0,3
20,5,CDA3,11,4.0,3
20,5,CDA3,12,3.0,3
20,5,CDA3,13,3.0,3
20,5,CDA3,14,2.0,3
20,5,CDA3,15,2.0,3
20,5,CDA3,16,3.0,3
20,5,CDA3,17,3.0,3
20,5,CDA3,18,1.0,3
20,5,CDA3,19,1.0,3
20,5,CDA3,20,1.0,3
20,5,CDA3,21,1.0,3
20,5,CDA3,22,3.0,3
20,5,CDA3,23,3.0,3
20,5,CDA3,24,3.0,3
20,5,CDA3,25,3.0,3
20,5,CDA3,26,12.0,3
20,5,CDA3,27,12.0,3
20,5,CDA3,28,3.0,3
20,5,CDA3,29,15.0,3
20,5,CDA3,30,15.0,3
20,5,CDA3,31,3.0,3
20,5,CDA3,32,1.0,3
20,5,CDA3,33,1.0,3
20,5,CDA3,34,1.0,3
20,5,CDA3,35,1.0,3
20,5,CDA3,36,2.0,3
20,5,CDA3,37,2.0,3
20,5,CDA3,38,2.0,3
20,5,CDA3,39,2.0,3
20,5,CDA3,40,2.0,3
20,5,CDA3,41,2.0,3
20,5,CDA3,42,2.0,3
20,5,CDA3,43,2.0,3
20,5,CDA3,44,2.0,3
20,5,CDA3,45,1.0,3
20,5,CDA3,46,1.0,3
20,5,CDA3,47,1.0,3
20,5,CDA3,48,1.0,3
20,5,CDA3,49,1.0,3
20,5,CDA3,50,13.0,3
20,5,CDA3,51,1.0,3
20,5,CDA3,52,1.0,3
20,5,CDA3,53,15.0,3
20,5,CDA3,54,14.45,3
20,5,CDA3,55,1.4499999999999993,3
20,5,CDA3,56,1.0,3
20,5,CDA3,57,1.0,3
20,5,CDA3,58,1.0,3
20,5,CDA3,59,1.0,3
20,5,CDA3,60,1.0,3
1,1,CDA4,1,20.0,4
1,1,CDA4,2,20.0,4
1,1,CDA4,3,20.0,4
1,1,CDA4,4,13.0,4
1,1,CDA4,5,10.0,4
1,1,CDA4,6,10.0,4
1,1,CDA4,7,10.0,4
1,1,CDA4,8,8.0,4
1,1,CDA4,9,8.0,4
1,1,CDA4,10,10.0,4
1,1,CDA4,11,8.0,4
1,1,CDA4,12,20.0,4
1,1,CDA4,13,11.0,4
1,1,CDA4,14,5.0,4
1,1,CDA4,15,5.0,4
1,1,CDA4,16,5.0,4
1,1,CDA4,17,1.0,4
1,1,CDA4,18,1.0,4
1,1,CDA4,19,1.0,4
1,1,CDA4,20,1.0,4
1,1,CDA4,21,1.0,4
1,1,CDA4,22,1.0,4
1,1,CDA4,23,1.0,4
1,1,CDA4,24,1.0,4
1,1,CDA4,25,1.0,4
1,1,CDA4,26,1.0,4
1,1,CDA4,27,1.0,4
1,1,CDA4,28,1.0,4
1,1,CDA4,29,1.0,4
1,1,CDA4,30,1.0,4
1,1,CDA4,31,1.0,4
1,1,CDA4,32,1.0,4
1,1,CDA4,33,2.0,4
1,1,CDA4,34,2.0,4
1,1,CDA4,35,2.0,4
1,1,CDA4,36,2.0,4
1,1,CDA4,37,2.0,4
1,1,CDA4,38,2.0,4
1,1,CDA4,39,2.0,4
1,1,CDA4,40,2.0,4
1,1,CDA4,41,2.0,4
1,1,CDA4,42,2.0,4
1,1,CDA4,43,2.0,4
1,1,CDA4,44,2.0,4
1,1,CDA4,45,2.0,4
1,1,CDA4,46,2.0,4
1,1,CDA4,47,1.0,4
1,1,CDA4,48,1.0,4
1,1,CDA4,49,1.0,4
1,1,CDA4,50,1.0,4
1,1,CDA4,51,1.0,4
1,1,CDA4,52,1.0,4
1,1,CDA4,53,3.0,4
1,1,CDA4,54,3.0,4
1,1,CDA4,55,3.0,4
1,1,CDA4,56,3.0,4
1,1,CDA4,57,4.0,4
1,1,CDA4,58,4.0,4
1,1,CDA4,59,2.0,4
1,1,CDA4,60,2.0,4
2,1,CDA4,1,20.0,4
2,1,CDA4,2,20.0,4
2,1,CDA4,3,11.0,4
2,1,CDA4,4,11.0,4
2,1,CDA4,5,10.0,4
2,1,CDA4,6,10.0,4
2,1,CDA4,7,10.0,4
2,1,CDA4,8,10.0,4
2,1,CDA4,9,10.0,4
2,1,CDA4,10,10.0,4
2,1,CDA4,11,8.0,4
2,1,CDA4,12,8.0,4
2,1,CDA4,13,3.0,4
2,1,CDA4,14,8.0,4
2,1,CDA4,15,8.0,4
2,1,CDA4,16,8.0,4
2,1,CDA4,17,3.0,4
2,1,CDA4,18,3.0,4
2,1,CDA4,19,1.0,4
2,1,CDA4,20,1.0,4
2,1,CDA4,21,1.0,4
2,1,CDA4,22,1.0,4
2,1,CDA4,23,1.0,4
2,1,CDA4,24,1.0,4
2,1,CDA4,25,1.0,4
2,1,CDA4,26,1.0,4
2,1,CDA4,27,1.0,4
2,1,CDA4,28,2.0,4
2,1,CDA4,29,2.0,4
2,1,CDA4,30,2.0,4
2,1,CDA4,31,2.0,4
2,1,CDA4,32,2.0,4
2,1,CDA4,33,2.0,4
2,1,CDA4,34,2.0,4
2,1,CDA4,35,2.0,4
2,1,CDA4,36,2.0,4
2,1,CDA4,37,2.0,4
2,1,CDA4,38,10.0,4
2,1,CDA4,39,10.0,4
2,1,CDA4,40,5.0,4
2,1,CDA4,41,5.0,4
2,1,CDA4,42,5.0,4
2,1,CDA4,43,5.0,4
2,1,CDA4,44,5.0,4
2,1,CDA4,45,5.0,4
2,1,CDA4,46,8.0,4
2,1,CDA4,47,8.0,4
2,1,CDA4,48,8.0,4
2,1,CDA4,49,8.0,4
2,1,CDA4,50,4.0,4
2,1,CDA4,51,4.0,4
2,1,CDA4,52,4.0,4
2,1,CDA4,53,4.0,4
2,1,CDA4,54,3.0,4
2,1,CDA4,55,3.0,4
2,1,CDA4,56,3.0500000000000007,4
2,1,CDA4,57,3.0500000000000007,4
2,1,CDA4,58,3.0500000000000007,4
2,1,CDA4,59,3.0500000000000007,4
2,1,CDA4,60,3.0500000000000007,4
3,1,CDA4,1,20.0,4
3,1,CDA4,2,20.0,4
3,1,CDA4,3,20.0,4
3,1,CDA4,4,10.0,4
3,1,CDA4,5,10.0,4
3,1,CDA4,6,2.0,4
3,1,CDA4,7,2.0,4
3,1,CDA4,8,2.0,4
3,1,CDA4,9,8.0,4
3,1,CDA4,10,1.0,4
3,1,CDA4,11,6.0,4
3,1,CDA4,12,6.0,4
3,1,CDA4,13,6.0,4
3,1,CDA4,14,3.0,4
3,1,CDA4,15,3.0,4
3,1,CDA4,16,3.0,4
3,1,CDA4,17,3.0,4
3,1,CDA4,18,3.0,4
3,1,CDA4,19,3.0,4
3,1,CDA4,20,3.0,4
3,1,CDA4,21,1.0,4
3,1,CDA4,22,1.0,4
3,1,CDA4,23,1.0,4
3,1,CDA4,24,1.0,4
3,1,CDA4,25,1.0,4
3,1,CDA4,26,1.0,4
3,1,CDA4,27,1.0,4
3,1,CDA4,28,3.0,4
3,1,CDA4,29,3.0,4
3,1,CDA4,30,3.0,4
3,1,CDA4,31,4.0,4
3,1,CDA4,32,4.0,4
3,1,CDA4,33,4.0,4
3,1,CDA4,34,4.0,4
3,1,CDA4,35,4.0,4
3,1,CDA4,36,2.0,4
3,1,CDA4,37,2.0,4
3,1,CDA4,38,2.0,4
3,1,CDA4,39,2.0,4
3,1,CDA4,40,1.0,4
3,1,CDA4,41,2.0,4
3,1,CDA4,42,2.0,4
3,1,CDA4,43,2.0,4
3,1,CDA4,44,2.0,4
3,1,CDA4,45,2.0,4
3,1,CDA4,46,2.0,4
3,1,CDA4,47,2.0,4
3,1,CDA4,48,2.0,4
3,1,CDA4,49,2.0,4
3,1,CDA4,50,2.0,4
3,1,CDA4,51,2.0,4
3,1,CDA4,52,2.0,4
3,1,CDA4,53,2.0,4
3,1,CDA4,54,6.0,4
3,1,CDA4,55,10.0,4
3,1,CDA4,56,1.0,4
3,1,CDA4,57,12.0,4
3,1,CDA4,58,12.0,4
3,1,CDA4,59,1.0,4
3,1,CDA4,60,1.0,4
4,1,CDA4,1,20.0,4
4,1,CDA4,2,20.0,4
4,1,CDA4,3,20.0,4
4,1,CDA4,4,20.0,4
4,1,CDA4,5,20.0,4
4,1,CDA4,6,4.0,4
4,1,CDA4,7,4.0,4
4,1,CDA4,8,4.0,4
4,1,CDA4,9,4.0,4
4,1,CDA4,10,4.0,4
4,1,CDA4,11,4.0,4
4,1,CDA4,12,4.0,4
4,1,CDA4,13,1.0,4
4,1,CDA4,14,4.0,4
4,1,CDA4,15,6.0,4
4,1,CDA4,16,6.0,4
4,1,CDA4,17,5.0,4
4,1,CDA4,18,5.0,4
4,1,CDA4,19,5.0,4
4,1,CDA4,20,5.0,4
4,1,CDA4,21,5.0,4
4,1,CDA4,22,1.0,4
4,1,CDA4,23,1.0,4
4,1,CDA4,24,1.0,4
4,1,CDA4,25,1.0,4
4,1,CDA4,26,1.0,4
4,1,CDA4,27,1.0,4
4,1,CDA4,28,1.0,4
4,1,CDA4,29,4.0,4
4,1,CDA4,30,4.0,4
4,1,CDA4,31,4.0,4
4,1,CDA4,32,4.0,4
4,1,CDA4,33,4.0,4
4,1,CDA4,34,4.0,4
4,1,CDA4,35,4.0,4
4,1,CDA4,36,1.0,4
4,1,CDA4,37,1.0,4
4,1,CDA4,38,1.0,4
4,1,CDA4,39,1.0,4
4,1,CDA4,40,1.0,4
4,1,CDA4,41,1.0,4
4,1,CDA4,42,1.0,4
4,1,CDA4,43,1.0,4
4,1,CDA4,44,1.0,4
4,1,CDA4,45,1.0,4
4,1,CDA4,46,1.0,4
4,1,CDA4,47,1.0,4
4,1,CDA4,48,1.0,4
4,1,CDA4,49,2.0,4
4,1,CDA4,50,2.0,4
4,1,CDA4,51,2.0,4
4,1,CDA4,52,2.0,4
4,1,CDA4,53,2.0,4
4,1,CDA4,54,1.0,4
4,1,CDA4,55,2.0,4
4,1,CDA4,56,2.0,4
4,1,CDA4,57,2.0,4
4,1,CDA4,58,2.0,4
4,1,CDA4,59,2.0,4
4,1,CDA4,60,2.0,4
5,2,CDA4,1,20.0,4
5,2,CDA4,2,20.0,4
5,2,CDA4,3,20.0,4
5,2,CDA4,4,10.0,4
5,2,CDA4,5,10.0,4
5,2,CDA4,6,10.0,4
5,2,CDA4,7,6.0,4
5,2,CDA4,8,8.0,4
5,2,CDA4,9,8.0,4
5,2,CDA4,10,8.0,4
5,2,CDA4,11,8.0,4
5,2,CDA4,12,8.0,4
5,2,CDA4,13,8.0,4
5,2,CDA4,14,6.0,4
5,2,CDA4,15,5.0,4
5,2,CDA4,16,5.0,4
5,2,CDA4,17,1.0,4
5,2,CDA4,18,1.0,4
5,2,CDA4,19,1.0,4
5,2,CDA4,20,1.0,4
5,2,CDA4,21,1.0,4
5,2,CDA4,22,5.0,4
5,2,CDA4,23,3.0,4
5,2,CDA4,24,4.0,4
5,2,CDA4,25,4.0,4
5,2,CDA4,26,1.0,4
5,2,CDA4,27,1.0,4
5,2,CDA4,28,9.0,4
5,2,CDA4,29,3.0,4
5,2,CDA4,30,3.0,4
5,2,CDA4,31,3.0,4
5,2,CDA4,32,6.0,4
5,2,CDA4,33,6.0,4
5,2,CDA4,34,6.0,4
5,2,CDA4,35,6.0,4
5,2,CDA4,36,6.0,4
5,2,CDA4,37,3.0,4
5,2,CDA4,38,3.0,4
5,2,CDA4,39,3.0,4
5,2,CDA4,40,3.0,4
5,2,CDA4,41,7.0,4
5,2,CDA4,42,7.0,4
5,2,CDA4,43,2.8,4
5,2,CDA4,44,2.8,4
5,2,CDA4,45,2.8,4
5,2,CDA4,46,7.0,4
5,2,CDA4,47,7.0,4
5,2,CDA4,48,7.0,4
5,2,CDA4,49,14.0,4
5,2,CDA4,50,6.0,4
5,2,CDA4,51,6.0,4
5,2,CDA4,52,4.0,4
5,2,CDA4,53,3.0,4
5,2,CDA4,54,9.0,4
5,2,CDA4,55,8.65,4
5,2,CDA4,56,8.65,4
5,2,CDA4,57,8.65,4
5,2,CDA4,58,8.65,4
5,2,CDA4,59,3.9000000000000004,4
5,2,CDA4,60,3.9000000000000004,4
6,2,CDA4,1,20.0,4
6,2,CDA4,2,20.0,4
6,2,CDA4,3,20.0,4
6,2,CDA4,4,20.0,4
6,2,CDA4,5,10.0,4
6,2,CDA4,6,4.0,4
6,2,CDA4,7,4.0,4
6,2,CDA4,8,4.0,4
6,2,CDA4,9,4.0,4
6,2,CDA4,10,2.0,4
6,2,CDA4,11,4.0,4
6,2,CDA4,12,4.0,4
6,2,CDA4,13,4.0,4
6,2,CDA4,14,4.0,4
6,2,CDA4,15,4.0,4
6,2,CDA4,16,3.0,4
6,2,CDA4,17,3.0,4
6,2,CDA4,18,3.0,4
6,2,CDA4,19,3.0,4
6,2,CDA4,20,3.0,4
6,2,CDA4,21,3.0,4
6,2,CDA4,22,3.0,4
6,2,CDA4,23,1.0,4
6,2,CDA4,24,1.0,4
6,2,CDA4,25,1.0,4
6,2,CDA4,26,1.0,4
6,2,CDA4,27,1.0,4
6,2,CDA4,28,1.0,4
6,2,CDA4,29,5.0,4
6,2,CDA4,30,5.0,4
6,2,CDA4,31,5.0,4
6,2,CDA4,32,1.0,4
6,2,CDA4,33,6.0,4
6,2,CDA4,34,6.0,4
6,2,CDA4,35,6.0,4
6,2,CDA4,36,6.0,4
6,2,CDA4,37,6.0,4
6,2,CDA4,38,6.0,4
6,2,CDA4,39,6.0,4
6,2,CDA4,40,3.0,4
6,2,CDA4,41,3.0,4
6,2,CDA4,42,3.0,4
6,2,CDA4,43,6.0,4
6,2,CDA4,44,6.0,4
6,2,CDA4,45,6.0,4
6,2,CDA4,46,1.0,4
6,2,CDA4,47,1.0,4
6,2,CDA4,48,1.0,4
6,2,CDA4,49,1.0,4
6,2,CDA4,50,1.0,4
6,2,CDA4,51,1.0,4
6,2,CDA4,52,1.0,4
6,2,CDA4,53,1.0,4
6,2,CDA4,54,1.0,4
6,2,CDA4,55,1.0,4
6,2,CDA4,56,1.0,4
6,2,CDA4,57,1.0,4
6,2,CDA4,58,1.0,4
6,2,CDA4,59,1.0,4
6,2,CDA4,60,1.0,4
7,2,CDA4,1,20.0,4
7,2,CDA4,2,20.0,4
7,2,CDA4,3,20.0,4
7,2,CDA4,4,8.0,4
7,2,CDA4,5,5.0,4
7,2,CDA4,6,5.0,4
7,2,CDA4,7,9.0,4
7,2,CDA4,8,9.0,4
7,2,CDA4,9,4.0,4
7,2,CDA4,10,3.0,4
7,2,CDA4,11,3.0,4
7,2,CDA4,12,3.0,4
7,2,CDA4,13,3.0,4
7,2,CDA4,14,3.0,4
7,2,CDA4,15,3.0,4
7,2,CDA4,16,3.0,4
7,2,CDA4,17,7.75,4
7,2,CDA4,18,7.75,4
7,2,CDA4,19,7.75,4
7,2,CDA4,20,11.0,4
7,2,CDA4,21,11.0,4
7,2,CDA4,22,11.0,4
7,2,CDA4,23,11.0,4
7,2,CDA4,24,11.0,4
7,2,CDA4,25,2.0,4
7,2,CDA4,26,2.0,4
7,2,CDA4,27,2.0,4
7,2,CDA4,28,3.0,4
7,2,CDA4,29,3.0,4
7,2,CDA4,30,6.0,4
7,2,CDA4,31,6.0,4
7,2,CDA4,32,6.0,4
7,2,CDA4,33,6.0,4
7,2,CDA4,34,1.0,4
7,2,CDA4,35,1.0,4
7,2,CDA4,36,2.0,4
7,2,CDA4,37,2.0,4
7,2,CDA4,38,2.0,4
7,2,CDA4,39,2.0,4
7,2,CDA4,40,2.0,4
7,2,CDA4,41,2.0,4
7,2,CDA4,42,2.0,4
7,2,CDA4,43,6.0,4
7,2,CDA4,44,6.0,4
7,2,CDA4,45,1.0,4
7,2,CDA4,46,1.0,4
7,2,CDA4,47,1.0,4
7,2,CDA4,48,1.0,4
7,2,CDA4,49,1.0,4
7,2,CDA4,50,1.0,4
7,2,CDA4,51,1.0,4
7,2,CDA4,52,1.0,4
7,2,CDA4,53,1.0,4
7,2,CDA4,54,1.0,4
7,2,CDA4,55,1.0,4
7,2,CDA4,56,1.0,4
7,2,CDA4,57,1.0,4
7,2,CDA4,58,1.0,4
7,2,CDA4,59,1.0,4
7,2,CDA4,60,1.0,4
8,2,CDA4,1,20.0,4
8,2,CDA4,2,20.0,4
8,2,CDA4,3,20.0,4
8,2,CDA4,4,9.0,4
8,2,CDA4,5,9.0,4
8,2,CDA4,6,8.0,4
8,2,CDA4,7,7.0,4
8,2,CDA4,8,4.0,4
8,2,CDA4,9,4.0,4
8,2,CDA4,10,4.0,4
8,2,CDA4,11,5.4,4
8,2,CDA4,12,2.0,4
8,2,CDA4,13,1.0,4
8,2,CDA4,14,1.0,4
8,2,CDA4,15,7.0,4
8,2,CDA4,16,10.0,4
8,2,CDA4,17,10.0,4
8,2,CDA4,18,10.0,4
8,2,CDA4,19,6.0,4
8,2,CDA4,20,6.0,4
8,2,CDA4,21,2.0,4
8,2,CDA4,22,2.0,4
8,2,CDA4,23,2.0,4
8,2,CDA4,24,2.0,4
8,2,CDA4,25,2.0,4
8,2,CDA4,26,2.0,4
8,2,CDA4,27,2.0,4
8,2,CDA4,28,2.0,4
8,2,CDA4,29,4.0,4
8,2,CDA4,30,1.0,4
8,2,CDA4,31,1.0,4
8,2,CDA4,32,1.0,4
8,2,CDA4,33,4.0,4
8,2,CDA4,34,12.0,4
8,2,CDA4,35,12.0,4
8,2,CDA4,36,12.0,4
8,2,CDA4,37,12.0,4
8,2,CDA4,38,12.0,4
8,2,CDA4,39,1.0,4
8,2,CDA4,40,1.0,4
8,2,CDA4,41,1.0,4
8,2,CDA4,42,1.0,4
8,2,CDA4,43,12.0,4
8,2,CDA4,44,12.0,4
8,2,CDA4,45,12.0,4
8,2,CDA4,46,6.0,4
8,2,CDA4,47,11.0,4
8,2,CDA4,48,11.0,4
8,2,CDA4,49,11.0,4
8,2,CDA4,50,11.0,4
8,2,CDA4,51,11.0,4
8,2,CDA4,52,2.0,4
8,2,CDA4,53,2.0,4
8,2,CDA4,54,12.0,4
8,2,CDA4,55,12.0,4
8,2,CDA4,56,12.0,4
8,2,CDA4,57,12.0,4
8,2,CDA4,58,12.0,4
8,2,CDA4,59,2.0,4
8,2,CDA4,60,2.0,4
9,3,CDA4,1,20.0,4
9,3,CDA4,2,20.0,4
9,3,CDA4,3,20.0,4
9,3,CDA4,4,20.0,4
9,3,CDA4,5,12.0,4
9,3,CDA4,6,8.0,4
9,3,CDA4,7,12.0,4
9,3,CDA4,8,12.0,4
9,3,CDA4,9,5.0,4
9,3,CDA4,10,11.0,4
9,3,CDA4,11,11.0,4
9,3,CDA4,12,11.0,4
9,3,CDA4,13,1.0,4
9,3,CDA4,14,4.0,4
9,3,CDA4,15,4.0,4
9,3,CDA4,16,4.0,4
9,3,CDA4,17,4.0,4
9,3,CDA4,18,4.0,4
9,3,CDA4,19,4.0,4
9,3,CDA4,20,4.0,4
9,3,CDA4,21,4.0,4
9,3,CDA4,22,4.0,4
9,3,CDA4,23,4.0,4
9,3,CDA4,24,4.0,4
9,3,CDA4,25,8.0,4
9,3,CDA4,26,8.0,4
9,3,CDA4,27,1.0,4
9,3,CDA4,28,7.0,4
9,3,CDA4,29,7.0,4
9,3,CDA4,30,8.0,4
9,3,CDA4,31,8.0,4
9,3,CDA4,32,2.0,4
9,3,CDA4,33,4.0,4
9,3,CDA4,34,4.0,4
9,3,CDA4,35,4.0,4
9,3,CDA4,36,4.0,4
9,3,CDA4,37,4.0,4
9,3,CDA4,38,1.0,4
9,3,CDA4,39,2.0,4
9,3,CDA4,40,2.0,4
9,3,CDA4,41,4.0,4
9,3,CDA4,42,4.0,4
9,3,CDA4,43,3.0,4
9,3,CDA4,44,3.0,4
9,3,CDA4,45,3.0,4
9,3,CDA4,46,3.0,4
9,3,CDA4,47,1.0,4
9,3,CDA4,48,2.0,4
9,3,CDA4,49,2.0,4
9,3,CDA4,50,2.0,4
9,3,CDA4,51,4.199999999999999,4
9,3,CDA4,52,4.199999999999999,4
9,3,CDA4,53,4.199999999999999,4
9,3,CDA4,54,1.0,4
9,3,CDA4,55,1.0,4
9,3,CDA4,56,1.0,4
9,3,CDA4,57,1.0,4
9,3,CDA4,58,1.0,4
9,3,CDA4,59,1.0,4
9,3,CDA4,60,1.0,4
10,3,CDA4,1,20.0,4
10,3,CDA4,2,20.0,4
10,3,CDA4,3,16.0,4
10,3,CDA4,4,9.0,4
10,3,CDA4,5,9.0,4
10,3,CDA4,6,2.0,4
10,3,CDA4,7,8.0,4
10,3,CDA4,8,1.0,4
10,3,CDA4,9,14.0,4
10,3,CDA4,10,12.0,4
10,3,CDA4,11,12.0,4
10,3,CDA4,12,12.0,4
10,3,CDA4,13,1.0,4
10,3,CDA4,14,3.0,4
10,3,CDA4,15,2.0,4
10,3,CDA4,16,2.0,4
10,3,CDA4,17,2.0,4
10,3,CDA4,18,2.0,4
10,3,CDA4,19,2.0,4
10,3,CDA4,20,3.0,4
10,3,CDA4,21,3.0,4
10,3,CDA4,22,3.0,4
10,3,CDA4,23,3.0,4
10,3,CDA4,24,3.0,4
10,3,CDA4,25,2.0,4
10,3,CDA4,26,2.0,4
10,3,CDA4,27,2.0,4
10,3,CDA4,28,2.0,4
10,3,CDA4,29,2.0,4
10,3,CDA4,30,2.0,4
10,3,CDA4,31,2.0,4
10,3,CDA4,32,2.0,4
10,3,CDA4,33,2.0,4
10,3,CDA4,34,2.0,4
10,3,CDA4,35,8.0,4
10,3,CDA4,36,8.0,4
10,3,CDA4,37,2.0,4
10,3,CDA4,38,6.0,4
10,3,CDA4,39,6.0,4
10,3,CDA4,40,6.0,4
10,3,CDA4,41,6.0,4
10,3,CDA4,42,2.0,4
10,3,CDA4,43,2.0,4
10,3,CDA4,44,4.0,4
10,3,CDA4,45,4.0,4
10,3,CDA4,46,10.0,4
10,3,CDA4,47,3.0,4
10,3,CDA4,48,3.0,4
10,3,CDA4,49,6.0,4
10,3,CDA4,50,6.0,4
10,3,CDA4,51,1.0,4
10,3,CDA4,52,2.0,4
10,3,CDA4,53,1.0,4
10,3,CDA4,54,1.0,4
10,3,CDA4,55,1.0,4
10,3,CDA4,56,1.0,4
10,3,CDA4,57,1.0,4
10,3,CDA4,58,4.0,4
10,3,CDA4,59,1.0,4
10,3,CDA4,60,1.0,4
11,3,CDA4,1,20.0,4
11,3,CDA4,2,20.0,4
11,3,CDA4,3,20.0,4
11,3,CDA4,4,14.0,4
11,3,CDA4,5,7.0,4
11,3,CDA4,6,7.0,4
11,3,CDA4,7,7.0,4
11,3,CDA4,8,2.0,4
11,3,CDA4,9,1.0,4
11,3,CDA4,10,4.0,4
11,3,CDA4,11,3.0,4
11,3,CDA4,12,3.0,4
11,3,CDA4,13,3.0,4
11,3,CDA4,14,3.0,4
11,3,CDA4,15,3.0,4
11,3,CDA4,16,3.0,4
11,3,CDA4,17,3.0,4
11,3,CDA4,18,3.0,4
11,3,CDA4,19,10.0,4
11,3,CDA4,20,10.0,4
11,3,CDA4,21,3.0,4
11,3,CDA4,22,3.0,4
11,3,CDA4,23,2.0,4
11,3,CDA4,24,2.0,4
11,3,CDA4,25,3.0,4
11,3,CDA4,26,3.0,4
11,3,CDA4,27,3.0,4
11,3,CDA4,28,3.0,4
11,3,CDA4,29,4.0,4
11,3,CDA4,30,4.0,4
11,3,CDA4,31,3.0,4
11,3,CDA4,32,3.0,4
11,3,CDA4,33,3.0,4
11,3,CDA4,34,3.0,4
11,3,CDA4,35,3.0,4
11,3,CDA4,36,3.0,4
11,3,CDA4,37,3.0,4
11,3,CDA4,38,3.0,4
11,3,CDA4,39,3.0,4
11,3,CDA4,40,3.0,4
11,3,CDA4,41,3.0,4
11,3,CDA4,42,3.0,4
11,3,CDA4,43,10.0,4
11,3,CDA4,44,8.0,4
11,3,CDA4,45,2.0,4
11,3,CDA4,46,3.0,4
11,3,CDA4,47,2.0,4
11,3,CDA4,48,12.0,4
11,3,CDA4,49,12.0,4
11,3,CDA4,50,12.0,4
11,3,CDA4,51,1.0,4
11,3,CDA4,52,1.0,4
11,3,CDA4,53,2.0,4
11,3,CDA4,54,1.0,4
11,3,CDA4,55,1.0,4
11,3,CDA4,56,5.95,4
11,3,CDA4,57,9.95,4
11,3,CDA4,58,9.95,4
11,3,CDA4,59,10.0,4
11,3,CDA4,60,2.0,4
12,3,CDA4,1,20.0,4
12,3,CDA4,2,20.0,4
12,3,CDA4,3,20.0,4
12,3,CDA4,4,14.0,4
12,3,CDA4,5,14.0,4
12,3,CDA4,6,6.0,4
12,3,CDA4,7,2.0,4
12,3,CDA4,8,2.0,4
12,3,CDA4,9,2.0,4
12,3,CDA4,10,12.0,4
12,3,CDA4,11,12.0,4
12,3,CDA4,12,12.0,4
12,3,CDA4,13,5.0,4
12,3,CDA4,14,5.0,4
12,3,CDA4,15,5.0,4
12,3,CDA4,16,5.0,4
12,3,CDA4,17,1.0,4
12,3,CDA4,18,1.0,4
12,3,CDA4,19,1.0,4
12,3,CDA4,20,2.0,4
12,3,CDA4,21,2.0,4
12,3,CDA4,22,2.0,4
12,3,CDA4,23,2.0,4
12,3,CDA4,24,2.0,4
12,3,CDA4,25,2.0,4
12,3,CDA4,26,2.0,4
12,3,CDA4,27,2.0,4
12,3,CDA4,28,2.0,4
12,3,CDA4,29,1.0,4
12,3,CDA4,30,1.0,4
12,3,CDA4,31,1.0,4
12,3,CDA4,32,1.0,4
12,3,CDA4,33,1.0,4
12,3,CDA4,34,1.0,4
12,3,CDA4,35,1.0,4
12,3,CDA4,36,1.0,4
12,3,CDA4,37,1.0,4
12,3,CDA4,38,1.0,4
12,3,CDA4,39,1.0,4
12,3,CDA4,40,1.0,4
12,3,CDA4,41,1.0,4
12,3,CDA4,42,1.0,4
12,3,CDA4,43,4.0,4
12,3,CDA4,44,4.0,4
12,3,CDA4,45,4.0,4
12,3,CDA4,46,4.0,4
12,3,CDA4,47,3.0,4
12,3,CDA4,48,3.0,4
12,3,CDA4,49,2.0,4
12,3,CDA4,50,1.0,4
12,3,CDA4,51,2.0,4
12,3,CDA4,52,2.0,4
12,3,CDA4,53,2.0,4
12,3,CDA4,54,3.0,4
12,3,CDA4,55,1.0,4
12,3,CDA4,56,1.0,4
12,3,CDA4,57,1.0,4
12,3,CDA4,58,1.0,4
12,3,CDA4,59,1.0,4
12,3,CDA4,60,1.0,4
13,4,CDA4,1,20.0,4
13,4,CDA4,2,20.0,4
13,4,CDA4,3,20.0,4
13,4,CDA4,4,20.0,4
13,4,CDA4,5,5.0,4
13,4,CDA4,6,5.0,4
13,4,CDA4,7,5.0,4
13,4,CDA4,8,5.0,4
13,4,CDA4,9,5.0,4
13,4,CDA4,10,5.0,4
13,4,CDA4,11,5.0,4
13,4,CDA4,12,5.0,4
13,4,CDA4,13,5.0,4
13,4,CDA4,14,1.0,4
13,4,CDA4,15,1.0,4
13,4,CDA4,16,1.0,4
13,4,CDA4,17,2.0,4
13,4,CDA4,18,2.0,4
13,4,CDA4,19,2.0,4
13,4,CDA4,20,2.0,4
13,4,CDA4,21,2.0,4
13,4,CDA4,22,2.0,4
13,4,CDA4,23,2.0,4
13,4,CDA4,24,2.0,4
13,4,CDA4,25,1.0,4
13,4,CDA4,26,1.0,4
13,4,CDA4,27,1.0,4
13,4,CDA4,28,1.0,4
13,4,CDA4,29,1.0,4
13,4,CDA4,30,1.0,4
13,4,CDA4,31,1.0,4
13,4,CDA4,32,1.0499999999999998,4
13,4,CDA4,33,1.0499999999999998,4
13,4,CDA4,34,1.0499999999999998,4
13,4,CDA4,35,1.0499999999999998,4
13,4,CDA4,36,1.0499999999999998,4
13,4,CDA4,37,1.0499999999999998,4
13,4,CDA4,38,1.0499999999999998,4
13,4,CDA4,39,1.0499999999999998,4
13,4,CDA4,40,1.0499999999999998,4
13,4,CDA4,41,2.0,4
13,4,CDA4,42,2.0,4
13,4,CDA4,43,2.0,4
13,4,CDA4,44,2.0,4
13,4,CDA4,45,1.0,4
13,4,CDA4,46,1.0,4
13,4,CDA4,47,1.0,4
13,4,CDA4,48,1.0,4
13,4,CDA4,49,1.0,4
13,4,CDA4,50,1.0,4
13,4,CDA4,51,1.0,4
13,4,CDA4,52,1.0,4
13,4,CDA4,53,1.0,4
13,4,CDA4,54,2.3499999999999996,4
13,4,CDA4,55,2.3499999999999996,4
13,4,CDA4,56,1.3499999999999996,4
13,4,CDA4,57,1.3499999999999996,4
13,4,CDA4,58,2.3499999999999996,4
13,4,CDA4,59,2.3499999999999996,4
13,4,CDA4,60,1.0,4
14,4,CDA4,1,20.0,4
14,4,CDA4,2,20.0,4
14,4,CDA4,3,20.0,4
14,4,CDA4,4,1.0,4
14,4,CDA4,5,1.0,4
14,4,CDA4,6,1.0,4
14,4,CDA4,7,1.0,4
14,4,CDA4,8,1.0,4
14,4,CDA4,9,1.0,4
14,4,CDA4,10,1.0,4
14,4,CDA4,11,1.0,4
14,4,CDA4,12,1.0,4
14,4,CDA4,13,1.0,4
14,4,CDA4,14,1.0,4
14,4,CDA4,15,1.0,4
14,4,CDA4,16,1.0,4
14,4,CDA4,17,1.0,4
14,4,CDA4,18,2.0,4
14,4,CDA4,19,2.0,4
14,4,CDA4,20,2.0,4
14,4,CDA4,21,2.0,4
14,4,CDA4,22,1.0,4
14,4,CDA4,23,1.0,4
14,4,CDA4,24,1.0,4
14,4,CDA4,25,1.0,4
14,4,CDA4,26,1.0,4
14,4,CDA4,27,1.0,4
14,4,CDA4,28,1.0,4
14,4,CDA4,29,1.0,4
14,4,CDA4,30,1.0,4
14,4,CDA4,31,1.0,4
14,4,CDA4,32,1.0,4
14,4,CDA4,33,1.0,4
14,4,CDA4,34,1.0,4
14,4,CDA4,35,1.0,4
14,4,CDA4,36,1.0,4
14,4,CDA4,37,1.0,4
14,4,CDA4,38,1.0,4
14,4,CDA4,39,1.0,4
14,4,CDA4,40,1.0,4
14,4,CDA4,41,1.0,4
14,4,CDA4,42,3.0,4
14,4,CDA4,43,2.0,4
14,4,CDA4,44,2.0,4
14,4,CDA4,45,2.0,4
14,4,CDA4,46,3.0,4
14,4,CDA4,47,3.0,4
14,4,CDA4,48,3.0,4
14,4,CDA4,49,3.0,4
14,4,CDA4,50,16.0,4
14,4,CDA4,51,16.0,4
14,4,CDA4,52,16.0,4
14,4,CDA4,53,6.199999999999999,4
14,4,CDA4,54,2.5999999999999996,4
14,4,CDA4,55,2.5999999999999996,4
14,4,CDA4,56,3.8000000000000007,4
14,4,CDA4,57,1.0,4
14,4,CDA4,58,1.0,4
14,4,CDA4,59,1.0,4
14,4,CDA4,60,1.0,4
15,4,CDA4,1,20.0,4
15,4,CDA4,2,20.0,4
15,4,CDA4,3,14.0,4
15,4,CDA4,4,14.0,4
15,4,CDA4,5,2.0,4
15,4,CDA4,6,2.0,4
15,4,CDA4,7,1.0,4
15,4,CDA4,8,1.0,4
15,4,CDA4,9,1.0,4
15,4,CDA4,10,1.0,4
15,4,CDA4,11,1.0,4
15,4,CDA4,12,1.0,4
15,4,CDA4,13,1.0,4
15,4,CDA4,14,1.0,4
15,4,CDA4,15,2.0,4
15,4,CDA4,16,2.0,4
15,4,CDA4,17,2.0,4
15,4,CDA4,18,2.0,4
15,4,CDA4,19,3.0,4
15,4,CDA4,20,1.0,4
15,4,CDA4,21,1.0,4
15,4,CDA4,22,1.0,4
15,4,CDA4,23,1.0,4
15,4,CDA4,24,1.0,4
15,4,CDA4,25,1.0,4
15,4,CDA4,26,1.0,4
15,4,CDA4,27,1.0,4
15,4,CDA4,28,1.0,4
15,4,CDA4,29,1.0,4
15,4,CDA4,30,1.0,4
15,4,CDA4,31,3.0,4
15,4,CDA4,32,3.0,4
15,4,CDA4,33,4.0,4
15,4,CDA4,34,2.0,4
15,4,CDA4,35,3.0,4
15,4,CDA4,36,2.0,4
15,4,CDA4,37,2.0,4
15,4,CDA4,38,2.0,4
15,4,CDA4,39,3.0,4
15,4,CDA4,40,6.0,4
15,4,CDA4,41,6.0,4
15,4,CDA4,42,6.0,4
15,4,CDA4,43,6.0,4
15,4,CDA4,44,3.0,4
15,4,CDA4,45,1.0,4
15,4,CDA4,46,5.0,4
15,4,CDA4,47,1.0,4
15,4,CDA4,48,1.0,4
15,4,CDA4,49,1.0,4
15,4,CDA4,50,1.0,4
15,4,CDA4,51,1.0,4
15,4,CDA4,52,4.0,4
15,4,CDA4,53,6.0,4
15,4,CDA4,54,5.0,4
15,4,CDA4,55,5.0,4
15,4,CDA4,56,4.15,4
15,4,CDA4,57,2.0,4
15,4,CDA4,58,1.0,4
15,4,CDA4,59,1.0,4
15,4,CDA4,60,1.0,4
16,4,CDA4,1,20.0,4
16,4,CDA4,2,20.0,4
16,4,CDA4,3,20.0,4
16,4,CDA4,4,3.0,4
16,4,CDA4,5,3.0,4
16,4,CDA4,6,2.0,4
16,4,CDA4,7,1.0,4
16,4,CDA4,8,1.0,4
16,4,CDA4,9,1.0,4
16,4,CDA4,10,1.0,4
16,4,CDA4,11,1.0,4
16,4,CDA4,12,7.0,4
16,4,CDA4,13,1.0,4
16,4,CDA4,14,1.0,4
16,4,CDA4,15,1.0,4
16,4,CDA4,16,1.0,4
16,4,CDA4,17,1.0,4
16,4,CDA4,18,1.0,4
16,4,CDA4,19,1.0,4
16,4,CDA4,20,1.0,4
16,4,CDA4,21,1.0,4
16,4,CDA4,22,1.0,4
16,4,CDA4,23,1.0,4
16,4,CDA4,24,2.0,4
16,4,CDA4,25,1.0,4
16,4,CDA4,26,2.0,4
16,4,CDA4,27,2.0,4
16,4,CDA4,28,3.0,4
16,4,CDA4,29,3.0,4
16,4,CDA4,30,2.0,4
16,4,CDA4,31,2.0,4
16,4,CDA4,32,2.0,4
16,4,CDA4,33,2.0,4
16,4,CDA4,34,2.0,4
16,4,CDA4,35,2.0,4
16,4,CDA4,36,2.0,4
16,4,CDA4,37,2.0,4
16,4,CDA4,38,2.0,4
16,4,CDA4,39,1.0,4
16,4,CDA4,40,2.0,4
16,4,CDA4,41,2.0,4
16,4,CDA4,42,2.0,4
16,4,CDA4,43,2.0,4
16,4,CDA4,44,1.0,4
16,4,CDA4,45,1.0,4
16,4,CDA4,46,1.0,4
16,4,CDA4,47,1.0,4
16,4,CDA4,48,1.0,4
16,4,CDA4,49,1.0,4
16,4,CDA4,50,5.0,4
16,4,CDA4,51,5.0,4
16,4,CDA4,52,5.0,4
16,4,CDA4,53,1.0,4
16,4,CDA4,54,1.0,4
16,4,CDA4,55,4.0,4
16,4,CDA4,56,4.0,4
16,4,CDA4,57,4.0,4
16,4,CDA4,58,4.0,4
16,4,CDA4,59,4.0,4
16,4,CDA4,60,4.0,4
17,5,CDA4,1,20.0,4
17,5,CDA4,2,20.0,4
17,5,CDA4,3,15.0,4
17,5,CDA4,4,14.0,4
17,5,CDA4,5,9.0,4
17,5,CDA4,6,9.0,4
17,5,CDA4,7,4.0,4
17,5,CDA4,8,4.0,4
17,5,CDA4,9,4.0,4
17,5,CDA4,10,4.0,4
17,5,CDA4,11,4.0,4
17,5,CDA4,12,4.0,4
17,5,CDA4,13,4.0,4
17,5,CDA4,14,9.0,4
17,5,CDA4,15,1.0,4
17,5,CDA4,16,1.0,4
17,5,CDA4,17,1.0,4
17,5,CDA4,18,9.0,4
17,5,CDA4,19,9.0,4
17,5,CDA4,20,2.0,4
17,5,CDA4,21,2.0,4
17,5,CDA4,22,5.0,4
17,5,CDA4,23,5.0,4
17,5,CDA4,24,12.0,4
17,5,CDA4,25,12.0,4
17,5,CDA4,26,10.0,4
17,5,CDA4,27,6.0,4
17,5,CDA4,28,12.0,4
17,5,CDA4,29,12.0,4
17,5,CDA4,30,12.0,4
17,5,CDA4,31,12.0,4
17,5,CDA4,32,12.0,4
17,5,CDA4,33,12.0,4
17,5,CDA4,34,12.0,4
17,5,CDA4,35,15.0,4
17,5,CDA4,36,7.0,4
17,5,CDA4,37,7.0,4
17,5,CDA4,38,7.0,4
17,5,CDA4,39,7.0,4
17,5,CDA4,40,7.0,4
17,5,CDA4,41,5.199999999999999,4
17,5,CDA4,42,5.199999999999999,4
17,5,CDA4,43,7.0,4
17,5,CDA4,44,7.0,4
17,5,CDA4,45,7.0,4
17,5,CDA4,46,5.0,4
17,5,CDA4,47,5.0,4
17,5,CDA4,48,5.0,4
17,5,CDA4,49,5.0,4
17,5,CDA4,50,5.0,4
17,5,CDA4,51,5.0,4
17,5,CDA4,52,5.0,4
17,5,CDA4,53,5.0,4
17,5,CDA4,54,5.0,4
17,5,CDA4,55,5.0,4
17,5,CDA4,56,3.0,4
17,5,CDA4,57,3.0,4
17,5,CDA4,58,3.0,4
17,5,CDA4,59,3.0,4
17,5,CDA4,60,3.0,4
18,5,CDA4,1,20.0,4
18,5,CDA4,2,20.0,4
18,5,CDA4,3,6.0,4
18,5,CDA4,4,6.0,4
18,5,CDA4,5,6.0,4
18,5,CDA4,6,2.0,4
18,5,CDA4,7,2.0,4
18,5,CDA4,8,2.0,4
18,5,CDA4,9,2.0,4
18,5,CDA4,10,4.0,4
18,5,CDA4,11,3.0,4
18,5,CDA4,12,3.0,4
18,5,CDA4,13,1.0,4
18,5,CDA4,14,1.0,4
18,5,CDA4,15,3.0,4
18,5,CDA4,16,6.0,4
18,5,CDA4,17,6.0,4
18,5,CDA4,18,3.0,4
18,5,CDA4,19,11.0,4
18,5,CDA4,20,11.0,4
18,5,CDA4,21,11.0,4
18,5,CDA4,22,8.0,4
18,5,CDA4,23,2.0,4
18,5,CDA4,24,2.0,4
18,5,CDA4,25,2.0,4
18,5,CDA4,26,2.0,4
18,5,CDA4,27,2.0,4
18,5,CDA4,28,2.0,4
18,5,CDA4,29,1.0,4
18,5,CDA4,30,4.0,4
18,5,CDA4,31,4.0,4
18,5,CDA4,32,4.0,4
18,5,CDA4,33,4.0,4
18,5,CDA4,34,7.0,4
18,5,CDA4,35,2.0,4
18,5,CDA4,36,4.0,4
18,5,CDA4,37,14.0,4
18,5,CDA4,38,14.0,4
18,5,CDA4,39,4.5,4
18,5,CDA4,40,4.5,4
18,5,CDA4,41,8.0,4
18,5,CDA4,42,8.0,4
18,5,CDA4,43,8.0,4
18,5,CDA4,44,6.0,4
18,5,CDA4,45,14.0,4
18,5,CDA4,46,14.0,4
18,5,CDA4,47,14.0,4
18,5,CDA4,48,14.0,4
18,5,CDA4,49,7.0,4
18,5,CDA4,50,7.0,4
18,5,CDA4,51,6.85,4
18,5,CDA4,52,6.85,4
18,5,CDA4,53,5.85,4
18,5,CDA4,54,11.8,4
18,5,CDA4,55,11.8,4
18,5,CDA4,56,11.8,4
18,5,CDA4,57,11.8,4
18,5,CDA4,58,1.0,4
18,5,CDA4,59,1.0,4
18,5,CDA4,60,1.0,4
19,5,CDA4,1,20.0,4
19,5,CDA4,2,13.0,4
19,5,CDA4,3,13.0,4
19,5,CDA4,4,7.0,4
19,5,CDA4,5,4.0,4
19,5,CDA4,6,1.0,4
19,5,CDA4,7,1.0,4
19,5,CDA4,8,1.0,4
19,5,CDA4,9,3.0,4
19,5,CDA4,10,3.0,4
19,5,CDA4,11,3.0,4
19,5,CDA4,12,3.0,4
19,5,CDA4,13,2.0,4
19,5,CDA4,14,2.0,4
19,5,CDA4,15,4.0,4
19,5,CDA4,16,1.0,4
19,5,CDA4,17,1.0,4
19,5,CDA4,18,1.0,4
19,5,CDA4,19,4.0,4
19,5,CDA4,20,4.0,4
19,5,CDA4,21,2.0,4
19,5,CDA4,22,1.0,4
19,5,CDA4,23,5.0,4
19,5,CDA4,24,7.0,4
19,5,CDA4,25,6.0,4
19,5,CDA4,26,6.0,4
19,5,CDA4,27,7.0,4
19,5,CDA4,28,6.0,4
19,5,CDA4,29,1.0,4
19,5,CDA4,30,1.0,4
19,5,CDA4,31,1.0,4
19,5,CDA4,32,6.0,4
19,5,CDA4,33,6.0,4
19,5,CDA4,34,5.0,4
19,5,CDA4,35,5.0,4
19,5,CDA4,36,5.0,4
19,5,CDA4,37,4.0,4
19,5,CDA4,38,4.0,4
19,5,CDA4,39,4.0,4
19,5,CDA4,40,4.0,4
19,5,CDA4,41,4.0,4
19,5,CDA4,42,4.0,4
19,5,CDA4,43,4.0,4
19,5,CDA4,44,4.0,4
19,5,CDA4,45,4.0,4
19,5,CDA4,46,4.0,4
19,5,CDA4,47,4.0,4
19,5,CDA4,48,4.0,4
19,5,CDA4,49,4.0,4
19,5,CDA4,50,4.0,4
19,5,CDA4,51,4.0,4
19,5,CDA4,52,4.0,4
19,5,CDA4,53,4.0,4
19,5,CDA4,54,1.0,4
19,5,CDA4,55,1.0,4
19,5,CDA4,56,1.0,4
19,5,CDA4,57,1.0,4
19,5,CDA4,58,1.0,4
19,5,CDA4,59,1.0,4
19,5,CDA4,60,1.0,4
20,5,CDA4,1,20.0,4
20,5,CDA4,2,20.0,4
20,5,CDA4,3,13.0,4
20,5,CDA4,4,5.0,4
20,5,CDA4,5,2.0,4
20,5,CDA4,6,2.0,4
20,5,CDA4,7,4.0,4
20,5,CDA4,8,4.0,4
20,5,CDA4,9,5.0,4
20,5,CDA4,10,3.0,4
20,5,CDA4,11,1.0,4
20,5,CDA4,12,2.0,4
20,5,CDA4,13,4.0,4
20,5,CDA4,14,4.0,4
20,5,CDA4,15,3.0,4
20,5,CDA4,16,3.0,4
20,5,CDA4,17,3.0,4
20,5,CDA4,18,3.0,4
20,5,CDA4,19,1.0,4
20,5,CDA4,20,1.0,4
20,5,CDA4,21,3.0,4
20,5,CDA4,22,3.0,4
20,5,CDA4,23,3.0,4
20,5,CDA4,24,4.0,4
20,5,CDA4,25,4.0,4
20,5,CDA4,26,8.0,4
20,5,CDA4,27,3.0,4
20,5,CDA4,28,3.0,4
20,5,CDA4,29,3.0,4
20,5,CDA4,30,3.0,4
20,5,CDA4,31,2.0,4
20,5,CDA4,32,2.0,4
20,5,CDA4,33,2.0,4
20,5,CDA4,34,2.0,4
20,5,CDA4,35,2.0,4
20,5,CDA4,36,2.0,4
20,5,CDA4,37,1.0,4
20,5,CDA4,38,1.0,4
20,5,CDA4,39,1.0,4
20,5,CDA4,40,1.0,4
20,5,CDA4,41,1.0,4
20,5,CDA4,42,1.0,4
20,5,CDA4,43,1.0,4
20,5,CDA4,44,1.0,4
20,5,CDA4,45,4.0,4
20,5,CDA4,46,5.0,4
20,5,CDA4,47,5.0,4
20,5,CDA4,48,5.0,4
20,5,CDA4,49,5.0,4
20,5,CDA4,50,5.0,4
20,5,CDA4,51,8.0,4
20,5,CDA4,52,8.0,4
20,5,CDA4,53,8.0,4
20,5,CDA4,54,8.0,4
20,5,CDA4,55,5.0,4
20,5,CDA4,56,5.0,4
20,5,CDA4,57,5.0,4
20,5,CDA4,58,6.0,4
20,5,CDA4,59,6.0,4
20,5,CDA4,60,6.0,4
1,1,CDA5,1,20.0,5
1,1,CDA5,2,20.0,5
1,1,CDA5,3,19.95,5
1,1,CDA5,4,10.0,5
1,1,CDA5,5,6.0,5
1,1,CDA5,6,6.0,5
1,1,CDA5,7,2.0,5
1,1,CDA5,8,2.0,5
1,1,CDA5,9,2.0,5
1,1,CDA5,10,2.0,5
1,1,CDA5,11,2.0,5
1,1,CDA5,12,2.0,5
1,1,CDA5,13,3.0,5
1,1,CDA5,14,3.0,5
1,1,CDA5,15,3.0,5
1,1,CDA5,16,3.0,5
1,1,CDA5,17,2.0,5
1,1,CDA5,18,1.0,5
1,1,CDA5,19,1.0,5
1,1,CDA5,20,1.0,5
1,1,CDA5,21,1.0,5
1,1,CDA5,22,2.0,5
1,1,CDA5,23,2.0,5
1,1,CDA5,24,2.0,5
1,1,CDA5,25,2.0,5
1,1,CDA5,26,2.0,5
1,1,CDA5,27,2.0,5
1,1,CDA5,28,2.0,5
1,1,CDA5,29,4.0,5
1,1,CDA5,30,4.0,5
1,1,CDA5,31,4.0,5
1,1,CDA5,32,4.0,5
1,1,CDA5,33,4.0,5
1,1,CDA5,34,4.0,5
1,1,CDA5,35,4.0,5
1,1,CDA5,36,4.0,5
1,1,CDA5,37,2.0,5
1,1,CDA5,38,2.0,5
1,1,CDA5,39,2.0,5
1,1,CDA5,40,2.0,5
1,1,CDA5,41,2.0,5
1,1,CDA5,42,2.0,5
1,1,CDA5,43,2.0,5
1,1,CDA5,44,2.0,5
1,1,CDA5,45,2.0,5
1,1,CDA5,46,1.0,5
1,1,CDA5,47,1.0,5
1,1,CDA5,48,1.0,5
1,1,CDA5,49,1.0,5
1,1,CDA5,50,1.0,5
1,1,CDA5,51,1.0,5
1,1,CDA5,52,1.0,5
1,1,CDA5,53,1.0,5
1,1,CDA5,54,1.0,5
1,1,CDA5,55,1.0,5
1,1,CDA5,56,1.0,5
1,1,CDA5,57,1.0,5
1,1,CDA5,58,1.0,5
1,1,CDA5,59,1.0,5
1,1,CDA5,60,1.0,5
2,1,CDA5,1,20.0,5
2,1,CDA5,2,20.0,5
2,1,CDA5,3,20.0,5
2,1,CDA5,4,20.0,5
2,1,CDA5,5,3.0,5
2,1,CDA5,6,3.0,5
2,1,CDA5,7,8.0,5
2,1,CDA5,8,8.0,5
2,1,CDA5,9,4.0,5
2,1,CDA5,10,4.0,5
2,1,CDA5,11,3.0,5
2,1,CDA5,12,4.0,5
2,1,CDA5,13,4.0,5
2,1,CDA5,14,4.0,5
2,1,CDA5,15,4.0,5
2,1,CDA5,16,3.0,5
2,1,CDA5,17,3.0,5
2,1,CDA5,18,3.0,5
2,1,CDA5,19,3.0,5
2,1,CDA5,20,3.0,5
2,1,CDA5,21,2.0,5
2,1,CDA5,22,2.0,5
2,1,CDA5,23,2.0,5
2,1,CDA5,24,2.0,5
2,1,CDA5,25,1.0,5
2,1,CDA5,26,1.0,5
2,1,CDA5,27,1.0,5
2,1,CDA5,28,1.0,5
2,1,CDA5,29,1.0,5
2,1,CDA5,30,1.0,5
2,1,CDA5,31,1.0,5
2,1,CDA5,32,1.0,5
2,1,CDA5,33,1.0,5
2,1,CDA5,34,1.0,5
2,1,CDA5,35,14.0,5
2,1,CDA5,36,14.0,5
2,1,CDA5,37,3.0,5
2,1,CDA5,38,3.0,5
2,1,CDA5,39,3.0,5
2,1,CDA5,40,3.0,5
2,1,CDA5,41,3.0,5
2,1,CDA5,42,1.0,5
2,1,CDA5,43,1.0,5
2,1,CDA5,44,1.0,5
2,1,CDA5,45,4.0,5
2,1,CDA5,46,4.0,5
2,1,CDA5,47,4.0,5
2,1,CDA5,48,4.0,5
2,1,CDA5,49,4.0,5
2,1,CDA5,50,4.0,5
2,1,CDA5,51,4.0,5
2,1,CDA5,52,3.0,5
2,1,CDA5,53,3.0,5
2,1,CDA5,54,2.8000000000000007,5
2,1,CDA5,55,2.8000000000000007,5
2,1,CDA5,56,2.8000000000000007,5
2,1,CDA5,57,2.8000000000000007,5
2,1,CDA5,58,4.0,5
2,1,CDA5,59,3.0,5
2,1,CDA5,60,3.0,5
3,1,CDA5,1,20.0,5
3,1,CDA5,2,20.0,5
3,1,CDA5,3,20.0,5
3,1,CDA5,4,20.0,5
3,1,CDA5,5,4.0,5
3,1,CDA5,6,4.0,5
3,1,CDA5,7,4.0,5
3,1,CDA5,8,4.0,5
3,1,CDA5,9,3.0,5
3,1,CDA5,10,3.0,5
3,1,CDA5,11,3.0,5
3,1,CDA5,12,3.0,5
3,1,CDA5,13,3.0,5
3,1,CDA5,14,3.0,5
3,1,CDA5,15,3.0,5
3,1,CDA5,16,1.0,5
3,1,CDA5,17,1.0,5
3,1,CDA5,18,2.0,5
3,1,CDA5,19,2.0,5
3,1,CDA5,20,2.0,5
3,1,CDA5,21,2.0,5
3,1,CDA5,22,2.0,5
3,1,CDA5,23,2.0,5
3,1,CDA5,24,2.0,5
3,1,CDA5,25,2.0,5
3,1,CDA5,26,2.0,5
3,1,CDA5,27,2.0,5
3,1,CDA5,28,2.0,5
3,1,CDA5,29,1.9499999999999993,5
3,1,CDA5,30,1.9499999999999993,5
3,1,CDA5,31,2.9000000000000004,5
3,1,CDA5,32,2.9000000000000004,5
3,1,CDA5,33,2.9000000000000004,5
3,1,CDA5,34,2.9000000000000004,5
3,1,CDA5,35,2.9000000000000004,5
3,1,CDA5,36,3.9000000000000004,5
3,1,CDA5,37,3.9000000000000004,5
3,1,CDA5,38,2.0,5
3,1,CDA5,39,4.0,5
3,1,CDA5,40,4.0,5
3,1,CDA5,41,4.0,5
3,1,CDA5,42,1.0,5
3,1,CDA5,43,1.0,5
3,1,CDA5,44,1.0,5
3,1,CDA5,45,1.0,5
3,1,CDA5,46,1.0,5
3,1,CDA5,47,1.0,5
3,1,CDA5,48,1.0,5
3,1,CDA5,49,1.0,5
3,1,CDA5,50,1.0,5
3,1,CDA5,51,1.0,5
3,1,CDA5,52,1.0,5
3,1,CDA5,53,1.0,5
3,1,CDA5,54,1.0,5
3,1,CDA5,55,1.0,5
3,1,CDA5,56,1.0999999999999996,5
3,1,CDA5,57,1.0999999999999996,5
3,1,CDA5,58,1.0999999999999996,5
3,1,CDA5,59,1.0999999999999996,5
3,1,CDA5,60,1.0999999999999996,5
4,1,CDA5,1,20.0,5
4,1,CDA5,2,19.9,5
4,1,CDA5,3,16.0,5
4,1,CDA5,4,16.0,5
4,1,CDA5,5,3.0,5
4,1,CDA5,6,3.0,5
4,1,CDA5,7,3.0,5
4,1,CDA5,8,3.0,5
4,1,CDA5,9,2.0,5
4,1,CDA5,10,2.0,5
4,1,CDA5,11,2.0,5
4,1,CDA5,12,2.0,5
4,1,CDA5,13,2.0,5
4,1,CDA5,14,2.0,5
4,1,CDA5,15,2.0,5
4,1,CDA5,16,2.0,5
4,1,CDA5,17,2.0,5
4,1,CDA5,18,2.0,5
4,1,CDA5,19,2.0,5
4,1,CDA5,20,2.0,5
4,1,CDA5,21,2.0,5
4,1,CDA5,22,2.0,5
4,1,CDA5,23,2.0,5
4,1,CDA5,24,2.0,5
4,1,CDA5,25,2.0,5
4,1,CDA5,26,2.0,5
4,1,CDA5,27,1.0,5
4,1,CDA5,28,1.0,5
4,1,CDA5,29,1.0,5
4,1,CDA5,30,1.0,5
4,1,CDA5,31,1.0,5
4,1,CDA5,32,1.0,5
4,1,CDA5,33,1.0,5
4,1,CDA5,34,1.0,5
4,1,CDA5,35,1.0,5
4,1,CDA5,36,1.0,5
4,1,CDA5,37,1.0,5
4,1,CDA5,38,1.0,5
4,1,CDA5,39,1.0,5
4,1,CDA5,40,1.0,5
4,1,CDA5,41,1.0,5
4,1,CDA5,42,1.0,5
4,1,CDA5,43,3.0,5
4,1,CDA5,44,3.0,5
4,1,CDA5,45,3.0,5
4,1,CDA5,46,3.0,5
4,1,CDA5,47,3.0,5
4,1,CDA5,48,3.0,5
4,1,CDA5,49,6.0,5
4,1,CDA5,50,6.0,5
4,1,CDA5,51,5.0,5
4,1,CDA5,52,3.6500000000000004,5
4,1,CDA5,53,1.0,5
4,1,CDA5,54,1.0,5
4,1,CDA5,55,1.0,5
4,1,CDA5,56,1.0,5
4,1,CDA5,57,1.0,5
4,1,CDA5,58,1.0,5
4,1,CDA5,59,1.0,5
4,1,CDA5,60,1.0,5
5,2,CDA5,1,20.0,5
5,2,CDA5,2,20.0,5
5,2,CDA5,3,16.0,5
5,2,CDA5,4,16.0,5
5,2,CDA5,5,10.0,5
5,2,CDA5,6,10.0,5
5,2,CDA5,7,8.0,5
5,2,CDA5,8,8.0,5
5,2,CDA5,9,8.0,5
5,2,CDA5,10,2.0,5
5,2,CDA5,11,2.0,5
5,2,CDA5,12,2.0,5
5,2,CDA5,13,2.0,5
5,2,CDA5,14,2.0,5
5,2,CDA5,15,2.0,5
5,2,CDA5,16,2.0,5
5,2,CDA5,17,2.0,5
5,2,CDA5,18,2.0,5
5,2,CDA5,19,4.0,5
5,2,CDA5,20,4.0,5
5,2,CDA5,21,4.0,5
5,2,CDA5,22,2.0,5
5,2,CDA5,23,4.0,5
5,2,CDA5,24,4.0,5
5,2,CDA5,25,4.0,5
5,2,CDA5,26,4.0,5
5,2,CDA5,27,2.0,5
5,2,CDA5,28,1.0,5
5,2,CDA5,29,1.0,5
5,2,CDA5,30,1.0,5
5,2,CDA5,31,1.0,5
5,2,CDA5,32,1.0,5
5,2,CDA5,33,1.0,5
5,2,CDA5,34,1.0,5
5,2,CDA5,35,3.0,5
5,2,CDA5,36,8.0,5
5,2,CDA5,37,6.0,5
5,2,CDA5,38,6.0,5
5,2,CDA5,39,6.0,5
5,2,CDA5,40,1.0,5
5,2,CDA5,41,9.0,5
5,2,CDA5,42,5.0,5
5,2,CDA5,43,5.0,5
5,2,CDA5,44,5.0,5
5,2,CDA5,45,4.0,5
5,2,CDA5,46,4.0,5
5,2,CDA5,47,3.0,5
5,2,CDA5,48,3.0,5
5,2,CDA5,49,3.0,5
5,2,CDA5,50,5.0,5
5,2,CDA5,51,5.0,5
5,2,CDA5,52,5.0,5
5,2,CDA5,53,4.0,5
5,2,CDA5,54,4.0,5
5,2,CDA5,55,4.0,5
5,2,CDA5,56,1.0,5
5,2,CDA5,57,1.0,5
5,2,CDA5,58,1.0,5
5,2,CDA5,59,1.0,5
5,2,CDA5,60,1.0,5
6,2,CDA5,1,20.0,5
6,2,CDA5,2,20.0,5
6,2,CDA5,3,13.5,5
6,2,CDA5,4,8.0,5
6,2,CDA5,5,2.0,5
6,2,CDA5,6,2.0,5
6,2,CDA5,7,2.0,5
6,2,CDA5,8,2.0,5
6,2,CDA5,9,2.0,5
6,2,CDA5,10,2.0,5
6,2,CDA5,11,2.0,5
6,2,CDA5,12,2.0,5
6,2,CDA5,13,2.0,5
6,2,CDA5,14,2.0,5
6,2,CDA5,15,1.0,5
6,2,CDA5,16,1.0,5
6,2,CDA5,17,1.0,5
6,2,CDA5,18,1.0,5
6,2,CDA5,19,1.0,5
6,2,CDA5,20,1.0,5
6,2,CDA5,21,1.0,5
6,2,CDA5,22,1.0,5
6,2,CDA5,23,2.0,5
6,2,CDA5,24,3.0,5
6,2,CDA5,25,6.0,5
6,2,CDA5,26,6.0,5
6,2,CDA5,27,6.0,5
6,2,CDA5,28,6.0,5
6,2,CDA5,29,1.0,5
6,2,CDA5,30,1.0,5
6,2,CDA5,31,1.0,5
6,2,CDA5,32,1.0,5
6,2,CDA5,33,1.0,5
6,2,CDA5,34,1.0,5
6,2,CDA5,35,1.0,5
6,2,CDA5,36,1.0,5
6,2,CDA5,37,6.0,5
6,2,CDA5,38,6.0,5
6,2,CDA5,39,6.0,5
6,2,CDA5,40,6.0,5
6,2,CDA5,41,1.0,5
6,2,CDA5,42,6.0,5
6,2,CDA5,43,6.0,5
6,2,CDA5,44,6.0,5
6,2,CDA5,45,6.0,5
6,2,CDA5,46,7.0,5
6,2,CDA5,47,7.0,5
6,2,CDA5,48,7.0,5
6,2,CDA5,49,4.0,5
6,2,CDA5,50,4.0,5
6,2,CDA5,51,4.0,5
6,2,CDA5,52,4.0,5
6,2,CDA5,53,4.0,5
6,2,CDA5,54,4.0,5
6,2,CDA5,55,4.0,5
6,2,CDA5,56,4.0,5
6,2,CDA5,57,3.0,5
6,2,CDA5,58,3.0,5
6,2,CDA5,59,3.0,5
6,2,CDA5,60,4.0,5
7,2,CDA5,1,20.0,5
7,2,CDA5,2,20.0,5
7,2,CDA5,3,12.0,5
7,2,CDA5,4,2.0,5
7,2,CDA5,5,2.0,5
7,2,CDA5,6,2.0,5
7,2,CDA5,7,6.0,5
7,2,CDA5,8,1.0,5
7,2,CDA5,9,1.0,5
7,2,CDA5,10,1.0,5
7,2,CDA5,11,1.0,5
7,2,CDA5,12,1.0,5
7,2,CDA5,13,1.0,5
7,2,CDA5,14,1.0,5
7,2,CDA5,15,1.0,5
7,2,CDA5,16,1.0,5
7,2,CDA5,17,1.0,5
7,2,CDA5,18,1.0,5
7,2,CDA5,19,1.0,5
7,2,CDA5,20,6.0,5
7,2,CDA5,21,9.0,5
7,2,CDA5,22,9.0,5
7,2,CDA5,23,1.0,5
7,2,CDA5,24,1.0,5
7,2,CDA5,25,1.0,5
7,2,CDA5,26,1.0,5
7,2,CDA5,27,1.0,5
7,2,CDA5,28,1.0,5
7,2,CDA5,29,7.0,5
7,2,CDA5,30,7.0,5
7,2,CDA5,31,7.0,5
7,2,CDA5,32,9.0,5
7,2,CDA5,33,9.0,5
7,2,CDA5,34,1.0,5
7,2,CDA5,35,1.0,5
7,2,CDA5,36,1.0,5
7,2,CDA5,37,1.0,5
7,2,CDA5,38,1.0,5
7,2,CDA5,39,1.0,5
7,2,CDA5,40,1.0,5
7,2,CDA5,41,1.0,5
7,2,CDA5,42,1.0,5
7,2,CDA5,43,1.0,5
7,2,CDA5,44,1.0,5
7,2,CDA5,45,1.0,5
7,2,CDA5,46,1.0,5
7,2,CDA5,47,1.0,5
7,2,CDA5,48,1.0,5
7,2,CDA5,49,1.0,5
7,2,CDA5,50,1.0,5
7,2,CDA5,51,1.0,5
7,2,CDA5,52,1.0,5
7,2,CDA5,53,6.0,5
7,2,CDA5,54,6.0,5
7,2,CDA5,55,6.0,5
7,2,CDA5,56,6.0,5
7,2,CDA5,57,6.0,5
7,2,CDA5,58,2.0,5
7,2,CDA5,59,3.0,5
7,2,CDA5,60,3.0,5
8,2,CDA5,1,20.0,5
8,2,CDA5,2,20.0,5
8,2,CDA5,3,1.0,5
8,2,CDA5,4,1.0,5
8,2,CDA5,5,1.0,5
8,2,CDA5,6,1.0,5
8,2,CDA5,7,5.0,5
8,2,CDA5,8,5.0,5
8,2,CDA5,9,5.0,5
8,2,CDA5,10,5.0,5
8,2,CDA5,11,5.0,5
8,2,CDA5,12,5.0,5
8,2,CDA5,13,5.0,5
8,2,CDA5,14,5.0,5
8,2,CDA5,15,5.0,5
8,2,CDA5,16,5.0,5
8,2,CDA5,17,6.0,5
8,2,CDA5,18,6.0,5
8,2,CDA5,19,3.0,5
8,2,CDA5,20,3.0,5
8,2,CDA5,21,3.0,5
8,2,CDA5,22,3.0,5
8,2,CDA5,23,3.0,5
8,2,CDA5,24,3.0,5
8,2,CDA5,25,3.0,5
8,2,CDA5,26,3.0,5
8,2,CDA5,27,3.0,5
8,2,CDA5,28,3.0,5
8,2,CDA5,29,3.0,5
8,2,CDA5,30,3.0,5
8,2,CDA5,31,3.0,5
8,2,CDA5,32,3.0,5
8,2,CDA5,33,10.0,5
8,2,CDA5,34,3.0,5
8,2,CDA5,35,3.0,5
8,2,CDA5,36,3.0,5
8,2,CDA5,37,3.0,5
8,2,CDA5,38,4.0,5
8,2,CDA5,39,4.0,5
8,2,CDA5,40,4.0,5
8,2,CDA5,41,4.0,5
8,2,CDA5,42,4.0,5
8,2,CDA5,43,2.0,5
8,2,CDA5,44,10.0,5
8,2,CDA5,45,10.0,5
8,2,CDA5,46,4.0,5
8,2,CDA5,47,4.0,5
8,2,CDA5,48,4.0,5
8,2,CDA5,49,4.0,5
8,2,CDA5,50,5.0,5
8,2,CDA5,51,5.0,5
8,2,CDA5,52,1.0,5
8,2,CDA5,53,1.0,5
8,2,CDA5,54,1.0,5
8,2,CDA5,55,1.0,5
8,2,CDA5,56,1.0,5
8,2,CDA5,57,1.0,5
8,2,CDA5,58,1.0,5
8,2,CDA5,59,1.0,5
8,2,CDA5,60,1.0,5
9,3,CDA5,1,20.0,5
9,3,CDA5,2,20.0,5
9,3,CDA5,3,12.0,5
9,3,CDA5,4,12.0,5
9,3,CDA5,5,1.0,5
9,3,CDA5,6,1.0,5
9,3,CDA5,7,2.0,5
9,3,CDA5,8,8.0,5
9,3,CDA5,9,8.0,5
9,3,CDA5,10,8.0,5
9,3,CDA5,11,2.0,5
9,3,CDA5,12,2.0,5
9,3,CDA5,13,2.0,5
9,3,CDA5,14,4.0,5
9,3,CDA5,15,4.0,5
9,3,CDA5,16,3.0,5
9,3,CDA5,17,3.0,5
9,3,CDA5,18,3.0,5
9,3,CDA5,19,1.0,5
9,3,CDA5,20,1.0,5
9,3,CDA5,21,1.0,5
9,3,CDA5,22,1.0,5
9,3,CDA5,23,1.0,5
9,3,CDA5,24,1.0,5
9,3,CDA5,25,1.0,5
9,3,CDA5,26,1.0,5
9,3,CDA5,27,1.0,5
9,3,CDA5,28,1.0,5
9,3,CDA5,29,1.0,5
9,3,CDA5,30,1.0,5
9,3,CDA5,31,1.0,5
9,3,CDA5,32,1.0,5
9,3,CDA5,33,1.0,5
9,3,CDA5,34,1.0,5
9,3,CDA5,35,1.0,5
9,3,CDA5,36,1.0,5
9,3,CDA5,37,1.0,5
9,3,CDA5,38,1.0,5
9,3,CDA5,39,1.0,5
9,3,CDA5,40,1.0,5
9,3,CDA5,41,1.0,5
9,3,CDA5,42,1.0,5
9,3,CDA5,43,1.0,5
9,3,CDA5,44,1.0,5
9,3,CDA5,45,1.0,5
9,3,CDA5,46,1.0,5
9,3,CDA5,47,1.0,5
9,3,CDA5,48,1.0,5
9,3,CDA5,49,1.0,5
9,3,CDA5,50,1.0,5
9,3,CDA5,51,1.0,5
9,3,CDA5,52,1.0,5
9,3,CDA5,53,1.0,5
9,3,CDA5,54,1.0,5
9,3,CDA5,55,8.0,5
9,3,CDA5,56,8.0,5
9,3,CDA5,57,8.0,5
9,3,CDA5,58,8.0,5
9,3,CDA5,59,7.95,5
9,3,CDA5,60,1.0,5
10,3,CDA5,1,20.0,5
10,3,CDA5,2,20.0,5
10,3,CDA5,3,20.0,5
10,3,CDA5,4,1.0,5
10,3,CDA5,5,5.0,5
10,3,CDA5,6,5.0,5
10,3,CDA5,7,4.0,5
10,3,CDA5,8,1.0,5
10,3,CDA5,9,1.0,5
10,3,CDA5,10,1.0,5
10,3,CDA5,11,1.0,5
10,3,CDA5,12,1.0,5
10,3,CDA5,13,1.0,5
10,3,CDA5,14,1.0,5
10,3,CDA5,15,3.0,5
10,3,CDA5,16,1.0,5
10,3,CDA5,17,1.0,5
10,3,CDA5,18,3.0,5
10,3,CDA5,19,3.0,5
10,3,CDA5,20,2.0,5
10,3,CDA5,21,2.0,5
10,3,CDA5,22,2.0,5
10,3,CDA5,23,2.0,5
10,3,CDA5,24,2.0,5
10,3,CDA5,25,2.0,5
10,3,CDA5,26,2.0,5
10,3,CDA5,27,2.0,5
10,3,CDA5,28,2.0,5
10,3,CDA5,29,2.0,5
10,3,CDA5,30,2.0,5
10,3,CDA5,31,1.0,5
10,3,CDA5,32,2.0,5
10,3,CDA5,33,3.0,5
10,3,CDA5,34,3.0,5
10,3,CDA5,35,3.0,5
10,3,CDA5,36,3.0,5
10,3,CDA5,37,1.0,5
10,3,CDA5,38,1.0,5
10,3,CDA5,39,6.0,5
10,3,CDA5,40,1.0,5
10,3,CDA5,41,1.0,5
10,3,CDA5,42,1.0,5
10,3,CDA5,43,1.0,5
10,3,CDA5,44,1.0,5
10,3,CDA5,45,1.0,5
10,3,CDA5,46,1.0,5
10,3,CDA5,47,1.0,5
10,3,CDA5,48,1.0,5
10,3,CDA5,49,1.0,5
10,3,CDA5,50,1.0,5
10,3,CDA5,51,2.0,5
10,3,CDA5,52,2.0,5
10,3,CDA5,53,5.0,5
10,3,CDA5,54,3.0,5
10,3,CDA5,55,3.0,5
10,3,CDA5,56,5.0,5
10,3,CDA5,57,1.0,5
10,3,CDA5,58,1.0,5
10,3,CDA5,59,3.0,5
10,3,CDA5,60,7.0,5
11,3,CDA5,1,20.0,5
11,3,CDA5,2,20.0,5
11,3,CDA5,3,4.0,5
11,3,CDA5,4,4.0,5
11,3,CDA5,5,3.0,5
11,3,CDA5,6,3.0,5
11,3,CDA5,7,4.0,5
11,3,CDA5,8,1.0,5
11,3,CDA5,9,3.0,5
11,3,CDA5,10,3.0,5
11,3,CDA5,11,1.0,5
11,3,CDA5,12,1.0,5
11,3,CDA5,13,1.0,5
11,3,CDA5,14,1.0,5
11,3,CDA5,15,2.0,5
11,3,CDA5,16,2.0,5
11,3,CDA5,17,2.0,5
11,3,CDA5,18,2.0,5
11,3,CDA5,19,2.0,5
11,3,CDA5,20,2.0,5
11,3,CDA5,21,2.0,5
11,3,CDA5,22,2.0,5
11,3,CDA5,23,3.0,5
11,3,CDA5,24,3.0,5
11,3,CDA5,25,3.0,5
11,3,CDA5,26,3.0,5
11,3,CDA5,27,1.0,5
11,3,CDA5,28,1.0,5
11,3,CDA5,29,1.0,5
11,3,CDA5,30,1.0,5
11,3,CDA5,31,1.0,5
11,3,CDA5,32,1.0,5
11,3,CDA5,33,1.0,5
11,3,CDA5,34,1.0,5
11,3,CDA5,35,1.0,5
11,3,CDA5,36,1.0,5
11,3,CDA5,37,1.0,5
11,3,CDA5,38,1.0,5
11,3,CDA5,39,1.0,5
11,3,CDA5,40,1.0,5
11,3,CDA5,41,1.0,5
11,3,CDA5,42,3.0,5
11,3,CDA5,43,3.0,5
11,3,CDA5,44,2.9499999999999993,5
11,3,CDA5,45,1.0,5
11,3,CDA5,46,1.0,5
11,3,CDA5,47,1.0,5
11,3,CDA5,48,1.0,5
11,3,CDA5,49,1.0,5
11,3,CDA5,50,2.0,5
11,3,CDA5,51,2.0,5
11,3,CDA5,52,2.0,5
11,3,CDA5,53,1.0,5
11,3,CDA5,54,5.0,5
11,3,CDA5,55,5.0,5
11,3,CDA5,56,2.0,5
11,3,CDA5,57,2.0,5
11,3,CDA5,58,2.0,5
11,3,CDA5,59,7.0,5
11,3,CDA5,60,7.0,5
12,3,CDA5,1,19.9,5
12,3,CDA5,2,19.9,5
12,3,CDA5,3,5.0,5
12,3,CDA5,4,5.0,5
12,3,CDA5,5,5.0,5
12,3,CDA5,6,6.0,5
12,3,CDA5,7,3.0,5
12,3,CDA5,8,3.0,5
12,3,CDA5,9,3.0,5
12,3,CDA5,10,3.0,5
12,3,CDA5,11,3.0,5
12,3,CDA5,12,11.0,5
12,3,CDA5,13,11.0,5
12,3,CDA5,14,1.0,5
12,3,CDA5,15,1.0,5
12,3,CDA5,16,1.0,5
12,3,CDA5,17,1.0,5
12,3,CDA5,18,1.0,5
12,3,CDA5,19,1.0,5
12,3,CDA5,20,1.0,5
12,3,CDA5,21,1.0,5
12,3,CDA5,22,1.0,5
12,3,CDA5,23,1.0,5
12,3,CDA5,24,1.0,5
12,3,CDA5,25,1.0,5
12,3,CDA5,26,3.0,5
12,3,CDA5,27,3.0,5
12,3,CDA5,28,3.0,5
12,3,CDA5,29,4.0,5
12,3,CDA5,30,1.0,5
12,3,CDA5,31,9.0,5
12,3,CDA5,32,3.0,5
12,3,CDA5,33,2.0,5
12,3,CDA5,34,2.0,5
12,3,CDA5,35,2.0,5
12,3,CDA5,36,2.0,5
12,3,CDA5,37,2.0,5
12,3,CDA5,38,2.0,5
12,3,CDA5,39,2.0,5
12,3,CDA5,40,2.0,5
12,3,CDA5,41,1.0,5
12,3,CDA5,42,1.0,5
12,3,CDA5,43,1.0,5
12,3,CDA5,44,1.0,5
12,3,CDA5,45,1.0,5
12,3,CDA5,46,1.0,5
12,3,CDA5,47,2.0,5
12,3,CDA5,48,2.0,5
12,3,CDA5,49,2.0,5
12,3,CDA5,50,1.0,5
12,3,CDA5,51,1.0,5
12,3,CDA5,52,1.0,5
12,3,CDA5,53,1.0,5
12,3,CDA5,54,1.0,5
12,3,CDA5,55,1.0,5
12,3,CDA5,56,1.0,5
12,3,CDA5,57,1.0,5
12,3,CDA5,58,1.0,5
12,3,CDA5,59,1.0,5
12,3,CDA5,60,1.0,5
13,4,CDA5,1,19.9,5
13,4,CDA5,2,19.9,5
13,4,CDA5,3,13.899999999999999,5
13,4,CDA5,4,2.0,5
13,4,CDA5,5,2.0,5
13,4,CDA5,6,1.0,5
13,4,CDA5,7,1.0,5
13,4,CDA5,8,1.0,5
13,4,CDA5,9,1.0,5
13,4,CDA5,10,1.0,5
13,4,CDA5,11,4.0,5
13,4,CDA5,12,1.0,5
13,4,CDA5,13,1.0,5
13,4,CDA5,14,1.0,5
13,4,CDA5,15,1.0,5
13,4,CDA5,16,1.0,5
13,4,CDA5,17,1.0,5
13,4,CDA5,18,1.0,5
13,4,CDA5,19,10.0,5
13,4,CDA5,20,10.0,5
13,4,CDA5,21,3.0,5
13,4,CDA5,22,4.0,5
13,4,CDA5,23,4.0,5
13,4,CDA5,24,4.0,5
13,4,CDA5,25,10.0,5
13,4,CDA5,26,2.0,5
13,4,CDA5,27,2.0,5
13,4,CDA5,28,2.0,5
13,4,CDA5,29,2.0,5
13,4,CDA5,30,2.0,5
13,4,CDA5,31,2.0,5
13,4,CDA5,32,2.0,5
13,4,CDA5,33,2.0,5
13,4,CDA5,34,2.0,5
13,4,CDA5,35,2.0,5
13,4,CDA5,36,2.0,5
13,4,CDA5,37,2.0,5
13,4,CDA5,38,2.0,5
13,4,CDA5,39,2.0,5
13,4,CDA5,40,5.0,5
13,4,CDA5,41,5.0,5
13,4,CDA5,42,5.0,5
13,4,CDA5,43,3.0,5
13,4,CDA5,44,4.800000000000001,5
13,4,CDA5,45,4.800000000000001,5
13,4,CDA5,46,6.6,5
13,4,CDA5,47,6.6,5
13,4,CDA5,48,6.6,5
13,4,CDA5,49,4.0,5
13,4,CDA5,50,4.0,5
13,4,CDA5,51,4.0,5
13,4,CDA5,52,4.0,5
13,4,CDA5,53,4.0,5
13,4,CDA5,54,4.0,5
13,4,CDA5,55,4.0,5
13,4,CDA5,56,4.0,5
13,4,CDA5,57,4.0,5
13,4,CDA5,58,4.0,5
13,4,CDA5,59,4.0,5
13,4,CDA5,60,4.0,5
14,4,CDA5,1,19.9,5
14,4,CDA5,2,20.0,5
14,4,CDA5,3,13.0,5
14,4,CDA5,4,13.0,5
14,4,CDA5,5,1.0,5
14,4,CDA5,6,1.0,5
14,4,CDA5,7,1.0,5
14,4,CDA5,8,1.0,5
14,4,CDA5,9,1.0,5
14,4,CDA5,10,1.0,5
14,4,CDA5,11,2.0,5
14,4,CDA5,12,1.0,5
14,4,CDA5,13,1.0,5
14,4,CDA5,14,3.0,5
14,4,CDA5,15,6.1,5
14,4,CDA5,16,10.0,5
14,4,CDA5,17,4.0,5
14,4,CDA5,18,1.0,5
14,4,CDA5,19,1.0,5
14,4,CDA5,20,3.0,5
14,4,CDA5,21,3.0,5
14,4,CDA5,22,1.0,5
14,4,CDA5,23,1.0,5
14,4,CDA5,24,3.0,5
14,4,CDA5,25,3.0,5
14,4,CDA5,26,3.0,5
14,4,CDA5,27,1.0,5
14,4,CDA5,28,1.0,5
14,4,CDA5,29,2.0,5
14,4,CDA5,30,1.0,5
14,4,CDA5,31,4.0,5
14,4,CDA5,32,5.0,5
14,4,CDA5,33,15.0,5
14,4,CDA5,34,15.0,5
14,4,CDA5,35,11.0,5
14,4,CDA5,36,2.0,5
14,4,CDA5,37,2.0,5
14,4,CDA5,38,2.0,5
14,4,CDA5,39,2.0,5
14,4,CDA5,40,2.0,5
14,4,CDA5,41,2.0,5
14,4,CDA5,42,2.0,5
14,4,CDA5,43,2.0,5
14,4,CDA5,44,2.0,5
14,4,CDA5,45,2.0,5
14,4,CDA5,46,2.0,5
14,4,CDA5,47,2.0,5
14,4,CDA5,48,2.0,5
14,4,CDA5,49,2.0,5
14,4,CDA5,50,2.0,5
14,4,CDA5,51,1.0,5
14,4,CDA5,52,1.0,5
14,4,CDA5,53,1.0,5
14,4,CDA5,54,1.0,5
14,4,CDA5,55,1.0,5
14,4,CDA5,56,1.0,5
14,4,CDA5,57,1.0,5
14,4,CDA5,58,1.0,5
14,4,CDA5,59,1.0,5
14,4,CDA5,60,2.0,5
15,4,CDA5,1,19.9,5
15,4,CDA5,2,20.0,5
15,4,CDA5,3,1.0,5
15,4,CDA5,4,1.0,5
15,4,CDA5,5,1.0,5
15,4,CDA5,6,1.0,5
15,4,CDA5,7,1.0,5
15,4,CDA5,8,1.0,5
15,4,CDA5,9,1.0,5
15,4,CDA5,10,1.0,5
15,4,CDA5,11,4.0,5
15,4,CDA5,12,4.0,5
15,4,CDA5,13,3.0,5
15,4,CDA5,14,4.0,5
15,4,CDA5,15,13.0,5
15,4,CDA5,16,1.0,5
15,4,CDA5,17,1.0,5
15,4,CDA5,18,1.0,5
15,4,CDA5,19,1.0,5
15,4,CDA5,20,1.0,5
15,4,CDA5,21,1.0,5
15,4,CDA5,22,1.0,5
15,4,CDA5,23,2.0,5
15,4,CDA5,24,2.0,5
15,4,CDA5,25,2.0,5
15,4,CDA5,26,2.0,5
15,4,CDA5,27,1.0,5
15,4,CDA5,28,1.0,5
15,4,CDA5,29,3.0,5
15,4,CDA5,30,3.0,5
15,4,CDA5,31,3.0,5
15,4,CDA5,32,3.0,5
15,4,CDA5,33,3.0,5
15,4,CDA5,34,2.0,5
15,4,CDA5,35,2.0,5
15,4,CDA5,36,2.0,5
15,4,CDA5,37,2.0,5
15,4,CDA5,38,2.0,5
15,4,CDA5,39,2.0,5
15,4,CDA5,40,2.0,5
15,4,CDA5,41,2.0,5
15,4,CDA5,42,2.0,5
15,4,CDA5,43,2.0,5
15,4,CDA5,44,2.0,5
15,4,CDA5,45,2.0,5
15,4,CDA5,46,1.0,5
15,4,CDA5,47,1.0,5
15,4,CDA5,48,2.0,5
15,4,CDA5,49,2.0,5
15,4,CDA5,50,2.0,5
15,4,CDA5,51,2.0,5
15,4,CDA5,52,2.0,5
15,4,CDA5,53,2.0,5
15,4,CDA5,54,2.0,5
15,4,CDA5,55,2.0,5
15,4,CDA5,56,2.0,5
15,4,CDA5,57,2.0,5
15,4,CDA5,58,2.0,5
15,4,CDA5,59,2.0,5
15,4,CDA5,60,2.0,5
16,4,CDA5,1,20.0,5
16,4,CDA5,2,12.0,5
16,4,CDA5,3,1.0,5
16,4,CDA5,4,1.0,5
16,4,CDA5,5,1.0,5
16,4,CDA5,6,1.0,5
16,4,CDA5,7,1.0,5
16,4,CDA5,8,1.0,5
16,4,CDA5,9,1.0,5
16,4,CDA5,10,1.0,5
16,4,CDA5,11,1.0,5
16,4,CDA5,12,11.0,5
16,4,CDA5,13,2.0,5
16,4,CDA5,14,2.0,5
16,4,CDA5,15,3.0,5
16,4,CDA5,16,3.0,5
16,4,CDA5,17,3.0,5
16,4,CDA5,18,3.0,5
16,4,CDA5,19,3.0,5
16,4,CDA5,20,3.0,5
16,4,CDA5,21,2.0,5
16,4,CDA5,22,2.0,5
16,4,CDA5,23,2.0,5
16,4,CDA5,24,2.0,5
16,4,CDA5,25,2.0,5
16,4,CDA5,26,2.0,5
16,4,CDA5,27,2.0,5
16,4,CDA5,28,2.0,5
16,4,CDA5,29,2.0,5
16,4,CDA5,30,2.0,5
16,4,CDA5,31,2.0,5
16,4,CDA5,32,2.0,5
16,4,CDA5,33,2.0,5
16,4,CDA5,34,3.0,5
16,4,CDA5,35,3.0,5
16,4,CDA5,36,3.0,5
16,4,CDA5,37,1.0,5
16,4,CDA5,38,1.0,5
16,4,CDA5,39,1.0,5
16,4,CDA5,40,1.0,5
16,4,CDA5,41,1.0,5
16,4,CDA5,42,1.0,5
16,4,CDA5,43,1.0,5
16,4,CDA5,44,1.0,5
16,4,CDA5,45,1.0,5
16,4,CDA5,46,1.0,5
16,4,CDA5,47,1.0,5
16,4,CDA5,48,3.0,5
16,4,CDA5,49,6.0,5
16,4,CDA5,50,6.0,5
16,4,CDA5,51,10.0,5
16,4,CDA5,52,3.0,5
16,4,CDA5,53,3.0,5
16,4,CDA5,54,1.5999999999999996,5
16,4,CDA5,55,2.6500000000000004,5
16,4,CDA5,56,2.6500000000000004,5
16,4,CDA5,57,2.6500000000000004,5
16,4,CDA5,58,2.6500000000000004,5
16,4,CDA5,59,2.6500000000000004,5
16,4,CDA5,60,2.6500000000000004,5
17,5,CDA5,1,20.0,5
17,5,CDA5,2,20.0,5
17,5,CDA5,3,12.0,5
17,5,CDA5,4,2.0,5
17,5,CDA5,5,4.0,5
17,5,CDA5,6,10.0,5
17,5,CDA5,7,10.0,5
17,5,CDA5,8,6.0,5
17,5,CDA5,9,6.0,5
17,5,CDA5,10,6.0,5
17,5,CDA5,11,6.0,5
17,5,CDA5,12,6.0,5
17,5,CDA5,13,7.0,5
17,5,CDA5,14,7.0,5
17,5,CDA5,15,7.0,5
17,5,CDA5,16,1.0,5
17,5,CDA5,17,1.0,5
17,5,CDA5,18,1.0,5
17,5,CDA5,19,10.0,5
17,5,CDA5,20,10.0,5
17,5,CDA5,21,14.0,5
17,5,CDA5,22,14.0,5
17,5,CDA5,23,9.0,5
17,5,CDA5,24,9.0,5
17,5,CDA5,25,9.0,5
17,5,CDA5,26,7.0,5
17,5,CDA5,27,7.0,5
17,5,CDA5,28,7.0,5
17,5,CDA5,29,2.0,5
17,5,CDA5,30,2.0,5
17,5,CDA5,31,2.0,5
17,5,CDA5,32,2.0,5
17,5,CDA5,33,2.0,5
17,5,CDA5,34,2.0,5
17,5,CDA5,35,2.0,5
17,5,CDA5,36,2.0,5
17,5,CDA5,37,2.0,5
17,5,CDA5,38,2.0,5
17,5,CDA5,39,1.0,5
17,5,CDA5,40,1.0,5
17,5,CDA5,41,1.0,5
17,5,CDA5,42,1.0,5
17,5,CDA5,43,1.0,5
17,5,CDA5,44,1.0,5
17,5,CDA5,45,1.0,5
17,5,CDA5,46,1.0,5
17,5,CDA5,47,1.0,5
17,5,CDA5,48,1.0,5
17,5,CDA5,49,1.0,5
17,5,CDA5,50,1.0,5
17,5,CDA5,51,1.0,5
17,5,CDA5,52,1.0,5
17,5,CDA5,53,1.0,5
17,5,CDA5,54,1.0,5
17,5,CDA5,55,1.0,5
17,5,CDA5,56,1.0,5
17,5,CDA5,57,3.0,5
17,5,CDA5,58,2.0,5
17,5,CDA5,59,2.0,5
17,5,CDA5,60,2.0,5
18,5,CDA5,1,20.0,5
18,5,CDA5,2,20.0,5
18,5,CDA5,3,14.0,5
18,5,CDA5,4,4.0,5
18,5,CDA5,5,5.0,5
18,5,CDA5,6,2.0,5
18,5,CDA5,7,2.0,5
18,5,CDA5,8,2.0,5
18,5,CDA5,9,2.0,5
18,5,CDA5,10,11.0,5
18,5,CDA5,11,7.0,5
18,5,CDA5,12,2.0,5
18,5,CDA5,13,2.0,5
18,5,CDA5,14,8.0,5
18,5,CDA5,15,4.0,5
18,5,CDA5,16,4.0,5
18,5,CDA5,17,5.0,5
18,5,CDA5,18,5.0,5
18,5,CDA5,19,12.0,5
18,5,CDA5,20,12.0,5
18,5,CDA5,21,12.0,5
18,5,CDA5,22,3.0,5
18,5,CDA5,23,3.0,5
18,5,CDA5,24,3.0,5
18,5,CDA5,25,3.0,5
18,5,CDA5,26,3.0,5
18,5,CDA5,27,3.0,5
18,5,CDA5,28,3.0,5
18,5,CDA5,29,2.0,5
18,5,CDA5,30,2.0,5
18,5,CDA5,31,2.0,5
18,5,CDA5,32,2.0,5
18,5,CDA5,33,2.0,5
18,5,CDA5,34,2.0,5
18,5,CDA5,35,2.0,5
18,5,CDA5,36,2.0,5
18,5,CDA5,37,2.0,5
18,5,CDA5,38,2.0,5
18,5,CDA5,39,2.0,5
18,5,CDA5,40,2.0,5
18,5,CDA5,41,2.0,5
18,5,CDA5,42,2.0,5
18,5,CDA5,43,2.0,5
18,5,CDA5,44,2.0,5
18,5,CDA5,45,2.0,5
18,5,CDA5,46,2.0,5
18,5,CDA5,47,2.0,5
18,5,CDA5,48,2.0,5
18,5,CDA5,49,2.0,5
18,5,CDA5,50,2.0,5
18,5,CDA5,51,1.0,5
18,5,CDA5,52,4.0,5
18,5,CDA5,53,4.0,5
18,5,CDA5,54,2.0,5
18,5,CDA5,55,2.0,5
18,5,CDA5,56,2.0,5
18,5,CDA5,57,2.0,5
18,5,CDA5,58,2.0,5
18,5,CDA5,59,2.0,5
18,5,CDA5,60,2.0,5
19,5,CDA5,1,20.0,5
19,5,CDA5,2,20.0,5
19,5,CDA5,3,12.0,5
19,5,CDA5,4,14.0,5
19,5,CDA5,5,4.0,5
19,5,CDA5,6,8.0,5
19,5,CDA5,7,1.0,5
19,5,CDA5,8,1.0,5
19,5,CDA5,9,2.0,5
19,5,CDA5,10,2.0,5
19,5,CDA5,11,2.0,5
19,5,CDA5,12,2.0,5
19,5,CDA5,13,6.0,5
19,5,CDA5,14,3.0,5
19,5,CDA5,15,3.0,5
19,5,CDA5,16,3.0,5
19,5,CDA5,17,3.0,5
19,5,CDA5,18,3.0,5
19,5,CDA5,19,3.0,5
19,5,CDA5,20,3.0,5
19,5,CDA5,21,1.0,5
19,5,CDA5,22,1.0,5
19,5,CDA5,23,1.0,5
19,5,CDA5,24,1.0,5
19,5,CDA5,25,1.0,5
19,5,CDA5,26,1.0,5
19,5,CDA5,27,1.0,5
19,5,CDA5,28,1.0,5
19,5,CDA5,29,1.0,5
19,5,CDA5,30,1.0,5
19,5,CDA5,31,1.0,5
19,5,CDA5,32,1.0,5
19,5,CDA5,33,1.0,5
19,5,CDA5,34,3.0,5
19,5,CDA5,35,3.0,5
19,5,CDA5,36,3.0,5
19,5,CDA5,37,3.0,5
19,5,CDA5,38,3.0,5
19,5,CDA5,39,3.0,5
19,5,CDA5,40,3.0,5
19,5,CDA5,41,3.0,5
19,5,CDA5,42,3.0,5
19,5,CDA5,43,3.0,5
19,5,CDA5,44,3.0,5
19,5,CDA5,45,3.0,5
19,5,CDA5,46,3.3499999999999996,5
19,5,CDA5,47,5.0,5
19,5,CDA5,48,2.0,5
19,5,CDA5,49,2.0,5
19,5,CDA5,50,2.0,5
19,5,CDA5,51,2.0,5
19,5,CDA5,52,2.0,5
19,5,CDA5,53,2.0,5
19,5,CDA5,54,2.0,5
19,5,CDA5,55,2.0,5
19,5,CDA5,56,2.0,5
19,5,CDA5,57,5.0,5
19,5,CDA5,58,5.0,5
19,5,CDA5,59,5.0,5
19,5,CDA5,60,5.0,5
20,5,CDA5,1,20.0,5
20,5,CDA5,2,19.9,5
20,5,CDA5,3,11.899999999999999,5
20,5,CDA5,4,1.0,5
20,5,CDA5,5,1.0,5
20,5,CDA5,6,1.0,5
20,5,CDA5,7,1.0,5
20,5,CDA5,8,2.0,5
20,5,CDA5,9,1.0,5
20,5,CDA5,10,2.0,5
20,5,CDA5,11,8.0,5
20,5,CDA5,12,1.0,5
20,5,CDA5,13,8.0,5
20,5,CDA5,14,3.0,5
20,5,CDA5,15,3.0,5
20,5,CDA5,16,3.0,5
20,5,CDA5,17,1.0,5
20,5,CDA5,18,1.0,5
20,5,CDA5,19,1.0,5
20,5,CDA5,20,1.0,5
20,5,CDA5,21,4.0,5
20,5,CDA5,22,4.0,5
20,5,CDA5,23,4.0,5
20,5,CDA5,24,4.0,5
20,5,CDA5,25,4.0,5
20,5,CDA5,26,4.0,5
20,5,CDA5,27,4.0,5
20,5,CDA5,28,4.0,5
20,5,CDA5,29,4.0,5
20,5,CDA5,30,4.0,5
20,5,CDA5,31,5.0,5
20,5,CDA5,32,5.0,5
20,5,CDA5,33,3.0,5
20,5,CDA5,34,3.0,5
20,5,CDA5,35,3.0,5
20,5,CDA5,36,3.0,5
20,5,CDA5,37,3.0,5
20,5,CDA5,38,3.0,5
20,5,CDA5,39,3.0,5
20,5,CDA5,40,3.0,5
20,5,CDA5,41,5.0,5
20,5,CDA5,42,5.0,5
20,5,CDA5,43,4.0,5
20,5,CDA5,44,4.0,5
20,5,CDA5,45,4.0,5
20,5,CDA5,46,4.0,5
20,5,CDA5,47,4.0,5
20,5,CDA5,48,4.0,5
20,5,CDA5,49,3.0,5
20,5,CDA5,50,3.0,5
20,5,CDA5,51,3.0,5
20,5,CDA5,52,4.0,5
20,5,CDA5,53,4.0,5
20,5,CDA5,54,2.0,5
20,5,CDA5,55,2.0,5
20,5,CDA5,56,4.0,5
20,5,CDA5,57,4.0,5
20,5,CDA5,58,4.0,5
20,5,CDA5,59,4.0,5
20,5,CDA5,60,2.6999999999999993,5
1,1,Flow301,1,2.0,1
1,1,Flow301,2,2.0,1
1,1,Flow301,3,2.0,1
1,1,Flow301,4,2.0,1
1,1,Flow301,5,2.0,1
1,1,Flow301,6,0.9666666666666666,1
1,1,Flow301,7,0.9666666666666666,1
1,1,Flow301,8,0.9515151515151515,1
1,1,Flow301,9,1.5300596014155334,1
1,1,Flow301,10,1.5300596014155334,1
1,1,Flow301,11,1.5300596014155334,1
1,1,Flow301,12,1.5300596014155334,1
1,1,Flow301,13,1.5300596014155334,1
1,1,Flow301,14,1.538257674528861,1
1,1,Flow301,15,1.582857142857143,1
1,1,Flow301,16,1.3923913043478262,1
1,1,Flow301,17,0.9826923076923076,1
1,1,Flow301,18,0.9826923076923076,1
1,1,Flow301,19,0.9826923076923076,1
1,1,Flow301,20,0.5689013884666061,1
1,1,Flow301,21,0.5689013884666061,1
1,1,Flow301,22,0.5689013884666061,1
1,1,Flow301,23,0.5689013884666061,1
1,1,Flow301,24,0.5689013884666061,1
1,1,Flow301,25,0.5689013884666061,1
1,1,Flow301,26,0.5689013884666061,1
1,1,Flow301,27,0.5689013884666061,1
1,1,Flow301,28,0.6563519813519813,1
1,1,Flow301,29,0.4450757575757575,1
1,1,Flow301,30,0.43939393939393934,1
1,1,Flow301,31,0.43939393939393934,1
1,1,Flow301,32,0.43939393939393934,1
1,1,Flow301,33,0.3666666666666666,1
1,1,Flow301,34,0.3666666666666666,1
1,1,Flow301,35,0.3927812973792505,1
1,1,Flow301,36,0.3927812973792505,1
1,1,Flow301,37,0.3927812973792505,1
1,1,Flow301,38,0.3927812973792505,1
1,1,Flow301,39,0.3927812973792505,1
1,1,Flow301,40,0.3927812973792505,1
1,1,Flow301,41,0.3927812973792505,1
1,1,Flow301,42,0.3927812973792505,1
1,1,Flow301,43,0.37259259259259253,1
1,1,Flow301,44,0.37259259259259253,1
1,1,Flow301,45,0.581919191919192,1
1,1,Flow301,46,0.581919191919192,1
1,1,Flow301,47,0.581919191919192,1
1,1,Flow301,48,0.581919191919192,1
1,1,Flow301,49,0.581919191919192,1
1,1,Flow301,50,0.581919191919192,1
1,1,Flow301,51,0.581919191919192,1
1,1,Flow301,52,0.581919191919192,1
1,1,Flow301,53,0.581919191919192,1
1,1,Flow301,54,0.581919191919192,1
1,1,Flow301,55,0.3115322319403952,1
1,1,Flow301,56,0.3115322319403952,1
1,1,Flow301,57,0.3208616780045352,1
1,1,Flow301,58,0.3208616780045352,1
1,1,Flow301,59,0.3208616780045352,1
1,1,Flow301,60,0.3208616780045352,1
2,1,Flow301,1,2.0,1
2,1,Flow301,2,2.0,1
2,1,Flow301,3,2.0,1
2,1,Flow301,4,2.0,1
2,1,Flow301,5,2.0,1
2,1,Flow301,6,0.8666666666666666,1
2,1,Flow301,7,0.8666666666666666,1
2,1,Flow301,8,0.8666666666666666,1
2,1,Flow301,9,0.8666666666666666,1
2,1,Flow301,10,0.8979166666666666,1
2,1,Flow301,11,0.7265720081135902,1
2,1,Flow301,12,0.7265720081135902,1
2,1,Flow301,13,0.5522817460317461,1
2,1,Flow301,14,0.5522817460317461,1
2,1,Flow301,15,0.5522817460317461,1
2,1,Flow301,16,0.5522817460317461,1
2,1,Flow301,17,0.8469246031746032,1
2,1,Flow301,18,0.3317460317460318,1
2,1,Flow301,19,0.39184782608695645,1
2,1,Flow301,20,0.39184782608695645,1
2,1,Flow301,21,0.39184782608695645,1
2,1,Flow301,22,0.27321428571428574,1
2,1,Flow301,23,0.43792207792207793,1
2,1,Flow301,24,0.43792207792207793,1
2,1,Flow301,25,0.44867905003363173,1
2,1,Flow301,26,0.44867905003363173,1
2,1,Flow301,27,0.5479139784946236,1
2,1,Flow301,28,0.3937586604116931,1
2,1,Flow301,29,0.3937586604116931,1
2,1,Flow301,30,1.2276500720657553,1
2,1,Flow301,31,0.37393278685787745,1
2,1,Flow301,32,0.37393278685787745,1
2,1,Flow301,33,0.37393278685787745,1
2,1,Flow301,34,0.32694721299372465,1
2,1,Flow301,35,0.32694721299372465,1
2,1,Flow301,36,0.32694721299372465,1
2,1,Flow301,37,0.32694721299372465,1
2,1,Flow301,38,0.32694721299372465,1
2,1,Flow301,39,0.4575135762550264,1
2,1,Flow301,40,0.4575135762550264,1
2,1,Flow301,41,0.4644034886681946,1
2,1,Flow301,42,0.4644034886681946,1
2,1,Flow301,43,0.2628347083514257,1
2,1,Flow301,44,0.2628347083514257,1
2,1,Flow301,45,0.2628347083514257,1
2,1,Flow301,46,0.2628347083514257,1
2,1,Flow301,47,0.2835034013605442,1
2,1,Flow301,48,0.2835034013605442,1
2,1,Flow301,49,0.2566326530612245,1
2,1,Flow301,50,0.2566326530612245,1
2,1,Flow301,51,0.21785714285714283,1
2,1,Flow301,52,0.21785714285714283,1
2,1,Flow301,53,0.20674603174603176,1
2,1,Flow301,54,0.20674603174603176,1
2,1,Flow301,55,0.20540674603174605,1
2,1,Flow301,56,0.21785714285714283,1
2,1,Flow301,57,0.21785714285714283,1
2,1,Flow301,58,0.21754385964912282,1
2,1,Flow301,59,0.21754385964912282,1
2,1,Flow301,60,0.21754385964912282,1
3,1,Flow301,1,2.0,1
3,1,Flow301,2,2.0,1
3,1,Flow301,3,2.0,1
3,1,Flow301,4,2.0,1
3,1,Flow301,5,2.0,1
3,1,Flow301,6,2.0,1
3,1,Flow301,7,0.6628800442233278,1
3,1,Flow301,8,0.6628800442233278,1
3,1,Flow301,9,0.6646766169154229,1
3,1,Flow301,10,0.6646766169154229,1
3,1,Flow301,11,1.0994652406417114,1
3,1,Flow301,12,0.2875,1
3,1,Flow301,13,1.0226244343891402,1
3,1,Flow301,14,1.1821298174442192,1
3,1,Flow301,15,1.0388194726166329,1
3,1,Flow301,16,1.0388194726166329,1
3,1,Flow301,17,0.7960663683818046,1
3,1,Flow301,18,0.7960663683818046,1
3,1,Flow301,19,1.1775974025974025,1
3,1,Flow301,20,1.1775974025974025,1
3,1,Flow301,21,1.1414285714285715,1
3,1,Flow301,22,1.0509803921568628,1
3,1,Flow301,23,1.0509803921568628,1
3,1,Flow301,24,1.023111111111111,1
3,1,Flow301,25,1.1389380398888038,1
3,1,Flow301,26,1.281988936360753,1
3,1,Flow301,27,0.6192909615636888,1
3,1,Flow301,28,0.5085104915205523,1
3,1,Flow301,29,0.5085104915205523,1
3,1,Flow301,30,0.502950295029503,1
3,1,Flow301,31,0.47625429209587633,1
3,1,Flow301,32,0.47625429209587633,1
3,1,Flow301,33,0.49982470684798164,1
3,1,Flow301,34,0.49982470684798164,1
3,1,Flow301,35,0.49982470684798164,1
3,1,Flow301,36,0.49982470684798164,1
3,1,Flow301,37,0.8708914634287769,1
3,1,Flow301,38,1.1140544364424962,1
3,1,Flow301,39,1.1140544364424962,1
3,1,Flow301,40,1.1264957264957265,1
3,1,Flow301,41,0.7152743314033637,1
3,1,Flow301,42,0.7239205955334989,1
3,1,Flow301,43,0.7239205955334989,1
3,1,Flow301,44,0.9576669246581615,1
3,1,Flow301,45,0.9626684050412863,1
3,1,Flow301,46,0.9626684050412863,1
3,1,Flow301,47,0.6319389537556315,1
3,1,Flow301,48,0.6319389537556315,1
3,1,Flow301,49,0.6719389537556314,1
3,1,Flow301,50,0.7966527529318228,1
3,1,Flow301,51,0.7966527529318228,1
3,1,Flow301,52,0.8320323611926664,1
3,1,Flow301,53,0.8320323611926664,1
3,1,Flow301,54,0.8320323611926664,1
3,1,Flow301,55,0.647684913354467,1
3,1,Flow301,56,0.6751169358984439,1
3,1,Flow301,57,0.6751169358984439,1
3,1,Flow301,58,0.6751169358984439,1
3,1,Flow301,59,0.5500976799654241,1
3,1,Flow301,60,0.5500976799654241,1
4,1,Flow301,1,2.0,1
4,1,Flow301,2,2.0,1
4,1,Flow301,3,2.0,1
4,1,Flow301,4,0.6666666666666666,1
4,1,Flow301,5,0.7689964157706093,1
4,1,Flow301,6,0.7689964157706093,1
4,1,Flow301,7,0.7827956989247312,1
4,1,Flow301,8,0.7866666666666667,1
4,1,Flow301,9,0.7866666666666667,1
4,1,Flow301,10,0.9210996563573882,1
4,1,Flow301,11,0.9210996563573882,1
4,1,Flow301,12,0.5002095714732562,1
4,1,Flow301,13,0.5002095714732562,1
4,1,Flow301,14,0.5002095714732562,1
4,1,Flow301,15,0.5857360793287567,1
4,1,Flow301,16,0.4912280701754385,1
4,1,Flow301,17,0.4912280701754385,1
4,1,Flow301,18,1.1452020202020203,1
4,1,Flow301,19,1.1452020202020203,1
4,1,Flow301,20,1.1452020202020203,1
4,1,Flow301,21,0.6675797414347033,1
4,1,Flow301,22,0.6675797414347033,1
4,1,Flow301,23,1.1861111111111111,1
4,1,Flow301,24,0.5380434782608695,1
4,1,Flow301,25,0.5380434782608695,1
4,1,Flow301,26,0.5380434782608695,1
4,1,Flow301,27,0.2908944399677679,1
4,1,Flow301,28,0.2908944399677679,1
4,1,Flow301,29,0.2908944399677679,1
4,1,Flow301,30,0.2908944399677679,1
4,1,Flow301,31,0.5220588235294119,1
4,1,Flow301,32,0.5220588235294119,1
4,1,Flow301,33,0.5220588235294119,1
4,1,Flow301,34,0.48872549019607836,1
4,1,Flow301,35,0.36309523809523814,1
4,1,Flow301,36,0.44608843537414966,1
4,1,Flow301,37,0.3626579769436912,1
4,1,Flow301,38,0.4044805774243604,1
4,1,Flow301,39,0.4044805774243604,1
4,1,Flow301,40,0.4044805774243604,1
4,1,Flow301,41,0.4313186813186814,1
4,1,Flow301,42,0.4313186813186814,1
4,1,Flow301,43,0.44770655006831106,1
4,1,Flow301,44,0.44770655006831106,1
4,1,Flow301,45,0.44770655006831106,1
4,1,Flow301,46,0.5874810213940649,1
4,1,Flow301,47,0.8602484472049688,1
4,1,Flow301,48,0.8602484472049688,1
4,1,Flow301,49,0.8602484472049688,1
4,1,Flow301,50,0.6147135955831606,1
4,1,Flow301,51,0.6147135955831606,1
4,1,Flow301,52,0.6147135955831606,1
4,1,Flow301,53,0.6083643892339544,1
4,1,Flow301,54,0.6083643892339544,1
4,1,Flow301,55,0.5492282430213464,1
4,1,Flow301,56,0.6083643892339544,1
4,1,Flow301,57,1.1480482897384305,1
4,1,Flow301,58,1.1480482897384305,1
4,1,Flow301,59,0.5821383647798741,1
4,1,Flow301,60,0.583529411764706,1
5,2,Flow301,1,2.0,1
5,2,Flow301,2,2.0,1
5,2,Flow301,3,2.0,1
5,2,Flow301,4,2.0,1
5,2,Flow301,5,1.0395833333333333,1
5,2,Flow301,6,0.7729166666666666,1
5,2,Flow301,7,0.7729166666666666,1
5,2,Flow301,8,0.7809585289514867,1
5,2,Flow301,9,0.41532101701115776,1
5,2,Flow301,10,0.41532101701115776,1
5,2,Flow301,11,0.4019212533498246,1
5,2,Flow301,12,0.41532101701115776,1
5,2,Flow301,13,0.43809523809523815,1
5,2,Flow301,14,0.32439593369342623,1
5,2,Flow301,15,0.29500565162677256,1
5,2,Flow301,16,0.29500565162677256,1
5,2,Flow301,17,0.3337116731028781,1
5,2,Flow301,18,0.3337116731028781,1
5,2,Flow301,19,0.6254215507651782,1
5,2,Flow301,20,0.47305554744380185,1
5,2,Flow301,21,0.7864491308064976,1
5,2,Flow301,22,0.7404655505902754,1
5,2,Flow301,23,0.7320581703560427,1
5,2,Flow301,24,0.4795219461886127,1
5,2,Flow301,25,0.4795219461886127,1
5,2,Flow301,26,0.4795219461886127,1
5,2,Flow301,27,0.5388923960441169,1
5,2,Flow301,28,0.5388923960441169,1
5,2,Flow301,29,0.6303384956997334,1
5,2,Flow301,30,0.8734240149415525,1
5,2,Flow301,31,0.8657928348099562,1
5,2,Flow301,32,0.29261068891650693,1
5,2,Flow301,33,0.29261068891650693,1
5,2,Flow301,34,0.28684659282829267,1
5,2,Flow301,35,0.28684659282829267,1
5,2,Flow301,36,0.3019122096261929,1
5,2,Flow301,37,0.3019122096261929,1
5,2,Flow301,38,0.24427468832493818,1
5,2,Flow301,39,0.17467042307495212,1
5,2,Flow301,40,0.17467042307495212,1
5,2,Flow301,41,0.17467042307495212,1
5,2,Flow301,42,0.19111094772443202,1
5,2,Flow301,43,0.19111094772443202,1
5,2,Flow301,44,0.3131932242646884,1
5,2,Flow301,45,0.2757000383582661,1
5,2,Flow301,46,0.2757000383582661,1
5,2,Flow301,47,0.2757000383582661,1
5,2,Flow301,48,0.30704099821746883,1
5,2,Flow301,49,0.30704099821746883,1
5,2,Flow301,50,0.30704099821746883,1
5,2,Flow301,51,0.3010416666666667,1
5,2,Flow301,52,0.3010416666666667,1
5,2,Flow301,53,0.4,1
5,2,Flow301,54,0.4666666666666666,1
5,2,Flow301,55,0.4545454545454545,1
5,2,Flow301,56,0.34509271822704657,1
5,2,Flow301,57,0.6238805970149254,1
5,2,Flow301,58,0.6238805970149254,1
5,2,Flow301,59,0.3560825609561522,1
5,2,Flow301,60,0.3513859275053305,1
6,2,Flow301,1,2.0,1
6,2,Flow301,2,2.0,1
6,2,Flow301,3,2.0,1
6,2,Flow301,4,2.0,1
6,2,Flow301,5,2.0,1
6,2,Flow301,6,0.7666666666666666,1
6,2,Flow301,7,0.7666666666666666,1
6,2,Flow301,8,0.42335372960372963,1
6,2,Flow301,9,0.27786358026999725,1
6,2,Flow301,10,0.2851871657754009,1
6,2,Flow301,11,0.2581741787624141,1
6,2,Flow301,12,0.2581741787624141,1
6,2,Flow301,13,0.23278360412251625,1
6,2,Flow301,14,0.22844381052473545,1
6,2,Flow301,15,0.22844381052473545,1
6,2,Flow301,16,0.2993988439306358,1
6,2,Flow301,17,0.2993988439306358,1
6,2,Flow301,18,0.2852738225629792,1
6,2,Flow301,19,0.589443046582795,1
6,2,Flow301,20,0.2636026936026935,1
6,2,Flow301,21,0.2636026936026935,1
6,2,Flow301,22,0.2636026936026935,1
6,2,Flow301,23,0.4149376832844574,1
6,2,Flow301,24,0.41784090909090904,1
6,2,Flow301,25,0.3513636363636363,1
6,2,Flow301,26,0.3337412587412587,1
6,2,Flow301,27,0.3462525252525252,1
6,2,Flow301,28,0.3803434343434344,1
6,2,Flow301,29,0.3803434343434344,1
6,2,Flow301,30,0.3803434343434344,1
6,2,Flow301,31,0.3807693720420993,1
6,2,Flow301,32,0.40284945843981984,1
6,2,Flow301,33,0.34123123123123117,1
6,2,Flow301,34,0.34123123123123117,1
6,2,Flow301,35,0.34123123123123117,1
6,2,Flow301,36,0.3412312312312311,1
6,2,Flow301,37,0.34123123123123117,1
6,2,Flow301,38,0.40284945843981984,1
6,2,Flow301,39,0.40284945843981984,1
6,2,Flow301,40,0.36686177437020806,1
6,2,Flow301,41,0.36686177437020806,1
6,2,Flow301,42,0.29241027849554985,1
6,2,Flow301,43,0.4030578512396694,1
6,2,Flow301,44,0.4030578512396694,1
6,2,Flow301,45,0.4030578512396694,1
6,2,Flow301,46,0.31555555555555564,1
6,2,Flow301,47,0.27099435243353004,1
6,2,Flow301,48,0.27099435243353004,1
6,2,Flow301,49,0.27099435243353004,1
6,2,Flow301,50,0.27099435243353004,1
6,2,Flow301,51,0.27099435243353004,1
6,2,Flow301,52,0.4877603768780239,1
6,2,Flow301,53,0.4877603768780239,1
6,2,Flow301,54,0.5807229437229436,1
6,2,Flow301,55,0.642,1
6,2,Flow301,56,0.3408994708994709,1
6,2,Flow301,57,0.3408994708994709,1
6,2,Flow301,58,0.3408994708994709,1
6,2,Flow301,59,0.13286077100943858,1
6,2,Flow301,60,0.12663075066651502,1
7,2,Flow301,1,2.0,1
7,2,Flow301,2,2.0,1
7,2,Flow301,3,2.0,1
7,2,Flow301,4,0.7333333333333333,1
7,2,Flow301,5,0.24099981854472877,1
7,2,Flow301,6,0.24199056432589366,1
7,2,Flow301,7,0.24099981854472877,1
7,2,Flow301,8,0.22540453074433656,1
7,2,Flow301,9,0.22737782777152846,1
7,2,Flow301,10,0.24057539682539675,1
7,2,Flow301,11,0.24057539682539675,1
7,2,Flow301,12,0.24247157926124716,1
7,2,Flow301,13,0.19951606126942317,1
7,2,Flow301,14,0.19951606126942317,1
7,2,Flow301,15,1.3044025157232704,1
7,2,Flow301,16,0.1837320574162679,1
7,2,Flow301,17,0.2100628930817611,1
7,2,Flow301,18,0.21006289308176102,1
7,2,Flow301,19,0.21006289308176102,1
7,2,Flow301,20,0.21006289308176102,1
7,2,Flow301,21,0.21006289308176102,1
7,2,Flow301,22,0.21006289308176102,1
7,2,Flow301,23,0.20557061439602187,1
7,2,Flow301,24,0.20557061439602187,1
7,2,Flow301,25,0.20557061439602187,1
7,2,Flow301,26,0.20557061439602187,1
7,2,Flow301,27,0.20557061439602187,1
7,2,Flow301,28,0.20557061439602187,1
7,2,Flow301,29,0.3884407665505227,1
7,2,Flow301,30,0.4414040616246499,1
7,2,Flow301,31,0.4414040616246499,1
7,2,Flow301,32,0.4414040616246499,1
7,2,Flow301,33,0.4423398205436021,1
7,2,Flow301,34,0.4423398205436021,1
7,2,Flow301,35,0.4775046557084373,1
7,2,Flow301,36,0.45180474287617145,1
7,2,Flow301,37,0.45180474287617145,1
7,2,Flow301,38,0.45180474287617145,1
7,2,Flow301,39,0.3852813852813853,1
7,2,Flow301,40,0.42873149259703885,1
7,2,Flow301,41,0.3913165266106443,1
7,2,Flow301,42,0.4411764705882352,1
7,2,Flow301,43,0.4411764705882352,1
7,2,Flow301,44,0.4411764705882352,1
7,2,Flow301,45,0.42419533851276353,1
7,2,Flow301,46,0.42419533851276353,1
7,2,Flow301,47,0.42857142857142855,1
7,2,Flow301,48,0.42857142857142855,1
7,2,Flow301,49,0.21938775510204084,1
7,2,Flow301,50,0.21938775510204084,1
7,2,Flow301,51,0.29221978481925637,1
7,2,Flow301,52,0.2823191661985895,1
7,2,Flow301,53,0.2823191661985895,1
7,2,Flow301,54,0.2823191661985895,1
7,2,Flow301,55,0.2823191661985895,1
7,2,Flow301,56,0.28115417420790945,1
7,2,Flow301,57,0.2807601293158373,1
7,2,Flow301,58,0.287266886832115,1
7,2,Flow301,59,0.287266886832115,1
7,2,Flow301,60,0.3088886210140128,1
8,2,Flow301,1,2.0,1
8,2,Flow301,2,2.0,1
8,2,Flow301,3,2.0,1
8,2,Flow301,4,0.7,1
8,2,Flow301,5,0.7,1
8,2,Flow301,6,0.6142857142857142,1
8,2,Flow301,7,0.25805119735755583,1
8,2,Flow301,8,0.25805119735755583,1
8,2,Flow301,9,0.2687117334669213,1
8,2,Flow301,10,0.2574434434533613,1
8,2,Flow301,11,0.2574434434533613,1
8,2,Flow301,12,0.2574434434533613,1
8,2,Flow301,13,0.17427132280269725,1
8,2,Flow301,14,0.16512052121331794,1
8,2,Flow301,15,0.16512052121331794,1
8,2,Flow301,16,0.16512052121331794,1
8,2,Flow301,17,0.16267490853605607,1
8,2,Flow301,18,0.1618806219740799,1
8,2,Flow301,19,0.15842450384506454,1
8,2,Flow301,20,0.2310058166132932,1
8,2,Flow301,21,0.25743188369774594,1
8,2,Flow301,22,0.24208446016226332,1
8,2,Flow301,23,0.24208446016226332,1
8,2,Flow301,24,0.24208446016226332,1
8,2,Flow301,25,0.2465722336743764,1
8,2,Flow301,26,0.27019894421148327,1
8,2,Flow301,27,0.29632382942727753,1
8,2,Flow301,28,0.29632382942727753,1
8,2,Flow301,29,0.29632382942727753,1
8,2,Flow301,30,0.29632382942727753,1
8,2,Flow301,31,0.2722188269247092,1
8,2,Flow301,32,0.2722188269247092,1
8,2,Flow301,33,0.34499278499278485,1
8,2,Flow301,34,0.6716709956709958,1
8,2,Flow301,35,0.24299882507429676,1
8,2,Flow301,36,0.24299882507429676,1
8,2,Flow301,37,0.24299882507429676,1
8,2,Flow301,38,0.2710476726456703,1
8,2,Flow301,39,0.25661731764641016,1
8,2,Flow301,40,0.25661731764641016,1
8,2,Flow301,41,0.3017485129816871,1
8,2,Flow301,42,0.3017485129816871,1
8,2,Flow301,43,0.3017485129816871,1
8,2,Flow301,44,0.30052752448497133,1
8,2,Flow301,45,0.30052752448497133,1
8,2,Flow301,46,0.30052752448497133,1
8,2,Flow301,47,0.2950226718799473,1
8,2,Flow301,48,0.2950226718799473,1
8,2,Flow301,49,0.2950226718799473,1
8,2,Flow301,50,0.2950226718799473,1
8,2,Flow301,51,0.2458798147370901,1
8,2,Flow301,52,0.2458798147370901,1
8,2,Flow301,53,0.33192864606657707,1
8,2,Flow301,54,0.33192864606657707,1
8,2,Flow301,55,0.33939465565103416,1
8,2,Flow301,56,0.33939465565103416,1
8,2,Flow301,57,0.28462138953942234,1
8,2,Flow301,58,0.28462138953942234,1
8,2,Flow301,59,0.28462138953942234,1
8,2,Flow301,60,0.28462138953942234,1
9,3,Flow301,1,2.0,1
9,3,Flow301,2,2.0,1
9,3,Flow301,3,2.0,1
9,3,Flow301,4,2.0,1
9,3,Flow301,5,0.5904761904761905,1
9,3,Flow301,6,0.5904761904761905,1
9,3,Flow301,7,0.5904761904761905,1
9,3,Flow301,8,0.6143289399456383,1
9,3,Flow301,9,0.4798384093057904,1
9,3,Flow301,10,0.3016564952048822,1
9,3,Flow301,11,0.23045965146171055,1
9,3,Flow301,12,0.25125418316907683,1
9,3,Flow301,13,0.24511989192840247,1
9,3,Flow301,14,0.3046594982078853,1
9,3,Flow301,15,0.3046594982078853,1
9,3,Flow301,16,0.30893300248138944,1
9,3,Flow301,17,0.31668091721725605,1
9,3,Flow301,18,0.31668091721725605,1
9,3,Flow301,19,0.31668091721725605,1
9,3,Flow301,20,0.26223776223776235,1
9,3,Flow301,21,0.4458010437235863,1
9,3,Flow301,22,0.42074184879062937,1
9,3,Flow301,23,0.42074184879062937,1
9,3,Flow301,24,0.42074184879062937,1
9,3,Flow301,25,0.44436070686070683,1
9,3,Flow301,26,0.44436070686070683,1
9,3,Flow301,27,0.42643670745431994,1
9,3,Flow301,28,0.42643670745431994,1
9,3,Flow301,29,0.4637665290729457,1
9,3,Flow301,30,0.4637665290729457,1
9,3,Flow301,31,0.3541548145009987,1
9,3,Flow301,32,0.3541548145009987,1
9,3,Flow301,33,0.3723974770816755,1
9,3,Flow301,34,0.4170871524788575,1
9,3,Flow301,35,0.4170871524788575,1
9,3,Flow301,36,0.36948195984466664,1
9,3,Flow301,37,0.40602621939464045,1
9,3,Flow301,38,0.40602621939464045,1
9,3,Flow301,39,0.19682527233115482,1
9,3,Flow301,40,0.19682527233115482,1
9,3,Flow301,41,0.19682527233115482,1
9,3,Flow301,42,0.19682527233115482,1
9,3,Flow301,43,0.2189814814814815,1
9,3,Flow301,44,0.2189814814814815,1
9,3,Flow301,45,0.2189814814814815,1
9,3,Flow301,46,0.2189814814814815,1
9,3,Flow301,47,0.19126181448510823,1
9,3,Flow301,48,0.13288692737376778,1
9,3,Flow301,49,0.14045009894609956,1
9,3,Flow301,50,0.14045009894609956,1
9,3,Flow301,51,0.14045009894609956,1
9,3,Flow301,52,0.14045009894609956,1
9,3,Flow301,53,0.14045009894609956,1
9,3,Flow301,54,0.19829127612139485,1
9,3,Flow301,55,0.19829127612139485,1
9,3,Flow301,56,0.20699296799553854,1
9,3,Flow301,57,0.18703703703703703,1
9,3,Flow301,58,0.18703703703703703,1
9,3,Flow301,59,0.20600255427841638,1
9,3,Flow301,60,0.20600255427841638,1
10,3,Flow301,1,2.0,1
10,3,Flow301,2,2.0,1
10,3,Flow301,3,2.0,1
10,3,Flow301,4,2.0,1
10,3,Flow301,5,2.0,1
10,3,Flow301,6,0.4333333333333334,1
10,3,Flow301,7,0.4333333333333334,1
10,3,Flow301,8,0.2886792452830188,1
10,3,Flow301,9,0.3352941176470588,1
10,3,Flow301,10,1.1905300015915965,1
10,3,Flow301,11,1.1905300015915965,1
10,3,Flow301,12,0.2695011717442249,1
10,3,Flow301,13,0.2670572247787627,1
10,3,Flow301,14,0.2670572247787627,1
10,3,Flow301,15,0.17227534856558863,1
10,3,Flow301,16,0.23003645477329684,1
10,3,Flow301,17,0.23003645477329684,1
10,3,Flow301,18,0.23003645477329684,1
10,3,Flow301,19,0.23003645477329684,1
10,3,Flow301,20,0.23003645477329684,1
10,3,Flow301,21,0.23003645477329684,1
10,3,Flow301,22,0.28126764621146644,1
10,3,Flow301,23,0.28126764621146644,1
10,3,Flow301,24,0.27811143808393063,1
10,3,Flow301,25,0.2264406124716225,1
10,3,Flow301,26,0.27876923651232116,1
10,3,Flow301,27,0.802913616181835,1
10,3,Flow301,28,0.802913616181835,1
10,3,Flow301,29,0.7598977505112474,1
10,3,Flow301,30,0.4660683676149803,1
10,3,Flow301,31,0.4660683676149803,1
10,3,Flow301,32,0.4660683676149803,1
10,3,Flow301,33,0.4660683676149803,1
10,3,Flow301,34,0.3714803625377643,1
10,3,Flow301,35,0.3929356223791166,1
10,3,Flow301,36,0.3929356223791166,1
10,3,Flow301,37,0.6532664218278195,1
10,3,Flow301,38,0.8420468250618104,1
10,3,Flow301,39,0.8420468250618104,1
10,3,Flow301,40,0.8420468250618104,1
10,3,Flow301,41,0.8025974025974024,1
10,3,Flow301,42,1.4818181818181817,1
10,3,Flow301,43,0.16287878787878798,1
10,3,Flow301,44,0.16287878787878798,1
10,3,Flow301,45,0.16287878787878798,1
10,3,Flow301,46,0.16589026915113864,1
10,3,Flow301,47,0.16589026915113864,1
10,3,Flow301,48,0.16589026915113864,1
10,3,Flow301,49,0.16589026915113864,1
10,3,Flow301,50,1.1538045392141352,1
10,3,Flow301,51,1.2141365071654118,1
10,3,Flow301,52,1.2141365071654118,1
10,3,Flow301,53,1.173913043478261,1
10,3,Flow301,54,1.8,1
10,3,Flow301,55,1.7653846153846153,1
10,3,Flow301,56,1.7653846153846153,1
10,3,Flow301,57,1.7653846153846153,1
10,3,Flow301,58,1.7653846153846153,1
10,3,Flow301,59,1.0757262252515418,1
10,3,Flow301,60,1.0385933950016228,1
11,3,Flow301,1,2.0,1
11,3,Flow301,2,2.0,1
11,3,Flow301,3,2.0,1
11,3,Flow301,4,2.0,1
11,3,Flow301,5,2.0,1
11,3,Flow301,6,1.3368421052631578,1
11,3,Flow301,7,0.24118548799182432,1
11,3,Flow301,8,0.21964326032964543,1
11,3,Flow301,9,0.21964326032964543,1
11,3,Flow301,10,0.21964326032964543,1
11,3,Flow301,11,0.21964326032964543,1
11,3,Flow301,12,0.21964326032964543,1
11,3,Flow301,13,0.20001547162866196,1
11,3,Flow301,14,0.20001547162866196,1
11,3,Flow301,15,0.20001547162866196,1
11,3,Flow301,16,0.20001547162866196,1
11,3,Flow301,17,0.1441038533953142,1
11,3,Flow301,18,0.1441038533953142,1
11,3,Flow301,19,0.1441038533953142,1
11,3,Flow301,20,0.1860824123245175,1
11,3,Flow301,21,0.1860824123245175,1
11,3,Flow301,22,0.1860824123245175,1
11,3,Flow301,23,0.22969170198222838,1
11,3,Flow301,24,0.22969170198222838,1
11,3,Flow301,25,0.22969170198222838,1
11,3,Flow301,26,0.2671908222168325,1
11,3,Flow301,27,0.2671908222168325,1
11,3,Flow301,28,0.2671908222168325,1
11,3,Flow301,29,0.2671908222168325,1
11,3,Flow301,30,0.2379727577007035,1
11,3,Flow301,31,0.2379727577007035,1
11,3,Flow301,32,0.2379727577007035,1
11,3,Flow301,33,0.2379727577007035,1
11,3,Flow301,34,0.15842105263157896,1
11,3,Flow301,35,0.15842105263157896,1
11,3,Flow301,36,0.15842105263157896,1
11,3,Flow301,37,0.15842105263157896,1
11,3,Flow301,38,0.15842105263157896,1
11,3,Flow301,39,0.22366846344860997,1
11,3,Flow301,40,0.1477441998789307,1
11,3,Flow301,41,0.12313326620949142,1
11,3,Flow301,42,0.12966409170583404,1
11,3,Flow301,43,0.12966409170583404,1
11,3,Flow301,44,0.12966409170583404,1
11,3,Flow301,45,0.12966409170583404,1
11,3,Flow301,46,0.13076930832829206,1
11,3,Flow301,47,0.13076930832829206,1
11,3,Flow301,48,0.13076930832829206,1
11,3,Flow301,49,0.13076930832829206,1
11,3,Flow301,50,0.13076930832829206,1
11,3,Flow301,51,0.13076930832829206,1
11,3,Flow301,52,0.13076930832829206,1
11,3,Flow301,53,0.13076930832829206,1
11,3,Flow301,54,0.11383920126245499,1
11,3,Flow301,55,0.11383920126245499,1
11,3,Flow301,56,0.17334598107569849,1
11,3,Flow301,57,0.11383920126245499,1
11,3,Flow301,58,0.11383920126245499,1
11,3,Flow301,59,0.11383920126245499,1
11,3,Flow301,60,0.14439507860560497,1
12,3,Flow301,1,2.0,1
12,3,Flow301,2,2.0,1
12,3,Flow301,3,2.0,1
12,3,Flow301,4,2.0,1
12,3,Flow301,5,0.8333333333333334,1
12,3,Flow301,6,0.8037777777777778,1
12,3,Flow301,7,0.8037777777777778,1
12,3,Flow301,8,0.25428683890959347,1
12,3,Flow301,9,0.25428683890959347,1
12,3,Flow301,10,0.4048484848484849,1
12,3,Flow301,11,0.21183261183261184,1
12,3,Flow301,12,0.21183261183261184,1
12,3,Flow301,13,0.21183261183261184,1
12,3,Flow301,14,0.21183261183261184,1
12,3,Flow301,15,0.1708699902248288,1
12,3,Flow301,16,0.1708699902248288,1
12,3,Flow301,17,0.1708699902248288,1
12,3,Flow301,18,0.1708699902248288,1
12,3,Flow301,19,0.296250171478026,1
12,3,Flow301,20,0.296250171478026,1
12,3,Flow301,21,0.296250171478026,1
12,3,Flow301,22,0.31628206804947234,1
12,3,Flow301,23,0.5000000000000001,1
12,3,Flow301,24,0.5000000000000001,1
12,3,Flow301,25,0.4531420765027323,1
12,3,Flow301,26,0.4531420765027323,1
12,3,Flow301,27,0.4531420765027323,1
12,3,Flow301,28,0.36038845331432656,1
12,3,Flow301,29,0.36038845331432656,1
12,3,Flow301,30,0.31639236130905346,1
12,3,Flow301,31,0.31639236130905346,1
12,3,Flow301,32,0.31639236130905346,1
12,3,Flow301,33,0.31639236130905346,1
12,3,Flow301,34,0.3888532935990562,1
12,3,Flow301,35,0.3888532935990562,1
12,3,Flow301,36,0.3888532935990562,1
12,3,Flow301,37,0.3888532935990562,1
12,3,Flow301,38,0.37380055708180693,1
12,3,Flow301,39,0.3364766777335738,1
12,3,Flow301,40,0.3364766777335738,1
12,3,Flow301,41,0.3888532935990562,1
12,3,Flow301,42,0.5902092258024461,1
12,3,Flow301,43,0.5902092258024461,1
12,3,Flow301,44,0.5902092258024461,1
12,3,Flow301,45,0.5788433744681281,1
12,3,Flow301,46,0.5788433744681281,1
12,3,Flow301,47,0.5025204099357305,1
12,3,Flow301,48,0.5025204099357305,1
12,3,Flow301,49,0.1727005870841488,1
12,3,Flow301,50,0.1727005870841488,1
12,3,Flow301,51,0.1727005870841488,1
12,3,Flow301,52,0.19693693925354924,1
12,3,Flow301,53,0.19693693925354924,1
12,3,Flow301,54,0.19017811043352353,1
12,3,Flow301,55,0.19017811043352353,1
12,3,Flow301,56,0.16729323308270666,1
12,3,Flow301,57,0.16729323308270666,1
12,3,Flow301,58,0.16729323308270666,1
12,3,Flow301,59,0.16729323308270666,1
12,3,Flow301,60,0.16729323308270666,1
13,4,Flow301,1,2.0,1
13,4,Flow301,2,2.0,1
13,4,Flow301,3,2.0,1
13,4,Flow301,4,2.0,1
13,4,Flow301,5,0.9333333333333333,1
13,4,Flow301,6,0.8751515151515152,1
13,4,Flow301,7,0.5416901938641068,1
13,4,Flow301,8,0.19019607843137248,1
13,4,Flow301,9,0.19019607843137248,1
13,4,Flow301,10,0.19019607843137248,1
13,4,Flow301,11,0.13244837758112088,1
13,4,Flow301,12,0.13244837758112088,1
13,4,Flow301,13,0.13244837758112088,1
13,4,Flow301,14,0.13244837758112088,1
13,4,Flow301,15,0.13244837758112088,1
13,4,Flow301,16,0.19019607843137248,1
13,4,Flow301,17,0.19019607843137248,1
13,4,Flow301,18,0.17768216371777754,1
13,4,Flow301,19,0.17768216371777754,1
13,4,Flow301,20,0.14879725085910653,1
13,4,Flow301,21,0.14879725085910653,1
13,4,Flow301,22,0.14879725085910653,1
13,4,Flow301,23,0.14879725085910653,1
13,4,Flow301,24,0.14879725085910653,1
13,4,Flow301,25,0.28213058419243975,1
13,4,Flow301,26,0.28213058419243975,1
13,4,Flow301,27,0.21546391752577332,1
13,4,Flow301,28,0.21546391752577332,1
13,4,Flow301,29,0.21546391752577332,1
13,4,Flow301,30,0.21546391752577332,1
13,4,Flow301,31,0.21546391752577332,1
13,4,Flow301,32,0.19256198347107442,1
13,4,Flow301,33,0.21564551424817385,1
13,4,Flow301,34,0.21546391752577315,1
13,4,Flow301,35,0.2568627450980392,1
13,4,Flow301,36,0.2568627450980392,1
13,4,Flow301,37,0.2568627450980392,1
13,4,Flow301,38,0.23828764746703665,1
13,4,Flow301,39,0.23828764746703665,1
13,4,Flow301,40,0.22305627820333696,1
13,4,Flow301,41,0.25401194978400854,1
13,4,Flow301,42,0.25401194978400854,1
13,4,Flow301,43,0.25401194978400854,1
13,4,Flow301,44,0.22305627820333696,1
13,4,Flow301,45,0.22305627820333696,1
13,4,Flow301,46,0.22305627820333696,1
13,4,Flow301,47,0.22305627820333696,1
13,4,Flow301,48,0.23828764746703665,1
13,4,Flow301,49,0.19638554216867465,1
13,4,Flow301,50,0.17971887550200796,1
13,4,Flow301,51,0.5963855421686748,1
13,4,Flow301,52,0.5963855421686748,1
13,4,Flow301,53,0.22130479557703583,1
13,4,Flow301,54,0.22130479557703583,1
13,4,Flow301,55,0.1349055391437366,1
13,4,Flow301,56,0.1349055391437366,1
13,4,Flow301,57,0.1349055391437366,1
13,4,Flow301,58,0.1349055391437366,1
13,4,Flow301,59,0.1349055391437366,1
13,4,Flow301,60,0.1349055391437366,1
14,4,Flow301,1,2.0,1
14,4,Flow301,2,2.0,1
14,4,Flow301,3,2.0,1
14,4,Flow301,4,2.0,1
14,4,Flow301,5,0.7,1
14,4,Flow301,6,0.6571428571428571,1
14,4,Flow301,7,0.6571428571428571,1
14,4,Flow301,8,0.40366300366300356,1
14,4,Flow301,9,0.2033957198136303,1
14,4,Flow301,10,0.2033957198136303,1
14,4,Flow301,11,0.2033957198136303,1
14,4,Flow301,12,0.2033957198136303,1
14,4,Flow301,13,0.2347977160436603,1
14,4,Flow301,14,0.2347977160436603,1
14,4,Flow301,15,0.2347977160436603,1
14,4,Flow301,16,0.2347977160436603,1
14,4,Flow301,17,0.23132459212470335,1
14,4,Flow301,18,0.23132459212470335,1
14,4,Flow301,19,0.261512297226583,1
14,4,Flow301,20,0.261512297226583,1
14,4,Flow301,21,0.261512297226583,1
14,4,Flow301,22,0.1885043731778425,1
14,4,Flow301,23,0.16627293141195737,1
14,4,Flow301,24,0.12972411703384604,1
14,4,Flow301,25,0.12972411703384604,1
14,4,Flow301,26,0.12972411703384604,1
14,4,Flow301,27,0.12972411703384604,1
14,4,Flow301,28,0.1337220748631708,1
14,4,Flow301,29,0.16464957778947104,1
14,4,Flow301,30,0.16464957778947104,1
14,4,Flow301,31,0.36429608127721336,1
14,4,Flow301,32,0.36429608127721336,1
14,4,Flow301,33,0.36429608127721336,1
14,4,Flow301,34,0.3057933288297102,1
14,4,Flow301,35,0.3528213215780907,1
14,4,Flow301,36,0.3804041588514028,1
14,4,Flow301,37,0.3804041588514028,1
14,4,Flow301,38,0.2444954128440367,1
14,4,Flow301,39,0.2444954128440367,1
14,4,Flow301,40,0.2444954128440367,1
14,4,Flow301,41,0.2444954128440367,1
14,4,Flow301,42,0.2444954128440367,1
14,4,Flow301,43,0.2444954128440367,1
14,4,Flow301,44,0.2444954128440367,1
14,4,Flow301,45,0.2231740512787727,1
14,4,Flow301,46,0.3372865443512608,1
14,4,Flow301,47,0.3372865443512608,1
14,4,Flow301,48,0.3417231015828491,1
14,4,Flow301,49,0.3417231015828491,1
14,4,Flow301,50,0.28492015861108133,1
14,4,Flow301,51,0.3417231015828491,1
14,4,Flow301,52,0.2593599590373784,1
14,4,Flow301,53,0.2593599590373784,1
14,4,Flow301,54,0.2624100358422939,1
14,4,Flow301,55,0.2594408453375883,1
14,4,Flow301,56,0.2594408453375883,1
14,4,Flow301,57,0.10983295247205538,1
14,4,Flow301,58,0.10983295247205538,1
14,4,Flow301,59,0.10983295247205538,1
14,4,Flow301,60,0.08998463901689702,1
15,4,Flow301,1,2.0,1
15,4,Flow301,2,2.0,1
15,4,Flow301,3,2.0,1
15,4,Flow301,4,2.0,1
15,4,Flow301,5,0.8804444444444444,1
15,4,Flow301,6,0.8804444444444444,1
15,4,Flow301,7,0.5645539315989477,1
15,4,Flow301,8,0.5645539315989477,1
15,4,Flow301,9,0.519820551887591,1
15,4,Flow301,10,0.20757894736842103,1
15,4,Flow301,11,0.20261834915156748,1
15,4,Flow301,12,0.20261834915156748,1
15,4,Flow301,13,0.20261834915156748,1
15,4,Flow301,14,0.20757894736842103,1
15,4,Flow301,15,0.25333333333333313,1
15,4,Flow301,16,0.25333333333333313,1
15,4,Flow301,17,0.20976645435244165,1
15,4,Flow301,18,0.20976645435244165,1
15,4,Flow301,19,0.2076367389060886,1
15,4,Flow301,20,0.14309978768577486,1
15,4,Flow301,21,0.29667144050602684,1
15,4,Flow301,22,0.5113441679363466,1
15,4,Flow301,23,0.34866889756460295,1
15,4,Flow301,24,0.4670565057008719,1
15,4,Flow301,25,0.4670565057008719,1
15,4,Flow301,26,0.4670565057008719,1
15,4,Flow301,27,0.3927443958084626,1
15,4,Flow301,28,0.22336977007161707,1
15,4,Flow301,29,0.22336977007161707,1
15,4,Flow301,30,0.22336977007161707,1
15,4,Flow301,31,0.2792349726775957,1
15,4,Flow301,32,0.2792349726775957,1
15,4,Flow301,33,0.2792349726775957,1
15,4,Flow301,34,0.2792349726775957,1
15,4,Flow301,35,0.2792349726775957,1
15,4,Flow301,36,0.31818181818181823,1
15,4,Flow301,37,0.2706666666666666,1
15,4,Flow301,38,0.2706666666666666,1
15,4,Flow301,39,0.2706666666666667,1
15,4,Flow301,40,0.26747967479674795,1
15,4,Flow301,41,0.2733333333333333,1
15,4,Flow301,42,0.2733333333333333,1
15,4,Flow301,43,0.2733333333333333,1
15,4,Flow301,44,0.2733333333333333,1
15,4,Flow301,45,0.2733333333333333,1
15,4,Flow301,46,0.16388888888888892,1
15,4,Flow301,47,0.16388888888888892,1
15,4,Flow301,48,0.16388888888888892,1
15,4,Flow301,49,0.24281008846226237,1
15,4,Flow301,50,0.24281008846226237,1
15,4,Flow301,51,0.20339457290676802,1
15,4,Flow301,52,0.20339457290676802,1
15,4,Flow301,53,0.20339457290676802,1
15,4,Flow301,54,0.20339457290676802,1
15,4,Flow301,55,0.20339457290676802,1
15,4,Flow301,56,0.2237320944638018,1
15,4,Flow301,57,0.18998675047915725,1
15,4,Flow301,58,0.18998675047915725,1
15,4,Flow301,59,0.18278611632270172,1
15,4,Flow301,60,0.18278611632270172,1
16,4,Flow301,1,2.0,1
16,4,Flow301,2,2.0,1
16,4,Flow301,3,2.0,1
16,4,Flow301,4,2.0,1
16,4,Flow301,5,0.6733333333333333,1
16,4,Flow301,6,0.6733333333333333,1
16,4,Flow301,7,0.6267180475272961,1
16,4,Flow301,8,0.23130201028517988,1
16,4,Flow301,9,0.23130201028517988,1
16,4,Flow301,10,0.2942911190760652,1
16,4,Flow301,11,0.2942911190760652,1
16,4,Flow301,12,0.2989506172839505,1
16,4,Flow301,13,0.2989506172839505,1
16,4,Flow301,14,0.2989506172839505,1
16,4,Flow301,15,0.2989506172839505,1
16,4,Flow301,16,0.2989506172839505,1
16,4,Flow301,17,0.3791358024691357,1
16,4,Flow301,18,0.3791358024691357,1
16,4,Flow301,19,0.3101724795121024,1
16,4,Flow301,20,0.3101724795121024,1
16,4,Flow301,21,0.2421886419411173,1
16,4,Flow301,22,0.2421886419411173,1
16,4,Flow301,23,0.2421886419411173,1
16,4,Flow301,24,0.13638843426077463,1
16,4,Flow301,25,0.13638843426077463,1
16,4,Flow301,26,0.13638843426077463,1
16,4,Flow301,27,0.13638843426077463,1
16,4,Flow301,28,0.13638843426077463,1
16,4,Flow301,29,0.13638843426077463,1
16,4,Flow301,30,0.13638843426077463,1
16,4,Flow301,31,0.13638843426077463,1
16,4,Flow301,32,0.2421886419411173,1
16,4,Flow301,33,0.2421886419411173,1
16,4,Flow301,34,0.2421886419411173,1
16,4,Flow301,35,0.23906707815501252,1
16,4,Flow301,36,0.38120838081522634,1
16,4,Flow301,37,0.38120838081522634,1
16,4,Flow301,38,0.23480665694910616,1
16,4,Flow301,39,0.23480665694910616,1
16,4,Flow301,40,0.23480665694910616,1
16,4,Flow301,41,0.23480665694910616,1
16,4,Flow301,42,0.2526486107675815,1
16,4,Flow301,43,0.2526486107675815,1
16,4,Flow301,44,0.2891774891774892,1
16,4,Flow301,45,0.2891774891774892,1
16,4,Flow301,46,0.2891774891774892,1
16,4,Flow301,47,0.5290159661127404,1
16,4,Flow301,48,0.44825133050939503,1
16,4,Flow301,49,0.41924610477242047,1
16,4,Flow301,50,0.41924610477242047,1
16,4,Flow301,51,0.6900943396226416,1
16,4,Flow301,52,0.6900943396226416,1
16,4,Flow301,53,0.6900943396226416,1
16,4,Flow301,54,0.22404197747550098,1
16,4,Flow301,55,0.2628784554629224,1
16,4,Flow301,56,0.2628784554629224,1
16,4,Flow301,57,0.728930817610063,1
16,4,Flow301,58,0.728930817610063,1
16,4,Flow301,59,0.27573252688172045,1
16,4,Flow301,60,0.3571326164874553,1
17,5,Flow301,1,2.0,1
17,5,Flow301,2,2.0,1
17,5,Flow301,3,2.0,1
17,5,Flow301,4,2.0,1
17,5,Flow301,5,1.010351966873706,1
17,5,Flow301,6,1.010351966873706,1
17,5,Flow301,7,0.7483566712616991,1
17,5,Flow301,8,0.7483566712616991,1
17,5,Flow301,9,0.5908788991498659,1
17,5,Flow301,10,0.5908788991498659,1
17,5,Flow301,11,0.5908788991498659,1
17,5,Flow301,12,0.5908788991498659,1
17,5,Flow301,13,0.6244333557527367,1
17,5,Flow301,14,0.5590738838031225,1
17,5,Flow301,15,0.6457735599205472,1
17,5,Flow301,16,0.6457735599205472,1
17,5,Flow301,17,0.6861567581519399,1
17,5,Flow301,18,0.3460841189267584,1
17,5,Flow301,19,0.3460841189267584,1
17,5,Flow301,20,0.3460841189267584,1
17,5,Flow301,21,0.5682972387771033,1
17,5,Flow301,22,0.5682972387771033,1
17,5,Flow301,23,0.26094488278558553,1
17,5,Flow301,24,0.26094488278558553,1
17,5,Flow301,25,0.26094488278558553,1
17,5,Flow301,26,0.29104857167076376,1
17,5,Flow301,27,0.6897565618681156,1
17,5,Flow301,28,0.7885230375576683,1
17,5,Flow301,29,0.7885230375576683,1
17,5,Flow301,30,0.7885230375576683,1
17,5,Flow301,31,0.9122870081230608,1
17,5,Flow301,32,0.300709219858156,1
17,5,Flow301,33,0.300709219858156,1
17,5,Flow301,34,0.300709219858156,1
17,5,Flow301,35,0.2809175531914893,1
17,5,Flow301,36,1.3495726495726497,1
17,5,Flow301,37,0.7824483043837883,1
17,5,Flow301,38,0.7824483043837883,1
17,5,Flow301,39,0.7824483043837883,1
17,5,Flow301,40,0.7824483043837883,1
17,5,Flow301,41,0.7824483043837883,1
17,5,Flow301,42,0.7015001127904356,1
17,5,Flow301,43,0.7015001127904356,1
17,5,Flow301,44,0.9608180581125432,1
17,5,Flow301,45,0.566809673798921,1
17,5,Flow301,46,0.5938695546048998,1
17,5,Flow301,47,0.5938695546048998,1
17,5,Flow301,48,0.7479148323060916,1
17,5,Flow301,49,0.7479148323060916,1
17,5,Flow301,50,0.7479148323060916,1
17,5,Flow301,51,0.47529316291336965,1
17,5,Flow301,52,0.4522273425499231,1
17,5,Flow301,53,0.4143788462838979,1
17,5,Flow301,54,0.33187207058174784,1
17,5,Flow301,55,0.3459884201819685,1
17,5,Flow301,56,0.3459884201819685,1
17,5,Flow301,57,0.3459884201819685,1
17,5,Flow301,58,0.44534313725490193,1
17,5,Flow301,59,0.44534313725490193,1
17,5,Flow301,60,0.44534313725490193,1
18,5,Flow301,1,2.0,1
18,5,Flow301,2,2.0,1
18,5,Flow301,3,2.0,1
18,5,Flow301,4,2.0,1
18,5,Flow301,5,1.1217391304347826,1
18,5,Flow301,6,0.7058548305513404,1
18,5,Flow301,7,0.7058548305513404,1
18,5,Flow301,8,0.5126246192416843,1
18,5,Flow301,9,0.4599912912254114,1
18,5,Flow301,10,0.3998365020786309,1
18,5,Flow301,11,0.31610022326966014,1
18,5,Flow301,12,0.31610022326966014,1
18,5,Flow301,13,0.31610022326966014,1
18,5,Flow301,14,0.19943355660299353,1
18,5,Flow301,15,0.25655375552282783,1
18,5,Flow301,16,0.25655375552282783,1
18,5,Flow301,17,0.37777777777777777,1
18,5,Flow301,18,0.37777777777777777,1
18,5,Flow301,19,0.27707365841073256,1
18,5,Flow301,20,0.27707365841073256,1
18,5,Flow301,21,0.27707365841073256,1
18,5,Flow301,22,0.2123655913978494,1
18,5,Flow301,23,0.2123655913978494,1
18,5,Flow301,24,0.2123655913978494,1
18,5,Flow301,25,0.1808943089430894,1
18,5,Flow301,26,0.1808943089430894,1
18,5,Flow301,27,0.1808943089430894,1
18,5,Flow301,28,0.20578231292517,1
18,5,Flow301,29,0.20578231292517,1
18,5,Flow301,30,0.20578231292517,1
18,5,Flow301,31,0.24333333333333335,1
18,5,Flow301,32,0.5030701754385964,1
18,5,Flow301,33,0.5030701754385964,1
18,5,Flow301,34,0.5030701754385964,1
18,5,Flow301,35,0.32062146892655363,1
18,5,Flow301,36,0.43728813559322044,1
18,5,Flow301,37,0.43728813559322044,1
18,5,Flow301,38,0.5768115942028986,1
18,5,Flow301,39,0.5768115942028986,1
18,5,Flow301,40,0.4556152758132958,1
18,5,Flow301,41,0.4556152758132958,1
18,5,Flow301,42,0.4556152758132958,1
18,5,Flow301,43,0.4556152758132958,1
18,5,Flow301,44,0.5631746031746031,1
18,5,Flow301,45,0.5631746031746031,1
18,5,Flow301,46,0.5732430689877498,1
18,5,Flow301,47,0.5765812708061948,1
18,5,Flow301,48,0.5765812708061948,1
18,5,Flow301,49,0.5765812708061948,1
18,5,Flow301,50,0.5765812708061948,1
18,5,Flow301,51,0.5765812708061948,1
18,5,Flow301,52,0.6380303769859592,1
18,5,Flow301,53,0.5245003223726628,1
18,5,Flow301,54,0.5245003223726628,1
18,5,Flow301,55,0.5245003223726628,1
18,5,Flow301,56,0.5245003223726628,1
18,5,Flow301,57,0.5245003223726628,1
18,5,Flow301,58,0.4676971772153388,1
18,5,Flow301,59,0.4676971772153388,1
18,5,Flow301,60,0.4527386541471049,1
19,5,Flow301,1,2.0,1
19,5,Flow301,2,2.0,1
19,5,Flow301,3,2.0,1
19,5,Flow301,4,2.0,1
19,5,Flow301,5,2.0,1
19,5,Flow301,6,1.3333333333333335,1
19,5,Flow301,7,0.8047619047619048,1
19,5,Flow301,8,0.38339453284373726,1
19,5,Flow301,9,0.39136795477064756,1
19,5,Flow301,10,0.46665252067748086,1
19,5,Flow301,11,0.43347694293182426,1
19,5,Flow301,12,0.43336678883964075,1
19,5,Flow301,13,0.43336678883964075,1
19,5,Flow301,14,0.43336678883964075,1
19,5,Flow301,15,0.43336678883964075,1
19,5,Flow301,16,0.43336678883964075,1
19,5,Flow301,17,0.4364583333333332,1
19,5,Flow301,18,0.43244316115467674,1
19,5,Flow301,19,0.5708187301587302,1
19,5,Flow301,20,0.5708187301587302,1
19,5,Flow301,21,0.5708187301587302,1
19,5,Flow301,22,0.5708187301587302,1
19,5,Flow301,23,0.5512838468720822,1
19,5,Flow301,24,0.4787184873949581,1
19,5,Flow301,25,0.46874538533362087,1
19,5,Flow301,26,0.46874538533362087,1
19,5,Flow301,27,0.46874538533362087,1
19,5,Flow301,28,0.46874538533362087,1
19,5,Flow301,29,0.46874538533362087,1
19,5,Flow301,30,0.46874538533362087,1
19,5,Flow301,31,0.4787184873949581,1
19,5,Flow301,32,0.4941013071895425,1
19,5,Flow301,33,0.4941013071895425,1
19,5,Flow301,34,0.4941013071895425,1
19,5,Flow301,35,0.4756419234360411,1
19,5,Flow301,36,0.3054319818112921,1
19,5,Flow301,37,0.47722920634920635,1
19,5,Flow301,38,0.5424863492063492,1
19,5,Flow301,39,0.3976153562200075,1
19,5,Flow301,40,0.3976153562200075,1
19,5,Flow301,41,0.39523809523809544,1
19,5,Flow301,42,0.39523809523809544,1
19,5,Flow301,43,0.39523809523809544,1
19,5,Flow301,44,0.4276190476190475,1
19,5,Flow301,45,0.478611111111111,1
19,5,Flow301,46,0.478611111111111,1
19,5,Flow301,47,0.478611111111111,1
19,5,Flow301,48,0.478611111111111,1
19,5,Flow301,49,0.5522789115646258,1
19,5,Flow301,50,0.5522789115646258,1
19,5,Flow301,51,0.5522789115646258,1
19,5,Flow301,52,0.5410503401360545,1
19,5,Flow301,53,0.14307560137457037,1
19,5,Flow301,54,0.14355884879725078,1
19,5,Flow301,55,0.14355884879725078,1
19,5,Flow301,56,0.14355884879725078,1
19,5,Flow301,57,0.14355884879725078,1
19,5,Flow301,58,0.14355884879725078,1
19,5,Flow301,59,0.14355884879725078,1
19,5,Flow301,60,0.14355884879725078,1
20,5,Flow301,1,2.0,1
20,5,Flow301,2,2.0,1
20,5,Flow301,3,2.0,1
20,5,Flow301,4,2.0,1
20,5,Flow301,5,0.4444444444444445,1
20,5,Flow301,6,0.3,1
20,5,Flow301,7,0.3,1
20,5,Flow301,8,0.34444444444444444,1
20,5,Flow301,9,0.3555805524309461,1
20,5,Flow301,10,0.3305268333930753,1
20,5,Flow301,11,0.25753195256196476,1
20,5,Flow301,12,0.2123847926267281,1
20,5,Flow301,13,0.2123847926267281,1
20,5,Flow301,14,0.2123847926267281,1
20,5,Flow301,15,0.2123847926267281,1
20,5,Flow301,16,0.3437843406593405,1
20,5,Flow301,17,0.294699848024316,1
20,5,Flow301,18,0.302106524427953,1
20,5,Flow301,19,0.302106524427953,1
20,5,Flow301,20,0.302106524427953,1
20,5,Flow301,21,0.3095788041434986,1
20,5,Flow301,22,0.3095788041434986,1
20,5,Flow301,23,0.3095788041434986,1
20,5,Flow301,24,0.3095788041434986,1
20,5,Flow301,25,0.3753203272311554,1
20,5,Flow301,26,0.3753203272311554,1
20,5,Flow301,27,0.3753203272311554,1
20,5,Flow301,28,0.3753203272311554,1
20,5,Flow301,29,0.3753203272311554,1
20,5,Flow301,30,0.32774785498189746,1
20,5,Flow301,31,0.390301046471259,1
20,5,Flow301,32,0.390301046471259,1
20,5,Flow301,33,0.390301046471259,1
20,5,Flow301,34,0.390301046471259,1
20,5,Flow301,35,0.390301046471259,1
20,5,Flow301,36,0.3511752136752134,1
20,5,Flow301,37,0.3511752136752134,1
20,5,Flow301,38,0.3511752136752134,1
20,5,Flow301,39,0.3511752136752134,1
20,5,Flow301,40,0.3511752136752134,1
20,5,Flow301,41,0.3529981303418802,1
20,5,Flow301,42,0.3511752136752134,1
20,5,Flow301,43,0.3511752136752134,1
20,5,Flow301,44,0.3511752136752134,1
20,5,Flow301,45,0.3511752136752134,1
20,5,Flow301,46,0.3511752136752134,1
20,5,Flow301,47,0.3511752136752134,1
20,5,Flow301,48,0.3511752136752134,1
20,5,Flow301,49,0.3511752136752134,1
20,5,Flow301,50,0.3511752136752134,1
20,5,Flow301,51,0.3511752136752134,1
20,5,Flow301,52,0.3511752136752134,1
20,5,Flow301,53,0.3511752136752134,1
20,5,Flow301,54,0.3511752136752134,1
20,5,Flow301,55,0.3511752136752134,1
20,5,Flow301,56,0.3511752136752134,1
20,5,Flow301,57,0.3511752136752134,1
20,5,Flow301,58,0.3511752136752134,1
20,5,Flow301,59,0.3511752136752134,1
20,5,Flow301,60,0.3511752136752134,1
1,1,Flow302,1,2.0,2
1,1,Flow302,2,2.0,2
1,1,Flow302,3,2.0,2
1,1,Flow302,4,2.0,2
1,1,Flow302,5,2.0,2
1,1,Flow302,6,1.0,2
1,1,Flow302,7,1.318769230769231,2
1,1,Flow302,8,1.318769230769231,2
1,1,Flow302,9,0.37733802758506324,2
1,1,Flow302,10,0.37733802758506324,2
1,1,Flow302,11,0.37733802758506324,2
1,1,Flow302,12,0.5687139869728497,2
1,1,Flow302,13,0.5835380954513519,2
1,1,Flow302,14,0.5835380954513519,2
1,1,Flow302,15,0.5835380954513519,2
1,1,Flow302,16,0.8048747271138262,2
1,1,Flow302,17,0.3490130972145359,2
1,1,Flow302,18,0.34901309721453605,2
1,1,Flow302,19,0.34901309721453605,2
1,1,Flow302,20,0.47721822541966413,2
1,1,Flow302,21,0.47721822541966413,2
1,1,Flow302,22,0.47721822541966413,2
1,1,Flow302,23,0.7438848920863309,2
1,1,Flow302,24,0.7438848920863309,2
1,1,Flow302,25,0.8067779738473373,2
1,1,Flow302,26,0.8067779738473373,2
1,1,Flow302,27,0.8067779738473373,2
1,1,Flow302,28,0.34388489208633094,2
1,1,Flow302,29,0.4864253393665157,2
1,1,Flow302,30,1.2836441893830703,2
1,1,Flow302,31,1.2836441893830703,2
1,1,Flow302,32,1.3957317073170732,2
1,1,Flow302,33,1.3957317073170732,2
1,1,Flow302,34,1.3957317073170732,2
1,1,Flow302,35,0.8927419354838714,2
1,1,Flow302,36,0.8573941562313653,2
1,1,Flow302,37,0.7643709004174118,2
1,1,Flow302,38,0.8280590717299576,2
1,1,Flow302,39,0.8280590717299576,2
1,1,Flow302,40,0.8280590717299576,2
1,1,Flow302,41,0.8280590717299576,2
1,1,Flow302,42,0.7167914916226648,2
1,1,Flow302,43,0.7167914916226648,2
1,1,Flow302,44,0.7167914916226648,2
1,1,Flow302,45,0.7167914916226648,2
1,1,Flow302,46,0.7167914916226648,2
1,1,Flow302,47,0.7171006166603552,2
1,1,Flow302,48,1.1428782552553893,2
1,1,Flow302,49,1.2673197040010034,2
1,1,Flow302,50,1.2673197040010034,2
1,1,Flow302,51,1.2673197040010034,2
1,1,Flow302,52,1.2673197040010034,2
1,1,Flow302,53,1.2673197040010034,2
1,1,Flow302,54,1.2673197040010034,2
1,1,Flow302,55,1.9612244897959183,2
1,1,Flow302,56,1.0180906609706892,2
1,1,Flow302,57,1.0180906609706892,2
1,1,Flow302,58,1.0180906609706892,2
1,1,Flow302,59,0.9617242197697875,2
1,1,Flow302,60,0.9617242197697875,2
2,1,Flow302,1,2.0,2
2,1,Flow302,2,2.0,2
2,1,Flow302,3,2.0,2
2,1,Flow302,4,2.0,2
2,1,Flow302,5,1.3333333333333333,2
2,1,Flow302,6,0.43000000000000005,2
2,1,Flow302,7,0.3924242424242424,2
2,1,Flow302,8,0.43000000000000005,2
2,1,Flow302,9,0.34564780235564496,2
2,1,Flow302,10,0.34564780235564496,2
2,1,Flow302,11,0.3411717131374653,2
2,1,Flow302,12,0.22778622844395677,2
2,1,Flow302,13,0.26745828596574855,2
2,1,Flow302,14,0.3148894348894348,2
2,1,Flow302,15,0.3148894348894348,2
2,1,Flow302,16,0.3148894348894348,2
2,1,Flow302,17,0.3148894348894348,2
2,1,Flow302,18,0.3148894348894348,2
2,1,Flow302,19,0.5272311911820342,2
2,1,Flow302,20,0.5669605266875759,2
2,1,Flow302,21,0.5669605266875759,2
2,1,Flow302,22,0.5669605266875759,2
2,1,Flow302,23,0.41614961286983354,2
2,1,Flow302,24,0.41614961286983354,2
2,1,Flow302,25,0.3406134735304038,2
2,1,Flow302,26,0.4875,2
2,1,Flow302,27,0.4875,2
2,1,Flow302,28,0.41875,2
2,1,Flow302,29,0.41875,2
2,1,Flow302,30,0.2288288288288287,2
2,1,Flow302,31,0.2288288288288287,2
2,1,Flow302,32,0.22882882882882888,2
2,1,Flow302,33,0.22882882882882888,2
2,1,Flow302,34,0.22882882882882888,2
2,1,Flow302,35,0.3549105333783533,2
2,1,Flow302,36,0.3549105333783533,2
2,1,Flow302,37,0.36352574968670376,2
2,1,Flow302,38,0.36352574968670376,2
2,1,Flow302,39,0.5269724166925622,2
2,1,Flow302,40,0.5301192946058091,2
2,1,Flow302,41,0.5945331325301204,2
2,1,Flow302,42,0.5945331325301204,2
2,1,Flow302,43,0.5087499999999998,2
2,1,Flow302,44,0.5087499999999998,2
2,1,Flow302,45,0.5087499999999998,2
2,1,Flow302,46,0.45607845535337044,2
2,1,Flow302,47,0.7738452475004767,2
2,1,Flow302,48,0.7738452475004767,2
2,1,Flow302,49,1.0024648308153066,2
2,1,Flow302,50,0.9241513023119697,2
2,1,Flow302,51,0.9225205566097407,2
2,1,Flow302,52,0.7725762175838078,2
2,1,Flow302,53,0.8494224422442244,2
2,1,Flow302,54,0.8494224422442244,2
2,1,Flow302,55,0.8494224422442244,2
2,1,Flow302,56,0.6293569946371302,2
2,1,Flow302,57,0.6293569946371302,2
2,1,Flow302,58,0.7420634920634923,2
2,1,Flow302,59,0.4811373336405428,2
2,1,Flow302,60,0.4811373336405428,2
3,1,Flow302,1,2.0,2
3,1,Flow302,2,2.0,2
3,1,Flow302,3,2.0,2
3,1,Flow302,4,2.0,2
3,1,Flow302,5,2.0,2
3,1,Flow302,6,1.7737704918032786,2
3,1,Flow302,7,0.3455357142857144,2
3,1,Flow302,8,0.44761904761904764,2
3,1,Flow302,9,0.32022637795275594,2
3,1,Flow302,10,0.32022637795275594,2
3,1,Flow302,11,0.3733766233766234,2
3,1,Flow302,12,0.3733766233766234,2
3,1,Flow302,13,0.3733766233766234,2
3,1,Flow302,14,0.23552403011001727,2
3,1,Flow302,15,0.39891329334849246,2
3,1,Flow302,16,0.43852938018396836,2
3,1,Flow302,17,0.43852938018396836,2
3,1,Flow302,18,0.39891329334849246,2
3,1,Flow302,19,0.3223771659238617,2
3,1,Flow302,20,0.3223771659238617,2
3,1,Flow302,21,0.3223771659238617,2
3,1,Flow302,22,0.3223771659238617,2
3,1,Flow302,23,0.3223771659238617,2
3,1,Flow302,24,0.3223771659238617,2
3,1,Flow302,25,0.3223771659238617,2
3,1,Flow302,26,0.4156403407818908,2
3,1,Flow302,27,0.4156403407818908,2
3,1,Flow302,28,0.4156403407818908,2
3,1,Flow302,29,0.4156403407818908,2
3,1,Flow302,30,0.5066958698372966,2
3,1,Flow302,31,0.5066958698372966,2
3,1,Flow302,32,0.5237728937728937,2
3,1,Flow302,33,0.5237728937728937,2
3,1,Flow302,34,0.6363809706275461,2
3,1,Flow302,35,0.5503113553113554,2
3,1,Flow302,36,0.5631318681318682,2
3,1,Flow302,37,0.6287878787878786,2
3,1,Flow302,38,0.6267045454545453,2
3,1,Flow302,39,0.34236111111111106,2
3,1,Flow302,40,0.34236111111111106,2
3,1,Flow302,41,0.34236111111111106,2
3,1,Flow302,42,0.36006006006006,2
3,1,Flow302,43,0.3626723811189832,2
3,1,Flow302,44,0.3626723811189832,2
3,1,Flow302,45,0.2897030651340998,2
3,1,Flow302,46,0.2958333333333332,2
3,1,Flow302,47,0.2958333333333332,2
3,1,Flow302,48,0.27171717171717163,2
3,1,Flow302,49,0.27171717171717163,2
3,1,Flow302,50,0.31717171717171694,2
3,1,Flow302,51,0.32549019607843127,2
3,1,Flow302,52,1.191849877222467,2
3,1,Flow302,53,0.6344530224583599,2
3,1,Flow302,54,0.6344530224583599,2
3,1,Flow302,55,0.6949275362318842,2
3,1,Flow302,56,0.8091415830546268,2
3,1,Flow302,57,0.9014492753623191,2
3,1,Flow302,58,0.34926116838487964,2
3,1,Flow302,59,0.8750773036487323,2
3,1,Flow302,60,0.9515455304928991,2
4,1,Flow302,1,2.0,2
4,1,Flow302,2,2.0,2
4,1,Flow302,3,2.0,2
4,1,Flow302,4,1.758823529411765,2
4,1,Flow302,5,1.758823529411765,2
4,1,Flow302,6,0.6179144385026738,2
4,1,Flow302,7,0.5,2
4,1,Flow302,8,0.3288118811881189,2
4,1,Flow302,9,0.2887253983130272,2
4,1,Flow302,10,0.33541504506004216,2
4,1,Flow302,11,0.30679153290646666,2
4,1,Flow302,12,0.30679153290646666,2
4,1,Flow302,13,0.30679153290646666,2
4,1,Flow302,14,0.30679153290646666,2
4,1,Flow302,15,0.30679153290646666,2
4,1,Flow302,16,0.30679153290646666,2
4,1,Flow302,17,0.34843837727218235,2
4,1,Flow302,18,0.34843837727218235,2
4,1,Flow302,19,0.3744499876212631,2
4,1,Flow302,20,0.2626474976264749,2
4,1,Flow302,21,0.2626474976264749,2
4,1,Flow302,22,0.2626474976264749,2
4,1,Flow302,23,0.28547854785478555,2
4,1,Flow302,24,0.28547854785478555,2
4,1,Flow302,25,0.27048181443058483,2
4,1,Flow302,26,0.274421603313615,2
4,1,Flow302,27,0.274421603313615,2
4,1,Flow302,28,0.37377366609294305,2
4,1,Flow302,29,0.37377366609294305,2
4,1,Flow302,30,0.2883597883597885,2
4,1,Flow302,31,0.28835978835978826,2
4,1,Flow302,32,0.1928859552621928,2
4,1,Flow302,33,0.1928859552621928,2
4,1,Flow302,34,0.1928859552621928,2
4,1,Flow302,35,0.1928859552621928,2
4,1,Flow302,36,0.1928859552621928,2
4,1,Flow302,37,0.2883597883597885,2
4,1,Flow302,38,0.2883597883597885,2
4,1,Flow302,39,0.2883597883597885,2
4,1,Flow302,40,0.2832512315270936,2
4,1,Flow302,41,0.1877773984294981,2
4,1,Flow302,42,0.1877773984294981,2
4,1,Flow302,43,0.2681812505574884,2
4,1,Flow302,44,0.2681812505574884,2
4,1,Flow302,45,0.2681812505574884,2
4,1,Flow302,46,0.28547854785478555,2
4,1,Flow302,47,0.4917602996254681,2
4,1,Flow302,48,0.4917602996254681,2
4,1,Flow302,49,0.4917602996254681,2
4,1,Flow302,50,0.4917602996254681,2
4,1,Flow302,51,0.28925662439426764,2
4,1,Flow302,52,0.28925662439426764,2
4,1,Flow302,53,0.2734842570908144,2
4,1,Flow302,54,0.5598490339993202,2
4,1,Flow302,55,0.7248474971928042,2
4,1,Flow302,56,0.7248474971928042,2
4,1,Flow302,57,0.7248474971928042,2
4,1,Flow302,58,1.525,2
4,1,Flow302,59,1.2916666666666667,2
4,1,Flow302,60,1.475,2
5,2,Flow302,1,2.0,2
5,2,Flow302,2,2.0,2
5,2,Flow302,3,2.0,2
5,2,Flow302,4,2.0,2
5,2,Flow302,5,1.6163265306122447,2
5,2,Flow302,6,1.4542772861356932,2
5,2,Flow302,7,1.4542772861356932,2
5,2,Flow302,8,0.37777777777777766,2
5,2,Flow302,9,0.37777777777777766,2
5,2,Flow302,10,0.28074175406596724,2
5,2,Flow302,11,0.28074175406596724,2
5,2,Flow302,12,0.28074175406596724,2
5,2,Flow302,13,0.28074175406596724,2
5,2,Flow302,14,0.3777777777777775,2
5,2,Flow302,15,0.25228758169934623,2
5,2,Flow302,16,0.2967816091954022,2
5,2,Flow302,17,0.2967816091954022,2
5,2,Flow302,18,0.2967816091954022,2
5,2,Flow302,19,0.7998091553836233,2
5,2,Flow302,20,0.7998091553836233,2
5,2,Flow302,21,0.7998091553836233,2
5,2,Flow302,22,0.29149161051658085,2
5,2,Flow302,23,0.3894455288079232,2
5,2,Flow302,24,0.36928971411730027,2
5,2,Flow302,25,0.8481481481481481,2
5,2,Flow302,26,0.9727272727272729,2
5,2,Flow302,27,1.0818181818181818,2
5,2,Flow302,28,1.0818181818181818,2
5,2,Flow302,29,1.0818181818181818,2
5,2,Flow302,30,1.3666666666666667,2
5,2,Flow302,31,0.28754440961337513,2
5,2,Flow302,32,0.2942110762800418,2
5,2,Flow302,33,0.2942110762800418,2
5,2,Flow302,34,0.2942110762800418,2
5,2,Flow302,35,0.2942110762800418,2
5,2,Flow302,36,0.2942110762800418,2
5,2,Flow302,37,0.20622417847111957,2
5,2,Flow302,38,0.20622417847111957,2
5,2,Flow302,39,0.2029376985439278,2
5,2,Flow302,40,0.8627660764212489,2
5,2,Flow302,41,0.8627660764212489,2
5,2,Flow302,42,0.8133333333333332,2
5,2,Flow302,43,0.8133333333333332,2
5,2,Flow302,44,1.332,2
5,2,Flow302,45,1.332,2
5,2,Flow302,46,1.332,2
5,2,Flow302,47,1.0,2
5,2,Flow302,48,0.968,2
5,2,Flow302,49,1.3346666666666667,2
5,2,Flow302,50,0.7763333333333332,2
5,2,Flow302,51,0.7763333333333332,2
5,2,Flow302,52,0.4914460547504026,2
5,2,Flow302,53,0.4914460547504026,2
5,2,Flow302,54,0.4914460547504026,2
5,2,Flow302,55,0.4914460547504026,2
5,2,Flow302,56,0.4333333333333333,2
5,2,Flow302,57,0.8083333333333332,2
5,2,Flow302,58,0.8083333333333332,2
5,2,Flow302,59,0.8083333333333332,2
5,2,Flow302,60,0.7962962962962962,2
6,2,Flow302,1,2.0,2
6,2,Flow302,2,2.0,2
6,2,Flow302,3,1.0214285714285716,2
6,2,Flow302,4,1.2333333333333334,2
6,2,Flow302,5,1.2333333333333334,2
6,2,Flow302,6,0.8,2
6,2,Flow302,7,0.5333333333333332,2
6,2,Flow302,8,0.5333333333333332,2
6,2,Flow302,9,0.5333333333333332,2
6,2,Flow302,10,0.33043478260869585,2
6,2,Flow302,11,0.3304347826086957,2
6,2,Flow302,12,0.2967741935483872,2
6,2,Flow302,13,0.7016856267206899,2
6,2,Flow302,14,0.7016856267206899,2
6,2,Flow302,15,0.7016856267206899,2
6,2,Flow302,16,0.19292803970223335,2
6,2,Flow302,17,0.19292803970223335,2
6,2,Flow302,18,0.23618248919000812,2
6,2,Flow302,19,0.23618248919000812,2
6,2,Flow302,20,0.23618248919000812,2
6,2,Flow302,21,0.6823095823095823,2
6,2,Flow302,22,0.6823095823095823,2
6,2,Flow302,23,0.6998270998270998,2
6,2,Flow302,24,0.776865535486225,2
6,2,Flow302,25,0.776865535486225,2
6,2,Flow302,26,0.652535059331176,2
6,2,Flow302,27,0.8920634920634921,2
6,2,Flow302,28,0.8920634920634921,2
6,2,Flow302,29,0.8920634920634921,2
6,2,Flow302,30,0.8920634920634921,2
6,2,Flow302,31,0.5313475997686524,2
6,2,Flow302,32,0.5313475997686524,2
6,2,Flow302,33,0.4115447770620186,2
6,2,Flow302,34,0.4115447770620186,2
6,2,Flow302,35,0.5462515262515264,2
6,2,Flow302,36,0.5462515262515264,2
6,2,Flow302,37,0.5462515262515264,2
6,2,Flow302,38,0.5273796939865185,2
6,2,Flow302,39,0.4976493346103439,2
6,2,Flow302,40,0.4976493346103439,2
6,2,Flow302,41,0.4976493346103439,2
6,2,Flow302,42,0.4976493346103439,2
6,2,Flow302,43,0.4976493346103439,2
6,2,Flow302,44,0.4808114035087717,2
6,2,Flow302,45,0.4808114035087717,2
6,2,Flow302,46,0.4808114035087717,2
6,2,Flow302,47,0.7240411931818181,2
6,2,Flow302,48,0.6799334490740742,2
6,2,Flow302,49,0.8160383597883598,2
6,2,Flow302,50,0.8819948661532819,2
6,2,Flow302,51,0.8819948661532819,2
6,2,Flow302,52,0.5555555555555556,2
6,2,Flow302,53,0.5555555555555556,2
6,2,Flow302,54,0.5555555555555556,2
6,2,Flow302,55,0.5555555555555556,2
6,2,Flow302,56,0.5555555555555556,2
6,2,Flow302,57,0.8819948661532819,2
6,2,Flow302,58,0.8293650793650794,2
6,2,Flow302,59,0.8032212885154062,2
6,2,Flow302,60,0.8032212885154062,2
7,2,Flow302,1,2.0,2
7,2,Flow302,2,2.0,2
7,2,Flow302,3,2.0,2
7,2,Flow302,4,1.4666666666666666,2
7,2,Flow302,5,0.3589743589743589,2
7,2,Flow302,6,0.2566912539515279,2
7,2,Flow302,7,0.86952288218111,2
7,2,Flow302,8,0.86952288218111,2
7,2,Flow302,9,0.3484052532833021,2
7,2,Flow302,10,0.6248712998712997,2
7,2,Flow302,11,0.6294956140350878,2
7,2,Flow302,12,0.6294956140350878,2
7,2,Flow302,13,0.5957915758896151,2
7,2,Flow302,14,0.3340655249441548,2
7,2,Flow302,15,0.3340655249441548,2
7,2,Flow302,16,0.43333333333333357,2
7,2,Flow302,17,0.43333333333333357,2
7,2,Flow302,18,0.8666666666666668,2
7,2,Flow302,19,0.6,2
7,2,Flow302,20,1.6,2
7,2,Flow302,21,1.6,2
7,2,Flow302,22,1.3666666666666667,2
7,2,Flow302,23,1.3666666666666667,2
7,2,Flow302,24,1.125,2
7,2,Flow302,25,1.125,2
7,2,Flow302,26,1.125,2
7,2,Flow302,27,1.125,2
7,2,Flow302,28,1.125,2
7,2,Flow302,29,1.1142857142857143,2
7,2,Flow302,30,1.1333333333333333,2
7,2,Flow302,31,0.49999999999999983,2
7,2,Flow302,32,0.32104664391353827,2
7,2,Flow302,33,0.3262923260046067,2
7,2,Flow302,34,0.3262923260046067,2
7,2,Flow302,35,0.32104664391353827,2
7,2,Flow302,36,0.32104664391353827,2
7,2,Flow302,37,0.32104664391353827,2
7,2,Flow302,38,0.3210466439135381,2
7,2,Flow302,39,0.5267926214854544,2
7,2,Flow302,40,0.48870370370370375,2
7,2,Flow302,41,0.48870370370370375,2
7,2,Flow302,42,0.48870370370370375,2
7,2,Flow302,43,0.48870370370370375,2
7,2,Flow302,44,0.37541624193000345,2
7,2,Flow302,45,0.3593314093314094,2
7,2,Flow302,46,0.4141203703703704,2
7,2,Flow302,47,0.4141203703703704,2
7,2,Flow302,48,0.4141203703703704,2
7,2,Flow302,49,0.4141203703703704,2
7,2,Flow302,50,0.3449605343047966,2
7,2,Flow302,51,0.4141203703703704,2
7,2,Flow302,52,0.4141203703703704,2
7,2,Flow302,53,0.4141203703703704,2
7,2,Flow302,54,0.4141203703703704,2
7,2,Flow302,55,0.42708333333333337,2
7,2,Flow302,56,0.7476190476190476,2
7,2,Flow302,57,0.7476190476190476,2
7,2,Flow302,58,0.7476190476190476,2
7,2,Flow302,59,0.7476190476190476,2
7,2,Flow302,60,0.7476190476190476,2
8,2,Flow302,1,2.0,2
8,2,Flow302,2,2.0,2
8,2,Flow302,3,2.0,2
8,2,Flow302,4,0.9,2
8,2,Flow302,5,2.0,2
8,2,Flow302,6,0.3999999999999998,2
8,2,Flow302,7,0.7833820662768032,2
8,2,Flow302,8,0.8220848839269893,2
8,2,Flow302,9,0.6398989898989899,2
8,2,Flow302,10,0.7118677632608355,2
8,2,Flow302,11,0.6336239851989331,2
8,2,Flow302,12,0.6336239851989331,2
8,2,Flow302,13,0.30421286031042116,2
8,2,Flow302,14,0.30421286031042116,2
8,2,Flow302,15,0.30421286031042116,2
8,2,Flow302,16,0.30421286031042116,2
8,2,Flow302,17,0.6336239851989331,2
8,2,Flow302,18,0.6336239851989331,2
8,2,Flow302,19,0.3483871819237674,2
8,2,Flow302,20,0.3422614876172313,2
8,2,Flow302,21,0.37011461767938447,2
8,2,Flow302,22,0.5000000000000001,2
8,2,Flow302,23,0.6261904761904763,2
8,2,Flow302,24,1.3724137931034484,2
8,2,Flow302,25,1.3724137931034484,2
8,2,Flow302,26,1.3724137931034484,2
8,2,Flow302,27,0.639080459770115,2
8,2,Flow302,28,0.639080459770115,2
8,2,Flow302,29,0.639080459770115,2
8,2,Flow302,30,0.639080459770115,2
8,2,Flow302,31,0.3933722627737226,2
8,2,Flow302,32,0.3933722627737226,2
8,2,Flow302,33,0.3933722627737226,2
8,2,Flow302,34,0.3073650793650794,2
8,2,Flow302,35,0.3073650793650794,2
8,2,Flow302,36,0.3073650793650794,2
8,2,Flow302,37,0.3073650793650794,2
8,2,Flow302,38,0.33278034823266694,2
8,2,Flow302,39,0.33278034823266694,2
8,2,Flow302,40,0.4029499184997983,2
8,2,Flow302,41,0.4029499184997983,2
8,2,Flow302,42,0.4029499184997983,2
8,2,Flow302,43,0.3393419170243205,2
8,2,Flow302,44,0.3393419170243205,2
8,2,Flow302,45,0.3393419170243205,2
8,2,Flow302,46,0.3393419170243205,2
8,2,Flow302,47,0.3393419170243205,2
8,2,Flow302,48,0.35252595320888924,2
8,2,Flow302,49,0.35252595320888924,2
8,2,Flow302,50,1.5196385123392422,2
8,2,Flow302,51,0.40606060606060596,2
8,2,Flow302,52,0.8666666666666668,2
8,2,Flow302,53,0.8666666666666668,2
8,2,Flow302,54,0.8666666666666668,2
8,2,Flow302,55,0.857777777777778,2
8,2,Flow302,56,0.8316939890710383,2
8,2,Flow302,57,0.8133333333333332,2
8,2,Flow302,58,0.8133333333333332,2
8,2,Flow302,59,0.8133333333333332,2
8,2,Flow302,60,0.5555555555555556,2
9,3,Flow302,1,2.0,2
9,3,Flow302,2,2.0,2
9,3,Flow302,3,2.0,2
9,3,Flow302,4,2.0,2
9,3,Flow302,5,1.4,2
9,3,Flow302,6,0.6092071611253197,2
9,3,Flow302,7,0.533658086433868,2
9,3,Flow302,8,0.533658086433868,2
9,3,Flow302,9,0.2714088397790057,2
9,3,Flow302,10,0.2468528569274838,2
9,3,Flow302,11,0.29371422457604446,2
9,3,Flow302,12,0.31223246544936084,2
9,3,Flow302,13,0.31223246544936084,2
9,3,Flow302,14,0.24071146245059297,2
9,3,Flow302,15,0.24071146245059297,2
9,3,Flow302,16,0.3359618945763839,2
9,3,Flow302,17,0.33582072567444554,2
9,3,Flow302,18,0.3176180840200889,2
9,3,Flow302,19,0.338328645191268,2
9,3,Flow302,20,0.338328645191268,2
9,3,Flow302,21,0.338328645191268,2
9,3,Flow302,22,0.2323099059214167,2
9,3,Flow302,23,0.2323099059214167,2
9,3,Flow302,24,0.26375409744043593,2
9,3,Flow302,25,0.18892307692307692,2
9,3,Flow302,26,0.18892307692307692,2
9,3,Flow302,27,0.18892307692307692,2
9,3,Flow302,28,0.18892307692307692,2
9,3,Flow302,29,0.25854860738248353,2
9,3,Flow302,30,0.25854860738248353,2
9,3,Flow302,31,0.22450646698434315,2
9,3,Flow302,32,0.22450646698434315,2
9,3,Flow302,33,0.22450646698434315,2
9,3,Flow302,34,0.22450646698434315,2
9,3,Flow302,35,0.20702034485904566,2
9,3,Flow302,36,0.20702034485904566,2
9,3,Flow302,37,0.20702034485904566,2
9,3,Flow302,38,0.22113382599026482,2
9,3,Flow302,39,0.22113382599026482,2
9,3,Flow302,40,0.2728641099985749,2
9,3,Flow302,41,0.2728641099985749,2
9,3,Flow302,42,0.6947193129640153,2
9,3,Flow302,43,0.7102852852852855,2
9,3,Flow302,44,0.38008109679751484,2
9,3,Flow302,45,0.38008109679751484,2
9,3,Flow302,46,0.38008109679751484,2
9,3,Flow302,47,0.38008109679751484,2
9,3,Flow302,48,0.3996973014883462,2
9,3,Flow302,49,0.3996973014883462,2
9,3,Flow302,50,0.6418939393939394,2
9,3,Flow302,51,0.3799031141868511,2
9,3,Flow302,52,0.3799031141868511,2
9,3,Flow302,53,0.7015763168012302,2
9,3,Flow302,54,0.7015763168012302,2
9,3,Flow302,55,1.3167778601433162,2
9,3,Flow302,56,1.1700132684652809,2
9,3,Flow302,57,1.1700132684652809,2
9,3,Flow302,58,1.1700132684652809,2
9,3,Flow302,59,0.27826825127334465,2
9,3,Flow302,60,0.27826825127334465,2
10,3,Flow302,1,2.0,2
10,3,Flow302,2,2.0,2
10,3,Flow302,3,2.0,2
10,3,Flow302,4,1.2666666666666666,2
10,3,Flow302,5,0.9833333333333334,2
10,3,Flow302,6,0.22806267806267808,2
10,3,Flow302,7,0.21685897435897433,2
10,3,Flow302,8,0.22806267806267808,2
10,3,Flow302,9,0.32154593059522635,2
10,3,Flow302,10,0.32154593059522635,2
10,3,Flow302,11,0.32154593059522635,2
10,3,Flow302,12,0.22479952141137288,2
10,3,Flow302,13,0.22479952141137288,2
10,3,Flow302,14,0.22479952141137288,2
10,3,Flow302,15,0.18042419763169484,2
10,3,Flow302,16,0.18042419763169484,2
10,3,Flow302,17,0.18042419763169484,2
10,3,Flow302,18,0.660459967151042,2
10,3,Flow302,19,1.0080509998177063,2
10,3,Flow302,20,0.25547147160201716,2
10,3,Flow302,21,0.25547147160201716,2
10,3,Flow302,22,0.3064983406999075,2
10,3,Flow302,23,0.2509698675606099,2
10,3,Flow302,24,0.2509698675606099,2
10,3,Flow302,25,0.2509698675606099,2
10,3,Flow302,26,0.2509698675606099,2
10,3,Flow302,27,0.2509698675606099,2
10,3,Flow302,28,0.6814406421213736,2
10,3,Flow302,29,0.6814406421213736,2
10,3,Flow302,30,0.6814406421213736,2
10,3,Flow302,31,0.6814406421213736,2
10,3,Flow302,32,0.6653996983408748,2
10,3,Flow302,33,0.6653996983408748,2
10,3,Flow302,34,0.359441698659959,2
10,3,Flow302,35,0.359441698659959,2
10,3,Flow302,36,0.40485929756517985,2
10,3,Flow302,37,0.40485929756517985,2
10,3,Flow302,38,0.40485929756517985,2
10,3,Flow302,39,0.40485929756517985,2
10,3,Flow302,40,0.40485929756517985,2
10,3,Flow302,41,0.33850235785719673,2
10,3,Flow302,42,0.33850235785719673,2
10,3,Flow302,43,0.33850235785719673,2
10,3,Flow302,44,0.3545936243290358,2
10,3,Flow302,45,0.27630336379086956,2
10,3,Flow302,46,0.27630336379086956,2
10,3,Flow302,47,0.27630336379086956,2
10,3,Flow302,48,0.27630336379086956,2
10,3,Flow302,49,0.27630336379086956,2
10,3,Flow302,50,0.27630336379086956,2
10,3,Flow302,51,0.261930136489487,2
10,3,Flow302,52,0.261930136489487,2
10,3,Flow302,53,0.261930136489487,2
10,3,Flow302,54,0.261930136489487,2
10,3,Flow302,55,0.2796516554768287,2
10,3,Flow302,56,0.2796516554768287,2
10,3,Flow302,57,0.41717199750225503,2
10,3,Flow302,58,0.505930735930736,2
10,3,Flow302,59,0.505930735930736,2
10,3,Flow302,60,0.48925603132499684,2
11,3,Flow302,1,2.0,2
11,3,Flow302,2,2.0,2
11,3,Flow302,3,2.0,2
11,3,Flow302,4,2.0,2
11,3,Flow302,5,0.4666666666666666,2
11,3,Flow302,6,0.4666666666666666,2
11,3,Flow302,7,0.4185673556664291,2
11,3,Flow302,8,0.34372940858763174,2
11,3,Flow302,9,0.34372940858763174,2
11,3,Flow302,10,0.5176331691708673,2
11,3,Flow302,11,0.5176331691708673,2
11,3,Flow302,12,0.5176331691708673,2
11,3,Flow302,13,0.6141407631008503,2
11,3,Flow302,14,0.6141407631008503,2
11,3,Flow302,15,0.40027785541704697,2
11,3,Flow302,16,0.3527942278034809,2
11,3,Flow302,17,0.2875869448903156,2
11,3,Flow302,18,0.2875869448903156,2
11,3,Flow302,19,0.2875869448903156,2
11,3,Flow302,20,0.2695494268527977,2
11,3,Flow302,21,0.2562586240883105,2
11,3,Flow302,22,0.2562586240883105,2
11,3,Flow302,23,0.2562586240883105,2
11,3,Flow302,24,0.2562586240883107,2
11,3,Flow302,25,0.2562586240883107,2
11,3,Flow302,26,0.2695494268527975,2
11,3,Flow302,27,0.30187265917603,2
11,3,Flow302,28,0.30187265917603,2
11,3,Flow302,29,0.22568218298555376,2
11,3,Flow302,30,0.2862528050240657,2
11,3,Flow302,31,0.2862528050240657,2
11,3,Flow302,32,0.2862528050240657,2
11,3,Flow302,33,0.2805977317291838,2
11,3,Flow302,34,0.19613383903724424,2
11,3,Flow302,35,0.19613383903724424,2
11,3,Flow302,36,0.2805977317291838,2
11,3,Flow302,37,0.2805977317291838,2
11,3,Flow302,38,0.2805977317291838,2
11,3,Flow302,39,0.24652585544212932,2
11,3,Flow302,40,0.23589132867857057,2
11,3,Flow302,41,0.23589132867857057,2
11,3,Flow302,42,0.23589132867857057,2
11,3,Flow302,43,0.30187265917602984,2
11,3,Flow302,44,0.30187265917602984,2
11,3,Flow302,45,0.30187265917602984,2
11,3,Flow302,46,0.2257645378730791,2
11,3,Flow302,47,0.2257645378730791,2
11,3,Flow302,48,0.36336898395721917,2
11,3,Flow302,49,0.4149425287356321,2
11,3,Flow302,50,0.4149425287356321,2
11,3,Flow302,51,0.4149425287356319,2
11,3,Flow302,52,0.41494252873563225,2
11,3,Flow302,53,0.41494252873563225,2
11,3,Flow302,54,0.41494252873563225,2
11,3,Flow302,55,0.41494252873563225,2
11,3,Flow302,56,0.21921603300913645,2
11,3,Flow302,57,0.20310808721199933,2
11,3,Flow302,58,0.8908667287977632,2
11,3,Flow302,59,0.9286472148541114,2
11,3,Flow302,60,0.9286472148541114,2
12,3,Flow302,1,2.0,2
12,3,Flow302,2,2.0,2
12,3,Flow302,3,2.0,2
12,3,Flow302,4,2.0,2
12,3,Flow302,5,1.2333333333333334,2
12,3,Flow302,6,0.5666666666666667,2
12,3,Flow302,7,0.34325396825396803,2
12,3,Flow302,8,0.34325396825396803,2
12,3,Flow302,9,0.34325396825396803,2
12,3,Flow302,10,0.34679032893088485,2
12,3,Flow302,11,0.33253931138657966,2
12,3,Flow302,12,0.33253931138657966,2
12,3,Flow302,13,0.3008645541050264,2
12,3,Flow302,14,0.3008645541050264,2
12,3,Flow302,15,0.3008645541050264,2
12,3,Flow302,16,0.3008645541050264,2
12,3,Flow302,17,0.3008645541050264,2
12,3,Flow302,18,0.3008645541050264,2
12,3,Flow302,19,0.26591309779434696,2
12,3,Flow302,20,0.26591309779434696,2
12,3,Flow302,21,0.26591309779434696,2
12,3,Flow302,22,0.28974363618799187,2
12,3,Flow302,23,0.28974363618799187,2
12,3,Flow302,24,0.3198191105725625,2
12,3,Flow302,25,0.3198191105725625,2
12,3,Flow302,26,0.25120786442120957,2
12,3,Flow302,27,0.25120786442120957,2
12,3,Flow302,28,0.25120786442120957,2
12,3,Flow302,29,0.25120786442120957,2
12,3,Flow302,30,0.21481876332622588,2
12,3,Flow302,31,0.21481876332622604,2
12,3,Flow302,32,0.2346600331674958,2
12,3,Flow302,33,0.2346600331674958,2
12,3,Flow302,34,0.2346600331674958,2
12,3,Flow302,35,0.2346600331674958,2
12,3,Flow302,36,0.2346600331674958,2
12,3,Flow302,37,0.199268130405855,2
12,3,Flow302,38,0.199268130405855,2
12,3,Flow302,39,0.17942686056458523,2
12,3,Flow302,40,0.17942686056458523,2
12,3,Flow302,41,0.2232142857142856,2
12,3,Flow302,42,0.2232142857142856,2
12,3,Flow302,43,0.24305555555555552,2
12,3,Flow302,44,0.24305555555555552,2
12,3,Flow302,45,0.24305555555555552,2
12,3,Flow302,46,0.24305555555555552,2
12,3,Flow302,47,0.24305555555555552,2
12,3,Flow302,48,0.24305555555555552,2
12,3,Flow302,49,0.129298572315332,2
12,3,Flow302,50,0.129298572315332,2
12,3,Flow302,51,0.129298572315332,2
12,3,Flow302,52,0.1796157059314954,2
12,3,Flow302,53,0.1796157059314954,2
12,3,Flow302,54,0.1796157059314954,2
12,3,Flow302,55,0.43280293285310023,2
12,3,Flow302,56,0.43280293285310023,2
12,3,Flow302,57,0.43280293285310023,2
12,3,Flow302,58,0.43280293285310023,2
12,3,Flow302,59,0.43280293285310023,2
12,3,Flow302,60,0.43280293285310023,2
13,4,Flow302,1,2.0,2
13,4,Flow302,2,2.0,2
13,4,Flow302,3,1.7333333333333332,2
13,4,Flow302,4,1.7333333333333332,2
13,4,Flow302,5,1.2,2
13,4,Flow302,6,0.5666666666666668,2
13,4,Flow302,7,0.5016537467700258,2
13,4,Flow302,8,0.6997270955165693,2
13,4,Flow302,9,0.6997270955165693,2
13,4,Flow302,10,0.6997270955165693,2
13,4,Flow302,11,0.5282559648597382,2
13,4,Flow302,12,0.5282559648597382,2
13,4,Flow302,13,0.41983421909117125,2
13,4,Flow302,14,0.41983421909117125,2
13,4,Flow302,15,0.5420470001830444,2
13,4,Flow302,16,0.5420470001830444,2
13,4,Flow302,17,0.5668380505087958,2
13,4,Flow302,18,0.5668380505087958,2
13,4,Flow302,19,0.40600791002348285,2
13,4,Flow302,20,0.40600791002348285,2
13,4,Flow302,21,0.4019810508182603,2
13,4,Flow302,22,0.2371921620371717,2
13,4,Flow302,23,0.3738562091503269,2
13,4,Flow302,24,0.3738562091503269,2
13,4,Flow302,25,0.3738562091503269,2
13,4,Flow302,26,0.3738562091503269,2
13,4,Flow302,27,0.3738562091503269,2
13,4,Flow302,28,0.3738562091503269,2
13,4,Flow302,29,0.383367139959432,2
13,4,Flow302,30,0.31031529670934876,2
13,4,Flow302,31,0.31647058823529417,2
13,4,Flow302,32,0.268048780487805,2
13,4,Flow302,33,0.268048780487805,2
13,4,Flow302,34,0.268048780487805,2
13,4,Flow302,35,0.268048780487805,2
13,4,Flow302,36,0.31647058823529417,2
13,4,Flow302,37,0.31647058823529417,2
13,4,Flow302,38,0.31647058823529417,2
13,4,Flow302,39,0.31647058823529417,2
13,4,Flow302,40,0.31647058823529417,2
13,4,Flow302,41,0.6733333333333333,2
13,4,Flow302,42,0.3488888888888891,2
13,4,Flow302,43,0.3488888888888891,2
13,4,Flow302,44,0.3488888888888891,2
13,4,Flow302,45,0.3488888888888891,2
13,4,Flow302,46,0.3488888888888891,2
13,4,Flow302,47,0.3488888888888891,2
13,4,Flow302,48,0.3488888888888891,2
13,4,Flow302,49,0.3488888888888891,2
13,4,Flow302,50,0.3488888888888891,2
13,4,Flow302,51,0.3488888888888891,2
13,4,Flow302,52,0.6381423856671381,2
13,4,Flow302,53,0.6381423856671381,2
13,4,Flow302,54,0.6381423856671381,2
13,4,Flow302,55,0.6381423856671381,2
13,4,Flow302,56,0.6381423856671381,2
13,4,Flow302,57,0.6381423856671381,2
13,4,Flow302,58,0.3303021978021977,2
13,4,Flow302,59,0.6381423856671381,2
13,4,Flow302,60,0.6381423856671381,2
14,4,Flow302,1,2.0,2
14,4,Flow302,2,2.0,2
14,4,Flow302,3,2.0,2
14,4,Flow302,4,2.0,2
14,4,Flow302,5,2.0,2
14,4,Flow302,6,0.8525714285714285,2
14,4,Flow302,7,0.5839103362391034,2
14,4,Flow302,8,0.24871190476190463,2
14,4,Flow302,9,0.25224761904761916,2
14,4,Flow302,10,0.14871794871794872,2
14,4,Flow302,11,0.18410256410256406,2
14,4,Flow302,12,0.1800579336981011,2
14,4,Flow302,13,0.18313485677502417,2
14,4,Flow302,14,0.1995014688863172,2
14,4,Flow302,15,0.1995014688863172,2
14,4,Flow302,16,0.8702127659574469,2
14,4,Flow302,17,0.8702127659574469,2
14,4,Flow302,18,0.8702127659574469,2
14,4,Flow302,19,0.8702127659574469,2
14,4,Flow302,20,0.8702127659574469,2
14,4,Flow302,21,0.4476595744680852,2
14,4,Flow302,22,0.4476595744680852,2
14,4,Flow302,23,0.4476595744680852,2
14,4,Flow302,24,0.3230775075987841,2
14,4,Flow302,25,0.3230775075987841,2
14,4,Flow302,26,0.3230775075987841,2
14,4,Flow302,27,0.3230775075987841,2
14,4,Flow302,28,0.24397685647685652,2
14,4,Flow302,29,0.2791444444444446,2
14,4,Flow302,30,0.2791444444444446,2
14,4,Flow302,31,0.3153524004085802,2
14,4,Flow302,32,0.3153524004085802,2
14,4,Flow302,33,0.3153524004085802,2
14,4,Flow302,34,0.16100892638175565,2
14,4,Flow302,35,0.17971887550200805,2
14,4,Flow302,36,0.29341530519627856,2
14,4,Flow302,37,0.29341530519627856,2
14,4,Flow302,38,0.13850574712643687,2
14,4,Flow302,39,0.26317241379310347,2
14,4,Flow302,40,0.26317241379310347,2
14,4,Flow302,41,0.26317241379310347,2
14,4,Flow302,42,0.22660098522167474,2
14,4,Flow302,43,0.22660098522167474,2
14,4,Flow302,44,0.22660098522167474,2
14,4,Flow302,45,0.22660098522167474,2
14,4,Flow302,46,0.22371615312791784,2
14,4,Flow302,47,0.22371615312791784,2
14,4,Flow302,48,0.22371615312791784,2
14,4,Flow302,49,0.22371615312791784,2
14,4,Flow302,50,0.19470729751403368,2
14,4,Flow302,51,0.19470729751403368,2
14,4,Flow302,52,0.19470729751403368,2
14,4,Flow302,53,0.4741732308077019,2
14,4,Flow302,54,0.5133544546850999,2
14,4,Flow302,55,0.5133544546850999,2
14,4,Flow302,56,0.5133544546850999,2
14,4,Flow302,57,0.48110811184939095,2
14,4,Flow302,58,0.5609638047138047,2
14,4,Flow302,59,0.5609638047138047,2
14,4,Flow302,60,0.5609638047138047,2
15,4,Flow302,1,2.0,2
15,4,Flow302,2,2.0,2
15,4,Flow302,3,2.0,2
15,4,Flow302,4,1.2,2
15,4,Flow302,5,1.2,2
15,4,Flow302,6,0.3333333333333332,2
15,4,Flow302,7,0.3333333333333332,2
15,4,Flow302,8,0.3333333333333332,2
15,4,Flow302,9,0.29604743083003965,2
15,4,Flow302,10,0.29604743083003965,2
15,4,Flow302,11,0.32635046113306976,2
15,4,Flow302,12,0.32635046113306976,2
15,4,Flow302,13,0.32635046113306976,2
15,4,Flow302,14,0.27510529353542895,2
15,4,Flow302,15,0.3395123180102814,2
15,4,Flow302,16,0.43433130257047486,2
15,4,Flow302,17,0.43433130257047486,2
15,4,Flow302,18,0.43433130257047486,2
15,4,Flow302,19,0.43433130257047486,2
15,4,Flow302,20,0.4905910042121103,2
15,4,Flow302,21,0.4905910042121103,2
15,4,Flow302,22,0.4905910042121103,2
15,4,Flow302,23,0.3302614445286851,2
15,4,Flow302,24,0.3302614445286851,2
15,4,Flow302,25,0.3302614445286851,2
15,4,Flow302,26,0.210412468887045,2
15,4,Flow302,27,0.20970470207758343,2
15,4,Flow302,28,0.20970470207758343,2
15,4,Flow302,29,0.20970470207758343,2
15,4,Flow302,30,0.3003539938322547,2
15,4,Flow302,31,0.4092849179805701,2
15,4,Flow302,32,0.4092849179805701,2
15,4,Flow302,33,0.4092849179805701,2
15,4,Flow302,34,0.4572145246058289,2
15,4,Flow302,35,0.24635486464754744,2
15,4,Flow302,36,0.24635486464754744,2
15,4,Flow302,37,0.29744364091790565,2
15,4,Flow302,38,0.29744364091790565,2
15,4,Flow302,39,0.29744364091790565,2
15,4,Flow302,40,0.29744364091790565,2
15,4,Flow302,41,0.29744364091790565,2
15,4,Flow302,42,0.29744364091790565,2
15,4,Flow302,43,0.29682550904977384,2
15,4,Flow302,44,0.31250980392156863,2
15,4,Flow302,45,0.31250980392156863,2
15,4,Flow302,46,0.31250980392156863,2
15,4,Flow302,47,0.31250980392156863,2
15,4,Flow302,48,0.31250980392156863,2
15,4,Flow302,49,0.31250980392156863,2
15,4,Flow302,50,0.31250980392156863,2
15,4,Flow302,51,0.31250980392156863,2
15,4,Flow302,52,0.31424313725490194,2
15,4,Flow302,53,0.31424313725490194,2
15,4,Flow302,54,0.31424313725490194,2
15,4,Flow302,55,0.31424313725490194,2
15,4,Flow302,56,0.31424313725490194,2
15,4,Flow302,57,0.31424313725490194,2
15,4,Flow302,58,0.31424313725490194,2
15,4,Flow302,59,0.30117647058823527,2
15,4,Flow302,60,0.30117647058823527,2
16,4,Flow302,1,2.0,2
16,4,Flow302,2,2.0,2
16,4,Flow302,3,2.0,2
16,4,Flow302,4,1.2,2
16,4,Flow302,5,0.8727272727272727,2
16,4,Flow302,6,0.8666666666666666,2
16,4,Flow302,7,0.23666666666666664,2
16,4,Flow302,8,0.23666666666666664,2
16,4,Flow302,9,0.23666666666666664,2
16,4,Flow302,10,0.23666666666666664,2
16,4,Flow302,11,0.20714285714285713,2
16,4,Flow302,12,0.20714285714285713,2
16,4,Flow302,13,0.20714285714285713,2
16,4,Flow302,14,0.20714285714285713,2
16,4,Flow302,15,0.20971788246604978,2
16,4,Flow302,16,0.20971788246604978,2
16,4,Flow302,17,0.27907242279251854,2
16,4,Flow302,18,0.27907242279251854,2
16,4,Flow302,19,0.27907242279251854,2
16,4,Flow302,20,0.27907242279251854,2
16,4,Flow302,21,0.22448921260790122,2
16,4,Flow302,22,0.22448921260790122,2
16,4,Flow302,23,0.21797752808988768,2
16,4,Flow302,24,0.21797752808988768,2
16,4,Flow302,25,0.21797752808988768,2
16,4,Flow302,26,0.21797752808988768,2
16,4,Flow302,27,0.21797752808988768,2
16,4,Flow302,28,0.21797752808988768,2
16,4,Flow302,29,0.17835820895522395,2
16,4,Flow302,30,0.14835820895522386,2
16,4,Flow302,31,0.14835820895522386,2
16,4,Flow302,32,0.14835820895522386,2
16,4,Flow302,33,0.22555555555555556,2
16,4,Flow302,34,0.22555555555555556,2
16,4,Flow302,35,0.22555555555555556,2
16,4,Flow302,36,0.22555555555555556,2
16,4,Flow302,37,0.22555555555555556,2
16,4,Flow302,38,0.22555555555555556,2
16,4,Flow302,39,0.22555555555555556,2
16,4,Flow302,40,0.1627403881035166,2
16,4,Flow302,41,0.18552314340595694,2
16,4,Flow302,42,0.18552314340595694,2
16,4,Flow302,43,0.21508588713641794,2
16,4,Flow302,44,0.21508588713641794,2
16,4,Flow302,45,0.18218242907918603,2
16,4,Flow302,46,0.18218242907918603,2
16,4,Flow302,47,0.18218242907918603,2
16,4,Flow302,48,0.19034157832744417,2
16,4,Flow302,49,0.19034157832744417,2
16,4,Flow302,50,0.19034157832744417,2
16,4,Flow302,51,0.19034157832744417,2
16,4,Flow302,52,0.19034157832744417,2
16,4,Flow302,53,0.19034157832744417,2
16,4,Flow302,54,0.15109869646182492,2
16,4,Flow302,55,0.20467219331074338,2
16,4,Flow302,56,0.20467219331074338,2
16,4,Flow302,57,0.20467219331074338,2
16,4,Flow302,58,0.20467219331074338,2
16,4,Flow302,59,0.20467219331074338,2
16,4,Flow302,60,0.20467219331074338,2
17,5,Flow302,1,2.0,2
17,5,Flow302,2,2.0,2
17,5,Flow302,3,2.0,2
17,5,Flow302,4,0.3666666666666664,2
17,5,Flow302,5,0.3666666666666664,2
17,5,Flow302,6,0.22698412698412707,2
17,5,Flow302,7,0.2528606649760494,2
17,5,Flow302,8,0.2528606649760494,2
17,5,Flow302,9,0.2528606649760494,2
17,5,Flow302,10,0.2528606649760494,2
17,5,Flow302,11,0.31687014522120893,2
17,5,Flow302,12,0.31687014522120893,2
17,5,Flow302,13,0.40094339622641517,2
17,5,Flow302,14,0.40094339622641517,2
17,5,Flow302,15,0.40094339622641517,2
17,5,Flow302,16,0.5269927536231883,2
17,5,Flow302,17,0.44725344644750803,2
17,5,Flow302,18,0.826086956521739,2
17,5,Flow302,19,1.1188470066518845,2
17,5,Flow302,20,1.1188470066518845,2
17,5,Flow302,21,1.1188470066518845,2
17,5,Flow302,22,1.1188470066518845,2
17,5,Flow302,23,0.329598236880714,2
17,5,Flow302,24,0.37850194833309275,2
17,5,Flow302,25,0.33478632478632486,2
17,5,Flow302,26,0.33478632478632486,2
17,5,Flow302,27,0.33478632478632486,2
17,5,Flow302,28,0.7733333333333332,2
17,5,Flow302,29,0.7733333333333332,2
17,5,Flow302,30,0.43333333333333346,2
17,5,Flow302,31,0.43333333333333346,2
17,5,Flow302,32,0.43333333333333346,2
17,5,Flow302,33,0.7654901960784313,2
17,5,Flow302,34,0.48199466535855534,2
17,5,Flow302,35,0.48199466535855534,2
17,5,Flow302,36,0.48199466535855534,2
17,5,Flow302,37,0.48199466535855534,2
17,5,Flow302,38,0.48199466535855534,2
17,5,Flow302,39,0.48199466535855534,2
17,5,Flow302,40,0.48199466535855534,2
17,5,Flow302,41,0.48199466535855534,2
17,5,Flow302,42,0.47472726009311367,2
17,5,Flow302,43,0.6333333333333333,2
17,5,Flow302,44,0.5,2
17,5,Flow302,45,0.5,2
17,5,Flow302,46,0.5,2
17,5,Flow302,47,0.5,2
17,5,Flow302,48,0.3832,2
17,5,Flow302,49,0.4999999999999999,2
17,5,Flow302,50,0.4999999999999999,2
17,5,Flow302,51,0.4999999999999999,2
17,5,Flow302,52,0.4999999999999999,2
17,5,Flow302,53,0.6333333333333332,2
17,5,Flow302,54,0.6333333333333333,2
17,5,Flow302,55,0.5678362573099415,2
17,5,Flow302,56,0.5678362573099415,2
17,5,Flow302,57,0.6333333333333333,2
17,5,Flow302,58,0.6333333333333333,2
17,5,Flow302,59,0.6333333333333333,2
17,5,Flow302,60,0.6333333333333333,2
18,5,Flow302,1,2.0,2
18,5,Flow302,2,2.0,2
18,5,Flow302,3,2.0,2
18,5,Flow302,4,2.0,2
18,5,Flow302,5,0.9774193548387098,2
18,5,Flow302,6,0.9444444444444444,2
18,5,Flow302,7,0.9444444444444444,2
18,5,Flow302,8,0.4702753719742393,2
18,5,Flow302,9,0.4938122605363985,2
18,5,Flow302,10,0.4096807225300328,2
18,5,Flow302,11,0.4096807225300328,2
18,5,Flow302,12,0.4096807225300328,2
18,5,Flow302,13,0.1947523707802234,2
18,5,Flow302,14,0.1947523707802234,2
18,5,Flow302,15,0.39661023628253034,2
18,5,Flow302,16,0.3317670220452017,2
18,5,Flow302,17,0.330779320724389,2
18,5,Flow302,18,0.330779320724389,2
18,5,Flow302,19,0.330779320724389,2
18,5,Flow302,20,0.20910614455425805,2
18,5,Flow302,21,0.17881786102062983,2
18,5,Flow302,22,0.17881786102062983,2
18,5,Flow302,23,0.17881786102062983,2
18,5,Flow302,24,0.1662239583333333,2
18,5,Flow302,25,0.15673012129380054,2
18,5,Flow302,26,0.15673012129380054,2
18,5,Flow302,27,0.15673012129380054,2
18,5,Flow302,28,0.14823461653650333,2
18,5,Flow302,29,0.14823461653650333,2
18,5,Flow302,30,0.14823461653650333,2
18,5,Flow302,31,0.14823461653650333,2
18,5,Flow302,32,0.14823461653650333,2
18,5,Flow302,33,0.14823461653650333,2
18,5,Flow302,34,0.23207286742971736,2
18,5,Flow302,35,0.23207286742971736,2
18,5,Flow302,36,0.21006327668390606,2
18,5,Flow302,37,0.21006327668390606,2
18,5,Flow302,38,0.15737243321094335,2
18,5,Flow302,39,0.15737243321094335,2
18,5,Flow302,40,0.36869461790068386,2
18,5,Flow302,41,0.36869461790068386,2
18,5,Flow302,42,0.37358187134502907,2
18,5,Flow302,43,0.37358187134502907,2
18,5,Flow302,44,0.37358187134502907,2
18,5,Flow302,45,0.37358187134502907,2
18,5,Flow302,46,0.4546808510638298,2
18,5,Flow302,47,0.4546808510638298,2
18,5,Flow302,48,0.45500000000000007,2
18,5,Flow302,49,0.3884615384615383,2
18,5,Flow302,50,0.3884615384615383,2
18,5,Flow302,51,0.3802948186743899,2
18,5,Flow302,52,0.3802948186743899,2
18,5,Flow302,53,0.78125,2
18,5,Flow302,54,1.0564102564102562,2
18,5,Flow302,55,1.0564102564102562,2
18,5,Flow302,56,0.3435897435897434,2
18,5,Flow302,57,0.3435897435897434,2
18,5,Flow302,58,0.27342473154589053,2
18,5,Flow302,59,0.27342473154589053,2
18,5,Flow302,60,0.5183120523201495,2
19,5,Flow302,1,2.0,2
19,5,Flow302,2,2.0,2
19,5,Flow302,3,2.0,2
19,5,Flow302,4,2.0,2
19,5,Flow302,5,0.27857142857142864,2
19,5,Flow302,6,0.2948745102192101,2
19,5,Flow302,7,0.27891380611915473,2
19,5,Flow302,8,0.26640622182982715,2
19,5,Flow302,9,0.28646237872934444,2
19,5,Flow302,10,0.28646237872934444,2
19,5,Flow302,11,0.28646237872934444,2
19,5,Flow302,12,0.28646237872934444,2
19,5,Flow302,13,0.4114135742282339,2
19,5,Flow302,14,0.7302620287022592,2
19,5,Flow302,15,0.7473684210526316,2
19,5,Flow302,16,0.7473684210526316,2
19,5,Flow302,17,0.7473684210526316,2
19,5,Flow302,18,0.58125,2
19,5,Flow302,19,0.56875,2
19,5,Flow302,20,0.33537199234873627,2
19,5,Flow302,21,0.33537199234873627,2
19,5,Flow302,22,0.42127844795423447,2
19,5,Flow302,23,1.1769556025369978,2
19,5,Flow302,24,0.3818181818181817,2
19,5,Flow302,25,0.3818181818181817,2
19,5,Flow302,26,0.3818181818181817,2
19,5,Flow302,27,0.3135109659901233,2
19,5,Flow302,28,0.3135109659901233,2
19,5,Flow302,29,0.25061021263851446,2
19,5,Flow302,30,0.25061021263851446,2
19,5,Flow302,31,0.25061021263851446,2
19,5,Flow302,32,0.3135109659901233,2
19,5,Flow302,33,0.3135109659901233,2
19,5,Flow302,34,0.31695331695331685,2
19,5,Flow302,35,0.31695331695331685,2
19,5,Flow302,36,0.31695331695331685,2
19,5,Flow302,37,0.31695331695331685,2
19,5,Flow302,38,0.49513513513513485,2
19,5,Flow302,39,1.0756756756756756,2
19,5,Flow302,40,0.5300675675675676,2
19,5,Flow302,41,0.5300675675675676,2
19,5,Flow302,42,0.5300675675675676,2
19,5,Flow302,43,0.5300675675675676,2
19,5,Flow302,44,0.2596576714223772,2
19,5,Flow302,45,0.32686868686868686,2
19,5,Flow302,46,0.33106060606060606,2
19,5,Flow302,47,0.33106060606060606,2
19,5,Flow302,48,0.33106060606060606,2
19,5,Flow302,49,0.33106060606060606,2
19,5,Flow302,50,0.33106060606060606,2
19,5,Flow302,51,0.33106060606060606,2
19,5,Flow302,52,0.33106060606060606,2
19,5,Flow302,53,0.33106060606060606,2
19,5,Flow302,54,0.44999999999999984,2
19,5,Flow302,55,0.44999999999999984,2
19,5,Flow302,56,0.6479166666666666,2
19,5,Flow302,57,0.6479166666666666,2
19,5,Flow302,58,0.6479166666666666,2
19,5,Flow302,59,0.6629807692307692,2
19,5,Flow302,60,0.6629807692307692,2
20,5,Flow302,1,2.0,2
20,5,Flow302,2,2.0,2
20,5,Flow302,3,1.2333333333333334,2
20,5,Flow302,4,1.2333333333333334,2
20,5,Flow302,5,1.103157894736842,2
20,5,Flow302,6,0.24260651629072677,2
20,5,Flow302,7,0.25251266853264553,2
20,5,Flow302,8,0.2508038676949324,2
20,5,Flow302,9,0.30408256625919405,2
20,5,Flow302,10,0.3203053265497509,2
20,5,Flow302,11,0.49091513754776983,2
20,5,Flow302,12,0.49091513754776983,2
20,5,Flow302,13,0.49091513754776983,2
20,5,Flow302,14,0.4560325563756237,2
20,5,Flow302,15,0.38693546384070865,2
20,5,Flow302,16,0.9214285714285714,2
20,5,Flow302,17,0.9214285714285714,2
20,5,Flow302,18,0.38809523809523794,2
20,5,Flow302,19,0.38809523809523794,2
20,5,Flow302,20,0.3873200442967885,2
20,5,Flow302,21,0.3946181535855448,2
20,5,Flow302,22,0.39240800865800873,2
20,5,Flow302,23,0.39240800865800873,2
20,5,Flow302,24,0.39240800865800873,2
20,5,Flow302,25,0.2806179430535101,2
20,5,Flow302,26,0.28499084864784124,2
20,5,Flow302,27,0.28499084864784124,2
20,5,Flow302,28,0.28499084864784124,2
20,5,Flow302,29,0.2299981113069755,2
20,5,Flow302,30,0.2561447811447811,2
20,5,Flow302,31,0.6029166666666665,2
20,5,Flow302,32,0.6029166666666665,2
20,5,Flow302,33,0.531203007518797,2
20,5,Flow302,34,0.531203007518797,2
20,5,Flow302,35,0.531203007518797,2
20,5,Flow302,36,0.4376130319148935,2
20,5,Flow302,37,0.3034190854792257,2
20,5,Flow302,38,0.46339516824848986,2
20,5,Flow302,39,0.46339516824848986,2
20,5,Flow302,40,0.46339516824848986,2
20,5,Flow302,41,0.5066014160766347,2
20,5,Flow302,42,0.5066014160766347,2
20,5,Flow302,43,0.46339516824848986,2
20,5,Flow302,44,0.46339516824848986,2
20,5,Flow302,45,0.46339516824848986,2
20,5,Flow302,46,0.2503881123697903,2
20,5,Flow302,47,0.2503881123697903,2
20,5,Flow302,48,0.2503881123697903,2
20,5,Flow302,49,0.2503881123697903,2
20,5,Flow302,50,0.2503881123697903,2
20,5,Flow302,51,0.2503881123697903,2
20,5,Flow302,52,0.2503881123697903,2
20,5,Flow302,53,0.2503881123697903,2
20,5,Flow302,54,0.2503881123697903,2
20,5,Flow302,55,0.2503881123697903,2
20,5,Flow302,56,0.2503881123697903,2
20,5,Flow302,57,0.46339516824848986,2
20,5,Flow302,58,0.46339516824848986,2
20,5,Flow302,59,0.46339516824848986,2
20,5,Flow302,60,0.46339516824848986,2
1,1,Flow303,1,2.0,3
1,1,Flow303,2,2.0,3
1,1,Flow303,3,2.0,3
1,1,Flow303,4,2.0,3
1,1,Flow303,5,2.0,3
1,1,Flow303,6,2.0,3
1,1,Flow303,7,1.8,3
1,1,Flow303,8,1.7,3
1,1,Flow303,9,1.8,3
1,1,Flow303,10,1.8,3
1,1,Flow303,11,1.2375,3
1,1,Flow303,12,0.6758620689655175,3
1,1,Flow303,13,0.7862068965517242,3
1,1,Flow303,14,0.7862068965517242,3
1,1,Flow303,15,0.6758620689655173,3
1,1,Flow303,16,0.6620689655172415,3
1,1,Flow303,17,0.615124016938899,3
1,1,Flow303,18,0.615124016938899,3
1,1,Flow303,19,0.615124016938899,3
1,1,Flow303,20,0.615124016938899,3
1,1,Flow303,21,0.48749243799153047,3
1,1,Flow303,22,0.38203041336474614,3
1,1,Flow303,23,0.38203041336474614,3
1,1,Flow303,24,0.33793103448275874,3
1,1,Flow303,25,0.33793103448275874,3
1,1,Flow303,26,0.33793103448275874,3
1,1,Flow303,27,0.33793103448275874,3
1,1,Flow303,28,1.35,3
1,1,Flow303,29,1.35,3
1,1,Flow303,30,1.35,3
1,1,Flow303,31,1.35,3
1,1,Flow303,32,1.35,3
1,1,Flow303,33,1.2,3
1,1,Flow303,34,1.2,3
1,1,Flow303,35,1.2,3
1,1,Flow303,36,1.2000000000000002,3
1,1,Flow303,37,1.5263157894736843,3
1,1,Flow303,38,1.8986842105263158,3
1,1,Flow303,39,1.7636569872958259,3
1,1,Flow303,40,1.7636569872958259,3
1,1,Flow303,41,1.8123411978221415,3
1,1,Flow303,42,0.9758620689655174,3
1,1,Flow303,43,1.8758620689655174,3
1,1,Flow303,44,1.7758620689655173,3
1,1,Flow303,45,0.5928571428571427,3
1,1,Flow303,46,0.5928571428571427,3
1,1,Flow303,47,0.5928571428571427,3
1,1,Flow303,48,0.5928571428571427,3
1,1,Flow303,49,0.5928571428571427,3
1,1,Flow303,50,0.65,3
1,1,Flow303,51,0.65,3
1,1,Flow303,52,0.65,3
1,1,Flow303,53,0.65,3
1,1,Flow303,54,0.65,3
1,1,Flow303,55,1.7666666666666668,3
1,1,Flow303,56,1.7666666666666668,3
1,1,Flow303,57,1.7666666666666668,3
1,1,Flow303,58,1.7666666666666668,3
1,1,Flow303,59,2.0,3
1,1,Flow303,60,2.0,3
2,1,Flow303,1,2.0,3
2,1,Flow303,2,2.0,3
2,1,Flow303,3,2.0,3
2,1,Flow303,4,2.0,3
2,1,Flow303,5,2.0,3
2,1,Flow303,6,0.8,3
2,1,Flow303,7,0.8,3
2,1,Flow303,8,0.8452830188679246,3
2,1,Flow303,9,0.8452830188679246,3
2,1,Flow303,10,0.8452830188679246,3
2,1,Flow303,11,0.768013468013468,3
2,1,Flow303,12,0.8565517241379311,3
2,1,Flow303,13,0.8565517241379311,3
2,1,Flow303,14,0.8565517241379311,3
2,1,Flow303,15,0.8565517241379311,3
2,1,Flow303,16,0.7786046511627909,3
2,1,Flow303,17,0.7786046511627909,3
2,1,Flow303,18,0.7786046511627909,3
2,1,Flow303,19,0.7786046511627909,3
2,1,Flow303,20,0.7786046511627909,3
2,1,Flow303,21,0.7786046511627909,3
2,1,Flow303,22,1.0266666666666666,3
2,1,Flow303,23,1.0266666666666666,3
2,1,Flow303,24,1.0266666666666666,3
2,1,Flow303,25,1.0266666666666666,3
2,1,Flow303,26,0.6498446055941984,3
2,1,Flow303,27,0.42501701938730196,3
2,1,Flow303,28,0.42501701938730196,3
2,1,Flow303,29,0.42501701938730196,3
2,1,Flow303,30,0.573199602950733,3
2,1,Flow303,31,0.850370983982347,3
2,1,Flow303,32,0.8372678225846766,3
2,1,Flow303,33,0.6904647616896316,3
2,1,Flow303,34,0.5131330472103002,3
2,1,Flow303,35,0.5131330472103002,3
2,1,Flow303,36,0.46527757715342516,3
2,1,Flow303,37,0.6852947679560583,3
2,1,Flow303,38,1.1312054880603266,3
2,1,Flow303,39,1.1312054880603266,3
2,1,Flow303,40,1.1312054880603266,3
2,1,Flow303,41,1.1312054880603266,3
2,1,Flow303,42,0.8493479516573356,3
2,1,Flow303,43,0.8493479516573356,3
2,1,Flow303,44,0.8243686868686867,3
2,1,Flow303,45,0.8243686868686867,3
2,1,Flow303,46,0.9192493977431218,3
2,1,Flow303,47,0.9192493977431218,3
2,1,Flow303,48,0.9192493977431218,3
2,1,Flow303,49,0.9192493977431218,3
2,1,Flow303,50,0.9192493977431218,3
2,1,Flow303,51,0.9127026390624717,3
2,1,Flow303,52,0.9127026390624717,3
2,1,Flow303,53,0.9214892499411327,3
2,1,Flow303,54,0.9062611929739456,3
2,1,Flow303,55,0.9062611929739456,3
2,1,Flow303,56,0.9062611929739456,3
2,1,Flow303,57,0.9062611929739456,3
2,1,Flow303,58,0.9062611929739456,3
2,1,Flow303,59,0.9062611929739456,3
2,1,Flow303,60,0.9129278596406122,3
3,1,Flow303,1,2.0,3
3,1,Flow303,2,2.0,3
3,1,Flow303,3,2.0,3
3,1,Flow303,4,2.0,3
3,1,Flow303,5,2.0,3
3,1,Flow303,6,0.6766666666666667,3
3,1,Flow303,7,0.6766666666666667,3
3,1,Flow303,8,0.62890756302521,3
3,1,Flow303,9,0.4593613445378152,3
3,1,Flow303,10,0.4593613445378152,3
3,1,Flow303,11,0.5702857142857145,3
3,1,Flow303,12,0.6102857142857143,3
3,1,Flow303,13,0.6102857142857143,3
3,1,Flow303,14,0.6102857142857143,3
3,1,Flow303,15,0.5384440619621345,3
3,1,Flow303,16,0.5384440619621345,3
3,1,Flow303,17,0.3637452667814113,3
3,1,Flow303,18,0.3637452667814113,3
3,1,Flow303,19,0.3637452667814113,3
3,1,Flow303,20,0.3637452667814113,3
3,1,Flow303,21,0.3637452667814113,3
3,1,Flow303,22,0.5499048826886492,3
3,1,Flow303,23,0.5499048826886492,3
3,1,Flow303,24,0.5499048826886492,3
3,1,Flow303,25,0.2857469879518071,3
3,1,Flow303,26,0.2630722891566263,3
3,1,Flow303,27,0.2630722891566263,3
3,1,Flow303,28,0.3249999999999996,3
3,1,Flow303,29,0.3249999999999996,3
3,1,Flow303,30,0.3249999999999996,3
3,1,Flow303,31,0.3249999999999996,3
3,1,Flow303,32,0.6714285714285714,3
3,1,Flow303,33,1.2572727272727273,3
3,1,Flow303,34,1.2254545454545454,3
3,1,Flow303,35,1.28,3
3,1,Flow303,36,1.28,3
3,1,Flow303,37,1.3599999999999999,3
3,1,Flow303,38,1.3599999999999999,3
3,1,Flow303,39,1.7956233421750665,3
3,1,Flow303,40,0.9989540229885057,3
3,1,Flow303,41,0.6160422025139732,3
3,1,Flow303,42,0.6160422025139732,3
3,1,Flow303,43,0.6160422025139732,3
3,1,Flow303,44,0.9535305719921106,3
3,1,Flow303,45,0.8756410256410254,3
3,1,Flow303,46,0.9889308176100629,3
3,1,Flow303,47,0.9889308176100629,3
3,1,Flow303,48,1.1742138364779873,3
3,1,Flow303,49,0.6471698113207548,3
3,1,Flow303,50,0.6471698113207548,3
3,1,Flow303,51,0.47111111111111104,3
3,1,Flow303,52,0.47111111111111104,3
3,1,Flow303,53,0.8380510018214935,3
3,1,Flow303,54,0.8380510018214935,3
3,1,Flow303,55,0.7262626262626263,3
3,1,Flow303,56,0.7262626262626263,3
3,1,Flow303,57,0.8462626262626263,3
3,1,Flow303,58,0.9546320346320346,3
3,1,Flow303,59,0.9546320346320346,3
3,1,Flow303,60,0.9546320346320346,3
4,1,Flow303,1,2.0,3
4,1,Flow303,2,2.0,3
4,1,Flow303,3,2.0,3
4,1,Flow303,4,2.0,3
4,1,Flow303,5,1.5333333333333334,3
4,1,Flow303,6,2.0,3
4,1,Flow303,7,2.0,3
4,1,Flow303,8,1.7714285714285716,3
4,1,Flow303,9,0.47619047619047644,3
4,1,Flow303,10,0.47619047619047644,3
4,1,Flow303,11,0.5207563628899837,3
4,1,Flow303,12,0.5207563628899837,3
4,1,Flow303,13,0.4714285714285717,3
4,1,Flow303,14,0.4714285714285717,3
4,1,Flow303,15,0.4714285714285717,3
4,1,Flow303,16,0.4714285714285717,3
4,1,Flow303,17,0.4714285714285717,3
4,1,Flow303,18,0.4714285714285717,3
4,1,Flow303,19,0.4714285714285717,3
4,1,Flow303,20,0.5505494505494506,3
4,1,Flow303,21,0.679120879120879,3
4,1,Flow303,22,0.679120879120879,3
4,1,Flow303,23,0.679120879120879,3
4,1,Flow303,24,0.679120879120879,3
4,1,Flow303,25,0.679120879120879,3
4,1,Flow303,26,0.6159584367245661,3
4,1,Flow303,27,0.6159584367245661,3
4,1,Flow303,28,0.6177555744520031,3
4,1,Flow303,29,0.6177555744520031,3
4,1,Flow303,30,0.6177555744520031,3
4,1,Flow303,31,0.6177555744520031,3
4,1,Flow303,32,0.6177555744520031,3
4,1,Flow303,33,0.8088458994708996,3
4,1,Flow303,34,0.8088458994708996,3
4,1,Flow303,35,0.8088458994708996,3
4,1,Flow303,36,0.8088458994708996,3
4,1,Flow303,37,0.8088458994708996,3
4,1,Flow303,38,0.8088458994708996,3
4,1,Flow303,39,0.38271599264705874,3
4,1,Flow303,40,0.38271599264705874,3
4,1,Flow303,41,0.5367780780075186,3
4,1,Flow303,42,0.5177128518411411,3
4,1,Flow303,43,0.5177128518411411,3
4,1,Flow303,44,0.81375,3
4,1,Flow303,45,0.81375,3
4,1,Flow303,46,0.7625,3
4,1,Flow303,47,0.7625,3
4,1,Flow303,48,0.7301535087719297,3
4,1,Flow303,49,0.8030701754385966,3
4,1,Flow303,50,0.8030701754385966,3
4,1,Flow303,51,0.900701754385965,3
4,1,Flow303,52,0.900701754385965,3
4,1,Flow303,53,0.900701754385965,3
4,1,Flow303,54,0.900701754385965,3
4,1,Flow303,55,0.6494871794871795,3
4,1,Flow303,56,0.6494871794871795,3
4,1,Flow303,57,0.643992673992674,3
4,1,Flow303,58,0.6683786389049547,3
4,1,Flow303,59,0.6683786389049547,3
4,1,Flow303,60,0.6683786389049547,3
5,2,Flow303,1,2.0,3
5,2,Flow303,2,2.0,3
5,2,Flow303,3,2.0,3
5,2,Flow303,4,2.0,3
5,2,Flow303,5,2.0,3
5,2,Flow303,6,2.0,3
5,2,Flow303,7,1.5333333333333334,3
5,2,Flow303,8,0.5752351097178682,3
5,2,Flow303,9,0.5752351097178682,3
5,2,Flow303,10,0.5752351097178682,3
5,2,Flow303,11,0.814134495641345,3
5,2,Flow303,12,0.8232669157326689,3
5,2,Flow303,13,1.310709838107098,3
5,2,Flow303,14,1.310709838107098,3
5,2,Flow303,15,1.0140562248995983,3
5,2,Flow303,16,1.1976430976430976,3
5,2,Flow303,17,1.1976430976430976,3
5,2,Flow303,18,1.1976430976430976,3
5,2,Flow303,19,1.0140562248995983,3
5,2,Flow303,20,1.0140562248995983,3
5,2,Flow303,21,1.0140562248995983,3
5,2,Flow303,22,0.7874088136886442,3
5,2,Flow303,23,0.4660508267889373,3
5,2,Flow303,24,0.4660508267889373,3
5,2,Flow303,25,0.9111125676796256,3
5,2,Flow303,26,0.9238971992540334,3
5,2,Flow303,27,0.9111125676796256,3
5,2,Flow303,28,0.9111125676796256,3
5,2,Flow303,29,0.9111125676796256,3
5,2,Flow303,30,0.4660508267889373,3
5,2,Flow303,31,0.4660508267889373,3
5,2,Flow303,32,0.4798969806350911,3
5,2,Flow303,33,0.511746835443038,3
5,2,Flow303,34,0.511746835443038,3
5,2,Flow303,35,0.511746835443038,3
5,2,Flow303,36,0.6034146341463413,3
5,2,Flow303,37,0.5676715847588133,3
5,2,Flow303,38,0.5015384579571961,3
5,2,Flow303,39,0.5015384579571961,3
5,2,Flow303,40,0.5015384579571961,3
5,2,Flow303,41,0.5676715847588133,3
5,2,Flow303,42,0.5676715847588133,3
5,2,Flow303,43,0.5676715847588133,3
5,2,Flow303,44,0.7831900519962136,3
5,2,Flow303,45,0.7831900519962136,3
5,2,Flow303,46,0.7831900519962136,3
5,2,Flow303,47,1.1582336523125996,3
5,2,Flow303,48,1.1583333333333334,3
5,2,Flow303,49,1.1583333333333334,3
5,2,Flow303,50,0.4274004310000798,3
5,2,Flow303,51,0.35882352941176465,3
5,2,Flow303,52,0.4986830553116769,3
5,2,Flow303,53,0.5130030959752323,3
5,2,Flow303,54,0.5130030959752323,3
5,2,Flow303,55,0.5130030959752323,3
5,2,Flow303,56,0.513014705882353,3
5,2,Flow303,57,1.2381048387096776,3
5,2,Flow303,58,1.244094993581515,3
5,2,Flow303,59,1.244094993581515,3
5,2,Flow303,60,1.2473183812774256,3
6,2,Flow303,1,2.0,3
6,2,Flow303,2,2.0,3
6,2,Flow303,3,2.0,3
6,2,Flow303,4,2.0,3
6,2,Flow303,5,0.8636363636363636,3
6,2,Flow303,6,0.9727272727272727,3
6,2,Flow303,7,0.9727272727272727,3
6,2,Flow303,8,1.0064935064935068,3
6,2,Flow303,9,1.0064935064935068,3
6,2,Flow303,10,0.5958944281524927,3
6,2,Flow303,11,0.5958944281524927,3
6,2,Flow303,12,0.3109576809407031,3
6,2,Flow303,13,0.3109576809407031,3
6,2,Flow303,14,0.3109576809407031,3
6,2,Flow303,15,0.30249135383261017,3
6,2,Flow303,16,1.0195542046605879,3
6,2,Flow303,17,0.4281929739907092,3
6,2,Flow303,18,0.45957584702865883,3
6,2,Flow303,19,0.6799086757990868,3
6,2,Flow303,20,0.6799086757990868,3
6,2,Flow303,21,0.27449513836948397,3
6,2,Flow303,22,0.2744951383694838,3
6,2,Flow303,23,0.2744951383694838,3
6,2,Flow303,24,0.27449513836948397,3
6,2,Flow303,25,0.27449513836948397,3
6,2,Flow303,26,0.27449513836948397,3
6,2,Flow303,27,0.5386833302531059,3
6,2,Flow303,28,0.5386833302531059,3
6,2,Flow303,29,0.5386833302531059,3
6,2,Flow303,30,0.5386833302531059,3
6,2,Flow303,31,0.5386833302531059,3
6,2,Flow303,32,0.742049037652128,3
6,2,Flow303,33,0.8001973284760171,3
6,2,Flow303,34,0.4617424242424243,3
6,2,Flow303,35,0.46001016260162597,3
6,2,Flow303,36,0.46001016260162597,3
6,2,Flow303,37,0.46001016260162597,3
6,2,Flow303,38,0.4600101626016261,3
6,2,Flow303,39,0.46001016260162614,3
6,2,Flow303,40,0.5669211195928755,3
6,2,Flow303,41,0.6422885572139302,3
6,2,Flow303,42,0.6422885572139302,3
6,2,Flow303,43,0.6422885572139302,3
6,2,Flow303,44,1.148824373824374,3
6,2,Flow303,45,1.148824373824374,3
6,2,Flow303,46,0.533225091804684,3
6,2,Flow303,47,0.6395074320402319,3
6,2,Flow303,48,0.6395074320402319,3
6,2,Flow303,49,0.6395074320402319,3
6,2,Flow303,50,0.6395074320402319,3
6,2,Flow303,51,0.646472210765106,3
6,2,Flow303,52,0.5516536051125476,3
6,2,Flow303,53,0.8914757908008752,3
6,2,Flow303,54,0.8914757908008752,3
6,2,Flow303,55,0.7861073282832584,3
6,2,Flow303,56,0.7861073282832584,3
6,2,Flow303,57,0.7861073282832584,3
6,2,Flow303,58,0.7546488217357903,3
6,2,Flow303,59,0.9224925899222944,3
6,2,Flow303,60,0.9224925899222944,3
7,2,Flow303,1,2.0,3
7,2,Flow303,2,2.0,3
7,2,Flow303,3,2.0,3
7,2,Flow303,4,2.0,3
7,2,Flow303,5,0.7690940907255349,3
7,2,Flow303,6,0.7690940907255349,3
7,2,Flow303,7,0.815533719208507,3
7,2,Flow303,8,0.815533719208507,3
7,2,Flow303,9,0.815533719208507,3
7,2,Flow303,10,1.0238095238095237,3
7,2,Flow303,11,1.0238095238095237,3
7,2,Flow303,12,1.0238095238095237,3
7,2,Flow303,13,1.0238095238095237,3
7,2,Flow303,14,1.3380952380952382,3
7,2,Flow303,15,0.9734615384615385,3
7,2,Flow303,16,0.7657438016528925,3
7,2,Flow303,17,0.7657438016528925,3
7,2,Flow303,18,0.6344322427261406,3
7,2,Flow303,19,0.8997735763613722,3
7,2,Flow303,20,0.8997735763613722,3
7,2,Flow303,21,0.8997735763613722,3
7,2,Flow303,22,0.8997735763613722,3
7,2,Flow303,23,1.060123966942149,3
7,2,Flow303,24,0.8251675534925846,3
7,2,Flow303,25,0.8251675534925846,3
7,2,Flow303,26,0.8251675534925846,3
7,2,Flow303,27,1.0204545454545455,3
7,2,Flow303,28,1.0204545454545455,3
7,2,Flow303,29,1.0204545454545455,3
7,2,Flow303,30,0.8875,3
7,2,Flow303,31,0.775,3
7,2,Flow303,32,1.3333333333333333,3
7,2,Flow303,33,1.3333333333333333,3
7,2,Flow303,34,1.3333333333333333,3
7,2,Flow303,35,1.3333333333333333,3
7,2,Flow303,36,0.7733333333333333,3
7,2,Flow303,37,0.7733333333333333,3
7,2,Flow303,38,1.3333333333333333,3
7,2,Flow303,39,1.0375,3
7,2,Flow303,40,1.0375,3
7,2,Flow303,41,0.7083333333333333,3
7,2,Flow303,42,0.7083333333333333,3
7,2,Flow303,43,0.7083333333333333,3
7,2,Flow303,44,0.7999999999999999,3
7,2,Flow303,45,0.7999999999999999,3
7,2,Flow303,46,0.7999999999999999,3
7,2,Flow303,47,1.3333333333333333,3
7,2,Flow303,48,0.6833333333333333,3
7,2,Flow303,49,0.6833333333333333,3
7,2,Flow303,50,0.6833333333333333,3
7,2,Flow303,51,0.6833333333333333,3
7,2,Flow303,52,0.4294871794871793,3
7,2,Flow303,53,0.4294871794871793,3
7,2,Flow303,54,0.46410256410256395,3
7,2,Flow303,55,0.46410256410256395,3
7,2,Flow303,56,0.6067752199139059,3
7,2,Flow303,57,0.6177241250233951,3
7,2,Flow303,58,0.6177241250233951,3
7,2,Flow303,59,0.5980160958263149,3
7,2,Flow303,60,0.5980160958263149,3
8,2,Flow303,1,2.0,3
8,2,Flow303,2,2.0,3
8,2,Flow303,3,2.0,3
8,2,Flow303,4,2.0,3
8,2,Flow303,5,2.0,3
8,2,Flow303,6,1.4333333333333331,3
8,2,Flow303,7,1.1733333333333331,3
8,2,Flow303,8,1.0635564240351734,3
8,2,Flow303,9,0.9217391304347826,3
8,2,Flow303,10,1.0836983228287576,3
8,2,Flow303,11,0.9517456145363123,3
8,2,Flow303,12,0.9517456145363123,3
8,2,Flow303,13,0.9517456145363123,3
8,2,Flow303,14,0.7054943683021069,3
8,2,Flow303,15,0.7054943683021069,3
8,2,Flow303,16,0.7054943683021069,3
8,2,Flow303,17,0.7054943683021069,3
8,2,Flow303,18,0.7054943683021069,3
8,2,Flow303,19,0.7054943683021069,3
8,2,Flow303,20,0.7054943683021069,3
8,2,Flow303,21,0.7054943683021069,3
8,2,Flow303,22,0.7054943683021069,3
8,2,Flow303,23,0.8560055434126141,3
8,2,Flow303,24,0.8560055434126141,3
8,2,Flow303,25,0.8560055434126141,3
8,2,Flow303,26,0.7445831296195105,3
8,2,Flow303,27,0.7445831296195105,3
8,2,Flow303,28,0.7445831296195105,3
8,2,Flow303,29,0.7445831296195105,3
8,2,Flow303,30,0.7445831296195105,3
8,2,Flow303,31,0.8312695924764888,3
8,2,Flow303,32,0.9342209072978307,3
8,2,Flow303,33,0.9342209072978307,3
8,2,Flow303,34,1.0161982248520711,3
8,2,Flow303,35,1.0161982248520711,3
8,2,Flow303,36,0.8632925897631779,3
8,2,Flow303,37,0.8632925897631779,3
8,2,Flow303,38,0.8602130325814539,3
8,2,Flow303,39,0.8602130325814539,3
8,2,Flow303,40,0.8602130325814539,3
8,2,Flow303,41,0.986,3
8,2,Flow303,42,0.986,3
8,2,Flow303,43,0.9963515624999999,3
8,2,Flow303,44,1.0032833806818182,3
8,2,Flow303,45,0.9575942622950822,3
8,2,Flow303,46,0.9575942622950822,3
8,2,Flow303,47,0.9575942622950822,3
8,2,Flow303,48,1.0170686626314434,3
8,2,Flow303,49,1.0170686626314434,3
8,2,Flow303,50,1.0507752983748098,3
8,2,Flow303,51,1.0507752983748098,3
8,2,Flow303,52,1.0507752983748098,3
8,2,Flow303,53,1.0125857034027426,3
8,2,Flow303,54,1.0125857034027426,3
8,2,Flow303,55,1.0125857034027426,3
8,2,Flow303,56,1.0125857034027426,3
8,2,Flow303,57,1.0125857034027426,3
8,2,Flow303,58,1.0125857034027426,3
8,2,Flow303,59,1.0125857034027426,3
8,2,Flow303,60,1.0125857034027426,3
9,3,Flow303,1,2.0,3
9,3,Flow303,2,2.0,3
9,3,Flow303,3,2.0,3
9,3,Flow303,4,2.0,3
9,3,Flow303,5,0.6333333333333334,3
9,3,Flow303,6,0.6900000000000001,3
9,3,Flow303,7,0.6900000000000001,3
9,3,Flow303,8,1.1538461538461537,3
9,3,Flow303,9,1.1538461538461537,3
9,3,Flow303,10,0.8543859649122807,3
9,3,Flow303,11,0.9280701754385966,3
9,3,Flow303,12,1.0328947368421053,3
9,3,Flow303,13,1.0328947368421053,3
9,3,Flow303,14,0.5229300291545191,3
9,3,Flow303,15,0.33718540580789275,3
9,3,Flow303,16,0.33718540580789275,3
9,3,Flow303,17,0.33718540580789275,3
9,3,Flow303,18,0.4369237320288345,3
9,3,Flow303,19,0.4369237320288345,3
9,3,Flow303,20,0.339630467571644,3
9,3,Flow303,21,0.339630467571644,3
9,3,Flow303,22,0.38734042553191517,3
9,3,Flow303,23,0.38734042553191517,3
9,3,Flow303,24,0.3775000000000002,3
9,3,Flow303,25,0.37857142857142867,3
9,3,Flow303,26,0.7,3
9,3,Flow303,27,0.2834337349397593,3
9,3,Flow303,28,0.2834337349397593,3
9,3,Flow303,29,0.39486215538847136,3
9,3,Flow303,30,1.0256892230576442,3
9,3,Flow303,31,1.0256892230576442,3
9,3,Flow303,32,0.5766499582289055,3
9,3,Flow303,33,0.46913580246913594,3
9,3,Flow303,34,0.42784992784992787,3
9,3,Flow303,35,0.42784992784992787,3
9,3,Flow303,36,0.42784992784992787,3
9,3,Flow303,37,0.402988521918563,3
9,3,Flow303,38,0.402988521918563,3
9,3,Flow303,39,0.34062831372248414,3
9,3,Flow303,40,1.0638569604086845,3
9,3,Flow303,41,1.0638569604086845,3
9,3,Flow303,42,0.4899872286079182,3
9,3,Flow303,43,0.4899872286079182,3
9,3,Flow303,44,0.3570710159700985,3
9,3,Flow303,45,0.3570710159700985,3
9,3,Flow303,46,0.33321780496092435,3
9,3,Flow303,47,0.33321780496092435,3
9,3,Flow303,48,0.33321780496092435,3
9,3,Flow303,49,0.33321780496092435,3
9,3,Flow303,50,0.33321780496092435,3
9,3,Flow303,51,0.33321780496092435,3
9,3,Flow303,52,0.33321780496092435,3
9,3,Flow303,53,0.4152820251444105,3
9,3,Flow303,54,0.4038141352361535,3
9,3,Flow303,55,0.4038141352361535,3
9,3,Flow303,56,0.4038141352361535,3
9,3,Flow303,57,0.4038141352361535,3
9,3,Flow303,58,0.392450498872517,3
9,3,Flow303,59,0.38649811792013616,3
9,3,Flow303,60,0.38649811792013616,3
10,3,Flow303,1,2.0,3
10,3,Flow303,2,2.0,3
10,3,Flow303,3,2.0,3
10,3,Flow303,4,2.0,3
10,3,Flow303,5,1.1166666666666667,3
10,3,Flow303,6,1.1166666666666667,3
10,3,Flow303,7,0.9356321839080459,3
10,3,Flow303,8,0.34509485094850945,3
10,3,Flow303,9,0.4350477975632616,3
10,3,Flow303,10,0.4350477975632616,3
10,3,Flow303,11,0.28680627065242437,3
10,3,Flow303,12,0.31160511242198863,3
10,3,Flow303,13,0.5409600203717849,3
10,3,Flow303,14,0.5409600203717849,3
10,3,Flow303,15,0.5409600203717849,3
10,3,Flow303,16,0.5349945887445887,3
10,3,Flow303,17,1.0009740259740258,3
10,3,Flow303,18,1.0192775974025974,3
10,3,Flow303,19,1.010384012539185,3
10,3,Flow303,20,1.010384012539185,3
10,3,Flow303,21,1.010384012539185,3
10,3,Flow303,22,0.9889452332657205,3
10,3,Flow303,23,0.9889452332657205,3
10,3,Flow303,24,0.9889452332657205,3
10,3,Flow303,25,0.9833333333333334,3
10,3,Flow303,26,0.9833333333333334,3
10,3,Flow303,27,0.9211013645224172,3
10,3,Flow303,28,0.9211013645224172,3
10,3,Flow303,29,0.31866028708133953,3
10,3,Flow303,30,0.24548098959863668,3
10,3,Flow303,31,0.24548098959863668,3
10,3,Flow303,32,0.2484848484848486,3
10,3,Flow303,33,0.2484848484848486,3
10,3,Flow303,34,0.2484848484848486,3
10,3,Flow303,35,0.2484848484848486,3
10,3,Flow303,36,0.2484848484848486,3
10,3,Flow303,37,0.8060854795610892,3
10,3,Flow303,38,0.8060854795610892,3
10,3,Flow303,39,0.8060854795610892,3
10,3,Flow303,40,0.8060854795610892,3
10,3,Flow303,41,0.634959349593496,3
10,3,Flow303,42,0.31055881618381614,3
10,3,Flow303,43,0.3373929337767903,3
10,3,Flow303,44,0.3373929337767903,3
10,3,Flow303,45,0.3373929337767903,3
10,3,Flow303,46,0.2633004926108374,3
10,3,Flow303,47,0.2633004926108374,3
10,3,Flow303,48,0.4691036494369829,3
10,3,Flow303,49,0.7605315326047032,3
10,3,Flow303,50,0.5561655011655011,3
10,3,Flow303,51,0.5561655011655011,3
10,3,Flow303,52,0.541613794191919,3
10,3,Flow303,53,0.2633004926108374,3
10,3,Flow303,54,0.2633004926108374,3
10,3,Flow303,55,0.3373929337767903,3
10,3,Flow303,56,0.3373929337767903,3
10,3,Flow303,57,0.3373929337767903,3
10,3,Flow303,58,0.6554237235632584,3
10,3,Flow303,59,0.6554237235632584,3
10,3,Flow303,60,0.6554237235632584,3
11,3,Flow303,1,2.0,3
11,3,Flow303,2,2.0,3
11,3,Flow303,3,2.0,3
11,3,Flow303,4,2.0,3
11,3,Flow303,5,2.0,3
11,3,Flow303,6,1.3,3
11,3,Flow303,7,1.1142857142857143,3
11,3,Flow303,8,0.18065476190476187,3
11,3,Flow303,9,0.16470814132104455,3
11,3,Flow303,10,0.4581182795698924,3
11,3,Flow303,11,0.5641666666666666,3
11,3,Flow303,12,0.5641666666666666,3
11,3,Flow303,13,0.5641666666666666,3
11,3,Flow303,14,0.5291493055555556,3
11,3,Flow303,15,0.17868055555555545,3
11,3,Flow303,16,0.17868055555555545,3
11,3,Flow303,17,0.17868055555555545,3
11,3,Flow303,18,0.1935743464052285,3
11,3,Flow303,19,0.1935743464052285,3
11,3,Flow303,20,0.1935743464052285,3
11,3,Flow303,21,0.1935743464052285,3
11,3,Flow303,22,0.1935743464052285,3
11,3,Flow303,23,0.1935743464052285,3
11,3,Flow303,24,0.1473733660130719,3
11,3,Flow303,25,0.1473733660130719,3
11,3,Flow303,26,0.729630188223938,3
11,3,Flow303,27,0.729630188223938,3
11,3,Flow303,28,0.729630188223938,3
11,3,Flow303,29,0.729630188223938,3
11,3,Flow303,30,0.8952006824099848,3
11,3,Flow303,31,0.8952006824099848,3
11,3,Flow303,32,0.8952006824099848,3
11,3,Flow303,33,0.6580366836180792,3
11,3,Flow303,34,0.7140598290598292,3
11,3,Flow303,35,0.7140598290598292,3
11,3,Flow303,36,0.7140598290598292,3
11,3,Flow303,37,0.6652614379084968,3
11,3,Flow303,38,0.6775347222222223,3
11,3,Flow303,39,0.6775347222222223,3
11,3,Flow303,40,0.6263636363636363,3
11,3,Flow303,41,0.6218181818181818,3
11,3,Flow303,42,0.6218181818181818,3
11,3,Flow303,43,0.6218181818181818,3
11,3,Flow303,44,0.6218181818181818,3
11,3,Flow303,45,0.6773611111111111,3
11,3,Flow303,46,0.6773611111111111,3
11,3,Flow303,47,0.6773611111111111,3
11,3,Flow303,48,0.6773611111111111,3
11,3,Flow303,49,1.032361111111111,3
11,3,Flow303,50,0.9215686274509801,3
11,3,Flow303,51,0.9215686274509801,3
11,3,Flow303,52,0.9215686274509801,3
11,3,Flow303,53,0.9558823529411764,3
11,3,Flow303,54,0.9558823529411764,3
11,3,Flow303,55,0.9588235294117646,3
11,3,Flow303,56,0.7568627450980392,3
11,3,Flow303,57,0.7568627450980392,3
11,3,Flow303,58,0.9295238095238092,3
11,3,Flow303,59,0.9295238095238092,3
11,3,Flow303,60,0.9295238095238092,3
12,3,Flow303,1,2.0,3
12,3,Flow303,2,2.0,3
12,3,Flow303,3,2.0,3
12,3,Flow303,4,2.0,3
12,3,Flow303,5,1.1333333333333333,3
12,3,Flow303,6,1.0515151515151515,3
12,3,Flow303,7,1.0119047619047619,3
12,3,Flow303,8,0.48883116883116884,3
12,3,Flow303,9,0.41359307359307335,3
12,3,Flow303,10,0.41359307359307335,3
12,3,Flow303,11,0.41359307359307335,3
12,3,Flow303,12,0.31568870523415987,3
12,3,Flow303,13,0.42659779614325066,3
12,3,Flow303,14,0.42659779614325066,3
12,3,Flow303,15,0.42659779614325066,3
12,3,Flow303,16,0.42659779614325066,3
12,3,Flow303,17,0.42659779614325066,3
12,3,Flow303,18,0.42659779614325066,3
12,3,Flow303,19,0.4366901060942512,3
12,3,Flow303,20,0.11551520185241113,3
12,3,Flow303,21,0.1293183400621416,3
12,3,Flow303,22,0.4671683218742041,3
12,3,Flow303,23,0.9024098331128458,3
12,3,Flow303,24,0.9024098331128458,3
12,3,Flow303,25,0.9024098331128458,3
12,3,Flow303,26,0.21350131919362703,3
12,3,Flow303,27,0.1210992907801419,3
12,3,Flow303,28,0.1396178092986604,3
12,3,Flow303,29,0.1396178092986604,3
12,3,Flow303,30,0.1396178092986604,3
12,3,Flow303,31,0.6438515765261933,3
12,3,Flow303,32,0.6438515765261933,3
12,3,Flow303,33,0.21350131919362703,3
12,3,Flow303,34,0.4123711309787261,3
12,3,Flow303,35,0.4123711309787261,3
12,3,Flow303,36,0.3210992907801418,3
12,3,Flow303,37,0.3210992907801418,3
12,3,Flow303,38,0.7354526741270255,3
12,3,Flow303,39,0.24487179487179506,3
12,3,Flow303,40,0.24487179487179506,3
12,3,Flow303,41,0.6557687473816507,3
12,3,Flow303,42,0.6557687473816507,3
12,3,Flow303,43,0.6557687473816507,3
12,3,Flow303,44,0.6557687473816507,3
12,3,Flow303,45,0.24487179487179506,3
12,3,Flow303,46,0.7574994216978951,3
12,3,Flow303,47,0.7574994216978951,3
12,3,Flow303,48,0.7574994216978951,3
12,3,Flow303,49,0.7574994216978951,3
12,3,Flow303,50,0.43370441051738773,3
12,3,Flow303,51,0.6647401433691754,3
12,3,Flow303,52,0.6647401433691754,3
12,3,Flow303,53,1.090952380952381,3
12,3,Flow303,54,1.090952380952381,3
12,3,Flow303,55,1.090952380952381,3
12,3,Flow303,56,0.7540771349862256,3
12,3,Flow303,57,0.7540771349862256,3
12,3,Flow303,58,0.21260704874835312,3
12,3,Flow303,59,0.2122402009222661,3
12,3,Flow303,60,0.7547589531680439,3
13,4,Flow303,1,2.0,3
13,4,Flow303,2,2.0,3
13,4,Flow303,3,2.0,3
13,4,Flow303,4,2.0,3
13,4,Flow303,5,1.1111111111111112,3
13,4,Flow303,6,1.0777777777777777,3
13,4,Flow303,7,0.14444444444444446,3
13,4,Flow303,8,0.14444444444444446,3
13,4,Flow303,9,0.14444444444444446,3
13,4,Flow303,10,0.1622601010101011,3
13,4,Flow303,11,0.1622601010101011,3
13,4,Flow303,12,0.1622601010101011,3
13,4,Flow303,13,0.1622601010101011,3
13,4,Flow303,14,0.1174603174603174,3
13,4,Flow303,15,0.1174603174603174,3
13,4,Flow303,16,0.1174603174603174,3
13,4,Flow303,17,0.1174603174603174,3
13,4,Flow303,18,0.1174603174603174,3
13,4,Flow303,19,0.1174603174603174,3
13,4,Flow303,20,0.4612258953168043,3
13,4,Flow303,21,0.4612258953168043,3
13,4,Flow303,22,0.3344086021505375,3
13,4,Flow303,23,0.3344086021505375,3
13,4,Flow303,24,0.32214452214452216,3
13,4,Flow303,25,0.341025641025641,3
13,4,Flow303,26,0.341025641025641,3
13,4,Flow303,27,0.948062015503876,3
13,4,Flow303,28,0.3208333333333333,3
13,4,Flow303,29,0.3208333333333333,3
13,4,Flow303,30,0.3208333333333333,3
13,4,Flow303,31,0.3208333333333333,3
13,4,Flow303,32,0.3208333333333333,3
13,4,Flow303,33,0.3343589743589743,3
13,4,Flow303,34,0.3343589743589743,3
13,4,Flow303,35,0.3343589743589743,3
13,4,Flow303,36,1.0499999999999996,3
13,4,Flow303,37,1.0499999999999996,3
13,4,Flow303,38,1.0499999999999996,3
13,4,Flow303,39,1.0566666666666662,3
13,4,Flow303,40,1.0566666666666662,3
13,4,Flow303,41,1.0566666666666662,3
13,4,Flow303,42,1.0560512820512817,3
13,4,Flow303,43,0.9289999999999997,3
13,4,Flow303,44,0.9611428571428574,3
13,4,Flow303,45,0.9611428571428574,3
13,4,Flow303,46,0.9381355932203389,3
13,4,Flow303,47,0.43536540580242383,3
13,4,Flow303,48,1.062051282051282,3
13,4,Flow303,49,1.062051282051282,3
13,4,Flow303,50,1.062051282051282,3
13,4,Flow303,51,1.064,3
13,4,Flow303,52,0.19192982456140353,3
13,4,Flow303,53,0.19192982456140353,3
13,4,Flow303,54,0.17950283812879225,3
13,4,Flow303,55,0.17950283812879225,3
13,4,Flow303,56,0.2721367521367524,3
13,4,Flow303,57,0.2721367521367524,3
13,4,Flow303,58,0.2721367521367524,3
13,4,Flow303,59,0.982905982905983,3
13,4,Flow303,60,0.9810256410256409,3
14,4,Flow303,1,2.0,3
14,4,Flow303,2,2.0,3
14,4,Flow303,3,2.0,3
14,4,Flow303,4,1.1333333333333333,3
14,4,Flow303,5,0.6666666666666666,3
14,4,Flow303,6,0.5666666666666667,3
14,4,Flow303,7,0.3999999999999998,3
14,4,Flow303,8,0.3999999999999998,3
14,4,Flow303,9,0.49999999999999983,3
14,4,Flow303,10,0.49999999999999983,3
14,4,Flow303,11,0.5399999999999998,3
14,4,Flow303,12,0.5566666666666669,3
14,4,Flow303,13,0.4666666666666666,3
14,4,Flow303,14,0.4666666666666666,3
14,4,Flow303,15,0.4666666666666666,3
14,4,Flow303,16,0.4666666666666666,3
14,4,Flow303,17,0.46407294832826745,3
14,4,Flow303,18,0.3781534954407295,3
14,4,Flow303,19,0.3781534954407295,3
14,4,Flow303,20,0.3791666666666666,3
14,4,Flow303,21,0.3791666666666666,3
14,4,Flow303,22,0.3791666666666666,3
14,4,Flow303,23,0.3791666666666666,3
14,4,Flow303,24,0.3791666666666666,3
14,4,Flow303,25,0.3689102564102564,3
14,4,Flow303,26,0.3689102564102564,3
14,4,Flow303,27,0.3689102564102564,3
14,4,Flow303,28,0.37916666666666676,3
14,4,Flow303,29,0.4666666666666666,3
14,4,Flow303,30,0.33583333333333315,3
14,4,Flow303,31,0.5333333333333334,3
14,4,Flow303,32,0.5333333333333334,3
14,4,Flow303,33,0.3558333333333333,3
14,4,Flow303,34,0.3558333333333333,3
14,4,Flow303,35,1.2458333333333331,3
14,4,Flow303,36,1.0736363636363635,3
14,4,Flow303,37,0.3415149247526399,3
14,4,Flow303,38,0.3415149247526399,3
14,4,Flow303,39,0.3398436850419889,3
14,4,Flow303,40,0.3398436850419889,3
14,4,Flow303,41,0.41826343201754373,3
14,4,Flow303,42,0.4031964677318296,3
14,4,Flow303,43,0.4031964677318296,3
14,4,Flow303,44,0.4031964677318296,3
14,4,Flow303,45,0.4031964677318296,3
14,4,Flow303,46,0.4031964677318296,3
14,4,Flow303,47,0.4031964677318296,3
14,4,Flow303,48,0.3359952012733255,3
14,4,Flow303,49,0.3359952012733255,3
14,4,Flow303,50,0.3359952012733255,3
14,4,Flow303,51,0.35335359123196586,3
14,4,Flow303,52,0.35335359123196586,3
14,4,Flow303,53,0.35335359123196586,3
14,4,Flow303,54,0.35335359123196586,3
14,4,Flow303,55,0.3359952012733255,3
14,4,Flow303,56,0.3359952012733255,3
14,4,Flow303,57,0.3002926352215451,3
14,4,Flow303,58,0.3002926352215451,3
14,4,Flow303,59,0.2991341991341992,3
14,4,Flow303,60,0.2939393939393938,3
15,4,Flow303,1,2.0,3
15,4,Flow303,2,2.0,3
15,4,Flow303,3,2.0,3
15,4,Flow303,4,2.0,3
15,4,Flow303,5,1.1833333333333333,3
15,4,Flow303,6,0.29102564102564105,3
15,4,Flow303,7,1.0945054945054946,3
15,4,Flow303,8,1.0945054945054946,3
15,4,Flow303,9,0.2886904761904761,3
15,4,Flow303,10,0.31233974358974353,3
15,4,Flow303,11,0.47541666666666654,3
15,4,Flow303,12,0.480661938534279,3
15,4,Flow303,13,0.5006619385342791,3
15,4,Flow303,14,0.5006619385342791,3
15,4,Flow303,15,0.5006619385342791,3
15,4,Flow303,16,0.15172599784250274,3
15,4,Flow303,17,0.15172599784250274,3
15,4,Flow303,18,0.15172599784250274,3
15,4,Flow303,19,0.16303030303030308,3
15,4,Flow303,20,0.16303030303030308,3
15,4,Flow303,21,0.16303030303030308,3
15,4,Flow303,22,0.16303030303030308,3
15,4,Flow303,23,0.16303030303030308,3
15,4,Flow303,24,0.16303030303030308,3
15,4,Flow303,25,0.16303030303030308,3
15,4,Flow303,26,0.16303030303030308,3
15,4,Flow303,27,0.42666666666666675,3
15,4,Flow303,28,0.4266666666666666,3
15,4,Flow303,29,0.4266666666666666,3
15,4,Flow303,30,0.2719999999999999,3
15,4,Flow303,31,0.2719999999999999,3
15,4,Flow303,32,0.2719999999999999,3
15,4,Flow303,33,0.31491452991452984,3
15,4,Flow303,34,0.3126068376068377,3
15,4,Flow303,35,0.3126068376068377,3
15,4,Flow303,36,0.4568376068376069,3
15,4,Flow303,37,0.4568376068376069,3
15,4,Flow303,38,0.442948717948718,3
15,4,Flow303,39,0.442948717948718,3
15,4,Flow303,40,0.3934676044330775,3
15,4,Flow303,41,0.3934676044330775,3
15,4,Flow303,42,0.3934676044330775,3
15,4,Flow303,43,0.3934676044330775,3
15,4,Flow303,44,0.7438050314465408,3
15,4,Flow303,45,0.6540112994350284,3
15,4,Flow303,46,0.3708333333333333,3
15,4,Flow303,47,0.3208333333333333,3
15,4,Flow303,48,0.5083333333333333,3
15,4,Flow303,49,0.5083333333333333,3
15,4,Flow303,50,0.5083333333333333,3
15,4,Flow303,51,0.5083333333333333,3
15,4,Flow303,52,0.5083333333333333,3
15,4,Flow303,53,0.5083333333333333,3
15,4,Flow303,54,0.3717948717948718,3
15,4,Flow303,55,0.3717948717948718,3
15,4,Flow303,56,0.4696969696969696,3
15,4,Flow303,57,0.4796969696969697,3
15,4,Flow303,58,0.469448198198198,3
15,4,Flow303,59,0.469448198198198,3
15,4,Flow303,60,0.469448198198198,3
16,4,Flow303,1,2.0,3
16,4,Flow303,2,2.0,3
16,4,Flow303,3,1.7666666666666668,3
16,4,Flow303,4,1.7666666666666668,3
16,4,Flow303,5,1.6266666666666665,3
16,4,Flow303,6,0.8599999999999998,3
16,4,Flow303,7,0.8433333333333334,3
16,4,Flow303,8,0.8433333333333334,3
16,4,Flow303,9,0.8333333333333334,3
16,4,Flow303,10,0.8333333333333334,3
16,4,Flow303,11,0.8333333333333334,3
16,4,Flow303,12,0.8333333333333334,3
16,4,Flow303,13,0.8360784313725489,3
16,4,Flow303,14,1.107843137254902,3
16,4,Flow303,15,0.5073001508295626,3
16,4,Flow303,16,0.4705448717948718,3
16,4,Flow303,17,0.4298964368964368,3
16,4,Flow303,18,0.47112368024132734,3
16,4,Flow303,19,0.47112368024132734,3
16,4,Flow303,20,0.47112368024132734,3
16,4,Flow303,21,0.47112368024132734,3
16,4,Flow303,22,0.47112368024132734,3
16,4,Flow303,23,0.47112368024132734,3
16,4,Flow303,24,0.47112368024132734,3
16,4,Flow303,25,0.47112368024132734,3
16,4,Flow303,26,0.47112368024132734,3
16,4,Flow303,27,0.38767607919506675,3
16,4,Flow303,28,0.9198380566801619,3
16,4,Flow303,29,0.8725857710364753,3
16,4,Flow303,30,1.5336944745395449,3
16,4,Flow303,31,1.5336944745395449,3
16,4,Flow303,32,1.5336944745395449,3
16,4,Flow303,33,1.2136752136752136,3
16,4,Flow303,34,1.3887179487179488,3
16,4,Flow303,35,2.0,3
16,4,Flow303,36,1.3795555555555556,3
16,4,Flow303,37,1.3795555555555556,3
16,4,Flow303,38,1.119076923076923,3
16,4,Flow303,39,1.079076923076923,3
16,4,Flow303,40,0.35241025641025636,3
16,4,Flow303,41,0.35241025641025636,3
16,4,Flow303,42,0.35241025641025636,3
16,4,Flow303,43,0.35241025641025636,3
16,4,Flow303,44,0.35241025641025636,3
16,4,Flow303,45,0.35241025641025636,3
16,4,Flow303,46,0.15634557893526502,3
16,4,Flow303,47,0.15634557893526502,3
16,4,Flow303,48,0.15634557893526502,3
16,4,Flow303,49,0.160545433639604,3
16,4,Flow303,50,0.16006903737550937,3
16,4,Flow303,51,0.16006903737550937,3
16,4,Flow303,52,0.28215755600963377,3
16,4,Flow303,53,0.4509042892230214,3
16,4,Flow303,54,0.4471241830065358,3
16,4,Flow303,55,0.4471241830065358,3
16,4,Flow303,56,0.3839905469277517,3
16,4,Flow303,57,0.3839905469277517,3
16,4,Flow303,58,0.3839905469277517,3
16,4,Flow303,59,0.3839905469277517,3
16,4,Flow303,60,0.3839905469277517,3
17,5,Flow303,1,2.0,3
17,5,Flow303,2,2.0,3
17,5,Flow303,3,2.0,3
17,5,Flow303,4,2.0,3
17,5,Flow303,5,2.0,3
17,5,Flow303,6,2.0,3
17,5,Flow303,7,0.45,3
17,5,Flow303,8,0.45,3
17,5,Flow303,9,0.2333333333333334,3
17,5,Flow303,10,0.17222222222222233,3
17,5,Flow303,11,0.17222222222222233,3
17,5,Flow303,12,0.17222222222222214,3
17,5,Flow303,13,0.17222222222222214,3
17,5,Flow303,14,0.17222222222222214,3
17,5,Flow303,15,0.17222222222222214,3
17,5,Flow303,16,0.4712215320910973,3
17,5,Flow303,17,0.3889233954451344,3
17,5,Flow303,18,0.3889233954451344,3
17,5,Flow303,19,0.5800000000000001,3
17,5,Flow303,20,0.5800000000000001,3
17,5,Flow303,21,0.7987500000000001,3
17,5,Flow303,22,1.08,3
17,5,Flow303,23,1.08,3
17,5,Flow303,24,0.49333333333333335,3
17,5,Flow303,25,0.49333333333333335,3
17,5,Flow303,26,1.3599999999999999,3
17,5,Flow303,27,1.3599999999999999,3
17,5,Flow303,28,1.525,3
17,5,Flow303,29,1.525,3
17,5,Flow303,30,1.5433673469387754,3
17,5,Flow303,31,1.56854713313897,3
17,5,Flow303,32,0.8,3
17,5,Flow303,33,0.45877065111758986,3
17,5,Flow303,34,0.4666666666666666,3
17,5,Flow303,35,0.4666666666666666,3
17,5,Flow303,36,0.4666666666666666,3
17,5,Flow303,37,0.4666666666666666,3
17,5,Flow303,38,0.5790087463556853,3
17,5,Flow303,39,0.4538248847926269,3
17,5,Flow303,40,0.39833944845543845,3
17,5,Flow303,41,0.39833944845543845,3
17,5,Flow303,42,0.5478653530377671,3
17,5,Flow303,43,0.5404761904761907,3
17,5,Flow303,44,0.5073593073593073,3
17,5,Flow303,45,0.5073593073593073,3
17,5,Flow303,46,0.5073593073593073,3
17,5,Flow303,47,0.3787878787878789,3
17,5,Flow303,48,0.3787878787878789,3
17,5,Flow303,49,0.4438415159345393,3
17,5,Flow303,50,0.4438415159345393,3
17,5,Flow303,51,0.4812169312169313,3
17,5,Flow303,52,0.4746693121693122,3
17,5,Flow303,53,0.4746693121693122,3
17,5,Flow303,54,0.4746693121693122,3
17,5,Flow303,55,0.4681216931216932,3
17,5,Flow303,56,0.6390937019969277,3
17,5,Flow303,57,0.5856043956043958,3
17,5,Flow303,58,0.5856043956043958,3
17,5,Flow303,59,0.5896043956043957,3
17,5,Flow303,60,0.5896043956043957,3
18,5,Flow303,1,2.0,3
18,5,Flow303,2,2.0,3
18,5,Flow303,3,2.0,3
18,5,Flow303,4,0.7333333333333334,3
18,5,Flow303,5,0.5904761904761907,3
18,5,Flow303,6,0.6171428571428569,3
18,5,Flow303,7,0.5904761904761907,3
18,5,Flow303,8,0.5904761904761907,3
18,5,Flow303,9,0.5821428571428573,3
18,5,Flow303,10,0.5302495697074013,3
18,5,Flow303,11,0.37238519294569594,3
18,5,Flow303,12,0.3887681159420291,3
18,5,Flow303,13,0.3887681159420291,3
18,5,Flow303,14,0.3887681159420291,3
18,5,Flow303,15,0.5221195652173914,3
18,5,Flow303,16,0.44069119286510594,3
18,5,Flow303,17,0.44069119286510594,3
18,5,Flow303,18,0.35636175418784094,3
18,5,Flow303,19,0.5322510822510822,3
18,5,Flow303,20,0.5392857142857144,3
18,5,Flow303,21,0.541818181818182,3
18,5,Flow303,22,0.5107177033492822,3
18,5,Flow303,23,0.5107177033492822,3
18,5,Flow303,24,0.5322510822510822,3
18,5,Flow303,25,0.5322510822510822,3
18,5,Flow303,26,0.5322510822510822,3
18,5,Flow303,27,0.3135392417692053,3
18,5,Flow303,28,0.3135392417692053,3
18,5,Flow303,29,0.30312188227469256,3
18,5,Flow303,30,0.30312188227469256,3
18,5,Flow303,31,0.30312188227469256,3
18,5,Flow303,32,0.3052053541735951,3
18,5,Flow303,33,0.3124612016406164,3
18,5,Flow303,34,0.2826608048333151,3
18,5,Flow303,35,0.2826608048333151,3
18,5,Flow303,36,0.2826608048333151,3
18,5,Flow303,37,0.34233333333333354,3
18,5,Flow303,38,0.2545704467353952,3
18,5,Flow303,39,0.22899862825788767,3
18,5,Flow303,40,0.8377777777777778,3
18,5,Flow303,41,0.8377777777777778,3
18,5,Flow303,42,0.7857142857142858,3
18,5,Flow303,43,0.24977324263038572,3
18,5,Flow303,44,0.3870600414078673,3
18,5,Flow303,45,0.3870600414078673,3
18,5,Flow303,46,0.3870600414078673,3
18,5,Flow303,47,0.3870600414078673,3
18,5,Flow303,48,0.3870600414078673,3
18,5,Flow303,49,0.3870600414078673,3
18,5,Flow303,50,0.3870600414078673,3
18,5,Flow303,51,0.3870600414078673,3
18,5,Flow303,52,0.3870600414078673,3
18,5,Flow303,53,0.2976190476190476,3
18,5,Flow303,54,0.2976190476190476,3
18,5,Flow303,55,0.2976190476190476,3
18,5,Flow303,56,0.36999999999999994,3
18,5,Flow303,57,0.38653061224489793,3
18,5,Flow303,58,0.3908163265306122,3
18,5,Flow303,59,0.3908163265306122,3
18,5,Flow303,60,0.38965986394557817,3
19,5,Flow303,1,2.0,3
19,5,Flow303,2,2.0,3
19,5,Flow303,3,2.0,3
19,5,Flow303,4,2.0,3
19,5,Flow303,5,2.0,3
19,5,Flow303,6,0.3995238095238095,3
19,5,Flow303,7,0.3995238095238095,3
19,5,Flow303,8,0.39183150183150184,3
19,5,Flow303,9,0.3161172161172162,3
19,5,Flow303,10,0.3161172161172162,3
19,5,Flow303,11,0.4018315018315016,3
19,5,Flow303,12,0.29686979686979703,3
19,5,Flow303,13,0.29686979686979703,3
19,5,Flow303,14,0.29686979686979703,3
19,5,Flow303,15,0.29686979686979703,3
19,5,Flow303,16,0.29686979686979703,3
19,5,Flow303,17,0.2934981684981686,3
19,5,Flow303,18,0.3015600086188323,3
19,5,Flow303,19,0.29558715794009915,3
19,5,Flow303,20,0.29558715794009915,3
19,5,Flow303,21,0.30234432234432235,3
19,5,Flow303,22,0.3001439645625691,3
19,5,Flow303,23,0.28070942662779397,3
19,5,Flow303,24,0.28070942662779397,3
19,5,Flow303,25,0.28070942662779397,3
19,5,Flow303,26,0.26721504928502,3
19,5,Flow303,27,0.31321860350357744,3
19,5,Flow303,28,0.3310757463607203,3
19,5,Flow303,29,0.3310757463607203,3
19,5,Flow303,30,0.3310757463607203,3
19,5,Flow303,31,0.3006252141144229,3
19,5,Flow303,32,0.34542124542124525,3
19,5,Flow303,33,0.34542124542124525,3
19,5,Flow303,34,0.34542124542124525,3
19,5,Flow303,35,0.3573593073593074,3
19,5,Flow303,36,0.3573593073593074,3
19,5,Flow303,37,0.2782260054280778,3
19,5,Flow303,38,0.5368707482993198,3
19,5,Flow303,39,0.5368707482993198,3
19,5,Flow303,40,0.5368707482993198,3
19,5,Flow303,41,0.5368707482993198,3
19,5,Flow303,42,0.3350907029478458,3
19,5,Flow303,43,0.28137452609502295,3
19,5,Flow303,44,0.3580498866213153,3
19,5,Flow303,45,0.3580498866213153,3
19,5,Flow303,46,0.33181081956592173,3
19,5,Flow303,47,0.2865079365079367,3
19,5,Flow303,48,0.2865079365079367,3
19,5,Flow303,49,0.2865079365079367,3
19,5,Flow303,50,0.2865079365079367,3
19,5,Flow303,51,0.12941424357353562,3
19,5,Flow303,52,0.12941424357353562,3
19,5,Flow303,53,0.5380952380952381,3
19,5,Flow303,54,0.5380952380952381,3
19,5,Flow303,55,0.5380952380952381,3
19,5,Flow303,56,0.11024020227560065,3
19,5,Flow303,57,0.3234247234247235,3
19,5,Flow303,58,0.3285185185185185,3
19,5,Flow303,59,0.2766666666666667,3
19,5,Flow303,60,0.2766666666666667,3
20,5,Flow303,1,2.0,3
20,5,Flow303,2,2.0,3
20,5,Flow303,3,2.0,3
20,5,Flow303,4,2.0,3
20,5,Flow303,5,2.0,3
20,5,Flow303,6,1.1833333333333333,3
20,5,Flow303,7,1.1833333333333333,3
20,5,Flow303,8,0.7352376137512643,3
20,5,Flow303,9,0.5314102564102564,3
20,5,Flow303,10,0.48964416058394156,3
20,5,Flow303,11,0.48964416058394156,3
20,5,Flow303,12,0.4887061403508772,3
20,5,Flow303,13,0.46611111111111114,3
20,5,Flow303,14,0.46611111111111114,3
20,5,Flow303,15,0.46611111111111114,3
20,5,Flow303,16,0.376778455284553,3
20,5,Flow303,17,0.376778455284553,3
20,5,Flow303,18,0.316260162601626,3
20,5,Flow303,19,0.316260162601626,3
20,5,Flow303,20,0.3650406504065039,3
20,5,Flow303,21,0.4463409961685823,3
20,5,Flow303,22,0.4463409961685823,3
20,5,Flow303,23,0.4463409961685823,3
20,5,Flow303,24,0.4463409961685823,3
20,5,Flow303,25,0.2555407801418438,3
20,5,Flow303,26,0.3210992907801417,3
20,5,Flow303,27,0.1958333333333334,3
20,5,Flow303,28,0.1958333333333334,3
20,5,Flow303,29,0.1958333333333334,3
20,5,Flow303,30,0.3641164469554303,3
20,5,Flow303,31,0.39131944444444444,3
20,5,Flow303,32,0.39131944444444444,3
20,5,Flow303,33,0.41989087301587313,3
20,5,Flow303,34,0.41989087301587313,3
20,5,Flow303,35,0.41989087301587313,3
20,5,Flow303,36,0.3094931802411308,3
20,5,Flow303,37,0.3094931802411308,3
20,5,Flow303,38,0.3094931802411308,3
20,5,Flow303,39,0.43931820795951265,3
20,5,Flow303,40,0.7179232804232806,3
20,5,Flow303,41,0.7179232804232806,3
20,5,Flow303,42,0.16128911966677945,3
20,5,Flow303,43,0.15277777777777785,3
20,5,Flow303,44,0.15277777777777785,3
20,5,Flow303,45,0.15277777777777785,3
20,5,Flow303,46,0.15277777777777785,3
20,5,Flow303,47,0.3300035803795202,3
20,5,Flow303,48,0.3300035803795202,3
20,5,Flow303,49,0.39122807017543854,3
20,5,Flow303,50,0.374285714285714,3
20,5,Flow303,51,0.374285714285714,3
20,5,Flow303,52,0.290252100840336,3
20,5,Flow303,53,0.290252100840336,3
20,5,Flow303,54,0.374285714285714,3
20,5,Flow303,55,0.4202291442892946,3
20,5,Flow303,56,0.4202291442892946,3
20,5,Flow303,57,0.4202291442892946,3
20,5,Flow303,58,0.4202291442892946,3
20,5,Flow303,59,0.4202291442892946,3
20,5,Flow303,60,0.4202291442892946,3
1,1,Flow304,1,2.0,4
1,1,Flow304,2,2.0,4
1,1,Flow304,3,2.0,4
1,1,Flow304,4,2.0,4
1,1,Flow304,5,0.7666666666666666,4
1,1,Flow304,6,0.7666666666666666,4
1,1,Flow304,7,0.7666666666666666,4
1,1,Flow304,8,0.7666666666666666,4
1,1,Flow304,9,2.0,4
1,1,Flow304,10,2.0,4
1,1,Flow304,11,1.701851851851852,4
1,1,Flow304,12,1.3225308641975309,4
1,1,Flow304,13,1.1666666666666667,4
1,1,Flow304,14,0.5658521149763189,4
1,1,Flow304,15,0.5658521149763189,4
1,1,Flow304,16,0.5653907014356168,4
1,1,Flow304,17,0.6427428938111988,4
1,1,Flow304,18,0.6427428938111988,4
1,1,Flow304,19,0.5859708742263183,4
1,1,Flow304,20,0.5859708742263183,4
1,1,Flow304,21,0.5859708742263183,4
1,1,Flow304,22,0.4554766241651487,4
1,1,Flow304,23,0.6170613236187006,4
1,1,Flow304,24,0.6170613236187006,4
1,1,Flow304,25,0.6170613236187006,4
1,1,Flow304,26,0.6170613236187006,4
1,1,Flow304,27,0.5859708742263183,4
1,1,Flow304,28,0.6427428938111988,4
1,1,Flow304,29,0.6427428938111988,4
1,1,Flow304,30,0.6541666666666668,4
1,1,Flow304,31,0.6541666666666668,4
1,1,Flow304,32,0.4133064516129033,4
1,1,Flow304,33,0.3341579050347388,4
1,1,Flow304,34,0.25096627991298065,4
1,1,Flow304,35,0.25781105990783415,4
1,1,Flow304,36,0.25781105990783415,4
1,1,Flow304,37,0.25781105990783415,4
1,1,Flow304,38,0.25781105990783415,4
1,1,Flow304,39,0.25781105990783415,4
1,1,Flow304,40,0.2553917050691245,4
1,1,Flow304,41,0.2553917050691245,4
1,1,Flow304,42,0.2553917050691245,4
1,1,Flow304,43,0.2553917050691245,4
1,1,Flow304,44,0.33599758890898135,4
1,1,Flow304,45,0.33599758890898135,4
1,1,Flow304,46,0.33599758890898135,4
1,1,Flow304,47,0.33599758890898135,4
1,1,Flow304,48,0.13698412698412704,4
1,1,Flow304,49,0.13698412698412704,4
1,1,Flow304,50,0.13698412698412704,4
1,1,Flow304,51,0.13698412698412704,4
1,1,Flow304,52,0.33599758890898135,4
1,1,Flow304,53,0.33599758890898135,4
1,1,Flow304,54,0.33599758890898135,4
1,1,Flow304,55,0.33599758890898135,4
1,1,Flow304,56,0.33599758890898135,4
1,1,Flow304,57,0.3877857142857143,4
1,1,Flow304,58,0.2,4
1,1,Flow304,59,0.2,4
1,1,Flow304,60,0.5051338306274683,4
2,1,Flow304,1,2.0,4
2,1,Flow304,2,2.0,4
2,1,Flow304,3,2.0,4
2,1,Flow304,4,2.0,4
2,1,Flow304,5,0.9625,4
2,1,Flow304,6,0.9625,4
2,1,Flow304,7,0.9625,4
2,1,Flow304,8,0.9019977168949772,4
2,1,Flow304,9,0.9019977168949772,4
2,1,Flow304,10,0.911986301369863,4
2,1,Flow304,11,0.8647959183673468,4
2,1,Flow304,12,1.5956306093528578,4
2,1,Flow304,13,1.5956306093528578,4
2,1,Flow304,14,1.4528743545611014,4
2,1,Flow304,15,1.4528743545611014,4
2,1,Flow304,16,0.3909774436090226,4
2,1,Flow304,17,0.3909774436090226,4
2,1,Flow304,18,0.3909774436090226,4
2,1,Flow304,19,0.3909774436090226,4
2,1,Flow304,20,1.4528743545611014,4
2,1,Flow304,21,0.4305123273299527,4
2,1,Flow304,22,1.4528743545611014,4
2,1,Flow304,23,1.4528743545611014,4
2,1,Flow304,24,1.4528743545611014,4
2,1,Flow304,25,0.3626163895424421,4
2,1,Flow304,26,0.3448422228975307,4
2,1,Flow304,27,0.4533843064565957,4
2,1,Flow304,28,0.4724226221206088,4
2,1,Flow304,29,0.4724226221206088,4
2,1,Flow304,30,0.4724226221206088,4
2,1,Flow304,31,0.3423175999225162,4
2,1,Flow304,32,0.3423175999225162,4
2,1,Flow304,33,0.3423175999225162,4
2,1,Flow304,34,0.3423175999225162,4
2,1,Flow304,35,0.3423175999225162,4
2,1,Flow304,36,0.34151708241624945,4
2,1,Flow304,37,0.34151708241624945,4
2,1,Flow304,38,1.4077241379310346,4
2,1,Flow304,39,1.4077241379310346,4
2,1,Flow304,40,1.5180689655172412,4
2,1,Flow304,41,1.5180689655172412,4
2,1,Flow304,42,1.5174388489208632,4
2,1,Flow304,43,1.5174388489208632,4
2,1,Flow304,44,0.4189140430774648,4
2,1,Flow304,45,0.4189140430774648,4
2,1,Flow304,46,0.4189140430774648,4
2,1,Flow304,47,0.4189140430774648,4
2,1,Flow304,48,0.4189140430774648,4
2,1,Flow304,49,0.39589246034365183,4
2,1,Flow304,50,0.39589246034365183,4
2,1,Flow304,51,0.3949999999999999,4
2,1,Flow304,52,0.3949999999999999,4
2,1,Flow304,53,0.3976136363636364,4
2,1,Flow304,54,0.3548088442565186,4
2,1,Flow304,55,0.3976136363636364,4
2,1,Flow304,56,0.3976136363636364,4
2,1,Flow304,57,0.3976136363636364,4
2,1,Flow304,58,0.3005637254901961,4
2,1,Flow304,59,0.3005637254901961,4
2,1,Flow304,60,0.3005637254901961,4
3,1,Flow304,1,2.0,4
3,1,Flow304,2,2.0,4
3,1,Flow304,3,2.0,4
3,1,Flow304,4,2.0,4
3,1,Flow304,5,0.9666666666666666,4
3,1,Flow304,6,0.9666666666666666,4
3,1,Flow304,7,0.9666666666666666,4
3,1,Flow304,8,0.5677470469605301,4
3,1,Flow304,9,0.588687217900701,4
3,1,Flow304,10,0.588687217900701,4
3,1,Flow304,11,0.588687217900701,4
3,1,Flow304,12,1.3638554216867473,4
3,1,Flow304,13,1.3800253646163603,4
3,1,Flow304,14,0.35509789582156054,4
3,1,Flow304,15,0.35509789582156054,4
3,1,Flow304,16,0.35509789582156054,4
3,1,Flow304,17,0.35509789582156054,4
3,1,Flow304,18,0.3264971937933311,4
3,1,Flow304,19,0.3281490040717509,4
3,1,Flow304,20,0.20149664355672936,4
3,1,Flow304,21,1.2611654477267913,4
3,1,Flow304,22,1.2611654477267913,4
3,1,Flow304,23,0.36246172275971966,4
3,1,Flow304,24,0.38347268106324073,4
3,1,Flow304,25,0.1918812589413447,4
3,1,Flow304,26,0.1918812589413447,4
3,1,Flow304,27,0.1918812589413447,4
3,1,Flow304,28,0.1918812589413447,4
3,1,Flow304,29,0.1918812589413447,4
3,1,Flow304,30,0.24811884869412779,4
3,1,Flow304,31,0.24811884869412779,4
3,1,Flow304,32,0.24811884869412779,4
3,1,Flow304,33,0.24811884869412779,4
3,1,Flow304,34,0.19188125894134486,4
3,1,Flow304,35,0.25021459227467807,4
3,1,Flow304,36,0.25021459227467807,4
3,1,Flow304,37,1.0537172192449058,4
3,1,Flow304,38,1.0537172192449058,4
3,1,Flow304,39,0.3697167446919183,4
3,1,Flow304,40,1.2763654419066532,4
3,1,Flow304,41,1.2763654419066532,4
3,1,Flow304,42,0.7056122448979592,4
3,1,Flow304,43,0.44499999999999995,4
3,1,Flow304,44,0.37524137931034485,4
3,1,Flow304,45,0.38957894736842125,4
3,1,Flow304,46,0.6896326530612245,4
3,1,Flow304,47,0.6896326530612245,4
3,1,Flow304,48,0.6896326530612245,4
3,1,Flow304,49,0.18588692453725653,4
3,1,Flow304,50,0.18588692453725653,4
3,1,Flow304,51,0.20074423247559886,4
3,1,Flow304,52,0.20074423247559886,4
3,1,Flow304,53,0.20074423247559886,4
3,1,Flow304,54,0.20074423247559886,4
3,1,Flow304,55,0.13678571428571437,4
3,1,Flow304,56,0.13678571428571437,4
3,1,Flow304,57,0.13678571428571437,4
3,1,Flow304,58,0.13678571428571437,4
3,1,Flow304,59,0.13678571428571437,4
3,1,Flow304,60,0.175,4
4,1,Flow304,1,2.0,4
4,1,Flow304,2,2.0,4
4,1,Flow304,3,2.0,4
4,1,Flow304,4,2.0,4
4,1,Flow304,5,2.0,4
4,1,Flow304,6,0.362962962962963,4
4,1,Flow304,7,0.3640128317293671,4
4,1,Flow304,8,0.2501961167897491,4
4,1,Flow304,9,0.27172900262467187,4
4,1,Flow304,10,0.27172900262467187,4
4,1,Flow304,11,0.27172900262467187,4
4,1,Flow304,12,0.4887499999999999,4
4,1,Flow304,13,0.3223076923076924,4
4,1,Flow304,14,0.3223076923076924,4
4,1,Flow304,15,0.3223076923076924,4
4,1,Flow304,16,0.2759039561836765,4
4,1,Flow304,17,0.20718204071569435,4
4,1,Flow304,18,0.22451746970977737,4
4,1,Flow304,19,0.22451746970977737,4
4,1,Flow304,20,0.22451746970977737,4
4,1,Flow304,21,0.4173913043478262,4
4,1,Flow304,22,0.4173913043478262,4
4,1,Flow304,23,0.5065910585141354,4
4,1,Flow304,24,0.3432777844865756,4
4,1,Flow304,25,0.3432777844865756,4
4,1,Flow304,26,0.3432777844865756,4
4,1,Flow304,27,0.3432777844865756,4
4,1,Flow304,28,0.29299447555255487,4
4,1,Flow304,29,0.31576799211801776,4
4,1,Flow304,30,0.31576799211801776,4
4,1,Flow304,31,0.2721979621542939,4
4,1,Flow304,32,0.2721979621542939,4
4,1,Flow304,33,0.4173913043478262,4
4,1,Flow304,34,0.4173913043478262,4
4,1,Flow304,35,0.267391304347826,4
4,1,Flow304,36,0.267391304347826,4
4,1,Flow304,37,0.33607944067606343,4
4,1,Flow304,38,0.33607944067606343,4
4,1,Flow304,39,0.3558504702694085,4
4,1,Flow304,40,0.3558504702694085,4
4,1,Flow304,41,0.3558504702694085,4
4,1,Flow304,42,0.2650941677484003,4
4,1,Flow304,43,0.417391304347826,4
4,1,Flow304,44,0.417391304347826,4
4,1,Flow304,45,0.417391304347826,4
4,1,Flow304,46,0.417391304347826,4
4,1,Flow304,47,0.417391304347826,4
4,1,Flow304,48,0.417391304347826,4
4,1,Flow304,49,0.3624779636625293,4
4,1,Flow304,50,0.3624779636625293,4
4,1,Flow304,51,0.3624779636625293,4
4,1,Flow304,52,0.3624779636625293,4
4,1,Flow304,53,0.3624779636625293,4
4,1,Flow304,54,0.3624779636625293,4
4,1,Flow304,55,0.3624779636625293,4
4,1,Flow304,56,0.46640989729225024,4
4,1,Flow304,57,0.46640989729225024,4
4,1,Flow304,58,0.417391304347826,4
4,1,Flow304,59,0.417391304347826,4
4,1,Flow304,60,0.417391304347826,4
5,2,Flow304,1,2.0,4
5,2,Flow304,2,2.0,4
5,2,Flow304,3,2.0,4
5,2,Flow304,4,2.0,4
5,2,Flow304,5,0.9416666666666667,4
5,2,Flow304,6,0.9416666666666667,4
5,2,Flow304,7,0.9416666666666667,4
5,2,Flow304,8,0.7668643743965778,4
5,2,Flow304,9,0.7668643743965778,4
5,2,Flow304,10,0.6148182268069772,4
5,2,Flow304,11,0.5120835665763953,4
5,2,Flow304,12,0.5120835665763953,4
5,2,Flow304,13,0.5120835665763953,4
5,2,Flow304,14,0.5120835665763953,4
5,2,Flow304,15,0.4263046150407866,4
5,2,Flow304,16,0.4263046150407866,4
5,2,Flow304,17,0.3346828609986505,4
5,2,Flow304,18,0.3346828609986505,4
5,2,Flow304,19,0.4162679425837322,4
5,2,Flow304,20,0.4162679425837322,4
5,2,Flow304,21,0.4162679425837322,4
5,2,Flow304,22,0.5869654335563427,4
5,2,Flow304,23,0.5869654335563427,4
5,2,Flow304,24,0.504273504273504,4
5,2,Flow304,25,0.504273504273504,4
5,2,Flow304,26,0.3333333333333332,4
5,2,Flow304,27,0.3333333333333332,4
5,2,Flow304,28,0.3371032997057587,4
5,2,Flow304,29,0.3786623023715414,4
5,2,Flow304,30,0.3786623023715414,4
5,2,Flow304,31,0.3786623023715414,4
5,2,Flow304,32,0.5340618235930735,4
5,2,Flow304,33,0.5340618235930735,4
5,2,Flow304,34,0.5340618235930735,4
5,2,Flow304,35,0.5212465564738293,4
5,2,Flow304,36,0.341477961432507,4
5,2,Flow304,37,0.341477961432507,4
5,2,Flow304,38,0.341477961432507,4
5,2,Flow304,39,0.3575936639118457,4
5,2,Flow304,40,0.3575936639118457,4
5,2,Flow304,41,0.3575936639118457,4
5,2,Flow304,42,0.3575936639118457,4
5,2,Flow304,43,0.5315771349862259,4
5,2,Flow304,44,0.5315771349862259,4
5,2,Flow304,45,0.5315771349862259,4
5,2,Flow304,46,0.6875,4
5,2,Flow304,47,0.27092699724517894,4
5,2,Flow304,48,0.27092699724517894,4
5,2,Flow304,49,0.27092699724517894,4
5,2,Flow304,50,0.27092699724517894,4
5,2,Flow304,51,0.2788156885308785,4
5,2,Flow304,52,0.2788156885308785,4
5,2,Flow304,53,0.2865490746068279,4
5,2,Flow304,54,0.9746377840909091,4
5,2,Flow304,55,0.6880143446155613,4
5,2,Flow304,56,0.6880143446155613,4
5,2,Flow304,57,0.507259161578814,4
5,2,Flow304,58,0.507259161578814,4
5,2,Flow304,59,0.507259161578814,4
5,2,Flow304,60,0.507259161578814,4
6,2,Flow304,1,2.0,4
6,2,Flow304,2,2.0,4
6,2,Flow304,3,2.0,4
6,2,Flow304,4,2.0,4
6,2,Flow304,5,1.2333333333333332,4
6,2,Flow304,6,1.2333333333333332,4
6,2,Flow304,7,0.8333333333333336,4
6,2,Flow304,8,0.5627450980392157,4
6,2,Flow304,9,0.5627450980392157,4
6,2,Flow304,10,0.5627450980392157,4
6,2,Flow304,11,0.2745046799207488,4
6,2,Flow304,12,0.1763565191701681,4
6,2,Flow304,13,0.32941176470588235,4
6,2,Flow304,14,0.4899703557312251,4
6,2,Flow304,15,0.4899703557312251,4
6,2,Flow304,16,0.4899703557312251,4
6,2,Flow304,17,0.4899703557312251,4
6,2,Flow304,18,0.4899703557312251,4
6,2,Flow304,19,0.33333333333333337,4
6,2,Flow304,20,0.33333333333333337,4
6,2,Flow304,21,0.1645833333333333,4
6,2,Flow304,22,0.1645833333333333,4
6,2,Flow304,23,0.18420765027322403,4
6,2,Flow304,24,0.18420765027322403,4
6,2,Flow304,25,0.3634087669280114,4
6,2,Flow304,26,0.3634087669280114,4
6,2,Flow304,27,0.3634087669280114,4
6,2,Flow304,28,0.3634087669280114,4
6,2,Flow304,29,0.3634087669280114,4
6,2,Flow304,30,0.3634087669280114,4
6,2,Flow304,31,0.3634087669280114,4
6,2,Flow304,32,0.37744119743407,4
6,2,Flow304,33,0.37744119743407,4
6,2,Flow304,34,0.1838815789473684,4
6,2,Flow304,35,0.1838815789473684,4
6,2,Flow304,36,0.1838815789473684,4
6,2,Flow304,37,0.1838815789473684,4
6,2,Flow304,38,0.1838815789473684,4
6,2,Flow304,39,0.1838815789473684,4
6,2,Flow304,40,0.1838815789473684,4
6,2,Flow304,41,0.1838815789473685,4
6,2,Flow304,42,0.1838815789473685,4
6,2,Flow304,43,0.1838815789473685,4
6,2,Flow304,44,0.1838815789473683,4
6,2,Flow304,45,0.1838815789473683,4
6,2,Flow304,46,0.1838815789473683,4
6,2,Flow304,47,0.1838815789473683,4
6,2,Flow304,48,0.1838815789473683,4
6,2,Flow304,49,0.3075266760303553,4
6,2,Flow304,50,0.31710174625801846,4
6,2,Flow304,51,0.31710174625801846,4
6,2,Flow304,52,0.31710174625801846,4
6,2,Flow304,53,0.35255865260439084,4
6,2,Flow304,54,0.35255865260439084,4
6,2,Flow304,55,0.35255865260439084,4
6,2,Flow304,56,0.35255865260439084,4
6,2,Flow304,57,0.35255865260439084,4
6,2,Flow304,58,0.31710174625801846,4
6,2,Flow304,59,0.31710174625801846,4
6,2,Flow304,60,0.31710174625801846,4
7,2,Flow304,1,2.0,4
7,2,Flow304,2,2.0,4
7,2,Flow304,3,2.0,4
7,2,Flow304,4,2.0,4
7,2,Flow304,5,2.0,4
7,2,Flow304,6,1.1333333333333333,4
7,2,Flow304,7,0.4333333333333334,4
7,2,Flow304,8,0.30000000000000016,4
7,2,Flow304,9,0.16586688440843328,4
7,2,Flow304,10,0.1876975528391042,4
7,2,Flow304,11,0.1876975528391042,4
7,2,Flow304,12,0.25577342047930285,4
7,2,Flow304,13,0.2118518518518518,4
7,2,Flow304,14,0.2589113975854307,4
7,2,Flow304,15,0.2589113975854307,4
7,2,Flow304,16,0.33518518518518514,4
7,2,Flow304,17,0.55,4
7,2,Flow304,18,0.55,4
7,2,Flow304,19,0.45000000000000007,4
7,2,Flow304,20,0.22935606060606045,4
7,2,Flow304,21,0.22935606060606045,4
7,2,Flow304,22,0.22935606060606045,4
7,2,Flow304,23,0.22935606060606045,4
7,2,Flow304,24,0.11958041958041968,4
7,2,Flow304,25,0.11958041958041968,4
7,2,Flow304,26,0.11958041958041968,4
7,2,Flow304,27,0.11958041958041968,4
7,2,Flow304,28,0.11958041958041968,4
7,2,Flow304,29,0.11958041958041968,4
7,2,Flow304,30,0.11958041958041968,4
7,2,Flow304,31,0.11958041958041968,4
7,2,Flow304,32,0.11958041958041968,4
7,2,Flow304,33,0.11958041958041968,4
7,2,Flow304,34,0.1083538083538084,4
7,2,Flow304,35,0.23108108108108114,4
7,2,Flow304,36,0.23108108108108114,4
7,2,Flow304,37,0.23108108108108114,4
7,2,Flow304,38,0.3550996376811595,4
7,2,Flow304,39,0.3550996376811595,4
7,2,Flow304,40,0.3550996376811595,4
7,2,Flow304,41,0.3550996376811595,4
7,2,Flow304,42,0.3268910256410257,4
7,2,Flow304,43,0.3550996376811595,4
7,2,Flow304,44,0.3550996376811595,4
7,2,Flow304,45,0.3550996376811595,4
7,2,Flow304,46,0.3550996376811595,4
7,2,Flow304,47,0.3550996376811595,4
7,2,Flow304,48,0.3550996376811595,4
7,2,Flow304,49,0.3550996376811595,4
7,2,Flow304,50,0.4650590245417831,4
7,2,Flow304,51,0.5482545045045043,4
7,2,Flow304,52,0.5482545045045043,4
7,2,Flow304,53,0.5482545045045043,4
7,2,Flow304,54,0.5482545045045043,4
7,2,Flow304,55,0.5482545045045043,4
7,2,Flow304,56,0.5482545045045043,4
7,2,Flow304,57,0.40259009009009006,4
7,2,Flow304,58,0.4083333333333334,4
7,2,Flow304,59,0.4083333333333334,4
7,2,Flow304,60,0.4136666666666667,4
8,2,Flow304,1,2.0,4
8,2,Flow304,2,2.0,4
8,2,Flow304,3,2.0,4
8,2,Flow304,4,2.0,4
8,2,Flow304,5,1.3333333333333333,4
8,2,Flow304,6,1.3333333333333333,4
8,2,Flow304,7,0.23881278538812775,4
8,2,Flow304,8,0.23881278538812775,4
8,2,Flow304,9,0.23881278538812775,4
8,2,Flow304,10,0.23881278538812775,4
8,2,Flow304,11,0.17896440129449837,4
8,2,Flow304,12,0.17896440129449828,4
8,2,Flow304,13,0.17896440129449828,4
8,2,Flow304,14,0.17896440129449828,4
8,2,Flow304,15,0.2714285714285715,4
8,2,Flow304,16,0.2714285714285715,4
8,2,Flow304,17,0.32100886106076415,4
8,2,Flow304,18,0.32100886106076415,4
8,2,Flow304,19,0.424581205031032,4
8,2,Flow304,20,0.5365455594002306,4
8,2,Flow304,21,0.5365455594002306,4
8,2,Flow304,22,0.5365455594002306,4
8,2,Flow304,23,0.3949748306846784,4
8,2,Flow304,24,0.3949748306846784,4
8,2,Flow304,25,0.3949748306846784,4
8,2,Flow304,26,0.208270754429498,4
8,2,Flow304,27,0.208270754429498,4
8,2,Flow304,28,0.2724014336917563,4
8,2,Flow304,29,0.2724014336917563,4
8,2,Flow304,30,0.2724014336917563,4
8,2,Flow304,31,0.18693134822167085,4
8,2,Flow304,32,0.18693134822167085,4
8,2,Flow304,33,0.2836727315893982,4
8,2,Flow304,34,0.5018664612885719,4
8,2,Flow304,35,0.5018664612885719,4
8,2,Flow304,36,0.5829699846031504,4
8,2,Flow304,37,0.5829699846031504,4
8,2,Flow304,38,0.5829699846031504,4
8,2,Flow304,39,0.4265943733570328,4
8,2,Flow304,40,0.4265943733570328,4
8,2,Flow304,41,0.5829699846031504,4
8,2,Flow304,42,0.5212121212121211,4
8,2,Flow304,43,0.5165972956307258,4
8,2,Flow304,44,0.5165972956307258,4
8,2,Flow304,45,0.5165972956307258,4
8,2,Flow304,46,0.19058333333333338,4
8,2,Flow304,47,0.17787872487872497,4
8,2,Flow304,48,0.17787872487872497,4
8,2,Flow304,49,0.17787872487872497,4
8,2,Flow304,50,0.27911385836385827,4
8,2,Flow304,51,0.27911385836385827,4
8,2,Flow304,52,0.27911385836385827,4
8,2,Flow304,53,0.27911385836385827,4
8,2,Flow304,54,0.15207747753864256,4
8,2,Flow304,55,0.1761683866295516,4
8,2,Flow304,56,0.29196744227994226,4
8,2,Flow304,57,0.2819227994227993,4
8,2,Flow304,58,0.2819227994227993,4
8,2,Flow304,59,0.2819227994227993,4
8,2,Flow304,60,0.2819227994227993,4
9,3,Flow304,1,2.0,4
9,3,Flow304,2,2.0,4
9,3,Flow304,3,2.0,4
9,3,Flow304,4,2.0,4
9,3,Flow304,5,1.3333333333333333,4
9,3,Flow304,6,0.9166666666666666,4
9,3,Flow304,7,0.9166666666666666,4
9,3,Flow304,8,0.9166666666666666,4
9,3,Flow304,9,0.7285714285714284,4
9,3,Flow304,10,0.7285714285714284,4
9,3,Flow304,11,0.7285714285714284,4
9,3,Flow304,12,0.2948717948717947,4
9,3,Flow304,13,0.43027613412228777,4
9,3,Flow304,14,0.4518648018648017,4
9,3,Flow304,15,0.21592465753424647,4
9,3,Flow304,16,0.21592465753424647,4
9,3,Flow304,17,0.21592465753424647,4
9,3,Flow304,18,0.13955376852727852,4
9,3,Flow304,19,0.14191729323308272,4
9,3,Flow304,20,0.14191729323308272,4
9,3,Flow304,21,0.14191729323308272,4
9,3,Flow304,22,0.35865915021433414,4
9,3,Flow304,23,0.36101474505088965,4
9,3,Flow304,24,0.36101474505088965,4
9,3,Flow304,25,0.36101474505088965,4
9,3,Flow304,26,0.19054054054054034,4
9,3,Flow304,27,0.212169312169312,4
9,3,Flow304,28,0.212169312169312,4
9,3,Flow304,29,0.212169312169312,4
9,3,Flow304,30,0.212169312169312,4
9,3,Flow304,31,0.17480072407384561,4
9,3,Flow304,32,0.17491441020852783,4
9,3,Flow304,33,0.17491441020852783,4
9,3,Flow304,34,0.17491441020852783,4
9,3,Flow304,35,0.17491441020852783,4
9,3,Flow304,36,0.17491441020852783,4
9,3,Flow304,37,0.17491441020852783,4
9,3,Flow304,38,0.39772437781697034,4
9,3,Flow304,39,0.39772437781697034,4
9,3,Flow304,40,0.4688808373590983,4
9,3,Flow304,41,0.5710526315789474,4
9,3,Flow304,42,0.5710526315789474,4
9,3,Flow304,43,0.5710526315789474,4
9,3,Flow304,44,0.2636516664796321,4
9,3,Flow304,45,0.2636516664796321,4
9,3,Flow304,46,0.5184662719145476,4
9,3,Flow304,47,0.5184662719145476,4
9,3,Flow304,48,0.29211309062618956,4
9,3,Flow304,49,0.29211309062618956,4
9,3,Flow304,50,0.29211309062618956,4
9,3,Flow304,51,0.2792937807216777,4
9,3,Flow304,52,0.2802226724577446,4
9,3,Flow304,53,0.2802226724577446,4
9,3,Flow304,54,0.5818219137184654,4
9,3,Flow304,55,0.5818219137184654,4
9,3,Flow304,56,0.6506572120373574,4
9,3,Flow304,57,0.5214608555286522,4
9,3,Flow304,58,0.5214608555286522,4
9,3,Flow304,59,0.5214608555286522,4
9,3,Flow304,60,0.5214608555286522,4
10,3,Flow304,1,2.0,4
10,3,Flow304,2,2.0,4
10,3,Flow304,3,2.0,4
10,3,Flow304,4,2.0,4
10,3,Flow304,5,1.0333333333333334,4
10,3,Flow304,6,0.9,4
10,3,Flow304,7,0.9058252427184467,4
10,3,Flow304,8,0.30134228187919465,4
10,3,Flow304,9,0.30134228187919465,4
10,3,Flow304,10,0.85,4
10,3,Flow304,11,0.2590618336886994,4
10,3,Flow304,12,0.25906183368869923,4
10,3,Flow304,13,0.25906183368869923,4
10,3,Flow304,14,1.04484126984127,4
10,3,Flow304,15,0.319930875576037,4
10,3,Flow304,16,0.2913445584450766,4
10,3,Flow304,17,0.2913445584450766,4
10,3,Flow304,18,0.2913445584450766,4
10,3,Flow304,19,0.29631545114539526,4
10,3,Flow304,20,0.26407910271546653,4
10,3,Flow304,21,0.26407910271546653,4
10,3,Flow304,22,0.26407910271546653,4
10,3,Flow304,23,0.28170144462279295,4
10,3,Flow304,24,0.2413802273784988,4
10,3,Flow304,25,0.2413802273784988,4
10,3,Flow304,26,0.2413802273784988,4
10,3,Flow304,27,0.21454200023204545,4
10,3,Flow304,28,0.24761904761904746,4
10,3,Flow304,29,0.24761904761904746,4
10,3,Flow304,30,0.24761904761904763,4
10,3,Flow304,31,0.24761904761904763,4
10,3,Flow304,32,0.24761904761904763,4
10,3,Flow304,33,0.24761904761904763,4
10,3,Flow304,34,0.47380254154447704,4
10,3,Flow304,35,0.47380254154447704,4
10,3,Flow304,36,0.47380254154447704,4
10,3,Flow304,37,1.1494623655913978,4
10,3,Flow304,38,1.1494623655913978,4
10,3,Flow304,39,1.1494623655913978,4
10,3,Flow304,40,1.1494623655913978,4
10,3,Flow304,41,0.3952329749103942,4
10,3,Flow304,42,1.2355555555555555,4
10,3,Flow304,43,1.2277777777777776,4
10,3,Flow304,44,0.8277777777777777,4
10,3,Flow304,45,0.8277777777777777,4
10,3,Flow304,46,0.8277777777777777,4
10,3,Flow304,47,1.2277777777777776,4
10,3,Flow304,48,1.2277777777777776,4
10,3,Flow304,49,1.2277777777777776,4
10,3,Flow304,50,1.2277777777777776,4
10,3,Flow304,51,1.2277777777777776,4
10,3,Flow304,52,2.0,4
10,3,Flow304,53,1.1384615384615386,4
10,3,Flow304,54,1.1384615384615386,4
10,3,Flow304,55,2.0,4
10,3,Flow304,56,0.672684458398744,4
10,3,Flow304,57,0.672684458398744,4
10,3,Flow304,58,0.672684458398744,4
10,3,Flow304,59,0.672684458398744,4
10,3,Flow304,60,0.6714285714285715,4
11,3,Flow304,1,2.0,4
11,3,Flow304,2,2.0,4
11,3,Flow304,3,2.0,4
11,3,Flow304,4,2.0,4
11,3,Flow304,5,2.0,4
11,3,Flow304,6,0.5014492753623188,4
11,3,Flow304,7,0.29922480620155056,4
11,3,Flow304,8,0.29922480620155056,4
11,3,Flow304,9,0.382541990594107,4
11,3,Flow304,10,1.1920943668753008,4
11,3,Flow304,11,1.085918652608328,4
11,3,Flow304,12,1.085918652608328,4
11,3,Flow304,13,0.27285429141716583,4
11,3,Flow304,14,0.27285429141716583,4
11,3,Flow304,15,0.414470014450867,4
11,3,Flow304,16,0.414470014450867,4
11,3,Flow304,17,0.414470014450867,4
11,3,Flow304,18,0.26982398838686256,4
11,3,Flow304,19,0.26982398838686256,4
11,3,Flow304,20,0.26982398838686256,4
11,3,Flow304,21,0.26982398838686256,4
11,3,Flow304,22,0.26982398838686256,4
11,3,Flow304,23,0.26982398838686256,4
11,3,Flow304,24,0.26982398838686256,4
11,3,Flow304,25,0.30355174098800186,4
11,3,Flow304,26,0.4087459997629489,4
11,3,Flow304,27,0.4087459997629489,4
11,3,Flow304,28,0.4087459997629489,4
11,3,Flow304,29,0.3910361095989838,4
11,3,Flow304,30,0.3910361095989838,4
11,3,Flow304,31,0.3910361095989838,4
11,3,Flow304,32,0.3910361095989838,4
11,3,Flow304,33,0.2950765136393877,4
11,3,Flow304,34,0.2950765136393877,4
11,3,Flow304,35,0.34677613574165295,4
11,3,Flow304,36,0.34677613574165295,4
11,3,Flow304,37,0.2950765136393877,4
11,3,Flow304,38,0.2950765136393877,4
11,3,Flow304,39,0.4903381642512078,4
11,3,Flow304,40,0.9513444535593839,4
11,3,Flow304,41,0.9513444535593839,4
11,3,Flow304,42,1.1479901558654635,4
11,3,Flow304,43,0.8661033634126334,4
11,3,Flow304,44,0.8255231560891938,4
11,3,Flow304,45,0.8255231560891938,4
11,3,Flow304,46,0.7588549121665581,4
11,3,Flow304,47,0.5056966638631902,4
11,3,Flow304,48,0.5056966638631902,4
11,3,Flow304,49,0.7588549121665581,4
11,3,Flow304,50,0.7588549121665581,4
11,3,Flow304,51,0.7937526205450733,4
11,3,Flow304,52,0.7937526205450733,4
11,3,Flow304,53,0.7937526205450733,4
11,3,Flow304,54,0.7937526205450733,4
11,3,Flow304,55,1.0756394129979037,4
11,3,Flow304,56,1.1004878978463883,4
11,3,Flow304,57,1.1004878978463883,4
11,3,Flow304,58,1.1004878978463883,4
11,3,Flow304,59,1.1004878978463883,4
11,3,Flow304,60,1.0756394129979037,4
12,3,Flow304,1,2.0,4
12,3,Flow304,2,2.0,4
12,3,Flow304,3,2.0,4
12,3,Flow304,4,2.0,4
12,3,Flow304,5,2.0,4
12,3,Flow304,6,1.0948545861297538,4
12,3,Flow304,7,0.46913798918068395,4
12,3,Flow304,8,0.46677597651378305,4
12,3,Flow304,9,0.46677597651378305,4
12,3,Flow304,10,0.46677597651378305,4
12,3,Flow304,11,0.800170981104889,4
12,3,Flow304,12,0.8197223828802777,4
12,3,Flow304,13,0.8197223828802777,4
12,3,Flow304,14,0.3317129361866205,4
12,3,Flow304,15,0.3250398431977379,4
12,3,Flow304,16,0.3250398431977379,4
12,3,Flow304,17,0.35699719222505066,4
12,3,Flow304,18,0.5953192640692639,4
12,3,Flow304,19,0.5953192640692639,4
12,3,Flow304,20,0.5953192640692639,4
12,3,Flow304,21,0.5508748196248197,4
12,3,Flow304,22,0.32483130904183544,4
12,3,Flow304,23,0.32483130904183544,4
12,3,Flow304,24,0.32483130904183544,4
12,3,Flow304,25,0.32483130904183544,4
12,3,Flow304,26,0.32483130904183544,4
12,3,Flow304,27,0.32483130904183544,4
12,3,Flow304,28,0.6838033528746273,4
12,3,Flow304,29,0.3003280045657234,4
12,3,Flow304,30,0.305746634279837,4
12,3,Flow304,31,0.305746634279837,4
12,3,Flow304,32,0.305746634279837,4
12,3,Flow304,33,0.21657840119713007,4
12,3,Flow304,34,0.305746634279837,4
12,3,Flow304,35,0.305746634279837,4
12,3,Flow304,36,0.305746634279837,4
12,3,Flow304,37,0.1690658615110996,4
12,3,Flow304,38,0.1690658615110996,4
12,3,Flow304,39,0.20674818840579706,4
12,3,Flow304,40,0.20674818840579706,4
12,3,Flow304,41,0.20674818840579706,4
12,3,Flow304,42,0.2666666666666666,4
12,3,Flow304,43,0.2666666666666666,4
12,3,Flow304,44,0.2666666666666666,4
12,3,Flow304,45,0.2666666666666666,4
12,3,Flow304,46,0.2666666666666666,4
12,3,Flow304,47,0.215625,4
12,3,Flow304,48,1.3197474747474747,4
12,3,Flow304,49,1.3197474747474747,4
12,3,Flow304,50,1.426948051948052,4
12,3,Flow304,51,1.426948051948052,4
12,3,Flow304,52,1.1366017316017316,4
12,3,Flow304,53,1.1197278911564628,4
12,3,Flow304,54,1.1197278911564628,4
12,3,Flow304,55,0.9872710622710624,4
12,3,Flow304,56,0.1773610053313023,4
12,3,Flow304,57,0.1773610053313023,4
12,3,Flow304,58,0.1918919861986157,4
12,3,Flow304,59,0.197922082354203,4
12,3,Flow304,60,0.3304137374013151,4
13,4,Flow304,1,2.0,4
13,4,Flow304,2,2.0,4
13,4,Flow304,3,2.0,4
13,4,Flow304,4,2.0,4
13,4,Flow304,5,2.0,4
13,4,Flow304,6,1.1333333333333333,4
13,4,Flow304,7,1.1333333333333333,4
13,4,Flow304,8,0.34444444444444444,4
13,4,Flow304,9,0.34444444444444444,4
13,4,Flow304,10,1.062745098039216,4
13,4,Flow304,11,1.062745098039216,4
13,4,Flow304,12,0.8033333333333333,4
13,4,Flow304,13,0.682,4
13,4,Flow304,14,0.17842956764295675,4
13,4,Flow304,15,0.17842956764295675,4
13,4,Flow304,16,0.17350906555090653,4
13,4,Flow304,17,0.39133341124225784,4
13,4,Flow304,18,0.39133341124225784,4
13,4,Flow304,19,0.3657600900910474,4
13,4,Flow304,20,0.44359445124439006,4
13,4,Flow304,21,0.44592003263973884,4
13,4,Flow304,22,0.2270788944799552,4
13,4,Flow304,23,0.2270788944799552,4
13,4,Flow304,24,0.2270788944799552,4
13,4,Flow304,25,0.44592003263973884,4
13,4,Flow304,26,0.20006901786013181,4
13,4,Flow304,27,0.18136721113127646,4
13,4,Flow304,28,0.18136721113127646,4
13,4,Flow304,29,0.18136721113127646,4
13,4,Flow304,30,0.2463826910074376,4
13,4,Flow304,31,0.2463826910074376,4
13,4,Flow304,32,0.2463826910074376,4
13,4,Flow304,33,0.2463826910074376,4
13,4,Flow304,34,0.2463826910074376,4
13,4,Flow304,35,0.2463826910074376,4
13,4,Flow304,36,0.19041769041769036,4
13,4,Flow304,37,0.19041769041769036,4
13,4,Flow304,38,0.18293999875451483,4
13,4,Flow304,39,0.18293999875451483,4
13,4,Flow304,40,0.2540106951871657,4
13,4,Flow304,41,0.2540106951871657,4
13,4,Flow304,42,0.2540106951871657,4
13,4,Flow304,43,0.2540106951871657,4
13,4,Flow304,44,0.2540106951871657,4
13,4,Flow304,45,0.2540106951871657,4
13,4,Flow304,46,0.1624231782265145,4
13,4,Flow304,47,0.1624231782265145,4
13,4,Flow304,48,0.09883017345703919,4
13,4,Flow304,49,0.17412941787941802,4
13,4,Flow304,50,0.17412941787941802,4
13,4,Flow304,51,0.1908177905308465,4
13,4,Flow304,52,0.1908177905308465,4
13,4,Flow304,53,0.1908177905308465,4
13,4,Flow304,54,0.1908177905308465,4
13,4,Flow304,55,0.2540106951871658,4
13,4,Flow304,56,0.2540106951871658,4
13,4,Flow304,57,0.2540106951871658,4
13,4,Flow304,58,0.2540106951871658,4
13,4,Flow304,59,0.2540106951871658,4
13,4,Flow304,60,0.2540106951871658,4
14,4,Flow304,1,2.0,4
14,4,Flow304,2,2.0,4
14,4,Flow304,3,2.0,4
14,4,Flow304,4,2.0,4
14,4,Flow304,5,1.1333333333333333,4
14,4,Flow304,6,0.35675675675675683,4
14,4,Flow304,7,0.3432546470521153,4
14,4,Flow304,8,0.233974982176421,4
14,4,Flow304,9,0.4273604055144509,4
14,4,Flow304,10,0.4273604055144509,4
14,4,Flow304,11,1.6015686274509804,4
14,4,Flow304,12,1.6015686274509804,4
14,4,Flow304,13,1.2387878787878788,4
14,4,Flow304,14,1.2387878787878788,4
14,4,Flow304,15,1.2387878787878788,4
14,4,Flow304,16,0.3877203647416414,4
14,4,Flow304,17,0.3586901451961694,4
14,4,Flow304,18,0.3586901451961694,4
14,4,Flow304,19,0.3586901451961694,4
14,4,Flow304,20,0.37575414781297145,4
14,4,Flow304,21,0.37575414781297145,4
14,4,Flow304,22,0.1309111721611723,4
14,4,Flow304,23,0.1309111721611723,4
14,4,Flow304,24,0.24848484848484845,4
14,4,Flow304,25,0.24848484848484845,4
14,4,Flow304,26,0.24848484848484845,4
14,4,Flow304,27,0.24305801921655582,4
14,4,Flow304,28,0.25708513708513714,4
14,4,Flow304,29,0.3190162494510321,4
14,4,Flow304,30,0.29292929292929293,4
14,4,Flow304,31,0.29292929292929293,4
14,4,Flow304,32,0.22348484848484845,4
14,4,Flow304,33,0.22348484848484845,4
14,4,Flow304,34,0.20637254901960783,4
14,4,Flow304,35,0.20637254901960783,4
14,4,Flow304,36,0.20637254901960783,4
14,4,Flow304,37,0.20637254901960783,4
14,4,Flow304,38,0.20637254901960783,4
14,4,Flow304,39,0.20637254901960783,4
14,4,Flow304,40,0.35738472169870594,4
14,4,Flow304,41,0.367248062015504,4
14,4,Flow304,42,0.367248062015504,4
14,4,Flow304,43,0.19780049566294916,4
14,4,Flow304,44,0.2672449401073937,4
14,4,Flow304,45,0.3945437041590889,4
14,4,Flow304,46,0.3945437041590889,4
14,4,Flow304,47,0.3945437041590889,4
14,4,Flow304,48,0.34072904887548683,4
14,4,Flow304,49,0.34072904887548683,4
14,4,Flow304,50,0.34072904887548683,4
14,4,Flow304,51,0.41344627594627587,4
14,4,Flow304,52,0.43669250645994834,4
14,4,Flow304,53,0.43669250645994834,4
14,4,Flow304,54,0.43669250645994834,4
14,4,Flow304,55,0.43669250645994834,4
14,4,Flow304,56,0.2088535655283227,4
14,4,Flow304,57,0.3578063940563941,4
14,4,Flow304,58,0.35183061308061314,4
14,4,Flow304,59,0.35183061308061314,4
14,4,Flow304,60,0.35183061308061314,4
15,4,Flow304,1,2.0,4
15,4,Flow304,2,2.0,4
15,4,Flow304,3,2.0,4
15,4,Flow304,4,2.0,4
15,4,Flow304,5,1.4136645962732919,4
15,4,Flow304,6,1.4136645962732919,4
15,4,Flow304,7,0.2992409867172676,4
15,4,Flow304,8,0.2992409867172676,4
15,4,Flow304,9,0.26590765338393413,4
15,4,Flow304,10,0.19136975455265234,4
15,4,Flow304,11,0.19136975455265234,4
15,4,Flow304,12,0.19136975455265234,4
15,4,Flow304,13,0.14970308788598574,4
15,4,Flow304,14,0.2845238095238095,4
15,4,Flow304,15,0.2845238095238095,4
15,4,Flow304,16,0.2845238095238095,4
15,4,Flow304,17,0.17051282051282043,4
15,4,Flow304,18,0.17051282051282043,4
15,4,Flow304,19,0.17051282051282043,4
15,4,Flow304,20,0.17051282051282043,4
15,4,Flow304,21,0.17384615384615384,4
15,4,Flow304,22,0.2547528691453924,4
15,4,Flow304,23,0.2547528691453924,4
15,4,Flow304,24,0.2547528691453924,4
15,4,Flow304,25,0.24505144973230086,4
15,4,Flow304,26,0.24505144973230086,4
15,4,Flow304,27,0.24505144973230086,4
15,4,Flow304,28,0.2513543984572021,4
15,4,Flow304,29,0.2849071259709558,4
15,4,Flow304,30,0.2849071259709558,4
15,4,Flow304,31,0.2849071259709558,4
15,4,Flow304,32,0.2934177642688282,4
15,4,Flow304,33,0.2934177642688282,4
15,4,Flow304,34,0.2807936507936509,4
15,4,Flow304,35,0.2807936507936509,4
15,4,Flow304,36,0.1681111111111111,4
15,4,Flow304,37,0.1681111111111111,4
15,4,Flow304,38,0.19133806146572113,4
15,4,Flow304,39,0.2934177642688282,4
15,4,Flow304,40,0.2849071259709558,4
15,4,Flow304,41,0.2849071259709558,4
15,4,Flow304,42,0.28282674772036465,4
15,4,Flow304,43,0.28284140102321925,4
15,4,Flow304,44,0.3295454545454547,4
15,4,Flow304,45,0.3295454545454547,4
15,4,Flow304,46,0.3295454545454547,4
15,4,Flow304,47,0.16931372549019602,4
15,4,Flow304,48,0.2979432624113475,4
15,4,Flow304,49,0.2979432624113475,4
15,4,Flow304,50,0.2983971631205673,4
15,4,Flow304,51,0.2983971631205673,4
15,4,Flow304,52,0.2983971631205673,4
15,4,Flow304,53,0.2983971631205673,4
15,4,Flow304,54,0.2983971631205673,4
15,4,Flow304,55,0.2983971631205673,4
15,4,Flow304,56,0.10405405405405403,4
15,4,Flow304,57,0.10405405405405403,4
15,4,Flow304,58,0.10405405405405403,4
15,4,Flow304,59,0.10405405405405403,4
15,4,Flow304,60,0.10405405405405403,4
16,4,Flow304,1,2.0,4
16,4,Flow304,2,2.0,4
16,4,Flow304,3,2.0,4
16,4,Flow304,4,2.0,4
16,4,Flow304,5,0.8,4
16,4,Flow304,6,0.8682926829268294,4
16,4,Flow304,7,1.2987735634794457,4
16,4,Flow304,8,0.3509419454056132,4
16,4,Flow304,9,0.3509419454056132,4
16,4,Flow304,10,0.3509419454056132,4
16,4,Flow304,11,0.9347712418300652,4
16,4,Flow304,12,0.7681481481481481,4
16,4,Flow304,13,0.7619047619047619,4
16,4,Flow304,14,0.45714285714285713,4
16,4,Flow304,15,0.45714285714285713,4
16,4,Flow304,16,0.4126984126984127,4
16,4,Flow304,17,0.4126984126984127,4
16,4,Flow304,18,1.195,4
16,4,Flow304,19,1.195,4
16,4,Flow304,20,1.195,4
16,4,Flow304,21,1.195,4
16,4,Flow304,22,0.23424657534246585,4
16,4,Flow304,23,0.22091324200913257,4
16,4,Flow304,24,0.22091324200913257,4
16,4,Flow304,25,0.22091324200913257,4
16,4,Flow304,26,0.22091324200913257,4
16,4,Flow304,27,0.22091324200913257,4
16,4,Flow304,28,0.22091324200913257,4
16,4,Flow304,29,0.22091324200913257,4
16,4,Flow304,30,0.428141924179675,4
16,4,Flow304,31,0.22091324200913257,4
16,4,Flow304,32,0.25091324200913234,4
16,4,Flow304,33,0.25091324200913234,4
16,4,Flow304,34,0.25091324200913234,4
16,4,Flow304,35,0.25091324200913245,4
16,4,Flow304,36,0.25091324200913245,4
16,4,Flow304,37,0.25091324200913245,4
16,4,Flow304,38,0.4950844444444444,4
16,4,Flow304,39,0.4950844444444444,4
16,4,Flow304,40,0.12306670280906769,4
16,4,Flow304,41,0.13157100977852734,4
16,4,Flow304,42,0.12731885629379755,4
16,4,Flow304,43,0.12220599250936326,4
16,4,Flow304,44,0.12220599250936326,4
16,4,Flow304,45,0.12629366979799847,4
16,4,Flow304,46,0.18186813186813194,4
16,4,Flow304,47,0.18186813186813194,4
16,4,Flow304,48,0.18186813186813194,4
16,4,Flow304,49,0.18186813186813194,4
16,4,Flow304,50,0.16260264826972293,4
16,4,Flow304,51,0.1396361410926895,4
16,4,Flow304,52,0.18186813186813194,4
16,4,Flow304,53,0.18186813186813194,4
16,4,Flow304,54,0.3975641379310346,4
16,4,Flow304,55,0.3975641379310346,4
16,4,Flow304,56,0.3975641379310346,4
16,4,Flow304,57,0.3975641379310346,4
16,4,Flow304,58,0.3975641379310346,4
16,4,Flow304,59,0.3975641379310346,4
16,4,Flow304,60,0.3975641379310346,4
17,5,Flow304,1,2.0,4
17,5,Flow304,2,2.0,4
17,5,Flow304,3,2.0,4
17,5,Flow304,4,2.0,4
17,5,Flow304,5,0.8,4
17,5,Flow304,6,0.8,4
17,5,Flow304,7,0.908,4
17,5,Flow304,8,0.908,4
17,5,Flow304,9,1.1432820512820512,4
17,5,Flow304,10,0.7481005661005661,4
17,5,Flow304,11,0.7481005661005661,4
17,5,Flow304,12,0.7481005661005661,4
17,5,Flow304,13,0.7481005661005661,4
17,5,Flow304,14,0.43973230804707786,4
17,5,Flow304,15,0.30785597381342067,4
17,5,Flow304,16,0.5294871794871795,4
17,5,Flow304,17,0.5294871794871795,4
17,5,Flow304,18,0.5294871794871795,4
17,5,Flow304,19,0.5294871794871795,4
17,5,Flow304,20,0.20332697388717325,4
17,5,Flow304,21,0.2769243653535419,4
17,5,Flow304,22,0.24654975219214634,4
17,5,Flow304,23,0.4887978142076503,4
17,5,Flow304,24,0.28155523131061705,4
17,5,Flow304,25,0.28155523131061705,4
17,5,Flow304,26,0.28155523131061705,4
17,5,Flow304,27,0.19153413261561045,4
17,5,Flow304,28,0.19153413261561045,4
17,5,Flow304,29,0.19153413261561045,4
17,5,Flow304,30,0.28155523131061705,4
17,5,Flow304,31,0.2894240837696335,4
17,5,Flow304,32,0.2894240837696335,4
17,5,Flow304,33,0.6210526315789473,4
17,5,Flow304,34,0.35507062146892654,4
17,5,Flow304,35,0.6210526315789473,4
17,5,Flow304,36,0.6210526315789473,4
17,5,Flow304,37,0.6210526315789473,4
17,5,Flow304,38,0.14344185842090856,4
17,5,Flow304,39,0.22422062350119898,4
17,5,Flow304,40,0.22422062350119898,4
17,5,Flow304,41,0.22422062350119898,4
17,5,Flow304,42,0.22422062350119898,4
17,5,Flow304,43,0.22422062350119898,4
17,5,Flow304,44,0.13162803090860642,4
17,5,Flow304,45,0.13162803090860642,4
17,5,Flow304,46,0.14687395425754488,4
17,5,Flow304,47,0.13162803090860642,4
17,5,Flow304,48,0.13162803090860642,4
17,5,Flow304,49,0.13162803090860642,4
17,5,Flow304,50,0.13162803090860642,4
17,5,Flow304,51,0.5181928097317836,4
17,5,Flow304,52,0.5181928097317836,4
17,5,Flow304,53,0.5181928097317836,4
17,5,Flow304,54,0.13162803090860642,4
17,5,Flow304,55,0.5181928097317836,4
17,5,Flow304,56,0.5181928097317836,4
17,5,Flow304,57,0.5181928097317836,4
17,5,Flow304,58,0.5181928097317836,4
17,5,Flow304,59,0.5181928097317836,4
17,5,Flow304,60,0.5181928097317836,4
18,5,Flow304,1,2.0,4
18,5,Flow304,2,2.0,4
18,5,Flow304,3,2.0,4
18,5,Flow304,4,2.0,4
18,5,Flow304,5,2.0,4
18,5,Flow304,6,0.9399847094801224,4
18,5,Flow304,7,0.20446610601427118,4
18,5,Flow304,8,0.20446610601427118,4
18,5,Flow304,9,0.4760970883954755,4
18,5,Flow304,10,0.4760970883954755,4
18,5,Flow304,11,0.47180823209049016,4
18,5,Flow304,12,0.4622774403016338,4
18,5,Flow304,13,0.4771107006020799,4
18,5,Flow304,14,0.4771107006020799,4
18,5,Flow304,15,0.4771107006020799,4
18,5,Flow304,16,0.4771107006020799,4
18,5,Flow304,17,0.4618639880952381,4
18,5,Flow304,18,0.26796875,4
18,5,Flow304,19,0.26796875,4
18,5,Flow304,20,0.26796875,4
18,5,Flow304,21,0.3771929824561404,4
18,5,Flow304,22,0.37719298245614025,4
18,5,Flow304,23,0.37719298245614025,4
18,5,Flow304,24,0.19767441860465115,4
18,5,Flow304,25,0.36400502988939093,4
18,5,Flow304,26,0.3706723686668216,4
18,5,Flow304,27,0.3706723686668216,4
18,5,Flow304,28,0.3688864743514381,4
18,5,Flow304,29,0.36340412206852335,4
18,5,Flow304,30,0.36340412206852335,4
18,5,Flow304,31,0.36340412206852335,4
18,5,Flow304,32,0.36340412206852335,4
18,5,Flow304,33,0.36340412206852335,4
18,5,Flow304,34,0.7486303267553268,4
18,5,Flow304,35,0.7486303267553268,4
18,5,Flow304,36,0.7486303267553268,4
18,5,Flow304,37,0.5226742082600829,4
18,5,Flow304,38,0.5226742082600829,4
18,5,Flow304,39,0.725010725010725,4
18,5,Flow304,40,0.725010725010725,4
18,5,Flow304,41,0.725010725010725,4
18,5,Flow304,42,0.611111111111111,4
18,5,Flow304,43,0.611111111111111,4
18,5,Flow304,44,0.611111111111111,4
18,5,Flow304,45,0.611111111111111,4
18,5,Flow304,46,0.611111111111111,4
18,5,Flow304,47,0.611111111111111,4
18,5,Flow304,48,0.611111111111111,4
18,5,Flow304,49,0.611111111111111,4
18,5,Flow304,50,0.611111111111111,4
18,5,Flow304,51,0.611111111111111,4
18,5,Flow304,52,0.611111111111111,4
18,5,Flow304,53,0.611111111111111,4
18,5,Flow304,54,0.611111111111111,4
18,5,Flow304,55,0.611111111111111,4
18,5,Flow304,56,0.611111111111111,4
18,5,Flow304,57,0.611111111111111,4
18,5,Flow304,58,0.611111111111111,4
18,5,Flow304,59,0.611111111111111,4
18,5,Flow304,60,0.611111111111111,4
19,5,Flow304,1,2.0,4
19,5,Flow304,2,2.0,4
19,5,Flow304,3,2.0,4
19,5,Flow304,4,1.0333333333333334,4
19,5,Flow304,5,0.4,4
19,5,Flow304,6,0.4,4
19,5,Flow304,7,0.3885714285714286,4
19,5,Flow304,8,0.34065040650406486,4
19,5,Flow304,9,0.34065040650406486,4
19,5,Flow304,10,0.34065040650406503,4
19,5,Flow304,11,0.4230295566502463,4
19,5,Flow304,12,0.4230295566502463,4
19,5,Flow304,13,0.7667624521072797,4
19,5,Flow304,14,0.28576515151515147,4
19,5,Flow304,15,0.28576515151515147,4
19,5,Flow304,16,0.28576515151515147,4
19,5,Flow304,17,0.28576515151515147,4
19,5,Flow304,18,0.26452679782903665,4
19,5,Flow304,19,0.2558832565284181,4
19,5,Flow304,20,0.2558832565284181,4
19,5,Flow304,21,0.2558832565284181,4
19,5,Flow304,22,0.2558832565284181,4
19,5,Flow304,23,0.2558832565284181,4
19,5,Flow304,24,0.2558832565284181,4
19,5,Flow304,25,0.2542061986084757,4
19,5,Flow304,26,0.2542061986084757,4
19,5,Flow304,27,0.2542061986084757,4
19,5,Flow304,28,0.2482643011955913,4
19,5,Flow304,29,0.2542061986084757,4
19,5,Flow304,30,0.2542061986084757,4
19,5,Flow304,31,0.2542061986084757,4
19,5,Flow304,32,0.2542061986084757,4
19,5,Flow304,33,0.2542061986084757,4
19,5,Flow304,34,0.25999909641275887,4
19,5,Flow304,35,0.25999909641275887,4
19,5,Flow304,36,0.25999909641275887,4
19,5,Flow304,37,0.25999909641275887,4
19,5,Flow304,38,0.25999909641275887,4
19,5,Flow304,39,0.29839043309631563,4
19,5,Flow304,40,0.29839043309631563,4
19,5,Flow304,41,0.29839043309631563,4
19,5,Flow304,42,0.29211739241151025,4
19,5,Flow304,43,0.29211739241151025,4
19,5,Flow304,44,0.5232285035226214,4
19,5,Flow304,45,0.5905228758169935,4
19,5,Flow304,46,0.5905228758169935,4
19,5,Flow304,47,0.62168458781362,4
19,5,Flow304,48,0.62168458781362,4
19,5,Flow304,49,0.25820138155823463,4
19,5,Flow304,50,0.22104027565801587,4
19,5,Flow304,51,0.19541752365281778,4
19,5,Flow304,52,0.5963841450558717,4
19,5,Flow304,53,0.5963841450558717,4
19,5,Flow304,54,0.5963841450558717,4
19,5,Flow304,55,0.5963841450558717,4
19,5,Flow304,56,0.5963841450558717,4
19,5,Flow304,57,0.5963841450558717,4
19,5,Flow304,58,0.1840557275541796,4
19,5,Flow304,59,0.31635746606334825,4
19,5,Flow304,60,0.4077760577915376,4
20,5,Flow304,1,2.0,4
20,5,Flow304,2,2.0,4
20,5,Flow304,3,2.0,4
20,5,Flow304,4,2.0,4
20,5,Flow304,5,2.0,4
20,5,Flow304,6,0.5333333333333334,4
20,5,Flow304,7,0.5333333333333334,4
20,5,Flow304,8,0.19416666666666682,4
20,5,Flow304,9,0.19416666666666682,4
20,5,Flow304,10,0.35630890848282154,4
20,5,Flow304,11,0.3383399209486164,4
20,5,Flow304,12,0.15864676204298842,4
20,5,Flow304,13,0.15864676204298842,4
20,5,Flow304,14,0.15864676204298842,4
20,5,Flow304,15,0.15864676204298842,4
20,5,Flow304,16,0.15864676204298842,4
20,5,Flow304,17,0.13039187505988323,4
20,5,Flow304,18,0.13039187505988323,4
20,5,Flow304,19,0.20883958808487096,4
20,5,Flow304,20,0.20883958808487096,4
20,5,Flow304,21,0.20883958808487096,4
20,5,Flow304,22,0.20883958808487096,4
20,5,Flow304,23,0.20883958808487096,4
20,5,Flow304,24,0.3359492708549309,4
20,5,Flow304,25,0.49213372664700133,4
20,5,Flow304,26,0.49213372664700133,4
20,5,Flow304,27,0.43558642615246407,4
20,5,Flow304,28,0.15864676204298842,4
20,5,Flow304,29,0.257398291465787,4
20,5,Flow304,30,0.21335359675785223,4
20,5,Flow304,31,0.5222222222222224,4
20,5,Flow304,32,0.5259655377302437,4
20,5,Flow304,33,0.5259655377302437,4
20,5,Flow304,34,0.16727272727272738,4
20,5,Flow304,35,0.16727272727272738,4
20,5,Flow304,36,0.16727272727272738,4
20,5,Flow304,37,0.16727272727272738,4
20,5,Flow304,38,0.16727272727272738,4
20,5,Flow304,39,0.16727272727272738,4
20,5,Flow304,40,0.16727272727272738,4
20,5,Flow304,41,0.21335359675785223,4
20,5,Flow304,42,0.21335359675785223,4
20,5,Flow304,43,0.21063019250253312,4
20,5,Flow304,44,0.5222222222222224,4
20,5,Flow304,45,0.5222222222222224,4
20,5,Flow304,46,0.5222222222222224,4
20,5,Flow304,47,0.1666666666666668,4
20,5,Flow304,48,0.1666666666666668,4
20,5,Flow304,49,0.26179894179894186,4
20,5,Flow304,50,0.26179894179894186,4
20,5,Flow304,51,0.26179894179894186,4
20,5,Flow304,52,0.26179894179894186,4
20,5,Flow304,53,0.26179894179894186,4
20,5,Flow304,54,0.26179894179894186,4
20,5,Flow304,55,0.26179894179894186,4
20,5,Flow304,56,0.26179894179894186,4
20,5,Flow304,57,0.5259259259259259,4
20,5,Flow304,58,0.7388888888888889,4
20,5,Flow304,59,0.7388888888888889,4
20,5,Flow304,60,0.5964788732394366,4
1,1,Flow305,1,2.0,5
1,1,Flow305,2,2.0,5
1,1,Flow305,3,2.0,5
1,1,Flow305,4,2.0,5
1,1,Flow305,5,2.0,5
1,1,Flow305,6,2.0,5
1,1,Flow305,7,1.1333333333333333,5
1,1,Flow305,8,1.1333333333333333,5
1,1,Flow305,9,0.9847152847152849,5
1,1,Flow305,10,0.9847152847152849,5
1,1,Flow305,11,0.9847152847152849,5
1,1,Flow305,12,0.9847152847152849,5
1,1,Flow305,13,0.7771428571428572,5
1,1,Flow305,14,0.7771428571428572,5
1,1,Flow305,15,0.757282003710575,5
1,1,Flow305,16,0.757282003710575,5
1,1,Flow305,17,0.757282003710575,5
1,1,Flow305,18,0.8429962894248607,5
1,1,Flow305,19,0.8429962894248607,5
1,1,Flow305,20,0.7212430426716139,5
1,1,Flow305,21,0.8429962894248607,5
1,1,Flow305,22,0.9847152847152849,5
1,1,Flow305,23,1.3045454545454545,5
1,1,Flow305,24,1.3045454545454545,5
1,1,Flow305,25,1.3045454545454545,5
1,1,Flow305,26,1.2696969696969695,5
1,1,Flow305,27,1.2696969696969695,5
1,1,Flow305,28,1.1333333333333333,5
1,1,Flow305,29,2.0,5
1,1,Flow305,30,2.0,5
1,1,Flow305,31,1.6744117647058823,5
1,1,Flow305,32,1.4184615384615384,5
1,1,Flow305,33,1.4184615384615384,5
1,1,Flow305,34,1.4738461538461536,5
1,1,Flow305,35,1.4738461538461536,5
1,1,Flow305,36,1.4738461538461536,5
1,1,Flow305,37,1.4738461538461536,5
1,1,Flow305,38,1.4184615384615384,5
1,1,Flow305,39,1.0250000000000001,5
1,1,Flow305,40,1.0250000000000001,5
1,1,Flow305,41,0.7905420340975896,5
1,1,Flow305,42,0.7905420340975896,5
1,1,Flow305,43,0.7833714721586574,5
1,1,Flow305,44,0.7833714721586574,5
1,1,Flow305,45,0.7833714721586574,5
1,1,Flow305,46,0.7833714721586574,5
1,1,Flow305,47,0.7833714721586574,5
1,1,Flow305,48,0.7833714721586574,5
1,1,Flow305,49,0.8255144032921811,5
1,1,Flow305,50,0.8255144032921811,5
1,1,Flow305,51,0.8284600389863547,5
1,1,Flow305,52,0.9185185185185185,5
1,1,Flow305,53,0.8965277777777778,5
1,1,Flow305,54,0.8965277777777778,5
1,1,Flow305,55,0.8965277777777778,5
1,1,Flow305,56,0.7624739115161283,5
1,1,Flow305,57,0.7624739115161283,5
1,1,Flow305,58,0.7624739115161283,5
1,1,Flow305,59,0.7624739115161283,5
1,1,Flow305,60,0.7624739115161283,5
2,1,Flow305,1,2.0,5
2,1,Flow305,2,2.0,5
2,1,Flow305,3,2.0,5
2,1,Flow305,4,2.0,5
2,1,Flow305,5,2.0,5
2,1,Flow305,6,1.23768115942029,5
2,1,Flow305,7,1.23768115942029,5
2,1,Flow305,8,1.3131469979296067,5
2,1,Flow305,9,0.8791964990174315,5
2,1,Flow305,10,0.8791964990174315,5
2,1,Flow305,11,0.8791964990174315,5
2,1,Flow305,12,0.8791964990174315,5
2,1,Flow305,13,0.8791964990174315,5
2,1,Flow305,14,0.8791964990174315,5
2,1,Flow305,15,1.174817115251898,5
2,1,Flow305,16,1.174817115251898,5
2,1,Flow305,17,1.174817115251898,5
2,1,Flow305,18,1.174817115251898,5
2,1,Flow305,19,1.174817115251898,5
2,1,Flow305,20,1.174817115251898,5
2,1,Flow305,21,1.174817115251898,5
2,1,Flow305,22,1.3877484472049688,5
2,1,Flow305,23,1.3877484472049688,5
2,1,Flow305,24,1.3877484472049688,5
2,1,Flow305,25,1.3877484472049688,5
2,1,Flow305,26,1.3877484472049688,5
2,1,Flow305,27,0.9926724912070641,5
2,1,Flow305,28,0.9926724912070641,5
2,1,Flow305,29,0.9926724912070641,5
2,1,Flow305,30,0.9926724912070644,5
2,1,Flow305,31,0.4491728778467907,5
2,1,Flow305,32,0.4491728778467907,5
2,1,Flow305,33,0.4491728778467907,5
2,1,Flow305,34,0.4120454545454546,5
2,1,Flow305,35,0.5266978922716629,5
2,1,Flow305,36,0.5266978922716629,5
2,1,Flow305,37,0.5266978922716629,5
2,1,Flow305,38,0.5266978922716629,5
2,1,Flow305,39,0.5266978922716629,5
2,1,Flow305,40,0.5583928571428572,5
2,1,Flow305,41,0.7756641986062716,5
2,1,Flow305,42,0.7756641986062716,5
2,1,Flow305,43,0.8655829253365971,5
2,1,Flow305,44,0.841003671970624,5
2,1,Flow305,45,1.7252141982864135,5
2,1,Flow305,46,1.7252141982864135,5
2,1,Flow305,47,1.5973684210526315,5
2,1,Flow305,48,1.5973684210526315,5
2,1,Flow305,49,1.0026315789473683,5
2,1,Flow305,50,1.0026315789473683,5
2,1,Flow305,51,1.1052552808563036,5
2,1,Flow305,52,1.1052552808563036,5
2,1,Flow305,53,1.0887724891079558,5
2,1,Flow305,54,0.8960521487705104,5
2,1,Flow305,55,0.8960521487705104,5
2,1,Flow305,56,0.9686647539174574,5
2,1,Flow305,57,0.9686647539174574,5
2,1,Flow305,58,0.9686647539174574,5
2,1,Flow305,59,0.9686647539174574,5
2,1,Flow305,60,0.9686647539174574,5
3,1,Flow305,1,2.0,5
3,1,Flow305,2,2.0,5
3,1,Flow305,3,2.0,5
3,1,Flow305,4,2.0,5
3,1,Flow305,5,1.2142857142857142,5
3,1,Flow305,6,1.2142857142857142,5
3,1,Flow305,7,0.5250000000000001,5
3,1,Flow305,8,0.3405868856418306,5
3,1,Flow305,9,0.3405868856418306,5
3,1,Flow305,10,0.3405868856418306,5
3,1,Flow305,11,0.47909059814885835,5
3,1,Flow305,12,0.47909059814885835,5
3,1,Flow305,13,0.8539210936802105,5
3,1,Flow305,14,0.8539210936802105,5
3,1,Flow305,15,0.8539210936802105,5
3,1,Flow305,16,0.8206493426764776,5
3,1,Flow305,17,0.5260286225402504,5
3,1,Flow305,18,0.40147128618889416,5
3,1,Flow305,19,0.40147128618889416,5
3,1,Flow305,20,0.40147128618889416,5
3,1,Flow305,21,0.40147128618889416,5
3,1,Flow305,22,0.40147128618889416,5
3,1,Flow305,23,0.5211794019933557,5
3,1,Flow305,24,0.5211794019933557,5
3,1,Flow305,25,0.5047366047179327,5
3,1,Flow305,26,0.5047366047179327,5
3,1,Flow305,27,0.7615384615384616,5
3,1,Flow305,28,0.7615384615384616,5
3,1,Flow305,29,0.6412064570943075,5
3,1,Flow305,30,0.6412064570943075,5
3,1,Flow305,31,0.6412064570943075,5
3,1,Flow305,32,0.6412064570943075,5
3,1,Flow305,33,0.6412064570943075,5
3,1,Flow305,34,0.6412064570943075,5
3,1,Flow305,35,0.9496044303797468,5
3,1,Flow305,36,1.2158536585365853,5
3,1,Flow305,37,1.15,5
3,1,Flow305,38,1.15,5
3,1,Flow305,39,1.15,5
3,1,Flow305,40,1.260163551401869,5
3,1,Flow305,41,1.260163551401869,5
3,1,Flow305,42,1.260163551401869,5
3,1,Flow305,43,1.260163551401869,5
3,1,Flow305,44,1.260163551401869,5
3,1,Flow305,45,1.260163551401869,5
3,1,Flow305,46,1.1346153846153846,5
3,1,Flow305,47,0.775986842105263,5
3,1,Flow305,48,0.775986842105263,5
3,1,Flow305,49,1.1552631578947368,5
3,1,Flow305,50,1.1552631578947368,5
3,1,Flow305,51,1.175,5
3,1,Flow305,52,1.175,5
3,1,Flow305,53,1.175,5
3,1,Flow305,54,1.175,5
3,1,Flow305,55,1.175,5
3,1,Flow305,56,1.175,5
3,1,Flow305,57,1.175,5
3,1,Flow305,58,1.175,5
3,1,Flow305,59,1.175,5
3,1,Flow305,60,1.2554878048780487,5
4,1,Flow305,1,2.0,5
4,1,Flow305,2,2.0,5
4,1,Flow305,3,2.0,5
4,1,Flow305,4,2.0,5
4,1,Flow305,5,2.0,5
4,1,Flow305,6,2.0,5
4,1,Flow305,7,1.1,5
4,1,Flow305,8,0.40606060606060607,5
4,1,Flow305,9,0.41056060606060624,5
4,1,Flow305,10,0.41056060606060624,5
4,1,Flow305,11,0.40606060606060607,5
4,1,Flow305,12,0.40606060606060607,5
4,1,Flow305,13,0.40606060606060607,5
4,1,Flow305,14,0.3271333333333333,5
4,1,Flow305,15,0.3271333333333333,5
4,1,Flow305,16,0.33713333333333323,5
4,1,Flow305,17,0.5133333333333333,5
4,1,Flow305,18,0.5133333333333333,5
4,1,Flow305,19,0.5133333333333333,5
4,1,Flow305,20,0.5133333333333333,5
4,1,Flow305,21,0.5133333333333333,5
4,1,Flow305,22,0.45336297760210814,5
4,1,Flow305,23,0.45336297760210814,5
4,1,Flow305,24,0.45336297760210814,5
4,1,Flow305,25,0.45336297760210814,5
4,1,Flow305,26,0.45336297760210814,5
4,1,Flow305,27,0.45336297760210814,5
4,1,Flow305,28,0.45336297760210814,5
4,1,Flow305,29,0.5708333333333334,5
4,1,Flow305,30,0.5708333333333334,5
4,1,Flow305,31,1.1933333333333334,5
4,1,Flow305,32,1.1933333333333334,5
4,1,Flow305,33,1.1933333333333334,5
4,1,Flow305,34,1.1933333333333334,5
4,1,Flow305,35,0.8558333333333333,5
4,1,Flow305,36,0.438743169398907,5
4,1,Flow305,37,0.438743169398907,5
4,1,Flow305,38,0.6193333333333333,5
4,1,Flow305,39,0.7914583333333333,5
4,1,Flow305,40,0.7914583333333333,5
4,1,Flow305,41,0.7914583333333333,5
4,1,Flow305,42,0.7914583333333333,5
4,1,Flow305,43,0.7914583333333333,5
4,1,Flow305,44,0.7849583333333333,5
4,1,Flow305,45,0.7849583333333333,5
4,1,Flow305,46,0.7967156862745097,5
4,1,Flow305,47,0.5962942492433214,5
4,1,Flow305,48,0.5962942492433214,5
4,1,Flow305,49,0.5962942492433214,5
4,1,Flow305,50,0.5962942492433214,5
4,1,Flow305,51,0.5962942492433214,5
4,1,Flow305,52,0.2588218390804597,5
4,1,Flow305,53,0.16944444444444445,5
4,1,Flow305,54,0.16944444444444445,5
4,1,Flow305,55,0.16944444444444445,5
4,1,Flow305,56,0.16944444444444445,5
4,1,Flow305,57,0.4888273279705522,5
4,1,Flow305,58,0.4888273279705522,5
4,1,Flow305,59,0.4888273279705522,5
4,1,Flow305,60,0.4888273279705522,5
5,2,Flow305,1,2.0,5
5,2,Flow305,2,2.0,5
5,2,Flow305,3,2.0,5
5,2,Flow305,4,2.0,5
5,2,Flow305,5,2.0,5
5,2,Flow305,6,2.0,5
5,2,Flow305,7,2.0,5
5,2,Flow305,8,2.0,5
5,2,Flow305,9,1.3217391304347825,5
5,2,Flow305,10,1.3217391304347825,5
5,2,Flow305,11,0.9050648613076835,5
5,2,Flow305,12,0.4651811335430608,5
5,2,Flow305,13,0.8975668752287194,5
5,2,Flow305,14,0.7706891098850898,5
5,2,Flow305,15,0.7706891098850898,5
5,2,Flow305,16,0.9459426479560709,5
5,2,Flow305,17,0.9459426479560709,5
5,2,Flow305,18,0.9459426479560709,5
5,2,Flow305,19,0.7536985609694522,5
5,2,Flow305,20,0.7536985609694522,5
5,2,Flow305,21,0.7536985609694522,5
5,2,Flow305,22,0.6356979558902637,5
5,2,Flow305,23,0.6394665854507485,5
5,2,Flow305,24,0.6394665854507485,5
5,2,Flow305,25,0.6699547511312218,5
5,2,Flow305,26,0.3143683702989392,5
5,2,Flow305,27,0.3143683702989392,5
5,2,Flow305,28,0.3143683702989392,5
5,2,Flow305,29,0.3143683702989392,5
5,2,Flow305,30,0.2592213114754099,5
5,2,Flow305,31,0.2592213114754099,5
5,2,Flow305,32,0.2592213114754099,5
5,2,Flow305,33,0.2967213114754097,5
5,2,Flow305,34,0.3300546448087431,5
5,2,Flow305,35,0.3300546448087431,5
5,2,Flow305,36,0.7869918699186992,5
5,2,Flow305,37,0.7869918699186992,5
5,2,Flow305,38,0.7924119241192412,5
5,2,Flow305,39,0.7924119241192412,5
5,2,Flow305,40,0.48784261260334116,5
5,2,Flow305,41,0.656580269238497,5
5,2,Flow305,42,0.6443037974683545,5
5,2,Flow305,43,0.661087938825165,5
5,2,Flow305,44,0.661087938825165,5
5,2,Flow305,45,0.661087938825165,5
5,2,Flow305,46,0.5874899327721119,5
5,2,Flow305,47,0.5874899327721119,5
5,2,Flow305,48,0.5874899327721119,5
5,2,Flow305,49,0.6091549295774646,5
5,2,Flow305,50,0.6091549295774646,5
5,2,Flow305,51,0.4670761640682862,5
5,2,Flow305,52,0.4670761640682862,5
5,2,Flow305,53,0.4670761640682862,5
5,2,Flow305,54,0.7100861164152302,5
5,2,Flow305,55,0.5929079884428663,5
5,2,Flow305,56,0.6461733203505353,5
5,2,Flow305,57,0.8384000409983088,5
5,2,Flow305,58,0.8384000409983088,5
5,2,Flow305,59,0.8384000409983088,5
5,2,Flow305,60,0.8384000409983088,5
6,2,Flow305,1,2.0,5
6,2,Flow305,2,2.0,5
6,2,Flow305,3,2.0,5
6,2,Flow305,4,2.0,5
6,2,Flow305,5,2.0,5
6,2,Flow305,6,0.8560000000000001,5
6,2,Flow305,7,0.8560000000000001,5
6,2,Flow305,8,0.9125246431457044,5
6,2,Flow305,9,0.47917903930131,5
6,2,Flow305,10,0.4975876908947476,5
6,2,Flow305,11,0.4975876908947476,5
6,2,Flow305,12,0.5420152702431181,5
6,2,Flow305,13,0.5420152702431181,5
6,2,Flow305,14,0.7271576227390181,5
6,2,Flow305,15,0.7271576227390181,5
6,2,Flow305,16,0.7271576227390181,5
6,2,Flow305,17,0.6651501364877161,5
6,2,Flow305,18,0.6651501364877161,5
6,2,Flow305,19,0.6651501364877161,5
6,2,Flow305,20,0.4620680414002618,5
6,2,Flow305,21,0.4620680414002618,5
6,2,Flow305,22,0.4620680414002618,5
6,2,Flow305,23,0.46103619650789474,5
6,2,Flow305,24,0.5055021426449999,5
6,2,Flow305,25,0.5055021426449999,5
6,2,Flow305,26,0.5326946412660698,5
6,2,Flow305,27,0.4010667634252541,5
6,2,Flow305,28,0.4010667634252541,5
6,2,Flow305,29,0.4010667634252541,5
6,2,Flow305,30,0.46172602433850624,5
6,2,Flow305,31,0.46172602433850624,5
6,2,Flow305,32,0.46172602433850624,5
6,2,Flow305,33,0.5666666666666667,5
6,2,Flow305,34,0.5666666666666667,5
6,2,Flow305,35,0.4155852261328935,5
6,2,Flow305,36,0.5374763167866616,5
6,2,Flow305,37,0.5374763167866616,5
6,2,Flow305,38,0.5374763167866616,5
6,2,Flow305,39,0.5383322559793149,5
6,2,Flow305,40,0.5689332143113657,5
6,2,Flow305,41,0.5689332143113657,5
6,2,Flow305,42,0.684577690725413,5
6,2,Flow305,43,0.684577690725413,5
6,2,Flow305,44,0.684577690725413,5
6,2,Flow305,45,0.684577690725413,5
6,2,Flow305,46,0.9137151156759001,5
6,2,Flow305,47,0.9137151156759001,5
6,2,Flow305,48,0.9137151156759001,5
6,2,Flow305,49,0.5538302930928469,5
6,2,Flow305,50,0.5538302930928469,5
6,2,Flow305,51,0.5538302930928469,5
6,2,Flow305,52,0.5538302930928469,5
6,2,Flow305,53,0.9137151156759001,5
6,2,Flow305,54,0.5363636363636364,5
6,2,Flow305,55,0.9137151156759001,5
6,2,Flow305,56,0.859805271677418,5
6,2,Flow305,57,0.859805271677418,5
6,2,Flow305,58,0.45209555897546333,5
6,2,Flow305,59,0.42428571428571427,5
6,2,Flow305,60,0.42428571428571427,5
7,2,Flow305,1,2.0,5
7,2,Flow305,2,2.0,5
7,2,Flow305,3,2.0,5
7,2,Flow305,4,2.0,5
7,2,Flow305,5,1.1666666666666665,5
7,2,Flow305,6,1.1666666666666665,5
7,2,Flow305,7,1.0886772606033284,5
7,2,Flow305,8,0.6740315201880298,5
7,2,Flow305,9,0.5609239374914429,5
7,2,Flow305,10,0.560769699223785,5
7,2,Flow305,11,0.142512077294686,5
7,2,Flow305,12,0.142512077294686,5
7,2,Flow305,13,0.6469651405712791,5
7,2,Flow305,14,0.6469651405712791,5
7,2,Flow305,15,0.6469651405712791,5
7,2,Flow305,16,0.3880382580382581,5
7,2,Flow305,17,0.3880382580382581,5
7,2,Flow305,18,0.3880382580382581,5
7,2,Flow305,19,0.3880382580382581,5
7,2,Flow305,20,0.3790638990638991,5
7,2,Flow305,21,0.45020512820512815,5
7,2,Flow305,22,0.45020512820512815,5
7,2,Flow305,23,0.45020512820512815,5
7,2,Flow305,24,0.3158633033633034,5
7,2,Flow305,25,0.4464728916167765,5
7,2,Flow305,26,0.4464728916167765,5
7,2,Flow305,27,0.5391501709874703,5
7,2,Flow305,28,0.5391501709874703,5
7,2,Flow305,29,0.5391501709874703,5
7,2,Flow305,30,0.5391501709874703,5
7,2,Flow305,31,0.888106404363427,5
7,2,Flow305,32,0.3689640438355751,5
7,2,Flow305,33,0.2281227428674611,5
7,2,Flow305,34,0.2281227428674611,5
7,2,Flow305,35,0.3139610954789799,5
7,2,Flow305,36,0.687684537684538,5
7,2,Flow305,37,0.687684537684538,5
7,2,Flow305,38,0.687684537684538,5
7,2,Flow305,39,0.687684537684538,5
7,2,Flow305,40,0.6397078411784298,5
7,2,Flow305,41,0.6236352052274976,5
7,2,Flow305,42,0.3592667911058715,5
7,2,Flow305,43,0.3592667911058715,5
7,2,Flow305,44,0.3592667911058715,5
7,2,Flow305,45,0.7827261143184068,5
7,2,Flow305,46,0.7301087801087801,5
7,2,Flow305,47,0.7301087801087801,5
7,2,Flow305,48,0.526886236368995,5
7,2,Flow305,49,0.526886236368995,5
7,2,Flow305,50,0.526886236368995,5
7,2,Flow305,51,0.526886236368995,5
7,2,Flow305,52,0.6994857481699588,5
7,2,Flow305,53,0.6994857481699588,5
7,2,Flow305,54,0.6994857481699588,5
7,2,Flow305,55,0.6994857481699588,5
7,2,Flow305,56,0.6994857481699588,5
7,2,Flow305,57,0.6994857481699588,5
7,2,Flow305,58,0.6994857481699588,5
7,2,Flow305,59,0.6994857481699588,5
7,2,Flow305,60,0.6483495431771296,5
8,2,Flow305,1,2.0,5
8,2,Flow305,2,2.0,5
8,2,Flow305,3,2.0,5
8,2,Flow305,4,2.0,5
8,2,Flow305,5,1.7936507936507937,5
8,2,Flow305,6,1.0585156585156585,5
8,2,Flow305,7,0.5240690441794873,5
8,2,Flow305,8,0.49421868067715985,5
8,2,Flow305,9,0.5949912406434146,5
8,2,Flow305,10,0.5949912406434146,5
8,2,Flow305,11,0.3635897435897434,5
8,2,Flow305,12,0.3635897435897434,5
8,2,Flow305,13,0.3635897435897434,5
8,2,Flow305,14,0.3635897435897434,5
8,2,Flow305,15,0.3564102564102563,5
8,2,Flow305,16,0.3485470085470085,5
8,2,Flow305,17,0.3485470085470085,5
8,2,Flow305,18,0.31299145299145287,5
8,2,Flow305,19,0.31299145299145287,5
8,2,Flow305,20,0.3292307692307692,5
8,2,Flow305,21,0.3292307692307692,5
8,2,Flow305,22,0.3292307692307692,5
8,2,Flow305,23,0.4042307692307693,5
8,2,Flow305,24,0.4042307692307693,5
8,2,Flow305,25,0.4042307692307693,5
8,2,Flow305,26,0.4042307692307693,5
8,2,Flow305,27,0.4042307692307693,5
8,2,Flow305,28,0.4042307692307693,5
8,2,Flow305,29,0.4042307692307693,5
8,2,Flow305,30,0.4042307692307693,5
8,2,Flow305,31,0.3837584166496633,5
8,2,Flow305,32,0.3837584166496633,5
8,2,Flow305,33,0.4999550157444895,5
8,2,Flow305,34,0.36352657004830924,5
8,2,Flow305,35,0.3407559113972519,5
8,2,Flow305,36,0.3407559113972519,5
8,2,Flow305,37,0.3407559113972519,5
8,2,Flow305,38,0.7570111883966055,5
8,2,Flow305,39,0.7570111883966055,5
8,2,Flow305,40,0.7570111883966055,5
8,2,Flow305,41,0.8113532503302323,5
8,2,Flow305,42,0.8113532503302323,5
8,2,Flow305,43,0.8113532503302323,5
8,2,Flow305,44,0.8113532503302323,5
8,2,Flow305,45,0.8113532503302323,5
8,2,Flow305,46,0.5673156926047732,5
8,2,Flow305,47,0.5673156926047732,5
8,2,Flow305,48,0.5299805480278158,5
8,2,Flow305,49,0.49375924867456555,5
8,2,Flow305,50,0.5315126495183656,5
8,2,Flow305,51,0.5315126495183656,5
8,2,Flow305,52,0.5315126495183656,5
8,2,Flow305,53,0.5315126495183656,5
8,2,Flow305,54,0.5457001627214393,5
8,2,Flow305,55,0.5457001627214393,5
8,2,Flow305,56,0.538957789592791,5
8,2,Flow305,57,0.5438033377454257,5
8,2,Flow305,58,0.5438033377454257,5
8,2,Flow305,59,0.5438033377454257,5
8,2,Flow305,60,0.5438033377454257,5
9,3,Flow305,1,2.0,5
9,3,Flow305,2,2.0,5
9,3,Flow305,3,2.0,5
9,3,Flow305,4,2.0,5
9,3,Flow305,5,2.0,5
9,3,Flow305,6,1.0,5
9,3,Flow305,7,1.0666666666666667,5
9,3,Flow305,8,1.0666666666666667,5
9,3,Flow305,9,0.528846153846154,5
9,3,Flow305,10,0.5288461538461536,5
9,3,Flow305,11,0.5288461538461536,5
9,3,Flow305,12,0.5288461538461539,5
9,3,Flow305,13,0.5288461538461539,5
9,3,Flow305,14,0.5288461538461539,5
9,3,Flow305,15,0.5288461538461539,5
9,3,Flow305,16,0.5288461538461539,5
9,3,Flow305,17,0.5791794687260685,5
9,3,Flow305,18,0.5791794687260685,5
9,3,Flow305,19,0.5791794687260685,5
9,3,Flow305,20,0.8343302792924959,5
9,3,Flow305,21,0.8343302792924959,5
9,3,Flow305,22,0.8343302792924959,5
9,3,Flow305,23,0.8343302792924959,5
9,3,Flow305,24,0.4319999999999998,5
9,3,Flow305,25,0.5538461538461537,5
9,3,Flow305,26,0.5538461538461537,5
9,3,Flow305,27,0.5538461538461537,5
9,3,Flow305,28,0.45160593792172765,5
9,3,Flow305,29,0.45160593792172765,5
9,3,Flow305,30,0.26574358974358975,5
9,3,Flow305,31,0.26574358974358975,5
9,3,Flow305,32,0.28684249084249097,5
9,3,Flow305,33,0.28684249084249097,5
9,3,Flow305,34,0.28684249084249097,5
9,3,Flow305,35,0.27893040293040305,5
9,3,Flow305,36,0.27893040293040305,5
9,3,Flow305,37,0.2619762351469669,5
9,3,Flow305,38,0.2619762351469669,5
9,3,Flow305,39,0.2619762351469669,5
9,3,Flow305,40,0.2619762351469669,5
9,3,Flow305,41,0.42051282051282063,5
9,3,Flow305,42,0.42051282051282063,5
9,3,Flow305,43,0.42051282051282046,5
9,3,Flow305,44,0.6216687742460938,5
9,3,Flow305,45,0.6216687742460938,5
9,3,Flow305,46,0.6102564102564103,5
9,3,Flow305,47,0.4133136094674555,5
9,3,Flow305,48,0.4133136094674555,5
9,3,Flow305,49,0.4488165680473373,5
9,3,Flow305,50,0.43840236686390527,5
9,3,Flow305,51,0.43366863905325453,5
9,3,Flow305,52,0.43366863905325453,5
9,3,Flow305,53,0.43366863905325453,5
9,3,Flow305,54,0.5651433931921737,5
9,3,Flow305,55,0.5842401500938086,5
9,3,Flow305,56,0.5842401500938086,5
9,3,Flow305,57,0.5842401500938086,5
9,3,Flow305,58,0.6259666259666259,5
9,3,Flow305,59,0.6259666259666259,5
9,3,Flow305,60,0.6259666259666259,5
10,3,Flow305,1,2.0,5
10,3,Flow305,2,2.0,5
10,3,Flow305,3,2.0,5
10,3,Flow305,4,2.0,5
10,3,Flow305,5,1.35,5
10,3,Flow305,6,1.35,5
10,3,Flow305,7,1.35,5
10,3,Flow305,8,0.23838499808649063,5
10,3,Flow305,9,0.4717948717948718,5
10,3,Flow305,10,0.2833333333333334,5
10,3,Flow305,11,0.2753451676528599,5
10,3,Flow305,12,0.7207792207792207,5
10,3,Flow305,13,0.7207792207792207,5
10,3,Flow305,14,0.5083333333333334,5
10,3,Flow305,15,0.45181411671477856,5
10,3,Flow305,16,0.45181411671477856,5
10,3,Flow305,17,0.45181411671477856,5
10,3,Flow305,18,0.21111111111111108,5
10,3,Flow305,19,0.21111111111111108,5
10,3,Flow305,20,0.21111111111111108,5
10,3,Flow305,21,0.21111111111111108,5
10,3,Flow305,22,0.21111111111111108,5
10,3,Flow305,23,0.21111111111111108,5
10,3,Flow305,24,0.21111111111111108,5
10,3,Flow305,25,0.4631716766839894,5
10,3,Flow305,26,0.4631716766839894,5
10,3,Flow305,27,0.4631716766839894,5
10,3,Flow305,28,0.4631716766839894,5
10,3,Flow305,29,0.4631716766839894,5
10,3,Flow305,30,0.6933158201984823,5
10,3,Flow305,31,0.6933158201984823,5
10,3,Flow305,32,0.6933158201984823,5
10,3,Flow305,33,0.696186231713852,5
10,3,Flow305,34,0.30980392156862735,5
10,3,Flow305,35,0.30980392156862735,5
10,3,Flow305,36,0.30980392156862735,5
10,3,Flow305,37,0.2934711653644886,5
10,3,Flow305,38,0.2764705882352942,5
10,3,Flow305,39,0.2764705882352942,5
10,3,Flow305,40,0.2764705882352942,5
10,3,Flow305,41,0.682967032967033,5
10,3,Flow305,42,0.4146966854283929,5
10,3,Flow305,43,0.4146966854283929,5
10,3,Flow305,44,0.39282051282051295,5
10,3,Flow305,45,0.39282051282051295,5
10,3,Flow305,46,0.39282051282051295,5
10,3,Flow305,47,0.39282051282051295,5
10,3,Flow305,48,0.6977346278317151,5
10,3,Flow305,49,0.6977346278317151,5
10,3,Flow305,50,0.6977346278317151,5
10,3,Flow305,51,0.6977346278317151,5
10,3,Flow305,52,0.6977346278317151,5
10,3,Flow305,53,0.6977346278317151,5
10,3,Flow305,54,0.1916666666666666,5
10,3,Flow305,55,0.1916666666666666,5
10,3,Flow305,56,0.1916666666666666,5
10,3,Flow305,57,0.1916666666666666,5
10,3,Flow305,58,1.195576923076923,5
10,3,Flow305,59,1.195576923076923,5
10,3,Flow305,60,1.195576923076923,5
11,3,Flow305,1,2.0,5
11,3,Flow305,2,2.0,5
11,3,Flow305,3,2.0,5
11,3,Flow305,4,2.0,5
11,3,Flow305,5,0.5270833333333332,5
11,3,Flow305,6,0.5833333333333334,5
11,3,Flow305,7,0.3150793650793652,5
11,3,Flow305,8,0.315079365079365,5
11,3,Flow305,9,0.18418478260869559,5
11,3,Flow305,10,0.18418478260869559,5
11,3,Flow305,11,0.18418478260869559,5
11,3,Flow305,12,0.18418478260869559,5
11,3,Flow305,13,0.39120106613360023,5
11,3,Flow305,14,0.6374316744241548,5
11,3,Flow305,15,0.6374316744241548,5
11,3,Flow305,16,0.6374316744241548,5
11,3,Flow305,17,0.6374316744241548,5
11,3,Flow305,18,0.24602594974112008,5
11,3,Flow305,19,0.24602594974112008,5
11,3,Flow305,20,0.268421052631579,5
11,3,Flow305,21,0.268421052631579,5
11,3,Flow305,22,0.5140028739632436,5
11,3,Flow305,23,0.5140028739632436,5
11,3,Flow305,24,0.5140028739632436,5
11,3,Flow305,25,0.652967398539534,5
11,3,Flow305,26,0.652967398539534,5
11,3,Flow305,27,0.652967398539534,5
11,3,Flow305,28,0.5663176929665937,5
11,3,Flow305,29,0.3035087719298245,5
11,3,Flow305,30,0.3035087719298245,5
11,3,Flow305,31,0.24795321637426904,5
11,3,Flow305,32,0.47017543859649125,5
11,3,Flow305,33,0.47017543859649125,5
11,3,Flow305,34,0.47017543859649125,5
11,3,Flow305,35,0.4701754385964912,5
11,3,Flow305,36,0.4701754385964912,5
11,3,Flow305,37,0.22114175133043065,5
11,3,Flow305,38,0.22114175133043065,5
11,3,Flow305,39,0.1796988196988198,5
11,3,Flow305,40,0.1796988196988198,5
11,3,Flow305,41,0.1796988196988198,5
11,3,Flow305,42,0.2333333333333334,5
11,3,Flow305,43,0.7050441009589463,5
11,3,Flow305,44,0.7050441009589463,5
11,3,Flow305,45,0.7050441009589463,5
11,3,Flow305,46,0.7050441009589463,5
11,3,Flow305,47,0.7050441009589463,5
11,3,Flow305,48,0.7050441009589463,5
11,3,Flow305,49,0.8369834087481147,5
11,3,Flow305,50,0.8369834087481147,5
11,3,Flow305,51,0.8369834087481147,5
11,3,Flow305,52,0.8369834087481147,5
11,3,Flow305,53,0.41716086520555784,5
11,3,Flow305,54,0.41716086520555784,5
11,3,Flow305,55,0.41716086520555784,5
11,3,Flow305,56,0.3791666666666666,5
11,3,Flow305,57,0.3791666666666666,5
11,3,Flow305,58,0.3791666666666666,5
11,3,Flow305,59,0.3791666666666666,5
11,3,Flow305,60,0.3791666666666666,5
12,3,Flow305,1,2.0,5
12,3,Flow305,2,2.0,5
12,3,Flow305,3,2.0,5
12,3,Flow305,4,2.0,5
12,3,Flow305,5,1.2105263157894737,5
12,3,Flow305,6,1.175,5
12,3,Flow305,7,1.1705621301775149,5
12,3,Flow305,8,1.1705621301775149,5
12,3,Flow305,9,0.5567181496759954,5
12,3,Flow305,10,0.5567181496759954,5
12,3,Flow305,11,0.5567181496759954,5
12,3,Flow305,12,0.1455835616450451,5
12,3,Flow305,13,0.3914890330552982,5
12,3,Flow305,14,0.3914890330552982,5
12,3,Flow305,15,0.3914890330552982,5
12,3,Flow305,16,0.3914890330552982,5
12,3,Flow305,17,0.3914890330552982,5
12,3,Flow305,18,0.796989966555184,5
12,3,Flow305,19,0.796989966555184,5
12,3,Flow305,20,0.42631036968386393,5
12,3,Flow305,21,0.6628624702629717,5
12,3,Flow305,22,0.2236477115117891,5
12,3,Flow305,23,0.2236477115117891,5
12,3,Flow305,24,0.2236477115117891,5
12,3,Flow305,25,0.2236477115117891,5
12,3,Flow305,26,0.2236477115117891,5
12,3,Flow305,27,0.26143578643578647,5
12,3,Flow305,28,0.2754106512521039,5
12,3,Flow305,29,0.38876641651031896,5
12,3,Flow305,30,0.38876641651031896,5
12,3,Flow305,31,0.38876641651031896,5
12,3,Flow305,32,0.38876641651031896,5
12,3,Flow305,33,0.8299619080106886,5
12,3,Flow305,34,0.8299619080106886,5
12,3,Flow305,35,0.28179773179773165,5
12,3,Flow305,36,0.28179773179773165,5
12,3,Flow305,37,0.25922515922515926,5
12,3,Flow305,38,0.25922515922515926,5
12,3,Flow305,39,0.2523983323983323,5
12,3,Flow305,40,0.2523983323983323,5
12,3,Flow305,41,0.2523983323983323,5
12,3,Flow305,42,0.24492301736204175,5
12,3,Flow305,43,0.24492301736204175,5
12,3,Flow305,44,0.24492301736204175,5
12,3,Flow305,45,0.24492301736204175,5
12,3,Flow305,46,0.30084678084678085,5
12,3,Flow305,47,0.30084678084678085,5
12,3,Flow305,48,0.30084678084678085,5
12,3,Flow305,49,0.30084678084678085,5
12,3,Flow305,50,0.24492301736204175,5
12,3,Flow305,51,0.24492301736204175,5
12,3,Flow305,52,0.3953314571607255,5
12,3,Flow305,53,0.3953314571607255,5
12,3,Flow305,54,0.3953314571607255,5
12,3,Flow305,55,0.8299619080106886,5
12,3,Flow305,56,0.5059720007088429,5
12,3,Flow305,57,0.346531713900135,5
12,3,Flow305,58,0.27989304812834226,5
12,3,Flow305,59,0.27989304812834226,5
12,3,Flow305,60,0.27989304812834226,5
13,4,Flow305,1,2.0,5
13,4,Flow305,2,2.0,5
13,4,Flow305,3,2.0,5
13,4,Flow305,4,2.0,5
13,4,Flow305,5,1.0,5
13,4,Flow305,6,0.4714285714285714,5
13,4,Flow305,7,0.4714285714285714,5
13,4,Flow305,8,0.15838509316770183,5
13,4,Flow305,9,0.15838509316770183,5
13,4,Flow305,10,0.14339826839826833,5
13,4,Flow305,11,0.14339826839826833,5
13,4,Flow305,12,0.13900409722745896,5
13,4,Flow305,13,0.13900409722745896,5
13,4,Flow305,14,0.11264011589246695,5
13,4,Flow305,15,0.13184653184653178,5
13,4,Flow305,16,0.11604235814762127,5
13,4,Flow305,17,0.11604235814762127,5
13,4,Flow305,18,0.11604235814762127,5
13,4,Flow305,19,0.14844877344877333,5
13,4,Flow305,20,0.17280025284450068,5
13,4,Flow305,21,0.17280025284450068,5
13,4,Flow305,22,0.1616432178932179,5
13,4,Flow305,23,0.1616432178932179,5
13,4,Flow305,24,0.1616432178932179,5
13,4,Flow305,25,0.14062049062049056,5
13,4,Flow305,26,0.12745203514434272,5
13,4,Flow305,27,0.13021337636722255,5
13,4,Flow305,28,0.13021337636722255,5
13,4,Flow305,29,0.33566433566433573,5
13,4,Flow305,30,0.33566433566433557,5
13,4,Flow305,31,0.33566433566433557,5
13,4,Flow305,32,0.33566433566433557,5
13,4,Flow305,33,0.21836228287841203,5
13,4,Flow305,34,0.18955223880597014,5
13,4,Flow305,35,0.18955223880597014,5
13,4,Flow305,36,0.253846153846154,5
13,4,Flow305,37,0.253846153846154,5
13,4,Flow305,38,0.2822006182518706,5
13,4,Flow305,39,0.2822006182518706,5
13,4,Flow305,40,0.2822006182518706,5
13,4,Flow305,41,0.2822006182518706,5
13,4,Flow305,42,0.2822006182518706,5
13,4,Flow305,43,0.43915787183113936,5
13,4,Flow305,44,0.8533385396329558,5
13,4,Flow305,45,0.8533385396329558,5
13,4,Flow305,46,0.8195388615346518,5
13,4,Flow305,47,0.8195388615346518,5
13,4,Flow305,48,0.8533385396329558,5
13,4,Flow305,49,0.2871794871794872,5
13,4,Flow305,50,0.2871794871794872,5
13,4,Flow305,51,0.2871794871794872,5
13,4,Flow305,52,0.2871794871794872,5
13,4,Flow305,53,0.2845604395604395,5
13,4,Flow305,54,0.2845604395604395,5
13,4,Flow305,55,0.2845604395604395,5
13,4,Flow305,56,0.2845604395604395,5
13,4,Flow305,57,0.2845604395604395,5
13,4,Flow305,58,0.2845604395604395,5
13,4,Flow305,59,0.2845604395604395,5
13,4,Flow305,60,0.2845604395604395,5
14,4,Flow305,1,2.0,5
14,4,Flow305,2,2.0,5
14,4,Flow305,3,2.0,5
14,4,Flow305,4,2.0,5
14,4,Flow305,5,1.3034482758620691,5
14,4,Flow305,6,0.44598372770848005,5
14,4,Flow305,7,0.19655433676408246,5
14,4,Flow305,8,0.19655433676408246,5
14,4,Flow305,9,0.132631844244219,5
14,4,Flow305,10,0.132631844244219,5
14,4,Flow305,11,0.18178438661710034,5
14,4,Flow305,12,0.18178438661710034,5
14,4,Flow305,13,0.18178438661710034,5
14,4,Flow305,14,0.18178438661710034,5
14,4,Flow305,15,0.18178438661710042,5
14,4,Flow305,16,0.13892724375995763,5
14,4,Flow305,17,0.13892724375995763,5
14,4,Flow305,18,0.13892724375995763,5
14,4,Flow305,19,0.13892724375995763,5
14,4,Flow305,20,0.13892724375995763,5
14,4,Flow305,21,0.13892724375995763,5
14,4,Flow305,22,0.13892724375995763,5
14,4,Flow305,23,0.3966283099616428,5
14,4,Flow305,24,0.3966283099616428,5
14,4,Flow305,25,0.3966283099616428,5
14,4,Flow305,26,0.3966283099616428,5
14,4,Flow305,27,0.3966283099616428,5
14,4,Flow305,28,0.22941176470588234,5
14,4,Flow305,29,0.22941176470588234,5
14,4,Flow305,30,0.4969548238582643,5
14,4,Flow305,31,0.4969548238582643,5
14,4,Flow305,32,0.24182389937106913,5
14,4,Flow305,33,0.2676176127050186,5
14,4,Flow305,34,0.2676176127050186,5
14,4,Flow305,35,0.13484162895927607,5
14,4,Flow305,36,0.13484162895927598,5
14,4,Flow305,37,0.13484162895927598,5
14,4,Flow305,38,0.15641025641025647,5
14,4,Flow305,39,0.15641025641025647,5
14,4,Flow305,40,0.15641025641025647,5
14,4,Flow305,41,0.15641025641025647,5
14,4,Flow305,42,0.15641025641025638,5
14,4,Flow305,43,0.12617769827072153,5
14,4,Flow305,44,0.12617769827072153,5
14,4,Flow305,45,0.12617769827072153,5
14,4,Flow305,46,0.12617769827072145,5
14,4,Flow305,47,0.12617769827072145,5
14,4,Flow305,48,0.4390337016447142,5
14,4,Flow305,49,0.4390337016447142,5
14,4,Flow305,50,0.4390337016447142,5
14,4,Flow305,51,0.7256367055873364,5
14,4,Flow305,52,0.7256367055873364,5
14,4,Flow305,53,0.7256367055873364,5
14,4,Flow305,54,0.597467048608986,5
14,4,Flow305,55,0.6785714285714286,5
14,4,Flow305,56,0.6785714285714286,5
14,4,Flow305,57,0.675783808028706,5
14,4,Flow305,58,0.6702930402930403,5
14,4,Flow305,59,0.6702930402930403,5
14,4,Flow305,60,0.30541473728444773,5
15,4,Flow305,1,2.0,5
15,4,Flow305,2,2.0,5
15,4,Flow305,3,2.0,5
15,4,Flow305,4,2.0,5
15,4,Flow305,5,2.0,5
15,4,Flow305,6,1.4133333333333333,5
15,4,Flow305,7,0.41333333333333344,5
15,4,Flow305,8,0.41270903010033455,5
15,4,Flow305,9,0.41270903010033455,5
15,4,Flow305,10,0.19918246005202533,5
15,4,Flow305,11,0.19918246005202533,5
15,4,Flow305,12,0.19918246005202533,5
15,4,Flow305,13,0.19769518870642458,5
15,4,Flow305,14,0.19769518870642458,5
15,4,Flow305,15,0.19769518870642458,5
15,4,Flow305,16,0.19769518870642458,5
15,4,Flow305,17,0.19769518870642458,5
15,4,Flow305,18,0.19769518870642458,5
15,4,Flow305,19,0.19769518870642458,5
15,4,Flow305,20,0.2200000000000001,5
15,4,Flow305,21,0.2200000000000001,5
15,4,Flow305,22,0.2666666666666667,5
15,4,Flow305,23,0.2666666666666667,5
15,4,Flow305,24,0.7806060606060605,5
15,4,Flow305,25,0.8775425487754255,5
15,4,Flow305,26,0.5418298803728442,5
15,4,Flow305,27,0.5418298803728442,5
15,4,Flow305,28,0.16219178082191776,5
15,4,Flow305,29,0.16219178082191776,5
15,4,Flow305,30,0.16219178082191776,5
15,4,Flow305,31,0.16219178082191776,5
15,4,Flow305,32,0.2133333333333333,5
15,4,Flow305,33,0.2133333333333333,5
15,4,Flow305,34,0.2133333333333333,5
15,4,Flow305,35,0.2133333333333333,5
15,4,Flow305,36,0.2133333333333333,5
15,4,Flow305,37,0.16219178082191776,5
15,4,Flow305,38,0.16219178082191776,5
15,4,Flow305,39,0.16219178082191776,5
15,4,Flow305,40,0.16219178082191776,5
15,4,Flow305,41,0.16219178082191776,5
15,4,Flow305,42,0.16219178082191776,5
15,4,Flow305,43,0.16219178082191776,5
15,4,Flow305,44,0.16219178082191776,5
15,4,Flow305,45,0.2133333333333333,5
15,4,Flow305,46,0.2666666666666667,5
15,4,Flow305,47,0.2545454545454546,5
15,4,Flow305,48,0.2121212121212121,5
15,4,Flow305,49,0.2121212121212121,5
15,4,Flow305,50,0.2121212121212121,5
15,4,Flow305,51,0.2121212121212121,5
15,4,Flow305,52,0.2121212121212121,5
15,4,Flow305,53,0.2121212121212121,5
15,4,Flow305,54,0.25355339105339103,5
15,4,Flow305,55,0.7745454545454545,5
15,4,Flow305,56,0.7745454545454545,5
15,4,Flow305,57,0.7745454545454545,5
15,4,Flow305,58,0.7745454545454545,5
15,4,Flow305,59,0.7745454545454545,5
15,4,Flow305,60,0.7745454545454545,5
16,4,Flow305,1,2.0,5
16,4,Flow305,2,2.0,5
16,4,Flow305,3,2.0,5
16,4,Flow305,4,2.0,5
16,4,Flow305,5,2.0,5
16,4,Flow305,6,0.8515151515151516,5
16,4,Flow305,7,0.44666666666666666,5
16,4,Flow305,8,0.32442039442039433,5
16,4,Flow305,9,0.32442039442039433,5
16,4,Flow305,10,0.3509510066652924,5
16,4,Flow305,11,0.3509510066652924,5
16,4,Flow305,12,0.2659053116195976,5
16,4,Flow305,13,0.2659053116195976,5
16,4,Flow305,14,0.2659053116195976,5
16,4,Flow305,15,0.2659053116195976,5
16,4,Flow305,16,0.2659053116195976,5
16,4,Flow305,17,0.2659053116195976,5
16,4,Flow305,18,0.8406607488697034,5
16,4,Flow305,19,0.8406607488697034,5
16,4,Flow305,20,0.8509579806594727,5
16,4,Flow305,21,0.32693410293410297,5
16,4,Flow305,22,0.32693410293410297,5
16,4,Flow305,23,0.32693410293410297,5
16,4,Flow305,24,0.26355208961540005,5
16,4,Flow305,25,0.26355208961540005,5
16,4,Flow305,26,0.2727458661359094,5
16,4,Flow305,27,0.2727458661359094,5
16,4,Flow305,28,0.2727458661359094,5
16,4,Flow305,29,0.7317448680351907,5
16,4,Flow305,30,0.6696562687978,5
16,4,Flow305,31,0.6696562687978,5
16,4,Flow305,32,0.31693577566711895,5
16,4,Flow305,33,0.3062003618272275,5
16,4,Flow305,34,0.3777177747625508,5
16,4,Flow305,35,0.3777177747625508,5
16,4,Flow305,36,0.2049206349206349,5
16,4,Flow305,37,0.4773043122828529,5
16,4,Flow305,38,0.4773043122828529,5
16,4,Flow305,39,0.3754355400696864,5
16,4,Flow305,40,0.3754355400696864,5
16,4,Flow305,41,0.19049312315157801,5
16,4,Flow305,42,0.19049312315157801,5
16,4,Flow305,43,0.19049312315157801,5
16,4,Flow305,44,0.6745835144140229,5
16,4,Flow305,45,0.6745835144140229,5
16,4,Flow305,46,0.6745835144140229,5
16,4,Flow305,47,0.1897435897435898,5
16,4,Flow305,48,0.12307692307692308,5
16,4,Flow305,49,0.123076923076923,5
16,4,Flow305,50,0.123076923076923,5
16,4,Flow305,51,0.4333333333333334,5
16,4,Flow305,52,0.4333333333333334,5
16,4,Flow305,53,0.381911521173409,5
16,4,Flow305,54,0.381911521173409,5
16,4,Flow305,55,0.44196833032671884,5
16,4,Flow305,56,0.44196833032671884,5
16,4,Flow305,57,0.8511811023622048,5
16,4,Flow305,58,0.8511811023622048,5
16,4,Flow305,59,0.8511811023622048,5
16,4,Flow305,60,0.8511811023622048,5
17,5,Flow305,1,2.0,5
17,5,Flow305,2,2.0,5
17,5,Flow305,3,2.0,5
17,5,Flow305,4,2.0,5
17,5,Flow305,5,2.0,5
17,5,Flow305,6,1.1666666666666665,5
17,5,Flow305,7,0.6202898550724638,5
17,5,Flow305,8,0.6064412238325284,5
17,5,Flow305,9,0.510947841587228,5
17,5,Flow305,10,0.510947841587228,5
17,5,Flow305,11,1.175,5
17,5,Flow305,12,1.175,5
17,5,Flow305,13,1.48,5
17,5,Flow305,14,0.9075634920634922,5
17,5,Flow305,15,0.6464907904564609,5
17,5,Flow305,16,0.6114656645582432,5
17,5,Flow305,17,0.6114656645582432,5
17,5,Flow305,18,0.6114656645582432,5
17,5,Flow305,19,0.6222422342100327,5
17,5,Flow305,20,0.6435453970598501,5
17,5,Flow305,21,0.6192161820480406,5
17,5,Flow305,22,0.6192161820480406,5
17,5,Flow305,23,0.6192161820480406,5
17,5,Flow305,24,0.3653796868906346,5
17,5,Flow305,25,0.40248766363525146,5
17,5,Flow305,26,0.8940053523639608,5
17,5,Flow305,27,0.8940053523639608,5
17,5,Flow305,28,0.8940053523639608,5
17,5,Flow305,29,0.8940053523639608,5
17,5,Flow305,30,1.3393920972644378,5
17,5,Flow305,31,1.3393920972644378,5
17,5,Flow305,32,1.3393920972644378,5
17,5,Flow305,33,0.754266208046696,5
17,5,Flow305,34,0.9075338753387534,5
17,5,Flow305,35,0.9075338753387534,5
17,5,Flow305,36,0.9075338753387534,5
17,5,Flow305,37,1.5059078590785908,5
17,5,Flow305,38,1.085616010006254,5
17,5,Flow305,39,1.20187617260788,5
17,5,Flow305,40,1.20187617260788,5
17,5,Flow305,41,1.084796911876475,5
17,5,Flow305,42,1.084796911876475,5
17,5,Flow305,43,1.084796911876475,5
17,5,Flow305,44,0.7135234349393642,5
17,5,Flow305,45,0.7135234349393642,5
17,5,Flow305,46,0.7135234349393642,5
17,5,Flow305,47,1.080714285714286,5
17,5,Flow305,48,1.080714285714286,5
17,5,Flow305,49,1.132,5
17,5,Flow305,50,1.189233252623083,5
17,5,Flow305,51,1.189233252623083,5
17,5,Flow305,52,0.6720531636253437,5
17,5,Flow305,53,0.6720531636253437,5
17,5,Flow305,54,0.6720531636253437,5
17,5,Flow305,55,0.37672686066976874,5
17,5,Flow305,56,0.6720531636253437,5
17,5,Flow305,57,0.6720531636253437,5
17,5,Flow305,58,0.6909629629629631,5
17,5,Flow305,59,0.6909629629629631,5
17,5,Flow305,60,0.7333333333333334,5
18,5,Flow305,1,2.0,5
18,5,Flow305,2,2.0,5
18,5,Flow305,3,2.0,5
18,5,Flow305,4,2.0,5
18,5,Flow305,5,2.0,5
18,5,Flow305,6,0.6523809523809524,5
18,5,Flow305,7,0.3541729323308271,5
18,5,Flow305,8,0.35183850931676997,5
18,5,Flow305,9,0.35183850931676997,5
18,5,Flow305,10,0.47380952380952374,5
18,5,Flow305,11,0.47380952380952374,5
18,5,Flow305,12,0.47380952380952374,5
18,5,Flow305,13,0.47380952380952374,5
18,5,Flow305,14,0.47380952380952374,5
18,5,Flow305,15,0.15476190476190474,5
18,5,Flow305,16,0.15476190476190474,5
18,5,Flow305,17,0.47380952380952374,5
18,5,Flow305,18,0.47380952380952374,5
18,5,Flow305,19,0.5974358974358974,5
18,5,Flow305,20,0.5974358974358974,5
18,5,Flow305,21,0.5974358974358974,5
18,5,Flow305,22,0.5974358974358974,5
18,5,Flow305,23,0.5974358974358973,5
18,5,Flow305,24,0.5974358974358973,5
18,5,Flow305,25,0.2987455197132617,5
18,5,Flow305,26,0.2987455197132617,5
18,5,Flow305,27,0.2987455197132617,5
18,5,Flow305,28,0.5996661211129295,5
18,5,Flow305,29,0.7526515151515152,5
18,5,Flow305,30,0.7526515151515152,5
18,5,Flow305,31,0.7526515151515152,5
18,5,Flow305,32,0.6242735042735046,5
18,5,Flow305,33,0.3286249999999999,5
18,5,Flow305,34,0.3286249999999999,5
18,5,Flow305,35,0.19559891598915993,5
18,5,Flow305,36,0.19559891598915993,5
18,5,Flow305,37,0.19559891598915993,5
18,5,Flow305,38,0.33250225835591685,5
18,5,Flow305,39,0.33250225835591685,5
18,5,Flow305,40,0.33250225835591685,5
18,5,Flow305,41,0.33250225835591685,5
18,5,Flow305,42,0.33560519282168766,5
18,5,Flow305,43,1.1171248568155785,5
18,5,Flow305,44,1.1171248568155785,5
18,5,Flow305,45,0.7555555555555555,5
18,5,Flow305,46,0.6919107391910739,5
18,5,Flow305,47,0.6919107391910739,5
18,5,Flow305,48,0.6919107391910739,5
18,5,Flow305,49,0.7372022772162193,5
18,5,Flow305,50,0.640109746109746,5
18,5,Flow305,51,0.640109746109746,5
18,5,Flow305,52,0.640109746109746,5
18,5,Flow305,53,1.2042301184433166,5
18,5,Flow305,54,1.2042301184433166,5
18,5,Flow305,55,1.2042301184433166,5
18,5,Flow305,56,0.6754260717410322,5
18,5,Flow305,57,0.542153583894797,5
18,5,Flow305,58,0.542153583894797,5
18,5,Flow305,59,0.6334604735928386,5
18,5,Flow305,60,0.6334604735928386,5
19,5,Flow305,1,2.0,5
19,5,Flow305,2,2.0,5
19,5,Flow305,3,2.0,5
19,5,Flow305,4,2.0,5
19,5,Flow305,5,0.5249019607843136,5
19,5,Flow305,6,0.5249019607843136,5
19,5,Flow305,7,1.401993620414673,5
19,5,Flow305,8,0.9544890832095912,5
19,5,Flow305,9,0.9544890832095912,5
19,5,Flow305,10,0.7234327779930259,5
19,5,Flow305,11,0.6831325301204819,5
19,5,Flow305,12,0.6831325301204819,5
19,5,Flow305,13,0.6428571428571429,5
19,5,Flow305,14,0.6428571428571429,5
19,5,Flow305,15,0.7538461538461539,5
19,5,Flow305,16,0.7538461538461539,5
19,5,Flow305,17,0.6499999999999998,5
19,5,Flow305,18,0.6499999999999998,5
19,5,Flow305,19,0.6499999999999998,5
19,5,Flow305,20,0.6499999999999998,5
19,5,Flow305,21,0.6499999999999998,5
19,5,Flow305,22,0.7848039215686274,5
19,5,Flow305,23,0.7848039215686274,5
19,5,Flow305,24,0.7848039215686274,5
19,5,Flow305,25,0.6751845991561181,5
19,5,Flow305,26,0.6751845991561181,5
19,5,Flow305,27,0.6751845991561181,5
19,5,Flow305,28,0.6751845991561181,5
19,5,Flow305,29,0.719607843137255,5
19,5,Flow305,30,0.719607843137255,5
19,5,Flow305,31,1.3354166666666667,5
19,5,Flow305,32,1.3354166666666667,5
19,5,Flow305,33,1.3354166666666667,5
19,5,Flow305,34,1.3354166666666667,5
19,5,Flow305,35,1.0484848484848484,5
19,5,Flow305,36,1.0484848484848484,5
19,5,Flow305,37,1.0484848484848484,5
19,5,Flow305,38,1.0484848484848484,5
19,5,Flow305,39,1.0484848484848484,5
19,5,Flow305,40,0.6999999999999998,5
19,5,Flow305,41,0.6999999999999998,5
19,5,Flow305,42,0.6999999999999998,5
19,5,Flow305,43,0.6999999999999998,5
19,5,Flow305,44,0.6999999999999998,5
19,5,Flow305,45,1.1791666666666667,5
19,5,Flow305,46,1.1791666666666667,5
19,5,Flow305,47,1.1791666666666667,5
19,5,Flow305,48,1.1791666666666667,5
19,5,Flow305,49,0.8483980011757792,5
19,5,Flow305,50,0.6599900534626386,5
19,5,Flow305,51,0.8483980011757792,5
19,5,Flow305,52,0.5707146426786606,5
19,5,Flow305,53,0.5707146426786606,5
19,5,Flow305,54,0.6585004711266655,5
19,5,Flow305,55,0.6585004711266655,5
19,5,Flow305,56,1.1245614035087719,5
19,5,Flow305,57,1.1245614035087719,5
19,5,Flow305,58,1.1245614035087719,5
19,5,Flow305,59,1.1245614035087719,5
19,5,Flow305,60,1.1245614035087719,5
20,5,Flow305,1,2.0,5
20,5,Flow305,2,2.0,5
20,5,Flow305,3,2.0,5
20,5,Flow305,4,1.8909090909090907,5
20,5,Flow305,5,0.9690140845070422,5
20,5,Flow305,6,0.5690140845070422,5
20,5,Flow305,7,0.4255979354387195,5
20,5,Flow305,8,0.4255979354387195,5
20,5,Flow305,9,0.8126721763085399,5
20,5,Flow305,10,0.8126721763085399,5
20,5,Flow305,11,0.8126721763085399,5
20,5,Flow305,12,0.8126721763085399,5
20,5,Flow305,13,0.36209090909090913,5
20,5,Flow305,14,0.36209090909090913,5
20,5,Flow305,15,0.2666666666666668,5
20,5,Flow305,16,0.7095709570957096,5
20,5,Flow305,17,0.7095709570957096,5
20,5,Flow305,18,1.4426829268292682,5
20,5,Flow305,19,0.9333333333333336,5
20,5,Flow305,20,0.9333333333333336,5
20,5,Flow305,21,0.5454545454545453,5
20,5,Flow305,22,0.5454545454545453,5
20,5,Flow305,23,0.5454545454545453,5
20,5,Flow305,24,0.5690764411027567,5
20,5,Flow305,25,0.5690764411027567,5
20,5,Flow305,26,0.5690764411027567,5
20,5,Flow305,27,0.5454545454545453,5
20,5,Flow305,28,0.5454545454545453,5
20,5,Flow305,29,0.5454545454545453,5
20,5,Flow305,30,0.5454545454545453,5
20,5,Flow305,31,0.5625035017638516,5
20,5,Flow305,32,0.5737157031924072,5
20,5,Flow305,33,0.5737157031924072,5
20,5,Flow305,34,0.8131455399061032,5
20,5,Flow305,35,0.8131455399061032,5
20,5,Flow305,36,0.8131455399061032,5
20,5,Flow305,37,0.8131455399061032,5
20,5,Flow305,38,0.8131455399061032,5
20,5,Flow305,39,0.9333333333333336,5
20,5,Flow305,40,0.9333333333333336,5
20,5,Flow305,41,0.9333333333333336,5
20,5,Flow305,42,0.8363636363636363,5
20,5,Flow305,43,0.8363636363636363,5
20,5,Flow305,44,0.8363636363636363,5
20,5,Flow305,45,1.4538243626062324,5
20,5,Flow305,46,1.4538243626062324,5
20,5,Flow305,47,1.4538243626062324,5
20,5,Flow305,48,1.4538243626062324,5
20,5,Flow305,49,1.4538243626062324,5
20,5,Flow305,50,1.4538243626062324,5
20,5,Flow305,51,1.4538243626062324,5
20,5,Flow305,52,1.4538243626062324,5
20,5,Flow305,53,1.430441785549931,5
20,5,Flow305,54,1.430441785549931,5
20,5,Flow305,55,0.5917376244768366,5
20,5,Flow305,56,1.0314194768648797,5
20,5,Flow305,57,1.0539463157131657,5
20,5,Flow305,58,1.2329351535836177,5
20,5,Flow305,59,1.2329351535836177,5
20,5,Flow305,60,1.2329351535836177,5
1,1,Flow606,1,2.0,6
1,1,Flow606,2,2.0,6
1,1,Flow606,3,2.0,6
1,1,Flow606,4,0.9388888888888889,6
1,1,Flow606,5,0.9388888888888889,6
1,1,Flow606,6,0.9388888888888889,6
1,1,Flow606,7,0.5674737945492663,6
1,1,Flow606,8,0.5674737945492663,6
1,1,Flow606,9,0.5257737005952758,6
1,1,Flow606,10,0.7306325311371384,6
1,1,Flow606,11,0.5295934391903685,6
1,1,Flow606,12,0.5295934391903685,6
1,1,Flow606,13,0.7197645188069266,6
1,1,Flow606,14,0.7197645188069266,6
1,1,Flow606,15,0.4254293965648275,6
1,1,Flow606,16,0.4254293965648275,6
1,1,Flow606,17,0.4254293965648275,6
1,1,Flow606,18,0.5295934391903685,6
1,1,Flow606,19,0.7784313725490197,6
1,1,Flow606,20,0.9941176470588236,6
1,1,Flow606,21,0.34967320261437906,6
1,1,Flow606,22,0.34967320261437906,6
1,1,Flow606,23,0.34967320261437906,6
1,1,Flow606,24,0.34967320261437906,6
1,1,Flow606,25,0.45417417417417416,6
1,1,Flow606,26,0.45417417417417416,6
1,1,Flow606,27,0.5083011583011581,6
1,1,Flow606,28,0.5083011583011581,6
1,1,Flow606,29,0.6009043312708234,6
1,1,Flow606,30,1.5099952403617325,6
1,1,Flow606,31,1.5257985257985258,6
1,1,Flow606,32,1.523510971786834,6
1,1,Flow606,33,1.0454954954954954,6
1,1,Flow606,34,1.0454954954954954,6
1,1,Flow606,35,1.0454954954954954,6
1,1,Flow606,36,1.0454954954954954,6
1,1,Flow606,37,1.0454954954954954,6
1,1,Flow606,38,1.0454954954954954,6
1,1,Flow606,39,0.6045864045864044,6
1,1,Flow606,40,0.5935353535353535,6
1,1,Flow606,41,0.2992592592592592,6
1,1,Flow606,42,0.2917361111111111,6
1,1,Flow606,43,0.2917361111111111,6
1,1,Flow606,44,0.2917361111111111,6
1,1,Flow606,45,0.2917361111111111,6
1,1,Flow606,46,0.2917361111111111,6
1,1,Flow606,47,0.2917361111111111,6
1,1,Flow606,48,0.2917361111111111,6
1,1,Flow606,49,0.2917361111111111,6
1,1,Flow606,50,0.2917361111111111,6
1,1,Flow606,51,0.5935353535353535,6
1,1,Flow606,52,0.6045864045864044,6
1,1,Flow606,53,0.6045864045864044,6
1,1,Flow606,54,0.6045864045864044,6
1,1,Flow606,55,0.48222414898996124,6
1,1,Flow606,56,0.48222414898996124,6
1,1,Flow606,57,0.3690587138863,6
1,1,Flow606,58,0.3690587138863,6
1,1,Flow606,59,0.3690587138863,6
1,1,Flow606,60,0.3690587138863,6
2,1,Flow606,1,2.0,6
2,1,Flow606,2,2.0,6
2,1,Flow606,3,1.3,6
2,1,Flow606,4,1.3,6
2,1,Flow606,5,1.3,6
2,1,Flow606,6,0.9777934936350778,6
2,1,Flow606,7,0.36602878775272496,6
2,1,Flow606,8,0.36602878775272496,6
2,1,Flow606,9,0.3392438728331584,6
2,1,Flow606,10,0.3392438728331584,6
2,1,Flow606,11,0.36211968982662235,6
2,1,Flow606,12,0.3930477963997516,6
2,1,Flow606,13,0.41194549443395106,6
2,1,Flow606,14,0.41194549443395106,6
2,1,Flow606,15,0.40310769783782857,6
2,1,Flow606,16,0.3730752564051228,6
2,1,Flow606,17,0.3730752564051228,6
2,1,Flow606,18,0.3730752564051228,6
2,1,Flow606,19,0.3730752564051228,6
2,1,Flow606,20,0.6585479618841393,6
2,1,Flow606,21,0.6585479618841393,6
2,1,Flow606,22,0.6585479618841393,6
2,1,Flow606,23,0.27432713762790256,6
2,1,Flow606,24,0.2813145484416779,6
2,1,Flow606,25,0.2813145484416779,6
2,1,Flow606,26,0.2813145484416779,6
2,1,Flow606,27,0.41954530123695016,6
2,1,Flow606,28,0.41954530123695016,6
2,1,Flow606,29,0.4130736987879846,6
2,1,Flow606,30,0.3045863324709478,6
2,1,Flow606,31,0.3045863324709478,6
2,1,Flow606,32,0.3045863324709478,6
2,1,Flow606,33,0.3142510267510266,6
2,1,Flow606,34,0.18710546419524743,6
2,1,Flow606,35,0.18710546419524743,6
2,1,Flow606,36,0.18710546419524743,6
2,1,Flow606,37,0.32141965877260004,6
2,1,Flow606,38,0.27925299210593335,6
2,1,Flow606,39,0.27925299210593335,6
2,1,Flow606,40,0.2356383613245699,6
2,1,Flow606,41,0.24105820105820114,6
2,1,Flow606,42,0.24105820105820114,6
2,1,Flow606,43,0.1739926739926739,6
2,1,Flow606,44,0.1739926739926739,6
2,1,Flow606,45,0.1739926739926739,6
2,1,Flow606,46,0.95659022137283,6
2,1,Flow606,47,0.95659022137283,6
2,1,Flow606,48,0.95659022137283,6
2,1,Flow606,49,0.9132201132201132,6
2,1,Flow606,50,0.9132201132201132,6
2,1,Flow606,51,0.42061272061272065,6
2,1,Flow606,52,0.42061272061272065,6
2,1,Flow606,53,0.42061272061272065,6
2,1,Flow606,54,0.11049766277982051,6
2,1,Flow606,55,0.11049766277982051,6
2,1,Flow606,56,0.11049766277982051,6
2,1,Flow606,57,0.11049766277982051,6
2,1,Flow606,58,0.135986358188193,6
2,1,Flow606,59,0.13252431564358175,6
2,1,Flow606,60,0.13252431564358175,6
3,1,Flow606,1,2.0,6
3,1,Flow606,2,2.0,6
3,1,Flow606,3,2.0,6
3,1,Flow606,4,0.9175438596491228,6
3,1,Flow606,5,0.9175438596491228,6
3,1,Flow606,6,0.9175438596491228,6
3,1,Flow606,7,0.13449301219149562,6
3,1,Flow606,8,0.12848732554772332,6
3,1,Flow606,9,0.12848732554772332,6
3,1,Flow606,10,0.12848732554772332,6
3,1,Flow606,11,0.21757386311012344,6
3,1,Flow606,12,0.26729523633108004,6
3,1,Flow606,13,0.26729523633108004,6
3,1,Flow606,14,0.26729523633108004,6
3,1,Flow606,15,0.03480629539951572,6
3,1,Flow606,16,0.9285305401893345,6
3,1,Flow606,17,0.9316717632649836,6
3,1,Flow606,18,0.9316717632649836,6
3,1,Flow606,19,0.9316717632649836,6
3,1,Flow606,20,0.9316717632649836,6
3,1,Flow606,21,0.9316717632649836,6
3,1,Flow606,22,0.9316717632649836,6
3,1,Flow606,23,0.345966246559467,6
3,1,Flow606,24,0.05561692635255451,6
3,1,Flow606,25,0.03913124257274738,6
3,1,Flow606,26,0.03913124257274738,6
3,1,Flow606,27,0.03913124257274738,6
3,1,Flow606,28,0.03913124257274738,6
3,1,Flow606,29,0.03913124257274738,6
3,1,Flow606,30,0.03913124257274738,6
3,1,Flow606,31,0.03742563203404821,6
3,1,Flow606,32,0.03742563203404821,6
3,1,Flow606,33,0.04656324461628394,6
3,1,Flow606,34,0.04656324461628394,6
3,1,Flow606,35,0.04656324461628394,6
3,1,Flow606,36,0.04656324461628394,6
3,1,Flow606,37,0.044508343032597784,6
3,1,Flow606,38,0.1638418079096045,6
3,1,Flow606,39,0.1638418079096045,6
3,1,Flow606,40,0.1638418079096045,6
3,1,Flow606,41,0.031917488754232434,6
3,1,Flow606,42,0.22586620901136206,6
3,1,Flow606,43,0.22586620901136206,6
3,1,Flow606,44,0.2261070116080072,6
3,1,Flow606,45,0.2261070116080072,6
3,1,Flow606,46,0.22742172353778473,6
3,1,Flow606,47,0.22708104562768378,6
3,1,Flow606,48,0.22708104562768378,6
3,1,Flow606,49,0.23813660118323945,6
3,1,Flow606,50,0.23813660118323945,6
3,1,Flow606,51,0.23813660118323945,6
3,1,Flow606,52,0.5434009491779392,6
3,1,Flow606,53,0.49642106795700086,6
3,1,Flow606,54,0.43950659141221743,6
3,1,Flow606,55,0.43950659141221743,6
3,1,Flow606,56,0.43950659141221743,6
3,1,Flow606,57,0.43950659141221743,6
3,1,Flow606,58,0.43950659141221743,6
3,1,Flow606,59,0.43662053599288414,6
3,1,Flow606,60,0.43662053599288414,6
4,1,Flow606,1,2.0,6
4,1,Flow606,2,2.0,6
4,1,Flow606,3,2.0,6
4,1,Flow606,4,2.0,6
4,1,Flow606,5,0.9507497116493656,6
4,1,Flow606,6,0.9434043586474836,6
4,1,Flow606,7,0.1596031890568403,6
4,1,Flow606,8,0.2335530267109215,6
4,1,Flow606,9,0.5268863600442548,6
4,1,Flow606,10,0.47104769782189154,6
4,1,Flow606,11,0.4851199338296114,6
4,1,Flow606,12,0.4650537634408602,6
4,1,Flow606,13,0.2266349206349206,6
4,1,Flow606,14,0.2266349206349206,6
4,1,Flow606,15,0.2266349206349206,6
4,1,Flow606,16,0.23221966205837177,6
4,1,Flow606,17,0.23006450164804731,6
4,1,Flow606,18,0.10909005452152645,6
4,1,Flow606,19,0.10909005452152645,6
4,1,Flow606,20,0.10909005452152645,6
4,1,Flow606,21,0.10909005452152645,6
4,1,Flow606,22,0.10909005452152662,6
4,1,Flow606,23,0.22488635081782285,6
4,1,Flow606,24,0.22488635081782285,6
4,1,Flow606,25,0.22266340709487925,6
4,1,Flow606,26,0.22266340709487925,6
4,1,Flow606,27,0.22266340709487925,6
4,1,Flow606,28,0.22266340709487925,6
4,1,Flow606,29,0.22266340709487925,6
4,1,Flow606,30,0.2204011470762742,6
4,1,Flow606,31,0.2204011470762742,6
4,1,Flow606,32,0.2204011470762742,6
4,1,Flow606,33,0.221625364431487,6
4,1,Flow606,34,0.2206076066790354,6
4,1,Flow606,35,0.2206076066790354,6
4,1,Flow606,36,0.21818336425479287,6
4,1,Flow606,37,0.21818336425479287,6
4,1,Flow606,38,0.21818336425479287,6
4,1,Flow606,39,0.2206076066790354,6
4,1,Flow606,40,0.2206076066790354,6
4,1,Flow606,41,0.2206076066790354,6
4,1,Flow606,42,0.23357431457431463,6
4,1,Flow606,43,0.226907647907648,6
4,1,Flow606,44,0.22201875901875906,6
4,1,Flow606,45,0.22201875901875906,6
4,1,Flow606,46,0.22201875901875906,6
4,1,Flow606,47,0.22201875901875906,6
4,1,Flow606,48,0.22687074829931966,6
4,1,Flow606,49,0.22687074829931966,6
4,1,Flow606,50,0.1928571428571429,6
4,1,Flow606,51,0.1928571428571429,6
4,1,Flow606,52,0.1928571428571429,6
4,1,Flow606,53,0.1928571428571429,6
4,1,Flow606,54,0.23414786967418538,6
4,1,Flow606,55,0.23414786967418538,6
4,1,Flow606,56,0.23414786967418538,6
4,1,Flow606,57,0.23414786967418538,6
4,1,Flow606,58,0.22651360544217686,6
4,1,Flow606,59,0.22651360544217686,6
4,1,Flow606,60,0.22651360544217686,6
5,2,Flow606,1,2.0,6
5,2,Flow606,2,2.0,6
5,2,Flow606,3,2.0,6
5,2,Flow606,4,1.7185185185185183,6
5,2,Flow606,5,0.40404040404040414,6
5,2,Flow606,6,0.40404040404040414,6
5,2,Flow606,7,0.13916146297948268,6
5,2,Flow606,8,0.22291021671826616,6
5,2,Flow606,9,0.22291021671826633,6
5,2,Flow606,10,0.22291021671826633,6
5,2,Flow606,11,0.21666666666666662,6
5,2,Flow606,12,0.21666666666666679,6
5,2,Flow606,13,0.21666666666666679,6
5,2,Flow606,14,0.21666666666666679,6
5,2,Flow606,15,0.21666666666666662,6
5,2,Flow606,16,0.15808080808080813,6
5,2,Flow606,17,0.47474747474747475,6
5,2,Flow606,18,0.47474747474747475,6
5,2,Flow606,19,0.47474747474747475,6
5,2,Flow606,20,1.0507042253521128,6
5,2,Flow606,21,1.0507042253521128,6
5,2,Flow606,22,1.0507042253521128,6
5,2,Flow606,23,0.7939086294416245,6
5,2,Flow606,24,0.7939086294416245,6
5,2,Flow606,25,0.7939086294416245,6
5,2,Flow606,26,0.7939086294416245,6
5,2,Flow606,27,0.609090909090909,6
5,2,Flow606,28,1.0811813186813186,6
5,2,Flow606,29,1.0811813186813186,6
5,2,Flow606,30,1.0811813186813186,6
5,2,Flow606,31,1.0638736263736264,6
5,2,Flow606,32,1.0638736263736264,6
5,2,Flow606,33,1.0416208791208792,6
5,2,Flow606,34,0.21666666666666679,6
5,2,Flow606,35,0.21666666666666679,6
5,2,Flow606,36,0.21666666666666679,6
5,2,Flow606,37,0.21666666666666679,6
5,2,Flow606,38,0.21666666666666679,6
5,2,Flow606,39,0.21666666666666679,6
5,2,Flow606,40,0.21666666666666679,6
5,2,Flow606,41,0.21666666666666662,6
5,2,Flow606,42,0.21666666666666662,6
5,2,Flow606,43,0.21666666666666662,6
5,2,Flow606,44,0.6303198653198654,6
5,2,Flow606,45,0.4257575757575758,6
5,2,Flow606,46,0.4257575757575758,6
5,2,Flow606,47,0.4257575757575758,6
5,2,Flow606,48,0.4257575757575758,6
5,2,Flow606,49,0.4257575757575758,6
5,2,Flow606,50,1.1424242424242426,6
5,2,Flow606,51,0.7129153605015672,6
5,2,Flow606,52,0.7129153605015672,6
5,2,Flow606,53,0.7129153605015672,6
5,2,Flow606,54,0.7174018445322793,6
5,2,Flow606,55,0.6450757575757575,6
5,2,Flow606,56,0.6450757575757575,6
5,2,Flow606,57,0.4610101010101009,6
5,2,Flow606,58,0.4610101010101009,6
5,2,Flow606,59,0.4610101010101009,6
5,2,Flow606,60,0.4610101010101009,6
6,2,Flow606,1,2.0,6
6,2,Flow606,2,2.0,6
6,2,Flow606,3,2.0,6
6,2,Flow606,4,1.25,6
6,2,Flow606,5,0.1666666666666666,6
6,2,Flow606,6,0.1666666666666666,6
6,2,Flow606,7,0.2666666666666666,6
6,2,Flow606,8,0.2666666666666666,6
6,2,Flow606,9,0.1928571428571429,6
6,2,Flow606,10,0.1928571428571429,6
6,2,Flow606,11,0.22406931464174465,6
6,2,Flow606,12,0.12181567288196878,6
6,2,Flow606,13,0.12181567288196878,6
6,2,Flow606,14,0.12181567288196878,6
6,2,Flow606,15,0.12181567288196878,6
6,2,Flow606,16,0.12181567288196878,6
6,2,Flow606,17,0.12181567288196878,6
6,2,Flow606,18,0.1984899662229287,6
6,2,Flow606,19,0.1984899662229287,6
6,2,Flow606,20,0.1984899662229287,6
6,2,Flow606,21,0.07229949003245242,6
6,2,Flow606,22,0.07229949003245242,6
6,2,Flow606,23,0.07229949003245242,6
6,2,Flow606,24,0.07229949003245242,6
6,2,Flow606,25,0.043191714759004005,6
6,2,Flow606,26,0.048581262691033446,6
6,2,Flow606,27,0.048581262691033446,6
6,2,Flow606,28,0.048581262691033446,6
6,2,Flow606,29,0.048581262691033446,6
6,2,Flow606,30,0.048581262691033446,6
6,2,Flow606,31,0.048581262691033446,6
6,2,Flow606,32,0.07229949003245242,6
6,2,Flow606,33,0.07229949003245242,6
6,2,Flow606,34,1.0556328233657857,6
6,2,Flow606,35,1.0556328233657857,6
6,2,Flow606,36,1.0556328233657857,6
6,2,Flow606,37,1.0556328233657857,6
6,2,Flow606,38,1.0556328233657857,6
6,2,Flow606,39,1.0556328233657857,6
6,2,Flow606,40,1.0556328233657857,6
6,2,Flow606,41,1.0556328233657857,6
6,2,Flow606,42,1.0818043785310736,6
6,2,Flow606,43,0.03306010928961749,6
6,2,Flow606,44,0.03306010928961749,6
6,2,Flow606,45,0.03306010928961749,6
6,2,Flow606,46,0.03306010928961749,6
6,2,Flow606,47,0.5184710451977403,6
6,2,Flow606,48,0.5227083333333333,6
6,2,Flow606,49,0.5227083333333333,6
6,2,Flow606,50,0.5227083333333333,6
6,2,Flow606,51,0.5227083333333333,6
6,2,Flow606,52,0.05537634408602141,6
6,2,Flow606,53,0.05537634408602141,6
6,2,Flow606,54,0.05537634408602141,6
6,2,Flow606,55,0.05537634408602141,6
6,2,Flow606,56,0.05537634408602141,6
6,2,Flow606,57,0.05537634408602141,6
6,2,Flow606,58,0.1553763440860215,6
6,2,Flow606,59,0.1553763440860215,6
6,2,Flow606,60,0.1553763440860215,6
7,2,Flow606,1,2.0,6
7,2,Flow606,2,2.0,6
7,2,Flow606,3,2.0,6
7,2,Flow606,4,2.0,6
7,2,Flow606,5,1.0,6
7,2,Flow606,6,0.2508474576271186,6
7,2,Flow606,7,0.15954310980103176,6
7,2,Flow606,8,0.15954310980103176,6
7,2,Flow606,9,0.1253623188405797,6
7,2,Flow606,10,0.1253623188405797,6
7,2,Flow606,11,0.1253623188405797,6
7,2,Flow606,12,0.2508474576271186,6
7,2,Flow606,13,0.2508474576271186,6
7,2,Flow606,14,0.2508474576271186,6
7,2,Flow606,15,0.2508474576271186,6
7,2,Flow606,16,0.2508474576271186,6
7,2,Flow606,17,0.2508474576271186,6
7,2,Flow606,18,0.2508474576271186,6
7,2,Flow606,19,0.12142857142857152,6
7,2,Flow606,20,0.12142857142857152,6
7,2,Flow606,21,0.12142857142857152,6
7,2,Flow606,22,0.12142857142857152,6
7,2,Flow606,23,0.12142857142857152,6
7,2,Flow606,24,0.22741891058152247,6
7,2,Flow606,25,0.22741891058152247,6
7,2,Flow606,26,0.23007963014365052,6
7,2,Flow606,27,0.23007963014365052,6
7,2,Flow606,28,0.23666666666666664,6
7,2,Flow606,29,0.23666666666666664,6
7,2,Flow606,30,0.5621212121212121,6
7,2,Flow606,31,0.5621212121212121,6
7,2,Flow606,32,0.5602693602693603,6
7,2,Flow606,33,0.5602693602693603,6
7,2,Flow606,34,0.5602693602693603,6
7,2,Flow606,35,1.3454545454545455,6
7,2,Flow606,36,0.6466666666666666,6
7,2,Flow606,37,0.637705016072363,6
7,2,Flow606,38,0.637705016072363,6
7,2,Flow606,39,0.637705016072363,6
7,2,Flow606,40,0.637705016072363,6
7,2,Flow606,41,0.6502691186364655,6
7,2,Flow606,42,0.6502691186364655,6
7,2,Flow606,43,0.6502691186364655,6
7,2,Flow606,44,0.6502691186364655,6
7,2,Flow606,45,0.6115826564739608,6
7,2,Flow606,46,0.43670731707317073,6
7,2,Flow606,47,0.5536842105263157,6
7,2,Flow606,48,0.5536842105263157,6
7,2,Flow606,49,0.5536842105263157,6
7,2,Flow606,50,0.13844155844155842,6
7,2,Flow606,51,0.13844155844155842,6
7,2,Flow606,52,0.13844155844155842,6
7,2,Flow606,53,0.13844155844155842,6
7,2,Flow606,54,0.13844155844155842,6
7,2,Flow606,55,0.1798056904927135,6
7,2,Flow606,56,0.1798056904927135,6
7,2,Flow606,57,0.1798056904927135,6
7,2,Flow606,58,0.1798056904927135,6
7,2,Flow606,59,0.05321906956646982,6
7,2,Flow606,60,0.05321906956646982,6
8,2,Flow606,1,2.0,6
8,2,Flow606,2,2.0,6
8,2,Flow606,3,2.0,6
8,2,Flow606,4,2.0,6
8,2,Flow606,5,1.0833333333333335,6
8,2,Flow606,6,0.11170323928944619,6
8,2,Flow606,7,0.10359647684682205,6
8,2,Flow606,8,0.10359647684682205,6
8,2,Flow606,9,0.10359647684682205,6
8,2,Flow606,10,0.1973389355742297,6
8,2,Flow606,11,0.1973389355742297,6
8,2,Flow606,12,0.22186228297980842,6
8,2,Flow606,13,0.2252643829600351,6
8,2,Flow606,14,0.2252643829600351,6
8,2,Flow606,15,0.2252643829600351,6
8,2,Flow606,16,0.2738095238095237,6
8,2,Flow606,17,0.2738095238095237,6
8,2,Flow606,18,0.2738095238095237,6
8,2,Flow606,19,0.2738095238095237,6
8,2,Flow606,20,0.13174586444151667,6
8,2,Flow606,21,0.13174586444151667,6
8,2,Flow606,22,0.13174586444151667,6
8,2,Flow606,23,0.121460509045255,6
8,2,Flow606,24,0.11668392969240422,6
8,2,Flow606,25,0.10095934959349587,6
8,2,Flow606,26,0.10095934959349587,6
8,2,Flow606,27,0.10095934959349587,6
8,2,Flow606,28,0.09743668569755518,6
8,2,Flow606,29,0.09743668569755518,6
8,2,Flow606,30,0.1283920505871726,6
8,2,Flow606,31,0.646660290132313,6
8,2,Flow606,32,0.646660290132313,6
8,2,Flow606,33,0.646660290132313,6
8,2,Flow606,34,0.646660290132313,6
8,2,Flow606,35,0.14336004273504283,6
8,2,Flow606,36,0.11873983739837399,6
8,2,Flow606,37,0.11873983739837399,6
8,2,Flow606,38,0.11873983739837399,6
8,2,Flow606,39,0.5323025551684089,6
8,2,Flow606,40,0.5323025551684089,6
8,2,Flow606,41,0.4654503105590062,6
8,2,Flow606,42,0.4654503105590062,6
8,2,Flow606,43,0.0616033506370929,6
8,2,Flow606,44,0.0616033506370929,6
8,2,Flow606,45,0.0616033506370929,6
8,2,Flow606,46,0.4654503105590062,6
8,2,Flow606,47,0.1137903861308116,6
8,2,Flow606,48,0.1137903861308116,6
8,2,Flow606,49,0.09074074074074083,6
8,2,Flow606,50,0.09074074074074075,6
8,2,Flow606,51,0.09074074074074075,6
8,2,Flow606,52,0.09074074074074075,6
8,2,Flow606,53,0.09074074074074075,6
8,2,Flow606,54,0.09074074074074075,6
8,2,Flow606,55,0.09074074074074075,6
8,2,Flow606,56,0.21384976525821608,6
8,2,Flow606,57,0.21384976525821608,6
8,2,Flow606,58,0.3051364692218351,6
8,2,Flow606,59,0.3051364692218351,6
8,2,Flow606,60,0.3051364692218351,6
9,3,Flow606,1,2.0,6
9,3,Flow606,2,2.0,6
9,3,Flow606,3,2.0,6
9,3,Flow606,4,1.2166666666666668,6
9,3,Flow606,5,0.3238095238095238,6
9,3,Flow606,6,0.033333333333333305,6
9,3,Flow606,7,0.04084354817450899,6
9,3,Flow606,8,0.03570370370370375,6
9,3,Flow606,9,0.03425925925925934,6
9,3,Flow606,10,0.03425925925925934,6
9,3,Flow606,11,0.03425925925925934,6
9,3,Flow606,12,0.05292592592592582,6
9,3,Flow606,13,0.16666666666666669,6
9,3,Flow606,14,0.16666666666666669,6
9,3,Flow606,15,0.16666666666666669,6
9,3,Flow606,16,0.029999999999999895,6
9,3,Flow606,17,0.029999999999999895,6
9,3,Flow606,18,0.0833333333333333,6
9,3,Flow606,19,0.0833333333333333,6
9,3,Flow606,20,0.0833333333333333,6
9,3,Flow606,21,0.0833333333333333,6
9,3,Flow606,22,0.05664913119719443,6
9,3,Flow606,23,0.05664913119719443,6
9,3,Flow606,24,0.05664913119719443,6
9,3,Flow606,25,0.05664913119719443,6
9,3,Flow606,26,0.05664913119719443,6
9,3,Flow606,27,0.05951947123972854,6
9,3,Flow606,28,0.06238038750494272,6
9,3,Flow606,29,0.06238038750494272,6
9,3,Flow606,30,0.06238038750494272,6
9,3,Flow606,31,0.06238038750494272,6
9,3,Flow606,32,0.05357319380895884,6
9,3,Flow606,33,0.05357319380895884,6
9,3,Flow606,34,0.05357319380895884,6
9,3,Flow606,35,0.05357319380895884,6
9,3,Flow606,36,0.05357319380895884,6
9,3,Flow606,37,0.05357319380895884,6
9,3,Flow606,38,0.43715304504238917,6
9,3,Flow606,39,0.8289624467673248,6
9,3,Flow606,40,0.8289624467673248,6
9,3,Flow606,41,0.11525821596244139,6
9,3,Flow606,42,0.1833333333333332,6
9,3,Flow606,43,0.1833333333333332,6
9,3,Flow606,44,0.1833333333333332,6
9,3,Flow606,45,0.1833333333333332,6
9,3,Flow606,46,0.1833333333333332,6
9,3,Flow606,47,0.15000000000000008,6
9,3,Flow606,48,0.15000000000000008,6
9,3,Flow606,49,0.15000000000000008,6
9,3,Flow606,50,0.8388349514563107,6
9,3,Flow606,51,0.8388349514563107,6
9,3,Flow606,52,0.8388349514563107,6
9,3,Flow606,53,0.8321052131326319,6
9,3,Flow606,54,0.8321052131326319,6
9,3,Flow606,55,1.03614593922964,6
9,3,Flow606,56,1.03614593922964,6
9,3,Flow606,57,1.03614593922964,6
9,3,Flow606,58,1.03614593922964,6
9,3,Flow606,59,1.03614593922964,6
9,3,Flow606,60,1.03614593922964,6
10,3,Flow606,1,2.0,6
10,3,Flow606,2,2.0,6
10,3,Flow606,3,2.0,6
10,3,Flow606,4,2.0,6
10,3,Flow606,5,0.1999999999999999,6
10,3,Flow606,6,0.159090909090909,6
10,3,Flow606,7,0.10438596491228073,6
10,3,Flow606,8,0.10438596491228065,6
10,3,Flow606,9,0.10438596491228065,6
10,3,Flow606,10,0.10438596491228065,6
10,3,Flow606,11,0.10438596491228065,6
10,3,Flow606,12,0.10438596491228065,6
10,3,Flow606,13,0.10438596491228065,6
10,3,Flow606,14,0.10438596491228065,6
10,3,Flow606,15,0.1833333333333334,6
10,3,Flow606,16,0.1833333333333334,6
10,3,Flow606,17,0.033615819209039444,6
10,3,Flow606,18,0.033615819209039444,6
10,3,Flow606,19,0.07128416853319078,6
10,3,Flow606,20,0.07128416853319078,6
10,3,Flow606,21,0.07128416853319078,6
10,3,Flow606,22,0.07128416853319078,6
10,3,Flow606,23,0.07128416853319078,6
10,3,Flow606,24,0.08715979139504562,6
10,3,Flow606,25,0.08715979139504562,6
10,3,Flow606,26,0.08715979139504562,6
10,3,Flow606,27,0.08715979139504562,6
10,3,Flow606,28,0.08317543676662335,6
10,3,Flow606,29,0.08317543676662335,6
10,3,Flow606,30,0.08317543676662335,6
10,3,Flow606,31,0.09453084745762723,6
10,3,Flow606,32,0.08372629635844948,6
10,3,Flow606,33,0.08372629635844948,6
10,3,Flow606,34,0.08039584597312395,6
10,3,Flow606,35,0.08039584597312395,6
10,3,Flow606,36,0.08039584597312395,6
10,3,Flow606,37,0.1807189542483659,6
10,3,Flow606,38,0.1807189542483659,6
10,3,Flow606,39,0.1807189542483659,6
10,3,Flow606,40,0.1807189542483659,6
10,3,Flow606,41,0.1807189542483659,6
10,3,Flow606,42,0.5699633699633699,6
10,3,Flow606,43,0.5699633699633699,6
10,3,Flow606,44,0.5699633699633699,6
10,3,Flow606,45,0.5699633699633699,6
10,3,Flow606,46,0.5699633699633699,6
10,3,Flow606,47,0.1527397260273972,6
10,3,Flow606,48,0.06485148514851495,6
10,3,Flow606,49,0.06485148514851495,6
10,3,Flow606,50,0.06485148514851495,6
10,3,Flow606,51,0.2659278056579355,6
10,3,Flow606,52,0.2659278056579355,6
10,3,Flow606,53,0.2659278056579355,6
10,3,Flow606,54,0.2687331339866109,6
10,3,Flow606,55,0.2687331339866109,6
10,3,Flow606,56,0.2687331339866109,6
10,3,Flow606,57,0.2687331339866109,6
10,3,Flow606,58,0.2687331339866109,6
10,3,Flow606,59,0.2687331339866109,6
10,3,Flow606,60,0.2687331339866109,6
11,3,Flow606,1,2.0,6
11,3,Flow606,2,2.0,6
11,3,Flow606,3,2.0,6
11,3,Flow606,4,2.0,6
11,3,Flow606,5,0.8166666666666667,6
11,3,Flow606,6,0.1666666666666668,6
11,3,Flow606,7,0.07458172458172463,6
11,3,Flow606,8,0.05512820512820511,6
11,3,Flow606,9,0.05512820512820511,6
11,3,Flow606,10,0.05512820512820511,6
11,3,Flow606,11,0.05512820512820511,6
11,3,Flow606,12,0.12696078431372548,6
11,3,Flow606,13,0.12696078431372548,6
11,3,Flow606,14,0.12696078431372548,6
11,3,Flow606,15,0.04500233399079567,6
11,3,Flow606,16,0.12696078431372548,6
11,3,Flow606,17,0.12696078431372548,6
11,3,Flow606,18,0.12696078431372548,6
11,3,Flow606,19,0.12696078431372548,6
11,3,Flow606,20,0.12696078431372548,6
11,3,Flow606,21,0.1782920513026615,6
11,3,Flow606,22,0.1782920513026615,6
11,3,Flow606,23,0.19756573101620134,6
11,3,Flow606,24,0.2044619422572179,6
11,3,Flow606,25,0.2044619422572179,6
11,3,Flow606,26,0.2044619422572179,6
11,3,Flow606,27,0.2044619422572179,6
11,3,Flow606,28,0.2044619422572179,6
11,3,Flow606,29,0.14209770114942533,6
11,3,Flow606,30,0.14209770114942533,6
11,3,Flow606,31,0.1587719298245613,6
11,3,Flow606,32,0.1587719298245613,6
11,3,Flow606,33,0.1587719298245613,6
11,3,Flow606,34,0.1587719298245613,6
11,3,Flow606,35,0.1587719298245613,6
11,3,Flow606,36,0.23333333333333323,6
11,3,Flow606,37,0.23333333333333323,6
11,3,Flow606,38,0.23333333333333323,6
11,3,Flow606,39,0.08978021978021981,6
11,3,Flow606,40,0.0957901678093986,6
11,3,Flow606,41,0.0957901678093986,6
11,3,Flow606,42,0.0957901678093986,6
11,3,Flow606,43,0.0957901678093986,6
11,3,Flow606,44,0.0957901678093986,6
11,3,Flow606,45,0.0957901678093986,6
11,3,Flow606,46,0.0957901678093986,6
11,3,Flow606,47,0.1956989247311828,6
11,3,Flow606,48,0.1956989247311828,6
11,3,Flow606,49,0.46547532260767566,6
11,3,Flow606,50,0.46547532260767566,6
11,3,Flow606,51,0.6167506703536114,6
11,3,Flow606,52,0.6167506703536114,6
11,3,Flow606,53,0.6167506703536114,6
11,3,Flow606,54,0.27388914588656854,6
11,3,Flow606,55,0.27388914588656854,6
11,3,Flow606,56,0.27388914588656854,6
11,3,Flow606,57,0.27288052455128253,6
11,3,Flow606,58,0.0994353030554949,6
11,3,Flow606,59,0.0994353030554949,6
11,3,Flow606,60,0.0994353030554949,6
12,3,Flow606,1,2.0,6
12,3,Flow606,2,2.0,6
12,3,Flow606,3,2.0,6
12,3,Flow606,4,2.0,6
12,3,Flow606,5,0.043939393939393945,6
12,3,Flow606,6,0.043939393939393945,6
12,3,Flow606,7,0.043939393939393945,6
12,3,Flow606,8,0.043939393939393945,6
12,3,Flow606,9,0.043939393939393945,6
12,3,Flow606,10,0.043939393939393764,6
12,3,Flow606,11,0.043939393939393764,6
12,3,Flow606,12,0.05574130324726987,6
12,3,Flow606,13,0.050264071048489886,6
12,3,Flow606,14,0.05757337940111871,6
12,3,Flow606,15,0.05757337940111871,6
12,3,Flow606,16,0.08136410003290565,6
12,3,Flow606,17,0.08136410003290565,6
12,3,Flow606,18,0.08136410003290565,6
12,3,Flow606,19,0.06471059559065502,6
12,3,Flow606,20,0.06471059559065502,6
12,3,Flow606,21,0.06124111549851925,6
12,3,Flow606,22,0.06124111549851925,6
12,3,Flow606,23,0.04804768561665131,6
12,3,Flow606,24,0.04804768561665131,6
12,3,Flow606,25,0.23959446515480992,6
12,3,Flow606,26,0.23959446515480992,6
12,3,Flow606,27,0.23959446515480992,6
12,3,Flow606,28,0.23959446515480992,6
12,3,Flow606,29,0.24148575415368628,6
12,3,Flow606,30,0.24148575415368628,6
12,3,Flow606,31,0.24148575415368628,6
12,3,Flow606,32,0.2818276253781873,6
12,3,Flow606,33,0.2818276253781873,6
12,3,Flow606,34,0.3560503870793232,6
12,3,Flow606,35,0.3560503870793232,6
12,3,Flow606,36,0.16072125779554297,6
12,3,Flow606,37,0.16072125779554297,6
12,3,Flow606,38,0.05364640024879499,6
12,3,Flow606,39,0.05364640024879499,6
12,3,Flow606,40,0.05364640024879499,6
12,3,Flow606,41,0.16072125779554297,6
12,3,Flow606,42,0.16072125779554297,6
12,3,Flow606,43,0.3560503870793232,6
12,3,Flow606,44,0.39784101174345066,6
12,3,Flow606,45,0.4845238095238096,6
12,3,Flow606,46,0.4845238095238096,6
12,3,Flow606,47,0.3253703703703704,6
12,3,Flow606,48,0.3253703703703704,6
12,3,Flow606,49,0.3253703703703704,6
12,3,Flow606,50,0.1864779874213836,6
12,3,Flow606,51,0.1864779874213836,6
12,3,Flow606,52,0.1864779874213836,6
12,3,Flow606,53,0.1864779874213836,6
12,3,Flow606,54,0.1864779874213836,6
12,3,Flow606,55,0.1833333333333334,6
12,3,Flow606,56,0.1645330859616574,6
12,3,Flow606,57,0.21870748299319728,6
12,3,Flow606,58,0.21870748299319728,6
12,3,Flow606,59,0.33526238842720835,6
12,3,Flow606,60,0.3333333333333333,6
13,4,Flow606,1,2.0,6
13,4,Flow606,2,2.0,6
13,4,Flow606,3,2.0,6
13,4,Flow606,4,0.1333333333333333,6
13,4,Flow606,5,0.1333333333333333,6
13,4,Flow606,6,0.04831154684095855,6
13,4,Flow606,7,0.04831154684095855,6
13,4,Flow606,8,0.062494553376906306,6
13,4,Flow606,9,0.048267491603655,6
13,4,Flow606,10,0.052533809491049153,6
13,4,Flow606,11,0.052533809491049153,6
13,4,Flow606,12,0.052533809491049153,6
13,4,Flow606,13,0.052533809491049153,6
13,4,Flow606,14,0.052533809491049153,6
13,4,Flow606,15,0.052533809491049153,6
13,4,Flow606,16,0.052533809491049153,6
13,4,Flow606,17,0.06130744401184653,6
13,4,Flow606,18,0.06130744401184653,6
13,4,Flow606,19,0.06130744401184653,6
13,4,Flow606,20,0.06460317460317447,6
13,4,Flow606,21,0.06130744401184653,6
13,4,Flow606,22,0.3490460157126824,6
13,4,Flow606,23,0.3490460157126824,6
13,4,Flow606,24,0.3490460157126824,6
13,4,Flow606,25,0.3886043533930857,6
13,4,Flow606,26,0.0870892018779343,6
13,4,Flow606,27,0.0870892018779343,6
13,4,Flow606,28,0.0870892018779343,6
13,4,Flow606,29,0.0870892018779343,6
13,4,Flow606,30,0.0870892018779343,6
13,4,Flow606,31,0.0870892018779343,6
13,4,Flow606,32,0.0870892018779343,6
13,4,Flow606,33,0.039549961861174675,6
13,4,Flow606,34,0.040879741727199284,6
13,4,Flow606,35,0.040879741727199284,6
13,4,Flow606,36,0.040879741727199284,6
13,4,Flow606,37,0.040879741727199284,6
13,4,Flow606,38,0.29809050996285036,6
13,4,Flow606,39,0.29809050996285036,6
13,4,Flow606,40,0.29809050996285036,6
13,4,Flow606,41,0.30243971631205674,6
13,4,Flow606,42,0.30243971631205674,6
13,4,Flow606,43,0.30243971631205674,6
13,4,Flow606,44,0.5125258733309581,6
13,4,Flow606,45,0.6890690248096293,6
13,4,Flow606,46,0.6890690248096293,6
13,4,Flow606,47,0.6928918946759536,6
13,4,Flow606,48,0.6928918946759536,6
13,4,Flow606,49,0.5873921151666834,6
13,4,Flow606,50,0.5873921151666834,6
13,4,Flow606,51,0.5873921151666834,6
13,4,Flow606,52,0.5873921151666834,6
13,4,Flow606,53,0.5044208874737126,6
13,4,Flow606,54,0.5044208874737126,6
13,4,Flow606,55,0.5044208874737126,6
13,4,Flow606,56,0.35117034515216494,6
13,4,Flow606,57,0.45438255563476926,6
13,4,Flow606,58,0.45438255563476926,6
13,4,Flow606,59,0.4605788469056874,6
13,4,Flow606,60,0.4605788469056874,6
14,4,Flow606,1,2.0,6
14,4,Flow606,2,2.0,6
14,4,Flow606,3,2.0,6
14,4,Flow606,4,1.75,6
14,4,Flow606,5,1.75,6
14,4,Flow606,6,0.0666666666666667,6
14,4,Flow606,7,0.03588735070575462,6
14,4,Flow606,8,0.03588735070575462,6
14,4,Flow606,9,0.03588735070575462,6
14,4,Flow606,10,0.03588735070575462,6
14,4,Flow606,11,0.030202038538777298,6
14,4,Flow606,12,0.030202038538777298,6
14,4,Flow606,13,0.030202038538777298,6
14,4,Flow606,14,0.0684226203140292,6
14,4,Flow606,15,0.0684226203140292,6
14,4,Flow606,16,0.0684226203140292,6
14,4,Flow606,17,0.0684226203140292,6
14,4,Flow606,18,0.0684226203140292,6
14,4,Flow606,19,0.0684226203140292,6
14,4,Flow606,20,0.0684226203140292,6
14,4,Flow606,21,0.0684226203140292,6
14,4,Flow606,22,0.4212915895235188,6
14,4,Flow606,23,0.4212915895235188,6
14,4,Flow606,24,0.4212915895235188,6
14,4,Flow606,25,0.4212915895235188,6
14,4,Flow606,26,0.07218263136070133,6
14,4,Flow606,27,0.07218263136070133,6
14,4,Flow606,28,0.03598300859813293,6
14,4,Flow606,29,0.03598300859813293,6
14,4,Flow606,30,0.07218263136070133,6
14,4,Flow606,31,0.07218263136070133,6
14,4,Flow606,32,0.07218263136070133,6
14,4,Flow606,33,0.028751258811681703,6
14,4,Flow606,34,0.028751258811681703,6
14,4,Flow606,35,0.028751258811681703,6
14,4,Flow606,36,0.028751258811681703,6
14,4,Flow606,37,0.10705292976919276,6
14,4,Flow606,38,0.7939106583072101,6
14,4,Flow606,39,0.7939106583072101,6
14,4,Flow606,40,0.7939106583072101,6
14,4,Flow606,41,0.40759240759240767,6
14,4,Flow606,42,0.3761363636363636,6
14,4,Flow606,43,0.3761363636363636,6
14,4,Flow606,44,0.028436254980079668,6
14,4,Flow606,45,0.05989229893612365,6
14,4,Flow606,46,0.05989229893612365,6
14,4,Flow606,47,0.40759240759240767,6
14,4,Flow606,48,0.40759240759240767,6
14,4,Flow606,49,0.40759240759240767,6
14,4,Flow606,50,0.40759240759240767,6
14,4,Flow606,51,0.40759240759240767,6
14,4,Flow606,52,0.40759240759240767,6
14,4,Flow606,53,0.40759240759240767,6
14,4,Flow606,54,0.40759240759240767,6
14,4,Flow606,55,0.40759240759240767,6
14,4,Flow606,56,0.4136363636363637,6
14,4,Flow606,57,0.4136363636363637,6
14,4,Flow606,58,0.4136363636363637,6
14,4,Flow606,59,0.4136363636363637,6
14,4,Flow606,60,0.4136363636363637,6
15,4,Flow606,1,2.0,6
15,4,Flow606,2,2.0,6
15,4,Flow606,3,1.75,6
15,4,Flow606,4,1.321212121212121,6
15,4,Flow606,5,1.321212121212121,6
15,4,Flow606,6,1.321212121212121,6
15,4,Flow606,7,0.1378787878787878,6
15,4,Flow606,8,0.1378787878787878,6
15,4,Flow606,9,0.1378787878787878,6
15,4,Flow606,10,0.1378787878787878,6
15,4,Flow606,11,0.1337121212121212,6
15,4,Flow606,12,0.1337121212121212,6
15,4,Flow606,13,0.03635009442870638,6
15,4,Flow606,14,0.03102525252525252,6
15,4,Flow606,15,0.03102525252525252,6
15,4,Flow606,16,0.03102525252525252,6
15,4,Flow606,17,0.03102525252525252,6
15,4,Flow606,18,0.03102525252525252,6
15,4,Flow606,19,0.0284870657142652,6
15,4,Flow606,20,0.0284870657142652,6
15,4,Flow606,21,0.0284870657142652,6
15,4,Flow606,22,0.0284870657142652,6
15,4,Flow606,23,0.0284870657142652,6
15,4,Flow606,24,0.11090388988250685,6
15,4,Flow606,25,0.11152734663710265,6
15,4,Flow606,26,0.11152734663710265,6
15,4,Flow606,27,0.11152734663710265,6
15,4,Flow606,28,0.11152734663710265,6
15,4,Flow606,29,0.11152734663710265,6
15,4,Flow606,30,0.0444211318482842,6
15,4,Flow606,31,0.0444211318482842,6
15,4,Flow606,32,0.0444211318482842,6
15,4,Flow606,33,0.0458333333333333,6
15,4,Flow606,34,0.0458333333333333,6
15,4,Flow606,35,0.044846491228070204,6
15,4,Flow606,36,0.044846491228070204,6
15,4,Flow606,37,0.044846491228070204,6
15,4,Flow606,38,0.06865601503759403,6
15,4,Flow606,39,0.09437689969604861,6
15,4,Flow606,40,0.09437689969604861,6
15,4,Flow606,41,0.19378550481776308,6
15,4,Flow606,42,0.19378550481776308,6
15,4,Flow606,43,0.19378550481776308,6
15,4,Flow606,44,0.20408543417366945,6
15,4,Flow606,45,0.20408543417366945,6
15,4,Flow606,46,0.04685099052540913,6
15,4,Flow606,47,0.04685099052540913,6
15,4,Flow606,48,0.08907920965203706,6
15,4,Flow606,49,0.19378550481776308,6
15,4,Flow606,50,0.18461248428990373,6
15,4,Flow606,51,0.18461248428990373,6
15,4,Flow606,52,0.18461248428990373,6
15,4,Flow606,53,0.18461248428990373,6
15,4,Flow606,54,0.18461248428990373,6
15,4,Flow606,55,0.18461248428990373,6
15,4,Flow606,56,0.18461248428990373,6
15,4,Flow606,57,0.18461248428990373,6
15,4,Flow606,58,0.18461248428990373,6
15,4,Flow606,59,0.19548085901027096,6
15,4,Flow606,60,0.19548085901027096,6
16,4,Flow606,1,2.0,6
16,4,Flow606,2,2.0,6
16,4,Flow606,3,2.0,6
16,4,Flow606,4,2.0,6
16,4,Flow606,5,1.3535714285714284,6
16,4,Flow606,6,0.05337995337995345,6
16,4,Flow606,7,0.04504662004662006,6
16,4,Flow606,8,0.04504662004662006,6
16,4,Flow606,9,0.05525928300453753,6
16,4,Flow606,10,0.05525928300453753,6
16,4,Flow606,11,0.04057151828900807,6
16,4,Flow606,12,0.04057151828900807,6
16,4,Flow606,13,0.04057151828900807,6
16,4,Flow606,14,0.04057151828900807,6
16,4,Flow606,15,0.052322792790072015,6
16,4,Flow606,16,0.7090389317111532,6
16,4,Flow606,17,0.7090389317111532,6
16,4,Flow606,18,0.7090389317111532,6
16,4,Flow606,19,0.02355115888849966,6
16,4,Flow606,20,0.7090389317111532,6
16,4,Flow606,21,0.41117015926037437,6
16,4,Flow606,22,0.08413448118387609,6
16,4,Flow606,23,0.08413448118387609,6
16,4,Flow606,24,0.08413448118387609,6
16,4,Flow606,25,0.08413448118387609,6
16,4,Flow606,26,0.04778014761266869,6
16,4,Flow606,27,0.04778014761266869,6
16,4,Flow606,28,0.04778014761266869,6
16,4,Flow606,29,0.04778014761266869,6
16,4,Flow606,30,0.04778014761266869,6
16,4,Flow606,31,0.04778014761266869,6
16,4,Flow606,32,0.04778014761266869,6
16,4,Flow606,33,0.04778014761266869,6
16,4,Flow606,34,0.04778014761266869,6
16,4,Flow606,35,0.04778014761266869,6
16,4,Flow606,36,0.04778014761266869,6
16,4,Flow606,37,0.0551441443856505,6
16,4,Flow606,38,0.0551441443856505,6
16,4,Flow606,39,0.0551441443856505,6
16,4,Flow606,40,0.23511334097943964,6
16,4,Flow606,41,0.27146767455064696,6
16,4,Flow606,42,0.27146767455064696,6
16,4,Flow606,43,0.23972253112113046,6
16,4,Flow606,44,0.23972253112113046,6
16,4,Flow606,45,0.23972253112113046,6
16,4,Flow606,46,0.23972253112113046,6
16,4,Flow606,47,0.23972253112113046,6
16,4,Flow606,48,0.23972253112113046,6
16,4,Flow606,49,0.23972253112113046,6
16,4,Flow606,50,0.23972253112113046,6
16,4,Flow606,51,0.23972253112113046,6
16,4,Flow606,52,0.23972253112113046,6
16,4,Flow606,53,0.23972253112113046,6
16,4,Flow606,54,0.34135757500285385,6
16,4,Flow606,55,0.3421252970538484,6
16,4,Flow606,56,0.3421252970538484,6
16,4,Flow606,57,0.4005773521436172,6
16,4,Flow606,58,0.4353146853146853,6
16,4,Flow606,59,0.4353146853146853,6
16,4,Flow606,60,0.4353146853146853,6
17,5,Flow606,1,2.0,6
17,5,Flow606,2,2.0,6
17,5,Flow606,3,2.0,6
17,5,Flow606,4,1.4166666666666667,6
17,5,Flow606,5,1.4166666666666667,6
17,5,Flow606,6,0.15499999999999997,6
17,5,Flow606,7,0.1666666666666666,6
17,5,Flow606,8,0.1666666666666666,6
17,5,Flow606,9,0.1666666666666666,6
17,5,Flow606,10,0.09393939393939403,6
17,5,Flow606,11,0.0859649122807018,6
17,5,Flow606,12,0.062462462462462474,6
17,5,Flow606,13,0.062462462462462474,6
17,5,Flow606,14,0.08088998088998096,6
17,5,Flow606,15,0.7439144503959414,6
17,5,Flow606,16,0.7439144503959414,6
17,5,Flow606,17,0.7439144503959414,6
17,5,Flow606,18,0.7487179487179487,6
17,5,Flow606,19,0.1333333333333333,6
17,5,Flow606,20,0.1333333333333333,6
17,5,Flow606,21,0.11313813813813818,6
17,5,Flow606,22,0.028528528528528697,6
17,5,Flow606,23,0.030367867867868003,6
17,5,Flow606,24,0.030367867867868003,6
17,5,Flow606,25,0.030367867867868003,6
17,5,Flow606,26,0.032171905799356894,6
17,5,Flow606,27,0.032171905799356894,6
17,5,Flow606,28,0.030849339735894342,6
17,5,Flow606,29,0.030849339735894342,6
17,5,Flow606,30,0.030849339735894342,6
17,5,Flow606,31,0.030849339735894342,6
17,5,Flow606,32,0.030849339735894342,6
17,5,Flow606,33,0.030849339735894342,6
17,5,Flow606,34,0.12020202020202006,6
17,5,Flow606,35,0.12020202020202006,6
17,5,Flow606,36,0.12020202020202006,6
17,5,Flow606,37,0.12020202020202006,6
17,5,Flow606,38,0.12020202020202006,6
17,5,Flow606,39,0.12020202020202006,6
17,5,Flow606,40,0.12020202020202006,6
17,5,Flow606,41,0.12020202020202006,6
17,5,Flow606,42,0.12020202020202006,6
17,5,Flow606,43,0.12020202020202006,6
17,5,Flow606,44,0.7570570570570571,6
17,5,Flow606,45,0.7570570570570571,6
17,5,Flow606,46,0.7570570570570571,6
17,5,Flow606,47,0.7570570570570571,6
17,5,Flow606,48,0.7570570570570571,6
17,5,Flow606,49,0.7570570570570571,6
17,5,Flow606,50,0.7570570570570571,6
17,5,Flow606,51,0.7570570570570571,6
17,5,Flow606,52,0.8111111111111111,6
17,5,Flow606,53,0.04444444444444438,6
17,5,Flow606,54,0.05,6
17,5,Flow606,55,0.05,6
17,5,Flow606,56,0.5333333333333334,6
17,5,Flow606,57,0.3764705882352942,6
17,5,Flow606,58,0.3764705882352942,6
17,5,Flow606,59,0.3764705882352942,6
17,5,Flow606,60,0.2424862132352942,6
18,5,Flow606,1,2.0,6
18,5,Flow606,2,2.0,6
18,5,Flow606,3,2.0,6
18,5,Flow606,4,1.0166666666666666,6
18,5,Flow606,5,0.15,6
18,5,Flow606,6,0.09074074074074075,6
18,5,Flow606,7,0.07820512820512819,6
18,5,Flow606,8,0.7166666666666667,6
18,5,Flow606,9,0.7166666666666667,6
18,5,Flow606,10,0.7166666666666667,6
18,5,Flow606,11,0.7166666666666667,6
18,5,Flow606,12,0.033333333333333395,6
18,5,Flow606,13,0.033333333333333395,6
18,5,Flow606,14,0.033333333333333395,6
18,5,Flow606,15,0.7166666666666667,6
18,5,Flow606,16,0.7238955823293173,6
18,5,Flow606,17,0.11923076923076925,6
18,5,Flow606,18,0.11923076923076925,6
18,5,Flow606,19,0.11923076923076925,6
18,5,Flow606,20,0.04406392694063923,6
18,5,Flow606,21,0.7738644556596973,6
18,5,Flow606,22,0.779355716878403,6
18,5,Flow606,23,0.7537399533316049,6
18,5,Flow606,24,0.7537399533316049,6
18,5,Flow606,25,0.7537399533316049,6
18,5,Flow606,26,0.7537399533316049,6
18,5,Flow606,27,0.7537399533316049,6
18,5,Flow606,28,0.7614985740212601,6
18,5,Flow606,29,0.7614985740212601,6
18,5,Flow606,30,0.6488669950738917,6
18,5,Flow606,31,0.6488669950738917,6
18,5,Flow606,32,0.4221267454350162,6
18,5,Flow606,33,0.4221267454350162,6
18,5,Flow606,34,0.26208333333333317,6
18,5,Flow606,35,0.26208333333333317,6
18,5,Flow606,36,0.28201792539870835,6
18,5,Flow606,37,0.26281570727353853,6
18,5,Flow606,38,0.26281570727353853,6
18,5,Flow606,39,0.26281570727353853,6
18,5,Flow606,40,0.06229404309252225,6
18,5,Flow606,41,0.4744740177439796,6
18,5,Flow606,42,0.4744740177439796,6
18,5,Flow606,43,0.4744740177439796,6
18,5,Flow606,44,0.46505299741029943,6
18,5,Flow606,45,0.4744740177439796,6
18,5,Flow606,46,0.47841807909604517,6
18,5,Flow606,47,0.36535211267605644,6
18,5,Flow606,48,0.36535211267605644,6
18,5,Flow606,49,0.36535211267605644,6
18,5,Flow606,50,0.36535211267605644,6
18,5,Flow606,51,0.36535211267605644,6
18,5,Flow606,52,0.36702702702702705,6
18,5,Flow606,53,0.36702702702702705,6
18,5,Flow606,54,0.36702702702702705,6
18,5,Flow606,55,0.36702702702702705,6
18,5,Flow606,56,0.4300174576490365,6
18,5,Flow606,57,0.21298245614035097,6
18,5,Flow606,58,0.23131197559115185,6
18,5,Flow606,59,0.23131197559115185,6
18,5,Flow606,60,0.23131197559115185,6
19,5,Flow606,1,2.0,6
19,5,Flow606,2,2.0,6
19,5,Flow606,3,2.0,6
19,5,Flow606,4,1.1535714285714287,6
19,5,Flow606,5,0.07023809523809525,6
19,5,Flow606,6,0.07023809523809525,6
19,5,Flow606,7,0.07023809523809517,6
19,5,Flow606,8,0.07023809523809517,6
19,5,Flow606,9,0.07023809523809517,6
19,5,Flow606,10,0.06391076115485558,6
19,5,Flow606,11,0.06391076115485558,6
19,5,Flow606,12,0.06391076115485568,6
19,5,Flow606,13,0.7020997375328083,6
19,5,Flow606,14,0.7020997375328083,6
19,5,Flow606,15,0.7445736434108527,6
19,5,Flow606,16,0.7445736434108527,6
19,5,Flow606,17,0.7445736434108527,6
19,5,Flow606,18,0.7375038759689924,6
19,5,Flow606,19,0.7375038759689924,6
19,5,Flow606,20,0.705368569415081,6
19,5,Flow606,21,0.1,6
19,5,Flow606,22,0.1,6
19,5,Flow606,23,0.1,6
19,5,Flow606,24,0.1,6
19,5,Flow606,25,0.1669398907103825,6
19,5,Flow606,26,0.7225490196078431,6
19,5,Flow606,27,0.6580168776371307,6
19,5,Flow606,28,0.47916666666666663,6
19,5,Flow606,29,0.4839639639639639,6
19,5,Flow606,30,0.4839639639639639,6
19,5,Flow606,31,0.4839639639639639,6
19,5,Flow606,32,0.4839639639639639,6
19,5,Flow606,33,0.4839639639639639,6
19,5,Flow606,34,0.47729729729729725,6
19,5,Flow606,35,0.47729729729729725,6
19,5,Flow606,36,0.47729729729729725,6
19,5,Flow606,37,0.4839639639639639,6
19,5,Flow606,38,0.4839639639639639,6
19,5,Flow606,39,0.4839639639639639,6
19,5,Flow606,40,0.4839639639639639,6
19,5,Flow606,41,0.49369369369369365,6
19,5,Flow606,42,0.47106918238993706,6
19,5,Flow606,43,0.47106918238993706,6
19,5,Flow606,44,0.5303030303030303,6
19,5,Flow606,45,1.4058823529411764,6
19,5,Flow606,46,1.4058823529411764,6
19,5,Flow606,47,0.531523378582202,6
19,5,Flow606,48,0.37254901960784303,6
19,5,Flow606,49,0.39482972136222916,6
19,5,Flow606,50,0.39482972136222916,6
19,5,Flow606,51,0.37254901960784303,6
19,5,Flow606,52,0.37254901960784303,6
19,5,Flow606,53,0.3169934640522875,6
19,5,Flow606,54,0.3169934640522875,6
19,5,Flow606,55,0.37254901960784303,6
19,5,Flow606,56,0.37254901960784303,6
19,5,Flow606,57,0.541788480711711,6
19,5,Flow606,58,0.541788480711711,6
19,5,Flow606,59,0.5560828191416428,6
19,5,Flow606,60,0.5560828191416428,6
20,5,Flow606,1,2.0,6
20,5,Flow606,2,2.0,6
20,5,Flow606,3,2.0,6
20,5,Flow606,4,1.3333333333333333,6
20,5,Flow606,5,0.24999999999999992,6
20,5,Flow606,6,0.1314814814814814,6
20,5,Flow606,7,0.13428428428428418,6
20,5,Flow606,8,0.13428428428428418,6
20,5,Flow606,9,0.13428428428428418,6
20,5,Flow606,10,0.13428428428428418,6
20,5,Flow606,11,0.1358108108108107,6
20,5,Flow606,12,0.9220720720720721,6
20,5,Flow606,13,0.9220720720720721,6
20,5,Flow606,14,0.9220720720720721,6
20,5,Flow606,15,0.9220720720720721,6
20,5,Flow606,16,0.0675141242937853,6
20,5,Flow606,17,0.0675141242937853,6
20,5,Flow606,18,0.029487179487179382,6
20,5,Flow606,19,0.029487179487179382,6
20,5,Flow606,20,0.029487179487179382,6
20,5,Flow606,21,0.029487179487179382,6
20,5,Flow606,22,0.34581889581889574,6
20,5,Flow606,23,0.3477613977613977,6
20,5,Flow606,24,0.3490240240240238,6
20,5,Flow606,25,0.3518018018018017,6
20,5,Flow606,26,0.3518018018018017,6
20,5,Flow606,27,0.3518018018018017,6
20,5,Flow606,28,0.3518018018018017,6
20,5,Flow606,29,0.3518018018018017,6
20,5,Flow606,30,0.3518018018018017,6
20,5,Flow606,31,0.34950295122708913,6
20,5,Flow606,32,0.34950295122708913,6
20,5,Flow606,33,0.34950295122708913,6
20,5,Flow606,34,0.34950295122708913,6
20,5,Flow606,35,0.345192606399503,6
20,5,Flow606,36,0.34950295122708913,6
20,5,Flow606,37,0.34950295122708913,6
20,5,Flow606,38,0.34950295122708913,6
20,5,Flow606,39,0.34915055209378953,6
20,5,Flow606,40,0.3415057792072508,6
20,5,Flow606,41,0.42559828095917795,6
20,5,Flow606,42,0.10477239353891336,6
20,5,Flow606,43,0.10477239353891336,6
20,5,Flow606,44,0.10477239353891336,6
20,5,Flow606,45,0.3751831928043382,6
20,5,Flow606,46,0.3751831928043382,6
20,5,Flow606,47,0.3751831928043382,6
20,5,Flow606,48,0.3751831928043382,6
20,5,Flow606,49,0.42324086200738176,6
20,5,Flow606,50,0.42324086200738176,6
20,5,Flow606,51,0.42324086200738176,6
20,5,Flow606,52,0.42324086200738176,6
20,5,Flow606,53,1.335135135135135,6
20,5,Flow606,54,0.4018018018018017,6
20,5,Flow606,55,0.4018018018018017,6
20,5,Flow606,56,0.4018018018018017,6
20,5,Flow606,57,0.29758454123981737,6
20,5,Flow606,58,0.29758454123981737,6
20,5,Flow606,59,0.3689534331617784,6
20,5,Flow606,60,0.44172500259456804,6
1,1,Flow607,1,2.0,7
1,1,Flow607,2,2.0,7
1,1,Flow607,3,1.1558139534883722,7
1,1,Flow607,4,1.1558139534883722,7
1,1,Flow607,5,0.9151819322459221,7
1,1,Flow607,6,0.3891472868217055,7
1,1,Flow607,7,0.3891472868217055,7
1,1,Flow607,8,0.9956521739130434,7
1,1,Flow607,9,0.9956521739130434,7
1,1,Flow607,10,0.9761592356687899,7
1,1,Flow607,11,0.3108551294213308,7
1,1,Flow607,12,0.3108551294213308,7
1,1,Flow607,13,0.6102376860862581,7
1,1,Flow607,14,0.6318524096385542,7
1,1,Flow607,15,0.3359064636926082,7
1,1,Flow607,16,0.3359064636926082,7
1,1,Flow607,17,0.32822899201931455,7
1,1,Flow607,18,0.32822899201931455,7
1,1,Flow607,19,0.3359064636926082,7
1,1,Flow607,20,0.3359064636926082,7
1,1,Flow607,21,0.2852090142278412,7
1,1,Flow607,22,0.2852090142278412,7
1,1,Flow607,23,0.2852090142278412,7
1,1,Flow607,24,0.5455436881486844,7
1,1,Flow607,25,0.5550953815261043,7
1,1,Flow607,26,0.5461668100975331,7
1,1,Flow607,27,0.28490886623416734,7
1,1,Flow607,28,0.28490886623416734,7
1,1,Flow607,29,0.25185106646168,7
1,1,Flow607,30,0.2518510664616798,7
1,1,Flow607,31,0.2518510664616798,7
1,1,Flow607,32,0.2518510664616798,7
1,1,Flow607,33,0.5842686488792624,7
1,1,Flow607,34,0.5842686488792624,7
1,1,Flow607,35,0.61732644865175,7
1,1,Flow607,36,0.61732644865175,7
1,1,Flow607,37,0.61732644865175,7
1,1,Flow607,38,0.16792168674698793,7
1,1,Flow607,39,0.16792168674698793,7
1,1,Flow607,40,0.16792168674698793,7
1,1,Flow607,41,0.32776019600837125,7
1,1,Flow607,42,0.32776019600837125,7
1,1,Flow607,43,0.32776019600837125,7
1,1,Flow607,44,0.221590909090909,7
1,1,Flow607,45,0.19595029239766096,7
1,1,Flow607,46,0.19595029239766096,7
1,1,Flow607,47,0.19595029239766096,7
1,1,Flow607,48,0.19595029239766096,7
1,1,Flow607,49,0.221590909090909,7
1,1,Flow607,50,0.221590909090909,7
1,1,Flow607,51,0.221590909090909,7
1,1,Flow607,52,0.221590909090909,7
1,1,Flow607,53,0.221590909090909,7
1,1,Flow607,54,0.221590909090909,7
1,1,Flow607,55,0.221590909090909,7
1,1,Flow607,56,0.221590909090909,7
1,1,Flow607,57,0.221590909090909,7
1,1,Flow607,58,0.2761363636363637,7
1,1,Flow607,59,0.2761363636363637,7
1,1,Flow607,60,0.2761363636363637,7
2,1,Flow607,1,2.0,7
2,1,Flow607,2,2.0,7
2,1,Flow607,3,2.0,7
2,1,Flow607,4,2.0,7
2,1,Flow607,5,1.106382978723404,7
2,1,Flow607,6,0.23971631205673755,7
2,1,Flow607,7,0.23971631205673755,7
2,1,Flow607,8,0.1698750422154678,7
2,1,Flow607,9,0.1698750422154678,7
2,1,Flow607,10,0.1550447792100222,7
2,1,Flow607,11,0.18768379173153454,7
2,1,Flow607,12,0.18768379173153454,7
2,1,Flow607,13,0.4527777777777778,7
2,1,Flow607,14,0.29707602339181294,7
2,1,Flow607,15,0.29707602339181294,7
2,1,Flow607,16,0.23444976076555032,7
2,1,Flow607,17,0.23444976076555016,7
2,1,Flow607,18,0.23444976076555016,7
2,1,Flow607,19,0.23444976076555016,7
2,1,Flow607,20,0.23444976076555016,7
2,1,Flow607,21,0.2948314750682169,7
2,1,Flow607,22,0.2740934925847321,7
2,1,Flow607,23,0.2740934925847321,7
2,1,Flow607,24,0.2942107141900995,7
2,1,Flow607,25,0.2942107141900995,7
2,1,Flow607,26,0.2942107141900995,7
2,1,Flow607,27,0.2942107141900995,7
2,1,Flow607,28,0.2672381020373559,7
2,1,Flow607,29,0.32228667427412205,7
2,1,Flow607,30,0.3409514280516646,7
2,1,Flow607,31,0.3409514280516646,7
2,1,Flow607,32,0.3409514280516646,7
2,1,Flow607,33,0.3956016177957533,7
2,1,Flow607,34,0.3956016177957533,7
2,1,Flow607,35,0.3217736369910284,7
2,1,Flow607,36,0.3217736369910284,7
2,1,Flow607,37,0.3956016177957533,7
2,1,Flow607,38,0.3956016177957533,7
2,1,Flow607,39,0.26013085690164617,7
2,1,Flow607,40,0.26013085690164617,7
2,1,Flow607,41,0.26013085690164617,7
2,1,Flow607,42,0.26013085690164617,7
2,1,Flow607,43,0.22224851463089443,7
2,1,Flow607,44,0.22224851463089443,7
2,1,Flow607,45,0.22224851463089443,7
2,1,Flow607,46,0.2106562653670812,7
2,1,Flow607,47,0.2106562653670812,7
2,1,Flow607,48,0.2106562653670812,7
2,1,Flow607,49,0.2106562653670812,7
2,1,Flow607,50,0.4224951026350491,7
2,1,Flow607,51,0.4224951026350491,7
2,1,Flow607,52,0.342807924203273,7
2,1,Flow607,53,0.14863950514482854,7
2,1,Flow607,54,0.6581404174573058,7
2,1,Flow607,55,0.6581404174573058,7
2,1,Flow607,56,0.6507082490179743,7
2,1,Flow607,57,0.6507082490179743,7
2,1,Flow607,58,0.6507082490179743,7
2,1,Flow607,59,0.6478691260683147,7
2,1,Flow607,60,0.9112516156399784,7
3,1,Flow607,1,2.0,7
3,1,Flow607,2,2.0,7
3,1,Flow607,3,2.0,7
3,1,Flow607,4,2.0,7
3,1,Flow607,5,1.2058823529411764,7
3,1,Flow607,6,0.28293568073439684,7
3,1,Flow607,7,0.3168886352537676,7
3,1,Flow607,8,0.32477823951509155,7
3,1,Flow607,9,0.3908152151319893,7
3,1,Flow607,10,0.3908152151319893,7
3,1,Flow607,11,0.26967571999022477,7
3,1,Flow607,12,0.26967571999022477,7
3,1,Flow607,13,0.26967571999022477,7
3,1,Flow607,14,0.33832012477923035,7
3,1,Flow607,15,0.33832012477923035,7
3,1,Flow607,16,0.29397101222550565,7
3,1,Flow607,17,0.29397101222550565,7
3,1,Flow607,18,0.21951549478696916,7
3,1,Flow607,19,0.18600112488868287,7
3,1,Flow607,20,0.24411465360423606,7
3,1,Flow607,21,0.3005840634125992,7
3,1,Flow607,22,0.6407801418439716,7
3,1,Flow607,23,0.6407801418439716,7
3,1,Flow607,24,0.722549019607843,7
3,1,Flow607,25,0.722549019607843,7
3,1,Flow607,26,0.722549019607843,7
3,1,Flow607,27,0.8212990196078434,7
3,1,Flow607,28,0.28380443086325424,7
3,1,Flow607,29,0.28380443086325424,7
3,1,Flow607,30,0.28380443086325424,7
3,1,Flow607,31,0.28380443086325424,7
3,1,Flow607,32,0.16650350457079915,7
3,1,Flow607,33,0.17515707119260301,7
3,1,Flow607,34,0.17515707119260301,7
3,1,Flow607,35,0.17515707119260301,7
3,1,Flow607,36,0.6834313725490195,7
3,1,Flow607,37,0.6834313725490195,7
3,1,Flow607,38,0.6834313725490195,7
3,1,Flow607,39,0.722549019607843,7
3,1,Flow607,40,0.722549019607843,7
3,1,Flow607,41,0.5353283568826089,7
3,1,Flow607,42,0.500316856780735,7
3,1,Flow607,43,0.500316856780735,7
3,1,Flow607,44,0.500316856780735,7
3,1,Flow607,45,0.500316856780735,7
3,1,Flow607,46,0.7003168567807352,7
3,1,Flow607,47,0.9004685634811146,7
3,1,Flow607,48,0.7003168567807352,7
3,1,Flow607,49,0.5166666666666668,7
3,1,Flow607,50,0.5166666666666668,7
3,1,Flow607,51,0.8,7
3,1,Flow607,52,0.837037037037037,7
3,1,Flow607,53,0.837037037037037,7
3,1,Flow607,54,0.837037037037037,7
3,1,Flow607,55,0.837037037037037,7
3,1,Flow607,56,0.837037037037037,7
3,1,Flow607,57,0.8648648648648649,7
3,1,Flow607,58,0.8,7
3,1,Flow607,59,0.7983333333333335,7
3,1,Flow607,60,0.7127962085308056,7
4,1,Flow607,1,2.0,7
4,1,Flow607,2,2.0,7
4,1,Flow607,3,2.0,7
4,1,Flow607,4,2.0,7
4,1,Flow607,5,1.1694915254237288,7
4,1,Flow607,6,1.0719424460431655,7
4,1,Flow607,7,0.2482315112540192,7
4,1,Flow607,8,0.1524331919262881,7
4,1,Flow607,9,0.1524331919262881,7
4,1,Flow607,10,0.1630901819950429,7
4,1,Flow607,11,0.1630901819950429,7
4,1,Flow607,12,0.1630901819950429,7
4,1,Flow607,13,0.1630901819950429,7
4,1,Flow607,14,0.16285153695225638,7
4,1,Flow607,15,0.16285153695225638,7
4,1,Flow607,16,0.10051387461459402,7
4,1,Flow607,17,0.10051387461459402,7
4,1,Flow607,18,0.15948275862068967,7
4,1,Flow607,19,0.15948275862068967,7
4,1,Flow607,20,0.10855683269476372,7
4,1,Flow607,21,0.10855683269476372,7
4,1,Flow607,22,0.13153356075972714,7
4,1,Flow607,23,1.0114478114478114,7
4,1,Flow607,24,1.0114478114478114,7
4,1,Flow607,25,0.7289916710969344,7
4,1,Flow607,26,0.7265231883322336,7
4,1,Flow607,27,0.32407407407407424,7
4,1,Flow607,28,0.32407407407407424,7
4,1,Flow607,29,0.375,7
4,1,Flow607,30,0.37499999999999983,7
4,1,Flow607,31,0.37499999999999983,7
4,1,Flow607,32,0.7789074960127593,7
4,1,Flow607,33,0.7789074960127593,7
4,1,Flow607,34,0.7789074960127593,7
4,1,Flow607,35,0.7789074960127593,7
4,1,Flow607,36,0.7941063596491229,7
4,1,Flow607,37,0.7941063596491229,7
4,1,Flow607,38,0.8756083757781552,7
4,1,Flow607,39,0.8756083757781552,7
4,1,Flow607,40,0.8756083757781552,7
4,1,Flow607,41,0.7268606298354584,7
4,1,Flow607,42,0.7268606298354584,7
4,1,Flow607,43,0.7268606298354584,7
4,1,Flow607,44,0.807199032062916,7
4,1,Flow607,45,1.1520266182698127,7
4,1,Flow607,46,1.6604010025062657,7
4,1,Flow607,47,1.6604010025062657,7
4,1,Flow607,48,0.642543859649123,7
4,1,Flow607,49,0.4832668121263726,7
4,1,Flow607,50,0.7657229524772496,7
4,1,Flow607,51,0.7657229524772496,7
4,1,Flow607,52,0.7657229524772496,7
4,1,Flow607,53,0.7657229524772496,7
4,1,Flow607,54,0.7657229524772496,7
4,1,Flow607,55,0.8673076923076923,7
4,1,Flow607,56,0.8673076923076923,7
4,1,Flow607,57,0.8673076923076923,7
4,1,Flow607,58,0.8673076923076923,7
4,1,Flow607,59,0.7307692307692308,7
4,1,Flow607,60,0.7307692307692308,7
5,2,Flow607,1,2.0,7
5,2,Flow607,2,2.0,7
5,2,Flow607,3,2.0,7
5,2,Flow607,4,1.621212121212121,7
5,2,Flow607,5,1.5,7
5,2,Flow607,6,1.5,7
5,2,Flow607,7,0.33478260869565213,7
5,2,Flow607,8,0.24604743083003963,7
5,2,Flow607,9,0.24604743083003963,7
5,2,Flow607,10,0.19091691777873443,7
5,2,Flow607,11,0.19091691777873443,7
5,2,Flow607,12,0.32628236443575975,7
5,2,Flow607,13,0.32628236443575975,7
5,2,Flow607,14,0.32628236443575975,7
5,2,Flow607,15,0.32628236443575975,7
5,2,Flow607,16,0.38695652173913053,7
5,2,Flow607,17,0.38695652173913053,7
5,2,Flow607,18,0.2448512585812357,7
5,2,Flow607,19,0.40666666666666645,7
5,2,Flow607,20,0.40666666666666645,7
5,2,Flow607,21,0.17138506281618557,7
5,2,Flow607,22,0.17138506281618557,7
5,2,Flow607,23,0.12985221867550897,7
5,2,Flow607,24,0.2693236714975845,7
5,2,Flow607,25,0.2693236714975845,7
5,2,Flow607,26,0.2738477716938027,7
5,2,Flow607,27,0.25059288537549407,7
5,2,Flow607,28,0.2903381642512077,7
5,2,Flow607,29,0.32222222222222213,7
5,2,Flow607,30,0.32222222222222213,7
5,2,Flow607,31,0.32222222222222213,7
5,2,Flow607,32,0.32222222222222213,7
5,2,Flow607,33,0.2746031746031745,7
5,2,Flow607,34,0.3137499999999999,7
5,2,Flow607,35,0.20438596491228073,7
5,2,Flow607,36,0.20438596491228073,7
5,2,Flow607,37,0.20438596491228073,7
5,2,Flow607,38,0.20438596491228073,7
5,2,Flow607,39,0.20438596491228073,7
5,2,Flow607,40,0.20438596491228073,7
5,2,Flow607,41,0.20438596491228073,7
5,2,Flow607,42,0.20438596491228073,7
5,2,Flow607,43,0.3018518518518518,7
5,2,Flow607,44,0.3018518518518518,7
5,2,Flow607,45,0.3018518518518518,7
5,2,Flow607,46,0.3018518518518518,7
5,2,Flow607,47,0.6194708994708995,7
5,2,Flow607,48,0.3628571428571429,7
5,2,Flow607,49,0.3628571428571429,7
5,2,Flow607,50,0.3524675324675325,7
5,2,Flow607,51,0.19981447124304266,7
5,2,Flow607,52,0.19981447124304266,7
5,2,Flow607,53,0.07175324675324672,7
5,2,Flow607,54,0.07175324675324672,7
5,2,Flow607,55,0.07175324675324672,7
5,2,Flow607,56,0.19981447124304266,7
5,2,Flow607,57,0.19981447124304266,7
5,2,Flow607,58,0.19981447124304266,7
5,2,Flow607,59,0.19981447124304266,7
5,2,Flow607,60,0.19981447124304266,7
6,2,Flow607,1,2.0,7
6,2,Flow607,2,2.0,7
6,2,Flow607,3,2.0,7
6,2,Flow607,4,2.0,7
6,2,Flow607,5,1.35,7
6,2,Flow607,6,0.2264705882352942,7
6,2,Flow607,7,0.2264705882352942,7
6,2,Flow607,8,0.29645889232886136,7
6,2,Flow607,9,0.34030019493177377,7
6,2,Flow607,10,0.34030019493177377,7
6,2,Flow607,11,0.34030019493177377,7
6,2,Flow607,12,0.34030019493177377,7
6,2,Flow607,13,0.34030019493177377,7
6,2,Flow607,14,0.34030019493177377,7
6,2,Flow607,15,0.34030019493177377,7
6,2,Flow607,16,0.34030019493177377,7
6,2,Flow607,17,0.34030019493177377,7
6,2,Flow607,18,0.34030019493177377,7
6,2,Flow607,19,0.34030019493177377,7
6,2,Flow607,20,0.29645889232886136,7
6,2,Flow607,21,0.36803783969728243,7
6,2,Flow607,22,0.36803783969728243,7
6,2,Flow607,23,0.2353481910444269,7
6,2,Flow607,24,0.2353481910444269,7
6,2,Flow607,25,0.2353481910444269,7
6,2,Flow607,26,0.33940626074991387,7
6,2,Flow607,27,0.33940626074991387,7
6,2,Flow607,28,0.33940626074991387,7
6,2,Flow607,29,0.33940626074991387,7
6,2,Flow607,30,0.33940626074991387,7
6,2,Flow607,31,0.33940626074991387,7
6,2,Flow607,32,0.33940626074991387,7
6,2,Flow607,33,0.26782731338149307,7
6,2,Flow607,34,0.29199346405228754,7
6,2,Flow607,35,0.29199346405228754,7
6,2,Flow607,36,0.29199346405228754,7
6,2,Flow607,37,0.29199346405228754,7
6,2,Flow607,38,0.26782731338149307,7
6,2,Flow607,39,0.26782731338149307,7
6,2,Flow607,40,0.26782731338149307,7
6,2,Flow607,41,0.23137254901960783,7
6,2,Flow607,42,0.3038143382352942,7
6,2,Flow607,43,0.3038143382352942,7
6,2,Flow607,44,0.20969827586206904,7
6,2,Flow607,45,0.20344827586206904,7
6,2,Flow607,46,0.16321839080459774,7
6,2,Flow607,47,0.16321839080459774,7
6,2,Flow607,48,0.16321839080459774,7
6,2,Flow607,49,0.16321839080459774,7
6,2,Flow607,50,0.08222222222222228,7
6,2,Flow607,51,0.08222222222222228,7
6,2,Flow607,52,0.08222222222222228,7
6,2,Flow607,53,0.08222222222222228,7
6,2,Flow607,54,0.0666666666666667,7
6,2,Flow607,55,0.0666666666666667,7
6,2,Flow607,56,0.0666666666666667,7
6,2,Flow607,57,0.0666666666666667,7
6,2,Flow607,58,0.0666666666666667,7
6,2,Flow607,59,0.4617647058823529,7
6,2,Flow607,60,0.4617647058823529,7
7,2,Flow607,1,2.0,7
7,2,Flow607,2,2.0,7
7,2,Flow607,3,2.0,7
7,2,Flow607,4,2.0,7
7,2,Flow607,5,1.35,7
7,2,Flow607,6,1.307,7
7,2,Flow607,7,0.1333333333333333,7
7,2,Flow607,8,0.12050245098039225,7
7,2,Flow607,9,0.12011093242092956,7
7,2,Flow607,10,0.06892558908344126,7
7,2,Flow607,11,0.06892558908344126,7
7,2,Flow607,12,0.15894543019752252,7
7,2,Flow607,13,0.15894543019752252,7
7,2,Flow607,14,0.15894543019752252,7
7,2,Flow607,15,0.14015151515151522,7
7,2,Flow607,16,0.14015151515151522,7
7,2,Flow607,17,0.14015151515151522,7
7,2,Flow607,18,0.14015151515151522,7
7,2,Flow607,19,0.20681818181818185,7
7,2,Flow607,20,0.15693173821252637,7
7,2,Flow607,21,0.15693173821252637,7
7,2,Flow607,22,0.1569317382125263,7
7,2,Flow607,23,0.1724489795918366,7
7,2,Flow607,24,0.20723217742381506,7
7,2,Flow607,25,0.20723217742381506,7
7,2,Flow607,26,1.3111437908496733,7
7,2,Flow607,27,1.3111437908496733,7
7,2,Flow607,28,1.3111437908496733,7
7,2,Flow607,29,1.3111437908496733,7
7,2,Flow607,30,1.3111437908496733,7
7,2,Flow607,31,1.3111437908496733,7
7,2,Flow607,32,0.16382113821138206,7
7,2,Flow607,33,0.16382113821138206,7
7,2,Flow607,34,0.16382113821138206,7
7,2,Flow607,35,0.10022436199265475,7
7,2,Flow607,36,0.10022436199265475,7
7,2,Flow607,37,0.10022436199265475,7
7,2,Flow607,38,0.10022436199265475,7
7,2,Flow607,39,0.10022436199265475,7
7,2,Flow607,40,0.10022436199265475,7
7,2,Flow607,41,0.10022436199265475,7
7,2,Flow607,42,0.1171136121942574,7
7,2,Flow607,43,0.1171136121942574,7
7,2,Flow607,44,0.1171136121942574,7
7,2,Flow607,45,0.10645348837209304,7
7,2,Flow607,46,0.10645348837209304,7
7,2,Flow607,47,0.10645348837209304,7
7,2,Flow607,48,0.10645348837209304,7
7,2,Flow607,49,0.10645348837209304,7
7,2,Flow607,50,0.10645348837209304,7
7,2,Flow607,51,0.10645348837209304,7
7,2,Flow607,52,0.10645348837209304,7
7,2,Flow607,53,0.10645348837209304,7
7,2,Flow607,54,0.7166666666666666,7
7,2,Flow607,55,0.7166666666666666,7
7,2,Flow607,56,0.7166666666666666,7
7,2,Flow607,57,0.7166666666666666,7
7,2,Flow607,58,0.7166666666666666,7
7,2,Flow607,59,0.7166666666666666,7
7,2,Flow607,60,0.7166666666666666,7
8,2,Flow607,1,2.0,7
8,2,Flow607,2,2.0,7
8,2,Flow607,3,2.0,7
8,2,Flow607,4,2.0,7
8,2,Flow607,5,2.0,7
8,2,Flow607,6,0.7037037037037036,7
8,2,Flow607,7,0.1947450260177533,7
8,2,Flow607,8,0.16550260177532908,7
8,2,Flow607,9,0.16550260177532908,7
8,2,Flow607,10,0.16550260177532908,7
8,2,Flow607,11,0.16387802265074997,7
8,2,Flow607,12,0.16387802265074997,7
8,2,Flow607,13,0.20625000000000018,7
8,2,Flow607,14,0.20625000000000018,7
8,2,Flow607,15,0.19410075917739772,7
8,2,Flow607,16,0.19410075917739772,7
8,2,Flow607,17,0.28438175055013837,7
8,2,Flow607,18,0.339686748646219,7
8,2,Flow607,19,0.27696811100292107,7
8,2,Flow607,20,0.27696811100292107,7
8,2,Flow607,21,0.27696811100292107,7
8,2,Flow607,22,0.23589743589743586,7
8,2,Flow607,23,0.13075835282821754,7
8,2,Flow607,24,0.13551213880755758,7
8,2,Flow607,25,0.13551213880755758,7
8,2,Flow607,26,0.13551213880755758,7
8,2,Flow607,27,0.2703703703703703,7
8,2,Flow607,28,0.27037037037037026,7
8,2,Flow607,29,1.3333333333333335,7
8,2,Flow607,30,1.3333333333333335,7
8,2,Flow607,31,0.12000284535495798,7
8,2,Flow607,32,0.07599911658116909,7
8,2,Flow607,33,0.11047152480097981,7
8,2,Flow607,34,0.11047152480097981,7
8,2,Flow607,35,0.11047152480097981,7
8,2,Flow607,36,0.07599911658116909,7
8,2,Flow607,37,0.07599911658116909,7
8,2,Flow607,38,0.07599911658116909,7
8,2,Flow607,39,0.07599911658116909,7
8,2,Flow607,40,0.07599911658116909,7
8,2,Flow607,41,0.13712374581939804,7
8,2,Flow607,42,0.13712374581939804,7
8,2,Flow607,43,0.13712374581939804,7
8,2,Flow607,44,0.1510989010989011,7
8,2,Flow607,45,0.1510989010989011,7
8,2,Flow607,46,0.1510989010989011,7
8,2,Flow607,47,0.1510989010989011,7
8,2,Flow607,48,0.1510989010989011,7
8,2,Flow607,49,0.1510989010989011,7
8,2,Flow607,50,0.1510989010989011,7
8,2,Flow607,51,0.1510989010989011,7
8,2,Flow607,52,0.16071428571428567,7
8,2,Flow607,53,0.16071428571428567,7
8,2,Flow607,54,0.16071428571428567,7
8,2,Flow607,55,0.16071428571428567,7
8,2,Flow607,56,0.16071428571428567,7
8,2,Flow607,57,0.1510989010989011,7
8,2,Flow607,58,0.1510989010989011,7
8,2,Flow607,59,0.14688067837674143,7
8,2,Flow607,60,0.14688067837674143,7
9,3,Flow607,1,2.0,7
9,3,Flow607,2,2.0,7
9,3,Flow607,3,2.0,7
9,3,Flow607,4,0.8833333333333334,7
9,3,Flow607,5,0.8833333333333334,7
9,3,Flow607,6,0.9099999999999999,7
9,3,Flow607,7,0.18180354267310772,7
9,3,Flow607,8,0.18180354267310772,7
9,3,Flow607,9,0.2691645133505599,7
9,3,Flow607,10,0.26916451335055996,7
9,3,Flow607,11,0.26916451335055996,7
9,3,Flow607,12,0.7628571428571428,7
9,3,Flow607,13,1.1108225108225107,7
9,3,Flow607,14,1.1108225108225107,7
9,3,Flow607,15,1.1108225108225107,7
9,3,Flow607,16,0.7621404596443592,7
9,3,Flow607,17,1.1108225108225107,7
9,3,Flow607,18,0.19538631920616342,7
9,3,Flow607,19,0.2685601353804709,7
9,3,Flow607,20,0.23735185168106882,7
9,3,Flow607,21,0.23735185168106882,7
9,3,Flow607,22,0.23735185168106882,7
9,3,Flow607,23,0.23735185168106882,7
9,3,Flow607,24,0.23735185168106882,7
9,3,Flow607,25,0.8463039399624768,7
9,3,Flow607,26,0.8463039399624768,7
9,3,Flow607,27,0.9057317073170733,7
9,3,Flow607,28,0.9057317073170733,7
9,3,Flow607,29,0.9057317073170733,7
9,3,Flow607,30,0.9057317073170733,7
9,3,Flow607,31,0.9800000000000001,7
9,3,Flow607,32,0.9800000000000001,7
9,3,Flow607,33,0.29999999999999993,7
9,3,Flow607,34,0.29999999999999993,7
9,3,Flow607,35,0.29999999999999993,7
9,3,Flow607,36,0.29999999999999993,7
9,3,Flow607,37,0.29999999999999993,7
9,3,Flow607,38,0.29999999999999993,7
9,3,Flow607,39,0.813475935828877,7
9,3,Flow607,40,0.813475935828877,7
9,3,Flow607,41,0.813475935828877,7
9,3,Flow607,42,0.813475935828877,7
9,3,Flow607,43,0.813475935828877,7
9,3,Flow607,44,0.813475935828877,7
9,3,Flow607,45,0.813475935828877,7
9,3,Flow607,46,1.1864171122994651,7
9,3,Flow607,47,1.1864171122994651,7
9,3,Flow607,48,1.1864171122994651,7
9,3,Flow607,49,1.1864171122994651,7
9,3,Flow607,50,1.1864171122994651,7
9,3,Flow607,51,1.2747613997879108,7
9,3,Flow607,52,1.2747613997879108,7
9,3,Flow607,53,1.2747613997879108,7
9,3,Flow607,54,1.2747613997879108,7
9,3,Flow607,55,1.2747613997879108,7
9,3,Flow607,56,1.2747613997879108,7
9,3,Flow607,57,1.2747613997879108,7
9,3,Flow607,58,1.2747613997879108,7
9,3,Flow607,59,1.0253976670201486,7
9,3,Flow607,60,1.0253976670201486,7
10,3,Flow607,1,2.0,7
10,3,Flow607,2,2.0,7
10,3,Flow607,3,2.0,7
10,3,Flow607,4,2.0,7
10,3,Flow607,5,1.05,7
10,3,Flow607,6,1.05,7
10,3,Flow607,7,0.2515093028906204,7
10,3,Flow607,8,0.2515093028906204,7
10,3,Flow607,9,0.19562894798182456,7
10,3,Flow607,10,0.19562894798182456,7
10,3,Flow607,11,0.19562894798182456,7
10,3,Flow607,12,0.22708277274553462,7
10,3,Flow607,13,0.22708277274553462,7
10,3,Flow607,14,0.22708277274553462,7
10,3,Flow607,15,0.26749679890574923,7
10,3,Flow607,16,0.19917745700975562,7
10,3,Flow607,17,0.20602836879432615,7
10,3,Flow607,18,0.20602836879432615,7
10,3,Flow607,19,0.20602836879432615,7
10,3,Flow607,20,0.2417426545086121,7
10,3,Flow607,21,0.2417426545086121,7
10,3,Flow607,22,0.06491228070175445,7
10,3,Flow607,23,0.06491228070175445,7
10,3,Flow607,24,0.18760731616274723,7
10,3,Flow607,25,0.18760731616274723,7
10,3,Flow607,26,1.0496693996297277,7
10,3,Flow607,27,0.6982456140350877,7
10,3,Flow607,28,0.6982456140350877,7
10,3,Flow607,29,0.06491228070175445,7
10,3,Flow607,30,0.06491228070175445,7
10,3,Flow607,31,1.0857142857142859,7
10,3,Flow607,32,0.73015873015873,7
10,3,Flow607,33,1.0857142857142859,7
10,3,Flow607,34,1.0857142857142859,7
10,3,Flow607,35,1.0857142857142859,7
10,3,Flow607,36,1.0857142857142859,7
10,3,Flow607,37,0.3657142857142858,7
10,3,Flow607,38,0.3657142857142858,7
10,3,Flow607,39,0.3657142857142858,7
10,3,Flow607,40,0.1357142857142856,7
10,3,Flow607,41,0.1357142857142856,7
10,3,Flow607,42,0.1357142857142856,7
10,3,Flow607,43,0.1357142857142856,7
10,3,Flow607,44,0.3657142857142858,7
10,3,Flow607,45,0.3657142857142858,7
10,3,Flow607,46,0.3657142857142858,7
10,3,Flow607,47,0.3657142857142858,7
10,3,Flow607,48,0.3657142857142858,7
10,3,Flow607,49,0.3657142857142858,7
10,3,Flow607,50,1.0857142857142859,7
10,3,Flow607,51,1.0857142857142859,7
10,3,Flow607,52,0.31797235023041476,7
10,3,Flow607,53,0.31797235023041476,7
10,3,Flow607,54,0.31797235023041476,7
10,3,Flow607,55,0.7142857142857142,7
10,3,Flow607,56,0.7142857142857142,7
10,3,Flow607,57,0.7142857142857142,7
10,3,Flow607,58,0.7142857142857142,7
10,3,Flow607,59,0.7057142857142857,7
10,3,Flow607,60,0.7057142857142857,7
11,3,Flow607,1,2.0,7
11,3,Flow607,2,2.0,7
11,3,Flow607,3,2.0,7
11,3,Flow607,4,2.0,7
11,3,Flow607,5,1.1666666666666665,7
11,3,Flow607,6,1.1809523809523808,7
11,3,Flow607,7,0.19324894514767915,7
11,3,Flow607,8,0.15719452337897177,7
11,3,Flow607,9,0.0601878432633999,7
11,3,Flow607,10,0.053527008655922435,7
11,3,Flow607,11,0.15233335144238608,7
11,3,Flow607,12,0.15233335144238608,7
11,3,Flow607,13,0.15233335144238608,7
11,3,Flow607,14,0.15233335144238608,7
11,3,Flow607,15,0.0410415928390492,7
11,3,Flow607,16,0.0410415928390492,7
11,3,Flow607,17,0.14973523572653152,7
11,3,Flow607,18,0.14973523572653152,7
11,3,Flow607,19,0.14973523572653152,7
11,3,Flow607,20,0.14706009418067137,7
11,3,Flow607,21,0.14706009418067137,7
11,3,Flow607,22,0.20566300088484385,7
11,3,Flow607,23,0.20566300088484385,7
11,3,Flow607,24,0.20566300088484385,7
11,3,Flow607,25,0.12500743242439755,7
11,3,Flow607,26,0.12500743242439755,7
11,3,Flow607,27,0.12500743242439755,7
11,3,Flow607,28,0.1302806896861121,7
11,3,Flow607,29,0.13514186162269776,7
11,3,Flow607,30,0.13514186162269776,7
11,3,Flow607,31,0.055886044392483215,7
11,3,Flow607,32,0.055886044392483215,7
11,3,Flow607,33,0.055886044392483215,7
11,3,Flow607,34,0.13514186162269776,7
11,3,Flow607,35,0.13514186162269776,7
11,3,Flow607,36,0.13514186162269776,7
11,3,Flow607,37,0.13514186162269776,7
11,3,Flow607,38,0.1711962833914054,7
11,3,Flow607,39,0.14848566068078278,7
11,3,Flow607,40,0.14848566068078278,7
11,3,Flow607,41,0.14848566068078278,7
11,3,Flow607,42,0.14848566068078278,7
11,3,Flow607,43,0.14848566068078278,7
11,3,Flow607,44,0.07777791543293251,7
11,3,Flow607,45,0.09362761595993377,7
11,3,Flow607,46,0.09353922769465797,7
11,3,Flow607,47,0.09353922769465797,7
11,3,Flow607,48,0.09353922769465797,7
11,3,Flow607,49,0.08645345042425676,7
11,3,Flow607,50,0.08645345042425676,7
11,3,Flow607,51,0.08645345042425676,7
11,3,Flow607,52,0.08645345042425676,7
11,3,Flow607,53,0.08514011217128062,7
11,3,Flow607,54,0.08514011217128062,7
11,3,Flow607,55,0.08514011217128062,7
11,3,Flow607,56,0.1083472339334464,7
11,3,Flow607,57,0.1083472339334464,7
11,3,Flow607,58,0.1083472339334464,7
11,3,Flow607,59,0.20853682937000997,7
11,3,Flow607,60,0.20853682937000997,7
12,3,Flow607,1,2.0,7
12,3,Flow607,2,2.0,7
12,3,Flow607,3,2.0,7
12,3,Flow607,4,2.0,7
12,3,Flow607,5,1.1833333333333333,7
12,3,Flow607,6,1.1833333333333333,7
12,3,Flow607,7,0.1612554112554113,7
12,3,Flow607,8,0.10485205996875653,7
12,3,Flow607,9,0.1259990009990009,7
12,3,Flow607,10,0.05515214134620461,7
12,3,Flow607,11,0.05515214134620461,7
12,3,Flow607,12,0.1259990009990009,7
12,3,Flow607,13,0.18141025641025638,7
12,3,Flow607,14,0.1893692845615922,7
12,3,Flow607,15,0.21524157660521298,7
12,3,Flow607,16,0.9333333333333333,7
12,3,Flow607,17,0.9333333333333333,7
12,3,Flow607,18,0.9333333333333333,7
12,3,Flow607,19,0.9013333333333333,7
12,3,Flow607,20,0.9013333333333333,7
12,3,Flow607,21,0.21952010376134884,7
12,3,Flow607,22,0.2031292959133431,7
12,3,Flow607,23,0.06967741935483876,7
12,3,Flow607,24,0.06967741935483876,7
12,3,Flow607,25,0.06967741935483876,7
12,3,Flow607,26,0.06967741935483876,7
12,3,Flow607,27,0.06967741935483876,7
12,3,Flow607,28,0.06967741935483876,7
12,3,Flow607,29,0.06967741935483876,7
12,3,Flow607,30,0.06967741935483876,7
12,3,Flow607,31,0.06967741935483876,7
12,3,Flow607,32,0.06967741935483876,7
12,3,Flow607,33,0.17403116085143733,7
12,3,Flow607,34,0.17403116085143733,7
12,3,Flow607,35,0.10616655159309989,7
12,3,Flow607,36,0.10616655159309989,7
12,3,Flow607,37,0.10616655159309989,7
12,3,Flow607,38,0.10616655159309989,7
12,3,Flow607,39,0.1763440860215054,7
12,3,Flow607,40,0.1693899705014749,7
12,3,Flow607,41,0.1693899705014749,7
12,3,Flow607,42,0.1693899705014749,7
12,3,Flow607,43,0.1693899705014749,7
12,3,Flow607,44,0.1693899705014749,7
12,3,Flow607,45,0.1763440860215054,7
12,3,Flow607,46,0.16585365853658535,7
12,3,Flow607,47,0.18461538461538468,7
12,3,Flow607,48,0.18461538461538468,7
12,3,Flow607,49,0.25098039215686285,7
12,3,Flow607,50,1.274712643678161,7
12,3,Flow607,51,0.23458110516934055,7
12,3,Flow607,52,0.4111111111111111,7
12,3,Flow607,53,0.4111111111111111,7
12,3,Flow607,54,0.4111111111111111,7
12,3,Flow607,55,1.4333333333333333,7
12,3,Flow607,56,1.4333333333333333,7
12,3,Flow607,57,1.2814814814814814,7
12,3,Flow607,58,0.8468494468494467,7
12,3,Flow607,59,1.2666666666666668,7
12,3,Flow607,60,0.16416666666666666,7
13,4,Flow607,1,2.0,7
13,4,Flow607,2,2.0,7
13,4,Flow607,3,2.0,7
13,4,Flow607,4,2.0,7
13,4,Flow607,5,1.0666666666666667,7
13,4,Flow607,6,1.0666666666666667,7
13,4,Flow607,7,0.18725490196078426,7
13,4,Flow607,8,0.18725490196078418,7
13,4,Flow607,9,0.18725490196078418,7
13,4,Flow607,10,0.2782681268300199,7
13,4,Flow607,11,0.2782681268300199,7
13,4,Flow607,12,0.24219323085221153,7
13,4,Flow607,13,0.24219323085221153,7
13,4,Flow607,14,0.23370833333333332,7
13,4,Flow607,15,0.23370833333333332,7
13,4,Flow607,16,0.23370833333333332,7
13,4,Flow607,17,0.23370833333333332,7
13,4,Flow607,18,0.22285521582733817,7
13,4,Flow607,19,0.22285521582733817,7
13,4,Flow607,20,0.22285521582733817,7
13,4,Flow607,21,0.22285521582733817,7
13,4,Flow607,22,0.22285521582733817,7
13,4,Flow607,23,0.4433594552929086,7
13,4,Flow607,24,0.44761505081648967,7
13,4,Flow607,25,0.3344154316631382,7
13,4,Flow607,26,0.23397902501157147,7
13,4,Flow607,27,0.06641542870709527,7
13,4,Flow607,28,0.06641542870709527,7
13,4,Flow607,29,0.06641542870709527,7
13,4,Flow607,30,0.06641542870709527,7
13,4,Flow607,31,0.06641542870709527,7
13,4,Flow607,32,0.06641542870709527,7
13,4,Flow607,33,0.06641542870709527,7
13,4,Flow607,34,0.06641542870709527,7
13,4,Flow607,35,0.07663068942436402,7
13,4,Flow607,36,0.07663068942436402,7
13,4,Flow607,37,0.07663068942436402,7
13,4,Flow607,38,0.4314574314574314,7
13,4,Flow607,39,0.4314574314574314,7
13,4,Flow607,40,0.4314574314574314,7
13,4,Flow607,41,0.38248635935962483,7
13,4,Flow607,42,0.38248635935962483,7
13,4,Flow607,43,0.38248635935962483,7
13,4,Flow607,44,0.4637806637806639,7
13,4,Flow607,45,0.40791666666666665,7
13,4,Flow607,46,0.40791666666666665,7
13,4,Flow607,47,0.40791666666666665,7
13,4,Flow607,48,0.40791666666666665,7
13,4,Flow607,49,0.40791666666666665,7
13,4,Flow607,50,0.40791666666666665,7
13,4,Flow607,51,0.40791666666666665,7
13,4,Flow607,52,0.3850595238095239,7
13,4,Flow607,53,0.06652014652014646,7
13,4,Flow607,54,0.0758974358974358,7
13,4,Flow607,55,0.0758974358974358,7
13,4,Flow607,56,0.0758974358974358,7
13,4,Flow607,57,0.06472886347886338,7
13,4,Flow607,58,0.06472886347886338,7
13,4,Flow607,59,0.06472886347886338,7
13,4,Flow607,60,0.06472886347886338,7
14,4,Flow607,1,2.0,7
14,4,Flow607,2,2.0,7
14,4,Flow607,3,2.0,7
14,4,Flow607,4,2.0,7
14,4,Flow607,5,2.0,7
14,4,Flow607,6,1.2408163265306122,7
14,4,Flow607,7,1.2408163265306122,7
14,4,Flow607,8,1.2408163265306122,7
14,4,Flow607,9,1.28,7
14,4,Flow607,10,1.28,7
14,4,Flow607,11,1.2155038759689922,7
14,4,Flow607,12,0.27463002114164914,7
14,4,Flow607,13,0.19090617939224677,7
14,4,Flow607,14,0.20348770726129226,7
14,4,Flow607,15,0.20348770726129226,7
14,4,Flow607,16,1.2125786163522012,7
14,4,Flow607,17,1.2125786163522012,7
14,4,Flow607,18,0.06257861635220126,7
14,4,Flow607,19,0.06257861635220126,7
14,4,Flow607,20,0.06257861635220126,7
14,4,Flow607,21,0.06257861635220126,7
14,4,Flow607,22,0.06631346761918629,7
14,4,Flow607,23,0.0681729979897483,7
14,4,Flow607,24,0.0681729979897483,7
14,4,Flow607,25,0.0681729979897483,7
14,4,Flow607,26,0.0681729979897483,7
14,4,Flow607,27,0.0681729979897483,7
14,4,Flow607,28,0.09200992844538378,7
14,4,Flow607,29,0.0681729979897483,7
14,4,Flow607,30,0.0681729979897483,7
14,4,Flow607,31,0.0681729979897483,7
14,4,Flow607,32,0.0681729979897483,7
14,4,Flow607,33,0.07142962167389282,7
14,4,Flow607,34,0.07142962167389282,7
14,4,Flow607,35,0.07142962167389282,7
14,4,Flow607,36,0.07142962167389282,7
14,4,Flow607,37,0.07142962167389282,7
14,4,Flow607,38,0.07142962167389282,7
14,4,Flow607,39,0.12133004926108377,7
14,4,Flow607,40,0.12133004926108377,7
14,4,Flow607,41,0.12133004926108377,7
14,4,Flow607,42,0.12133004926108377,7
14,4,Flow607,43,0.16811594202898555,7
14,4,Flow607,44,0.16811594202898555,7
14,4,Flow607,45,0.16811594202898555,7
14,4,Flow607,46,0.34007361398665753,7
14,4,Flow607,47,0.342021164021164,7
14,4,Flow607,48,0.09620253164556969,7
14,4,Flow607,49,0.09620253164556969,7
14,4,Flow607,50,0.09620253164556969,7
14,4,Flow607,51,0.09620253164556969,7
14,4,Flow607,52,0.09620253164556969,7
14,4,Flow607,53,0.09620253164556969,7
14,4,Flow607,54,0.0962025316455696,7
14,4,Flow607,55,0.0962025316455696,7
14,4,Flow607,56,0.0962025316455696,7
14,4,Flow607,57,0.0962025316455696,7
14,4,Flow607,58,0.0962025316455696,7
14,4,Flow607,59,0.0962025316455696,7
14,4,Flow607,60,0.0962025316455696,7
15,4,Flow607,1,2.0,7
15,4,Flow607,2,2.0,7
15,4,Flow607,3,2.0,7
15,4,Flow607,4,2.0,7
15,4,Flow607,5,1.207,7
15,4,Flow607,6,0.1954545454545455,7
15,4,Flow607,7,0.1954545454545455,7
15,4,Flow607,8,0.3518181818181819,7
15,4,Flow607,9,0.09545454545454542,7
15,4,Flow607,10,0.06780000380618878,7
15,4,Flow607,11,0.06871035940803383,7
15,4,Flow607,12,0.06871035940803383,7
15,4,Flow607,13,0.08893280632411074,7
15,4,Flow607,14,0.08893280632411074,7
15,4,Flow607,15,0.08890733888374953,7
15,4,Flow607,16,0.08890733888374953,7
15,4,Flow607,17,0.08890733888374953,7
15,4,Flow607,18,0.08890733888374953,7
15,4,Flow607,19,0.06780000380618878,7
15,4,Flow607,20,0.06712488105659808,7
15,4,Flow607,21,0.06712488105659808,7
15,4,Flow607,22,0.06712488105659808,7
15,4,Flow607,23,0.06871035940803383,7
15,4,Flow607,24,1.2223255813953489,7
15,4,Flow607,25,1.2372093023255815,7
15,4,Flow607,26,1.2372093023255815,7
15,4,Flow607,27,1.2372093023255815,7
15,4,Flow607,28,0.07325581395348832,7
15,4,Flow607,29,0.07325581395348832,7
15,4,Flow607,30,0.07325581395348832,7
15,4,Flow607,31,0.07325581395348842,7
15,4,Flow607,32,0.07325581395348832,7
15,4,Flow607,33,0.07325581395348832,7
15,4,Flow607,34,0.1,7
15,4,Flow607,35,0.1,7
15,4,Flow607,36,0.1,7
15,4,Flow607,37,0.1,7
15,4,Flow607,38,0.1,7
15,4,Flow607,39,0.1,7
15,4,Flow607,40,0.1,7
15,4,Flow607,41,0.3333333333333333,7
15,4,Flow607,42,0.41666666666666663,7
15,4,Flow607,43,0.41666666666666663,7
15,4,Flow607,44,0.41666666666666663,7
15,4,Flow607,45,0.3949275362318841,7
15,4,Flow607,46,0.3949275362318841,7
15,4,Flow607,47,0.322463768115942,7
15,4,Flow607,48,0.322463768115942,7
15,4,Flow607,49,0.322463768115942,7
15,4,Flow607,50,0.322463768115942,7
15,4,Flow607,51,0.322463768115942,7
15,4,Flow607,52,0.322463768115942,7
15,4,Flow607,53,0.322463768115942,7
15,4,Flow607,54,0.322463768115942,7
15,4,Flow607,55,0.322463768115942,7
15,4,Flow607,56,0.322463768115942,7
15,4,Flow607,57,0.322463768115942,7
15,4,Flow607,58,0.322463768115942,7
15,4,Flow607,59,0.322463768115942,7
15,4,Flow607,60,0.322463768115942,7
16,4,Flow607,1,2.0,7
16,4,Flow607,2,2.0,7
16,4,Flow607,3,2.0,7
16,4,Flow607,4,2.0,7
16,4,Flow607,5,2.0,7
16,4,Flow607,6,1.25,7
16,4,Flow607,7,1.22,7
16,4,Flow607,8,1.2472727272727273,7
16,4,Flow607,9,0.07857142857142856,7
16,4,Flow607,10,0.07857142857142856,7
16,4,Flow607,11,0.061904761904761865,7
16,4,Flow607,12,0.061904761904761865,7
16,4,Flow607,13,0.23333333333333348,7
16,4,Flow607,14,0.23333333333333348,7
16,4,Flow607,15,0.23333333333333348,7
16,4,Flow607,16,0.23333333333333348,7
16,4,Flow607,17,0.23333333333333348,7
16,4,Flow607,18,0.061904761904761865,7
16,4,Flow607,19,0.061904761904761865,7
16,4,Flow607,20,0.061904761904761865,7
16,4,Flow607,21,0.061904761904761865,7
16,4,Flow607,22,0.061904761904761865,7
16,4,Flow607,23,0.061904761904761865,7
16,4,Flow607,24,0.061904761904761865,7
16,4,Flow607,25,0.061904761904761865,7
16,4,Flow607,26,0.061904761904761865,7
16,4,Flow607,27,0.061904761904761865,7
16,4,Flow607,28,0.061904761904761865,7
16,4,Flow607,29,0.4322988505747126,7
16,4,Flow607,30,0.4322988505747126,7
16,4,Flow607,31,0.4246001999000498,7
16,4,Flow607,32,0.4246001999000498,7
16,4,Flow607,33,0.2333333333333334,7
16,4,Flow607,34,0.2333333333333334,7
16,4,Flow607,35,0.2333333333333334,7
16,4,Flow607,36,0.29999999999999993,7
16,4,Flow607,37,0.29999999999999993,7
16,4,Flow607,38,0.1695652173913044,7
16,4,Flow607,39,0.3860248447204969,7
16,4,Flow607,40,0.1695652173913044,7
16,4,Flow607,41,0.1695652173913044,7
16,4,Flow607,42,0.1695652173913044,7
16,4,Flow607,43,0.1695652173913044,7
16,4,Flow607,44,0.1695652173913044,7
16,4,Flow607,45,0.1695652173913044,7
16,4,Flow607,46,0.1695652173913044,7
16,4,Flow607,47,0.1695652173913044,7
16,4,Flow607,48,0.1695652173913044,7
16,4,Flow607,49,0.43602484472049685,7
16,4,Flow607,50,0.37729468599033816,7
16,4,Flow607,51,0.45555555555555555,7
16,4,Flow607,52,0.45555555555555555,7
16,4,Flow607,53,0.45555555555555555,7
16,4,Flow607,54,0.45555555555555555,7
16,4,Flow607,55,0.45555555555555555,7
16,4,Flow607,56,0.45555555555555555,7
16,4,Flow607,57,0.45555555555555555,7
16,4,Flow607,58,0.45555555555555555,7
16,4,Flow607,59,0.45555555555555555,7
16,4,Flow607,60,0.45555555555555555,7
17,5,Flow607,1,2.0,7
17,5,Flow607,2,2.0,7
17,5,Flow607,3,2.0,7
17,5,Flow607,4,2.0,7
17,5,Flow607,5,2.0,7
17,5,Flow607,6,2.0,7
17,5,Flow607,7,0.693815987933635,7
17,5,Flow607,8,0.742684766214178,7
17,5,Flow607,9,0.06048265460030171,7
17,5,Flow607,10,0.06048265460030171,7
17,5,Flow607,11,0.06048265460030171,7
17,5,Flow607,12,0.06048265460030171,7
17,5,Flow607,13,0.06048265460030171,7
17,5,Flow607,14,0.06048265460030171,7
17,5,Flow607,15,0.06048265460030171,7
17,5,Flow607,16,0.06048265460030171,7
17,5,Flow607,17,0.05477722182511311,7
17,5,Flow607,18,0.05477722182511311,7
17,5,Flow607,19,0.8285775553967116,7
17,5,Flow607,20,0.8285775553967116,7
17,5,Flow607,21,1.2085775553967117,7
17,5,Flow607,22,1.2085775553967117,7
17,5,Flow607,23,0.6632139840145558,7
17,5,Flow607,24,0.6632139840145558,7
17,5,Flow607,25,0.14259314144249383,7
17,5,Flow607,26,0.24840525328330187,7
17,5,Flow607,27,0.24840525328330187,7
17,5,Flow607,28,0.24840525328330187,7
17,5,Flow607,29,0.24840525328330187,7
17,5,Flow607,30,0.24840525328330187,7
17,5,Flow607,31,0.24840525328330187,7
17,5,Flow607,32,0.24840525328330187,7
17,5,Flow607,33,0.24840525328330187,7
17,5,Flow607,34,0.24840525328330187,7
17,5,Flow607,35,0.2861541058317158,7
17,5,Flow607,36,0.2861541058317158,7
17,5,Flow607,37,1.5658536585365854,7
17,5,Flow607,38,1.2128440366972477,7
17,5,Flow607,39,1.2128440366972477,7
17,5,Flow607,40,1.0882352941176472,7
17,5,Flow607,41,0.327124183006536,7
17,5,Flow607,42,0.327124183006536,7
17,5,Flow607,43,0.31885040620609606,7
17,5,Flow607,44,0.31885040620609606,7
17,5,Flow607,45,0.31885040620609606,7
17,5,Flow607,46,0.31885040620609606,7
17,5,Flow607,47,0.42460317460317454,7
17,5,Flow607,48,0.37980030721966196,7
17,5,Flow607,49,0.37980030721966196,7
17,5,Flow607,50,0.37980030721966196,7
17,5,Flow607,51,0.42335431418830327,7
17,5,Flow607,52,0.42335431418830327,7
17,5,Flow607,53,0.628232362968791,7
17,5,Flow607,54,0.628232362968791,7
17,5,Flow607,55,0.628232362968791,7
17,5,Flow607,56,0.1675315289953044,7
17,5,Flow607,57,0.17405716097548202,7
17,5,Flow607,58,0.17405716097548202,7
17,5,Flow607,59,0.17137624280481417,7
17,5,Flow607,60,0.17137624280481417,7
18,5,Flow607,1,2.0,7
18,5,Flow607,2,2.0,7
18,5,Flow607,3,2.0,7
18,5,Flow607,4,2.0,7
18,5,Flow607,5,1.3333333333333333,7
18,5,Flow607,6,0.8074074074074072,7
18,5,Flow607,7,0.4651162790697674,7
18,5,Flow607,8,0.4651162790697674,7
18,5,Flow607,9,0.44522730258835885,7
18,5,Flow607,10,0.44522730258835885,7
18,5,Flow607,11,0.44522730258835885,7
18,5,Flow607,12,0.44522730258835885,7
18,5,Flow607,13,0.44522730258835885,7
18,5,Flow607,14,0.23402868318122555,7
18,5,Flow607,15,0.209074968379901,7
18,5,Flow607,16,0.2346899622166955,7
18,5,Flow607,17,0.2346899622166955,7
18,5,Flow607,18,0.2346899622166955,7
18,5,Flow607,19,0.1779994844898692,7
18,5,Flow607,20,0.1779994844898692,7
18,5,Flow607,21,0.2019774011299436,7
18,5,Flow607,22,0.2019774011299436,7
18,5,Flow607,23,0.2019774011299436,7
18,5,Flow607,24,0.36875457544851925,7
18,5,Flow607,25,0.36875457544851925,7
18,5,Flow607,26,0.9827080638206123,7
18,5,Flow607,27,0.9827080638206123,7
18,5,Flow607,28,0.9827080638206123,7
18,5,Flow607,29,0.10386519033069241,7
18,5,Flow607,30,0.10386519033069241,7
18,5,Flow607,31,0.3670737894122718,7
18,5,Flow607,32,0.3670737894122718,7
18,5,Flow607,33,0.3518701695027696,7
18,5,Flow607,34,0.3518701695027696,7
18,5,Flow607,35,0.3518701695027696,7
18,5,Flow607,36,0.41054080105522156,7
18,5,Flow607,37,0.3743182913527637,7
18,5,Flow607,38,0.41054080105522156,7
18,5,Flow607,39,0.5515959872321023,7
18,5,Flow607,40,0.4585727314181488,7
18,5,Flow607,41,0.4585727314181488,7
18,5,Flow607,42,0.4585727314181488,7
18,5,Flow607,43,0.4069960022844089,7
18,5,Flow607,44,0.33709308966304957,7
18,5,Flow607,45,0.33709308966304957,7
18,5,Flow607,46,0.33709308966304957,7
18,5,Flow607,47,0.33709308966304957,7
18,5,Flow607,48,0.37532838378069666,7
18,5,Flow607,49,0.37532838378069666,7
18,5,Flow607,50,0.37532838378069666,7
18,5,Flow607,51,0.299572847511708,7
18,5,Flow607,52,0.3648426883920381,7
18,5,Flow607,53,0.3648426883920381,7
18,5,Flow607,54,0.3648426883920381,7
18,5,Flow607,55,0.3648426883920381,7
18,5,Flow607,56,0.3648426883920381,7
18,5,Flow607,57,0.299572847511708,7
18,5,Flow607,58,0.2740993605745805,7
18,5,Flow607,59,0.2740993605745805,7
18,5,Flow607,60,0.2740993605745805,7
19,5,Flow607,1,2.0,7
19,5,Flow607,2,2.0,7
19,5,Flow607,3,2.0,7
19,5,Flow607,4,2.0,7
19,5,Flow607,5,1.1666666666666665,7
19,5,Flow607,6,1.10989010989011,7
19,5,Flow607,7,0.9155797101449276,7
19,5,Flow607,8,1.0115107913669064,7
19,5,Flow607,9,1.0115107913669064,7
19,5,Flow607,10,0.21547116736990138,7
19,5,Flow607,11,0.1276396189379998,7
19,5,Flow607,12,0.1276396189379998,7
19,5,Flow607,13,0.16083133493205432,7
19,5,Flow607,14,0.16083133493205432,7
19,5,Flow607,15,0.16083133493205432,7
19,5,Flow607,16,0.17466943105997573,7
19,5,Flow607,17,0.17466943105997573,7
19,5,Flow607,18,0.10394244604316558,7
19,5,Flow607,19,0.10394244604316558,7
19,5,Flow607,20,0.10394244604316558,7
19,5,Flow607,21,0.12194244604316555,7
19,5,Flow607,22,1.0327011118378024,7
19,5,Flow607,23,1.0791245791245792,7
19,5,Flow607,24,1.0791245791245792,7
19,5,Flow607,25,0.14084274699659308,7
19,5,Flow607,26,0.14084274699659308,7
19,5,Flow607,27,0.14084274699659308,7
19,5,Flow607,28,0.13263888888888892,7
19,5,Flow607,29,0.11376077990251225,7
19,5,Flow607,30,0.11376077990251225,7
19,5,Flow607,31,0.11376077990251225,7
19,5,Flow607,32,0.11376077990251225,7
19,5,Flow607,33,0.11376077990251225,7
19,5,Flow607,34,0.11376077990251225,7
19,5,Flow607,35,0.16124031007751932,7
19,5,Flow607,36,0.16124031007751932,7
19,5,Flow607,37,0.16124031007751932,7
19,5,Flow607,38,0.16124031007751932,7
19,5,Flow607,39,0.16124031007751932,7
19,5,Flow607,40,1.0279069767441862,7
19,5,Flow607,41,1.0279069767441862,7
19,5,Flow607,42,1.130232558139535,7
19,5,Flow607,43,1.130232558139535,7
19,5,Flow607,44,0.8389282103134479,7
19,5,Flow607,45,0.8389282103134479,7
19,5,Flow607,46,0.6797908047771445,7
19,5,Flow607,47,0.6797908047771445,7
19,5,Flow607,48,0.6481929591757082,7
19,5,Flow607,49,0.9394973070017952,7
19,5,Flow607,50,0.9394973070017952,7
19,5,Flow607,51,0.5463938587259329,7
19,5,Flow607,52,0.5463938587259329,7
19,5,Flow607,53,0.5463938587259329,7
19,5,Flow607,54,0.5572398011520553,7
19,5,Flow607,55,0.9503432494279176,7
19,5,Flow607,56,1.1961538461538463,7
19,5,Flow607,57,1.1961538461538463,7
19,5,Flow607,58,0.9503432494279176,7
19,5,Flow607,59,0.9130258757261046,7
19,5,Flow607,60,0.9130258757261046,7
20,5,Flow607,1,2.0,7
20,5,Flow607,2,2.0,7
20,5,Flow607,3,2.0,7
20,5,Flow607,4,2.0,7
20,5,Flow607,5,0.19000000000000022,7
20,5,Flow607,6,0.19000000000000022,7
20,5,Flow607,7,0.2732156862745098,7
20,5,Flow607,8,0.19264366083986334,7
20,5,Flow607,9,0.19264366083986334,7
20,5,Flow607,10,0.19264366083986334,7
20,5,Flow607,11,0.19264366083986334,7
20,5,Flow607,12,0.11893115942028984,7
20,5,Flow607,13,0.11893115942028984,7
20,5,Flow607,14,0.11893115942028984,7
20,5,Flow607,15,0.11893115942028984,7
20,5,Flow607,16,0.1099880699893955,7
20,5,Flow607,17,0.08433315541528383,7
20,5,Flow607,18,0.08433315541528383,7
20,5,Flow607,19,0.08433315541528383,7
20,5,Flow607,20,0.08433315541528401,7
20,5,Flow607,21,0.09330295446905446,7
20,5,Flow607,22,0.09330295446905446,7
20,5,Flow607,23,0.09330295446905446,7
20,5,Flow607,24,0.09330295446905464,7
20,5,Flow607,25,0.09330295446905464,7
20,5,Flow607,26,0.09330295446905464,7
20,5,Flow607,27,0.09330295446905464,7
20,5,Flow607,28,0.12329134280353812,7
20,5,Flow607,29,0.12329134280353812,7
20,5,Flow607,30,0.12329134280353812,7
20,5,Flow607,31,0.1898101898101899,7
20,5,Flow607,32,0.8532544378698225,7
20,5,Flow607,33,0.8532544378698225,7
20,5,Flow607,34,0.8532544378698225,7
20,5,Flow607,35,0.3032544378698224,7
20,5,Flow607,36,0.3032544378698224,7
20,5,Flow607,37,0.3032544378698224,7
20,5,Flow607,38,0.35535117056856186,7
20,5,Flow607,39,0.35535117056856186,7
20,5,Flow607,40,0.49230769230769234,7
20,5,Flow607,41,0.40200668896321085,7
20,5,Flow607,42,0.25817009180853584,7
20,5,Flow607,43,0.25817009180853584,7
20,5,Flow607,44,0.25817009180853584,7
20,5,Flow607,45,0.25817009180853584,7
20,5,Flow607,46,0.25817009180853584,7
20,5,Flow607,47,0.23414131995367704,7
20,5,Flow607,48,0.23414131995367704,7
20,5,Flow607,49,0.23414131995367704,7
20,5,Flow607,50,0.23414131995367704,7
20,5,Flow607,51,0.17850877192982467,7
20,5,Flow607,52,0.17850877192982467,7
20,5,Flow607,53,0.17850877192982467,7
20,5,Flow607,54,0.17850877192982467,7
20,5,Flow607,55,0.17850877192982467,7
20,5,Flow607,56,0.17850877192982467,7
20,5,Flow607,57,0.14473226862777383,7
20,5,Flow607,58,0.14473226862777383,7
20,5,Flow607,59,0.14473226862777383,7
20,5,Flow607,60,0.14473226862777383,7
1,1,Flow608,1,2.0,8
1,1,Flow608,2,2.0,8
1,1,Flow608,3,2.0,8
1,1,Flow608,4,2.0,8
1,1,Flow608,5,2.0,8
1,1,Flow608,6,2.0,8
1,1,Flow608,7,1.1833333333333333,8
1,1,Flow608,8,0.6243410895405432,8
1,1,Flow608,9,0.6243410895405432,8
1,1,Flow608,10,0.7350974339299157,8
1,1,Flow608,11,0.7350974339299157,8
1,1,Flow608,12,0.7350974339299157,8
1,1,Flow608,13,0.7350974339299157,8
1,1,Flow608,14,0.588235294117647,8
1,1,Flow608,15,0.6831932773109244,8
1,1,Flow608,16,0.9051896207584831,8
1,1,Flow608,17,0.7326622616835294,8
1,1,Flow608,18,0.9051896207584831,8
1,1,Flow608,19,0.7326622616835294,8
1,1,Flow608,20,0.7382335148215369,8
1,1,Flow608,21,0.8593026453280537,8
1,1,Flow608,22,0.8593026453280537,8
1,1,Flow608,23,0.8593026453280537,8
1,1,Flow608,24,0.7382335148215369,8
1,1,Flow608,25,0.7382335148215369,8
1,1,Flow608,26,0.7587515959444697,8
1,1,Flow608,27,0.657442149023478,8
1,1,Flow608,28,0.657442149023478,8
1,1,Flow608,29,0.657442149023478,8
1,1,Flow608,30,0.657442149023478,8
1,1,Flow608,31,0.657442149023478,8
1,1,Flow608,32,0.657442149023478,8
1,1,Flow608,33,0.657442149023478,8
1,1,Flow608,34,0.657442149023478,8
1,1,Flow608,35,0.5408805031446539,8
1,1,Flow608,36,0.5408805031446539,8
1,1,Flow608,37,0.5517969451931719,8
1,1,Flow608,38,0.5833333333333336,8
1,1,Flow608,39,0.5833333333333336,8
1,1,Flow608,40,0.5833333333333336,8
1,1,Flow608,41,0.5833333333333333,8
1,1,Flow608,42,0.5833333333333333,8
1,1,Flow608,43,0.8521533785363573,8
1,1,Flow608,44,0.8521533785363573,8
1,1,Flow608,45,0.5056274964566421,8
1,1,Flow608,46,0.7391959798994975,8
1,1,Flow608,47,0.7391959798994975,8
1,1,Flow608,48,0.7391959798994975,8
1,1,Flow608,49,0.7391959798994975,8
1,1,Flow608,50,0.7391959798994975,8
1,1,Flow608,51,2.0,8
1,1,Flow608,52,2.0,8
1,1,Flow608,53,2.0,8
1,1,Flow608,54,2.0,8
1,1,Flow608,55,2.0,8
1,1,Flow608,56,2.0,8
1,1,Flow608,57,1.6132051282051283,8
1,1,Flow608,58,1.6132051282051283,8
1,1,Flow608,59,0.9261252291302753,8
1,1,Flow608,60,0.9261252291302753,8
2,1,Flow608,1,2.0,8
2,1,Flow608,2,2.0,8
2,1,Flow608,3,2.0,8
2,1,Flow608,4,2.0,8
2,1,Flow608,5,1.1,8
2,1,Flow608,6,1.0485714285714285,8
2,1,Flow608,7,1.0485714285714285,8
2,1,Flow608,8,0.5249999999999999,8
2,1,Flow608,9,0.48057486631016033,8
2,1,Flow608,10,0.735923117850492,8
2,1,Flow608,11,0.735923117850492,8
2,1,Flow608,12,0.48671162664461604,8
2,1,Flow608,13,0.5639265552759903,8
2,1,Flow608,14,0.5881908172380224,8
2,1,Flow608,15,0.5881908172380224,8
2,1,Flow608,16,0.5881908172380224,8
2,1,Flow608,17,0.39215431935744505,8
2,1,Flow608,18,0.307340370390697,8
2,1,Flow608,19,0.307340370390697,8
2,1,Flow608,20,0.3014913280318387,8
2,1,Flow608,21,0.3014913280318387,8
2,1,Flow608,22,0.5234110428996941,8
2,1,Flow608,23,0.5234110428996941,8
2,1,Flow608,24,0.5234110428996941,8
2,1,Flow608,25,0.4881486228331492,8
2,1,Flow608,26,0.9510168588329506,8
2,1,Flow608,27,0.41032220155265453,8
2,1,Flow608,28,0.41032220155265453,8
2,1,Flow608,29,0.3486000691323885,8
2,1,Flow608,30,0.5467532467532468,8
2,1,Flow608,31,0.5467532467532468,8
2,1,Flow608,32,0.6660714285714286,8
2,1,Flow608,33,0.6660714285714286,8
2,1,Flow608,34,0.6660714285714286,8
2,1,Flow608,35,0.6660714285714286,8
2,1,Flow608,36,0.5637779656241197,8
2,1,Flow608,37,0.5637779656241197,8
2,1,Flow608,38,0.5637779656241197,8
2,1,Flow608,39,0.5637779656241197,8
2,1,Flow608,40,0.18001735106998273,8
2,1,Flow608,41,0.18495460177530418,8
2,1,Flow608,42,0.20457875457875466,8
2,1,Flow608,43,0.4745614035087719,8
2,1,Flow608,44,0.4745614035087719,8
2,1,Flow608,45,0.4745614035087719,8
2,1,Flow608,46,0.4745614035087719,8
2,1,Flow608,47,1.857894736842105,8
2,1,Flow608,48,1.857894736842105,8
2,1,Flow608,49,1.857894736842105,8
2,1,Flow608,50,0.803030303030303,8
2,1,Flow608,51,0.5,8
2,1,Flow608,52,0.5,8
2,1,Flow608,53,0.5,8
2,1,Flow608,54,0.5,8
2,1,Flow608,55,0.28288288288288277,8
2,1,Flow608,56,0.28288288288288277,8
2,1,Flow608,57,0.28288288288288277,8
2,1,Flow608,58,0.28288288288288277,8
2,1,Flow608,59,0.28288288288288277,8
2,1,Flow608,60,1.857894736842105,8
3,1,Flow608,1,2.0,8
3,1,Flow608,2,2.0,8
3,1,Flow608,3,2.0,8
3,1,Flow608,4,2.0,8
3,1,Flow608,5,2.0,8
3,1,Flow608,6,0.7333333333333333,8
3,1,Flow608,7,0.4111111111111111,8
3,1,Flow608,8,0.4111111111111111,8
3,1,Flow608,9,0.1785581863446158,8
3,1,Flow608,10,0.1785581863446158,8
3,1,Flow608,11,0.15483988676424704,8
3,1,Flow608,12,0.18709677419354823,8
3,1,Flow608,13,0.18709677419354823,8
3,1,Flow608,14,0.18709677419354823,8
3,1,Flow608,15,0.18709677419354823,8
3,1,Flow608,16,0.1870967741935486,8
3,1,Flow608,17,0.33939393939393947,8
3,1,Flow608,18,0.33939393939393947,8
3,1,Flow608,19,0.7727272727272727,8
3,1,Flow608,20,0.5227272727272727,8
3,1,Flow608,21,0.5203463203463203,8
3,1,Flow608,22,0.5203463203463203,8
3,1,Flow608,23,0.5203463203463203,8
3,1,Flow608,24,0.3917748917748917,8
3,1,Flow608,25,0.3917748917748917,8
3,1,Flow608,26,0.3917748917748917,8
3,1,Flow608,27,0.3688248337028825,8
3,1,Flow608,28,0.3688248337028825,8
3,1,Flow608,29,0.3688248337028825,8
3,1,Flow608,30,0.3688248337028825,8
3,1,Flow608,31,0.3688248337028825,8
3,1,Flow608,32,0.3688248337028825,8
3,1,Flow608,33,0.3688248337028825,8
3,1,Flow608,34,0.3688248337028825,8
3,1,Flow608,35,0.3688248337028825,8
3,1,Flow608,36,0.39772727272727276,8
3,1,Flow608,37,0.5203463203463203,8
3,1,Flow608,38,0.5203463203463203,8
3,1,Flow608,39,0.5203463203463203,8
3,1,Flow608,40,0.5203463203463203,8
3,1,Flow608,41,0.5203463203463203,8
3,1,Flow608,42,0.5108225108225108,8
3,1,Flow608,43,0.5108225108225108,8
3,1,Flow608,44,0.5108225108225108,8
3,1,Flow608,45,0.4837704026841162,8
3,1,Flow608,46,0.4837704026841162,8
3,1,Flow608,47,0.36536796536796545,8
3,1,Flow608,48,0.36536796536796545,8
3,1,Flow608,49,0.36536796536796545,8
3,1,Flow608,50,0.36536796536796545,8
3,1,Flow608,51,0.759371833839919,8
3,1,Flow608,52,0.6067466812147664,8
3,1,Flow608,53,0.6067466812147664,8
3,1,Flow608,54,0.6067466812147664,8
3,1,Flow608,55,0.6067466812147664,8
3,1,Flow608,56,0.6067466812147664,8
3,1,Flow608,57,0.6067466812147664,8
3,1,Flow608,58,0.6067466812147664,8
3,1,Flow608,59,0.6067466812147664,8
3,1,Flow608,60,0.6067466812147664,8
4,1,Flow608,1,2.0,8
4,1,Flow608,2,2.0,8
4,1,Flow608,3,2.0,8
4,1,Flow608,4,2.0,8
4,1,Flow608,5,2.0,8
4,1,Flow608,6,0.9833333333333334,8
4,1,Flow608,7,0.17317290552584677,8
4,1,Flow608,8,0.17317290552584677,8
4,1,Flow608,9,0.17317290552584677,8
4,1,Flow608,10,0.2130240630785673,8
4,1,Flow608,11,0.14247115113988187,8
4,1,Flow608,12,0.36541019955654097,8
4,1,Flow608,13,0.793939393939394,8
4,1,Flow608,14,0.23367333760630604,8
4,1,Flow608,15,0.13510672334201762,8
4,1,Flow608,16,0.4386829268292682,8
4,1,Flow608,17,0.8428571428571429,8
4,1,Flow608,18,0.8428571428571429,8
4,1,Flow608,19,0.8428571428571429,8
4,1,Flow608,20,0.8428571428571429,8
4,1,Flow608,21,0.8428571428571429,8
4,1,Flow608,22,0.8428571428571429,8
4,1,Flow608,23,0.19548872180451138,8
4,1,Flow608,24,1.0291866028708134,8
4,1,Flow608,25,0.7041866028708135,8
4,1,Flow608,26,0.7041866028708135,8
4,1,Flow608,27,0.7041866028708135,8
4,1,Flow608,28,0.7041866028708135,8
4,1,Flow608,29,0.10263157894736849,8
4,1,Flow608,30,0.10263157894736849,8
4,1,Flow608,31,0.10263157894736849,8
4,1,Flow608,32,0.10263157894736849,8
4,1,Flow608,33,0.2744897959183673,8
4,1,Flow608,34,0.2744897959183673,8
4,1,Flow608,35,0.95,8
4,1,Flow608,36,0.7,8
4,1,Flow608,37,0.6785714285714286,8
4,1,Flow608,38,0.8285714285714285,8
4,1,Flow608,39,0.8285714285714285,8
4,1,Flow608,40,0.6018390580908826,8
4,1,Flow608,41,0.6018390580908826,8
4,1,Flow608,42,0.6018390580908826,8
4,1,Flow608,43,0.6018390580908826,8
4,1,Flow608,44,1.3399143718984141,8
4,1,Flow608,45,1.3399143718984141,8
4,1,Flow608,46,1.3399143718984141,8
4,1,Flow608,47,1.75,8
4,1,Flow608,48,1.75,8
4,1,Flow608,49,0.4333333333333333,8
4,1,Flow608,50,0.4333333333333333,8
4,1,Flow608,51,0.3653846153846154,8
4,1,Flow608,52,0.8249084249084249,8
4,1,Flow608,53,0.8249084249084249,8
4,1,Flow608,54,0.8249084249084249,8
4,1,Flow608,55,0.8249084249084249,8
4,1,Flow608,56,0.8249084249084249,8
4,1,Flow608,57,0.8249084249084249,8
4,1,Flow608,58,0.8249084249084249,8
4,1,Flow608,59,0.8249084249084249,8
4,1,Flow608,60,0.8249084249084249,8
5,2,Flow608,1,2.0,8
5,2,Flow608,2,2.0,8
5,2,Flow608,3,2.0,8
5,2,Flow608,4,2.0,8
5,2,Flow608,5,2.0,8
5,2,Flow608,6,1.0666666666666667,8
5,2,Flow608,7,0.7333333333333332,8
5,2,Flow608,8,0.1666666666666666,8
5,2,Flow608,9,0.1666666666666666,8
5,2,Flow608,10,1.1,8
5,2,Flow608,11,1.1,8
5,2,Flow608,12,0.2833333333333334,8
5,2,Flow608,13,0.2833333333333334,8
5,2,Flow608,14,0.1572916666666666,8
5,2,Flow608,15,0.17076473712161455,8
5,2,Flow608,16,0.17076473712161455,8
5,2,Flow608,17,0.17076473712161455,8
5,2,Flow608,18,0.17076473712161455,8
5,2,Flow608,19,0.17076473712161455,8
5,2,Flow608,20,0.2045359749739312,8
5,2,Flow608,21,0.2833333333333334,8
5,2,Flow608,22,0.5894388327721661,8
5,2,Flow608,23,0.5894388327721661,8
5,2,Flow608,24,0.5894388327721661,8
5,2,Flow608,25,0.42613636363636365,8
5,2,Flow608,26,0.42613636363636365,8
5,2,Flow608,27,0.42613636363636365,8
5,2,Flow608,28,0.4720602766798419,8
5,2,Flow608,29,0.6237579157635258,8
5,2,Flow608,30,0.6474138297420204,8
5,2,Flow608,31,0.385951379149135,8
5,2,Flow608,32,0.385951379149135,8
5,2,Flow608,33,0.20405694615931455,8
5,2,Flow608,34,0.20405694615931455,8
5,2,Flow608,35,0.20405694615931455,8
5,2,Flow608,36,0.20405694615931455,8
5,2,Flow608,37,0.7016949152542373,8
5,2,Flow608,38,0.7016949152542373,8
5,2,Flow608,39,0.7016949152542373,8
5,2,Flow608,40,0.9190571857049885,8
5,2,Flow608,41,0.9190571857049885,8
5,2,Flow608,42,0.23871873324215062,8
5,2,Flow608,43,0.23871873324215062,8
5,2,Flow608,44,0.23871873324215062,8
5,2,Flow608,45,0.2192406692406693,8
5,2,Flow608,46,0.2192406692406693,8
5,2,Flow608,47,0.2192406692406693,8
5,2,Flow608,48,0.27109879963065564,8
5,2,Flow608,49,0.49916897506925206,8
5,2,Flow608,50,0.45307842024166745,8
5,2,Flow608,51,0.4667590606610569,8
5,2,Flow608,52,0.45307842024166745,8
5,2,Flow608,53,0.45307842024166745,8
5,2,Flow608,54,0.47499142367066904,8
5,2,Flow608,55,0.44696652055142627,8
5,2,Flow608,56,0.44696652055142627,8
5,2,Flow608,57,0.48487707261292173,8
5,2,Flow608,58,0.48487707261292173,8
5,2,Flow608,59,0.4833333333333334,8
5,2,Flow608,60,0.43200000000000005,8
6,2,Flow608,1,2.0,8
6,2,Flow608,2,2.0,8
6,2,Flow608,3,2.0,8
6,2,Flow608,4,1.75,8
6,2,Flow608,5,1.75,8
6,2,Flow608,6,0.8166666666666668,8
6,2,Flow608,7,1.0666666666666669,8
6,2,Flow608,8,0.6172307692307692,8
6,2,Flow608,9,0.12656324199682958,8
6,2,Flow608,10,0.12656324199682958,8
6,2,Flow608,11,0.28301754338170937,8
6,2,Flow608,12,0.3179033907096536,8
6,2,Flow608,13,0.3179033907096536,8
6,2,Flow608,14,0.3179033907096536,8
6,2,Flow608,15,0.3179033907096536,8
6,2,Flow608,16,0.23463063817902546,8
6,2,Flow608,17,0.12350883381838482,8
6,2,Flow608,18,0.23463063817902546,8
6,2,Flow608,19,0.23463063817902546,8
6,2,Flow608,20,0.23463063817902546,8
6,2,Flow608,21,0.31773877471427187,8
6,2,Flow608,22,0.30187091652812076,8
6,2,Flow608,23,0.30187091652812076,8
6,2,Flow608,24,0.30187091652812076,8
6,2,Flow608,25,0.13096158157814922,8
6,2,Flow608,26,0.13096158157814922,8
6,2,Flow608,27,0.13096158157814922,8
6,2,Flow608,28,0.12029859013755724,8
6,2,Flow608,29,0.2662370698831976,8
6,2,Flow608,30,0.2628918495297805,8
6,2,Flow608,31,0.2628918495297805,8
6,2,Flow608,32,0.5454545454545455,8
6,2,Flow608,33,0.09902597402597406,8
6,2,Flow608,34,0.09902597402597406,8
6,2,Flow608,35,0.12463741841914429,8
6,2,Flow608,36,0.12463741841914429,8
6,2,Flow608,37,0.11235337332095155,8
6,2,Flow608,38,0.11235337332095155,8
6,2,Flow608,39,0.12463741841914429,8
6,2,Flow608,40,0.13171308857970931,8
6,2,Flow608,41,0.13171308857970931,8
6,2,Flow608,42,0.13171308857970931,8
6,2,Flow608,43,0.12463741841914429,8
6,2,Flow608,44,0.12463741841914429,8
6,2,Flow608,45,0.17023809523809524,8
6,2,Flow608,46,0.17023809523809524,8
6,2,Flow608,47,0.17023809523809524,8
6,2,Flow608,48,1.4535714285714285,8
6,2,Flow608,49,0.20357142857142857,8
6,2,Flow608,50,0.20357142857142857,8
6,2,Flow608,51,0.20357142857142857,8
6,2,Flow608,52,0.20357142857142857,8
6,2,Flow608,53,0.20357142857142857,8
6,2,Flow608,54,0.20357142857142857,8
6,2,Flow608,55,0.20357142857142857,8
6,2,Flow608,56,0.16666666666666666,8
6,2,Flow608,57,0.25,8
6,2,Flow608,58,0.25,8
6,2,Flow608,59,0.22142857142857145,8
6,2,Flow608,60,0.22142857142857145,8
7,2,Flow608,1,2.0,8
7,2,Flow608,2,2.0,8
7,2,Flow608,3,2.0,8
7,2,Flow608,4,2.0,8
7,2,Flow608,5,0.30481470340847683,8
7,2,Flow608,6,1.2830601092896174,8
7,2,Flow608,7,1.2830601092896174,8
7,2,Flow608,8,1.2830601092896174,8
7,2,Flow608,9,0.15296143744419605,8
7,2,Flow608,10,0.1167502645922176,8
7,2,Flow608,11,0.1833333333333334,8
7,2,Flow608,12,0.1833333333333334,8
7,2,Flow608,13,0.1631975888177731,8
7,2,Flow608,14,0.1631975888177731,8
7,2,Flow608,15,0.17344964730760842,8
7,2,Flow608,16,0.17344964730760842,8
7,2,Flow608,17,0.21487854251012148,8
7,2,Flow608,18,0.21487854251012148,8
7,2,Flow608,19,0.24078314777327936,8
7,2,Flow608,20,0.24078314777327936,8
7,2,Flow608,21,0.23432373162636316,8
7,2,Flow608,22,0.2548461167629525,8
7,2,Flow608,23,0.2548461167629525,8
7,2,Flow608,24,0.2551818987924465,8
7,2,Flow608,25,0.6340548340548341,8
7,2,Flow608,26,0.3304511278195488,8
7,2,Flow608,27,0.7522556390977444,8
7,2,Flow608,28,0.7522556390977444,8
7,2,Flow608,29,0.7522556390977444,8
7,2,Flow608,30,0.7522556390977444,8
7,2,Flow608,31,0.13237995276830228,8
7,2,Flow608,32,0.18791619990042313,8
7,2,Flow608,33,0.2612903225806452,8
7,2,Flow608,34,0.2612903225806452,8
7,2,Flow608,35,0.22857142857142856,8
7,2,Flow608,36,0.22857142857142856,8
7,2,Flow608,37,0.22857142857142856,8
7,2,Flow608,38,0.16731139182245425,8
7,2,Flow608,39,0.16731139182245425,8
7,2,Flow608,40,0.16731139182245425,8
7,2,Flow608,41,0.14738810365135455,8
7,2,Flow608,42,0.14738810365135455,8
7,2,Flow608,43,0.131026876539244,8
7,2,Flow608,44,0.2275813348205986,8
7,2,Flow608,45,0.10290341271220811,8
7,2,Flow608,46,0.1242718291905672,8
7,2,Flow608,47,0.1258590847686592,8
7,2,Flow608,48,0.1258590847686592,8
7,2,Flow608,49,0.1258590847686592,8
7,2,Flow608,50,0.1242718291905672,8
7,2,Flow608,51,0.1166666666666667,8
7,2,Flow608,52,0.1166666666666667,8
7,2,Flow608,53,0.2666666666666667,8
7,2,Flow608,54,0.2666666666666667,8
7,2,Flow608,55,0.2666666666666667,8
7,2,Flow608,56,0.2666666666666667,8
7,2,Flow608,57,0.2666666666666667,8
7,2,Flow608,58,0.2666666666666667,8
7,2,Flow608,59,0.07894593193045667,8
7,2,Flow608,60,0.07894593193045667,8
8,2,Flow608,1,2.0,8
8,2,Flow608,2,2.0,8
8,2,Flow608,3,2.0,8
8,2,Flow608,4,2.0,8
8,2,Flow608,5,0.7200501253132832,8
8,2,Flow608,6,0.7200501253132832,8
8,2,Flow608,7,0.7200501253132832,8
8,2,Flow608,8,0.49624060150375937,8
8,2,Flow608,9,0.26589895385613493,8
8,2,Flow608,10,0.22629707491438084,8
8,2,Flow608,11,0.2106982550353636,8
8,2,Flow608,12,0.2182931917442243,8
8,2,Flow608,13,0.2182931917442243,8
8,2,Flow608,14,0.23904306220095695,8
8,2,Flow608,15,0.2333333333333333,8
8,2,Flow608,16,0.1291666666666667,8
8,2,Flow608,17,0.14420781893004123,8
8,2,Flow608,18,0.14420781893004123,8
8,2,Flow608,19,0.21757905566385097,8
8,2,Flow608,20,0.20062137571749128,8
8,2,Flow608,21,0.2070998072588952,8
8,2,Flow608,22,0.19902792905731728,8
8,2,Flow608,23,0.12547770700636943,8
8,2,Flow608,24,0.2797476146506618,8
8,2,Flow608,25,0.26128039396737457,8
8,2,Flow608,26,0.26128039396737457,8
8,2,Flow608,27,0.20970525219338088,8
8,2,Flow608,28,0.18467530691530695,8
8,2,Flow608,29,0.18595486033960898,8
8,2,Flow608,30,0.18467530691530695,8
8,2,Flow608,31,0.18467530691530695,8
8,2,Flow608,32,0.18467530691530695,8
8,2,Flow608,33,0.19704356846473026,8
8,2,Flow608,34,0.19704356846473026,8
8,2,Flow608,35,0.19704356846473026,8
8,2,Flow608,36,0.19704356846473026,8
8,2,Flow608,37,0.2012510373443983,8
8,2,Flow608,38,0.21703038606747044,8
8,2,Flow608,39,0.21703038606747044,8
8,2,Flow608,40,0.21703038606747044,8
8,2,Flow608,41,0.23412939958592122,8
8,2,Flow608,42,0.23412939958592122,8
8,2,Flow608,43,0.18939077212806027,8
8,2,Flow608,44,0.18939077212806027,8
8,2,Flow608,45,1.4702344632768363,8
8,2,Flow608,46,1.395121951219512,8
8,2,Flow608,47,0.8666666666666666,8
8,2,Flow608,48,0.8666666666666666,8
8,2,Flow608,49,0.8666666666666666,8
8,2,Flow608,50,0.8666666666666666,8
8,2,Flow608,51,0.284421286031042,8
8,2,Flow608,52,0.18919632265717673,8
8,2,Flow608,53,0.18919632265717673,8
8,2,Flow608,54,0.18919632265717673,8
8,2,Flow608,55,0.18919632265717673,8
8,2,Flow608,56,0.18919632265717673,8
8,2,Flow608,57,0.18919632265717673,8
8,2,Flow608,58,0.18919632265717673,8
8,2,Flow608,59,0.18919632265717673,8
8,2,Flow608,60,0.18919632265717673,8
9,3,Flow608,1,2.0,8
9,3,Flow608,2,2.0,8
9,3,Flow608,3,2.0,8
9,3,Flow608,4,2.0,8
9,3,Flow608,5,2.0,8
9,3,Flow608,6,1.1833333333333333,8
9,3,Flow608,7,1.1833333333333333,8
9,3,Flow608,8,0.13493551587301617,8
9,3,Flow608,9,0.13130081300813004,8
9,3,Flow608,10,0.13130081300813004,8
9,3,Flow608,11,0.1313008130081302,8
9,3,Flow608,12,0.1313008130081302,8
9,3,Flow608,13,0.11263048016701464,8
9,3,Flow608,14,0.11263048016701464,8
9,3,Flow608,15,0.11263048016701464,8
9,3,Flow608,16,0.11263048016701464,8
9,3,Flow608,17,0.11263048016701464,8
9,3,Flow608,18,0.314761948014874,8
9,3,Flow608,19,0.3432368461645453,8
9,3,Flow608,20,0.41059094154105014,8
9,3,Flow608,21,0.41059094154105014,8
9,3,Flow608,22,0.17023809523809524,8
9,3,Flow608,23,0.412959080393291,8
9,3,Flow608,24,0.412959080393291,8
9,3,Flow608,25,1.6008209647495364,8
9,3,Flow608,26,1.6115889307522413,8
9,3,Flow608,27,1.5105080595796776,8
9,3,Flow608,28,1.5105080595796776,8
9,3,Flow608,29,0.13394138143062104,8
9,3,Flow608,30,1.5105080595796776,8
9,3,Flow608,31,0.3355005703255242,8
9,3,Flow608,32,0.3355005703255242,8
9,3,Flow608,33,0.3355005703255242,8
9,3,Flow608,34,0.3355005703255242,8
9,3,Flow608,35,0.3407464026173311,8
9,3,Flow608,36,0.3407464026173311,8
9,3,Flow608,37,1.3905200789993417,8
9,3,Flow608,38,1.3905200789993417,8
9,3,Flow608,39,1.2040816326530615,8
9,3,Flow608,40,1.6466666666666665,8
9,3,Flow608,41,1.2659574468085109,8
9,3,Flow608,42,1.2659574468085109,8
9,3,Flow608,43,1.2659574468085109,8
9,3,Flow608,44,0.7191489361702128,8
9,3,Flow608,45,0.3677937596411597,8
9,3,Flow608,46,0.3677937596411597,8
9,3,Flow608,47,0.4058746625714907,8
9,3,Flow608,48,0.4058746625714907,8
9,3,Flow608,49,0.4058746625714907,8
9,3,Flow608,50,0.4058746625714907,8
9,3,Flow608,51,0.3697796657980656,8
9,3,Flow608,52,0.4037037037037036,8
9,3,Flow608,53,0.4037037037037036,8
9,3,Flow608,54,0.4037037037037036,8
9,3,Flow608,55,0.4037037037037036,8
9,3,Flow608,56,0.4037037037037036,8
9,3,Flow608,57,0.4037037037037036,8
9,3,Flow608,58,0.4037037037037036,8
9,3,Flow608,59,0.4037037037037036,8
9,3,Flow608,60,0.7121212121212122,8
10,3,Flow608,1,2.0,8
10,3,Flow608,2,2.0,8
10,3,Flow608,3,2.0,8
10,3,Flow608,4,2.0,8
10,3,Flow608,5,1.1538461538461537,8
10,3,Flow608,6,1.0503067484662576,8
10,3,Flow608,7,1.154601226993865,8
10,3,Flow608,8,1.154601226993865,8
10,3,Flow608,9,0.09468302658486713,8
10,3,Flow608,10,0.206781045751634,8
10,3,Flow608,11,0.206781045751634,8
10,3,Flow608,12,0.4309189125432482,8
10,3,Flow608,13,0.28659887763860414,8
10,3,Flow608,14,0.28659887763860414,8
10,3,Flow608,15,0.28659887763860414,8
10,3,Flow608,16,0.28659887763860414,8
10,3,Flow608,17,0.4309189125432482,8
10,3,Flow608,18,0.4309189125432482,8
10,3,Flow608,19,0.24372856799945142,8
10,3,Flow608,20,0.3115758229897464,8
10,3,Flow608,21,1.4414865354425794,8
10,3,Flow608,22,0.5135162601626017,8
10,3,Flow608,23,0.8726963617817068,8
10,3,Flow608,24,0.7633004926108374,8
10,3,Flow608,25,0.7633004926108374,8
10,3,Flow608,26,0.7633004926108374,8
10,3,Flow608,27,0.75,8
10,3,Flow608,28,0.16825884543761668,8
10,3,Flow608,29,0.20555555555555555,8
10,3,Flow608,30,0.2254360747210093,8
10,3,Flow608,31,0.3948275862068966,8
10,3,Flow608,32,0.36626837487066083,8
10,3,Flow608,33,0.36626837487066083,8
10,3,Flow608,34,0.36626837487066083,8
10,3,Flow608,35,0.8675508021390375,8
10,3,Flow608,36,0.8149303328250698,8
10,3,Flow608,37,0.8149303328250698,8
10,3,Flow608,38,0.6068785682070301,8
10,3,Flow608,39,0.6068785682070301,8
10,3,Flow608,40,0.7406968390804598,8
10,3,Flow608,41,0.7406968390804598,8
10,3,Flow608,42,0.7406968390804598,8
10,3,Flow608,43,0.7406968390804598,8
10,3,Flow608,44,0.6790123456790124,8
10,3,Flow608,45,0.6790123456790124,8
10,3,Flow608,46,0.3538121378469046,8
10,3,Flow608,47,0.3538121378469046,8
10,3,Flow608,48,1.89296875,8
10,3,Flow608,49,1.89296875,8
10,3,Flow608,50,2.0,8
10,3,Flow608,51,0.8456106870229008,8
10,3,Flow608,52,0.8456106870229008,8
10,3,Flow608,53,0.8456106870229008,8
10,3,Flow608,54,0.42191908307210035,8
10,3,Flow608,55,0.42191908307210035,8
10,3,Flow608,56,0.42191908307210035,8
10,3,Flow608,57,0.2878787878787878,8
10,3,Flow608,58,0.28939393939393937,8
10,3,Flow608,59,0.6197819314641745,8
10,3,Flow608,60,0.6197819314641745,8
11,3,Flow608,1,2.0,8
11,3,Flow608,2,2.0,8
11,3,Flow608,3,2.0,8
11,3,Flow608,4,0.8166666666666667,8
11,3,Flow608,5,0.8219298245614034,8
11,3,Flow608,6,0.16260286498018903,8
11,3,Flow608,7,0.16260286498018903,8
11,3,Flow608,8,0.16770819236530912,8
11,3,Flow608,9,0.736904761904762,8
11,3,Flow608,10,0.736904761904762,8
11,3,Flow608,11,0.12974910394265224,8
11,3,Flow608,12,0.12974910394265224,8
11,3,Flow608,13,0.12974910394265224,8
11,3,Flow608,14,0.23498817966903074,8
11,3,Flow608,15,0.23498817966903074,8
11,3,Flow608,16,0.23498817966903074,8
11,3,Flow608,17,0.3794326241134754,8
11,3,Flow608,18,1.2220788715434567,8
11,3,Flow608,19,0.16047157768266124,8
11,3,Flow608,20,0.16047157768266124,8
11,3,Flow608,21,0.16047157768266124,8
11,3,Flow608,22,0.14887737478411064,8
11,3,Flow608,23,1.0301015697137579,8
11,3,Flow608,24,1.1964319248826292,8
11,3,Flow608,25,0.1537414965986395,8
11,3,Flow608,26,0.1537414965986395,8
11,3,Flow608,27,0.1497267759562842,8
11,3,Flow608,28,0.1497267759562842,8
11,3,Flow608,29,0.21666666666666662,8
11,3,Flow608,30,0.21666666666666662,8
11,3,Flow608,31,0.21666666666666662,8
11,3,Flow608,32,1.1173333333333333,8
11,3,Flow608,33,1.1955555555555555,8
11,3,Flow608,34,1.1955555555555555,8
11,3,Flow608,35,1.1955555555555555,8
11,3,Flow608,36,1.1955555555555555,8
11,3,Flow608,37,1.1955555555555555,8
11,3,Flow608,38,1.3206400214233112,8
11,3,Flow608,39,1.3206400214233112,8
11,3,Flow608,40,0.691201379125661,8
11,3,Flow608,41,0.691201379125661,8
11,3,Flow608,42,0.691201379125661,8
11,3,Flow608,43,0.23109273903666433,8
11,3,Flow608,44,0.3779752740233108,8
11,3,Flow608,45,0.9730727058029689,8
11,3,Flow608,46,0.9730727058029689,8
11,3,Flow608,47,0.9730727058029689,8
11,3,Flow608,48,0.9865447307378847,8
11,3,Flow608,49,0.45223817836056346,8
11,3,Flow608,50,0.45223817836056346,8
11,3,Flow608,51,0.9865447307378847,8
11,3,Flow608,52,0.9801282051282051,8
11,3,Flow608,53,0.9801282051282051,8
11,3,Flow608,54,1.6435897435897435,8
11,3,Flow608,55,1.0812301166489926,8
11,3,Flow608,56,1.0812301166489926,8
11,3,Flow608,57,1.0812301166489926,8
11,3,Flow608,58,1.1195652173913042,8
11,3,Flow608,59,1.1195652173913042,8
11,3,Flow608,60,1.1195652173913042,8
12,3,Flow608,1,2.0,8
12,3,Flow608,2,2.0,8
12,3,Flow608,3,2.0,8
12,3,Flow608,4,2.0,8
12,3,Flow608,5,0.9496124031007753,8
12,3,Flow608,6,0.735500598324691,8
12,3,Flow608,7,0.29096989966555176,8
12,3,Flow608,8,0.8833333333333332,8
12,3,Flow608,9,0.9166666666666666,8
12,3,Flow608,10,0.9166666666666666,8
12,3,Flow608,11,0.9716719353705656,8
12,3,Flow608,12,1.2657803468208093,8
12,3,Flow608,13,1.2657803468208093,8
12,3,Flow608,14,0.39873732718894017,8
12,3,Flow608,15,0.31435251590514734,8
12,3,Flow608,16,0.31435251590514734,8
12,3,Flow608,17,0.21611719272041183,8
12,3,Flow608,18,0.21611719272041183,8
12,3,Flow608,19,0.21611719272041183,8
12,3,Flow608,20,0.21611719272041183,8
12,3,Flow608,21,0.13526986115460912,8
12,3,Flow608,22,0.13526986115460912,8
12,3,Flow608,23,0.5558371533715845,8
12,3,Flow608,24,0.5558371533715845,8
12,3,Flow608,25,0.5558371533715842,8
12,3,Flow608,26,0.5701028108935798,8
12,3,Flow608,27,0.3915005713724858,8
12,3,Flow608,28,0.4268170050415588,8
12,3,Flow608,29,0.4268170050415588,8
12,3,Flow608,30,0.22596899224806216,8
12,3,Flow608,31,0.22596899224806216,8
12,3,Flow608,32,0.22596899224806216,8
12,3,Flow608,33,0.325968992248062,8
12,3,Flow608,34,0.22596899224806216,8
12,3,Flow608,35,0.22596899224806216,8
12,3,Flow608,36,0.22596899224806216,8
12,3,Flow608,37,0.22596899224806216,8
12,3,Flow608,38,0.22596899224806216,8
12,3,Flow608,39,0.41820590828924153,8
12,3,Flow608,40,0.5237047879260992,8
12,3,Flow608,41,0.5237047879260992,8
12,3,Flow608,42,0.22596899224806216,8
12,3,Flow608,43,0.22596899224806205,8
12,3,Flow608,44,0.22596899224806205,8
12,3,Flow608,45,0.22596899224806205,8
12,3,Flow608,46,0.2550539595683235,8
12,3,Flow608,47,0.3790849673202614,8
12,3,Flow608,48,0.3790849673202614,8
12,3,Flow608,49,0.1830065359477125,8
12,3,Flow608,50,0.678624813153961,8
12,3,Flow608,51,0.678624813153961,8
12,3,Flow608,52,0.678624813153961,8
12,3,Flow608,53,0.34949961508852967,8
12,3,Flow608,54,0.34949961508852967,8
12,3,Flow608,55,0.34949961508852967,8
12,3,Flow608,56,0.34949961508852967,8
12,3,Flow608,57,0.34949961508852967,8
12,3,Flow608,58,0.34949961508852967,8
12,3,Flow608,59,0.34949961508852967,8
12,3,Flow608,60,0.34949961508852967,8
13,4,Flow608,1,2.0,8
13,4,Flow608,2,2.0,8
13,4,Flow608,3,2.0,8
13,4,Flow608,4,1.609090909090909,8
13,4,Flow608,5,0.1833333333333334,8
13,4,Flow608,6,0.1833333333333334,8
13,4,Flow608,7,0.5632878997009432,8
13,4,Flow608,8,0.2366606714628297,8
13,4,Flow608,9,0.3561748284769869,8
13,4,Flow608,10,0.4658273381294964,8
13,4,Flow608,11,0.4658273381294964,8
13,4,Flow608,12,0.5455665024630543,8
13,4,Flow608,13,0.4175177219752494,8
13,4,Flow608,14,0.4175177219752494,8
13,4,Flow608,15,0.7047410745846588,8
13,4,Flow608,16,0.47745580666815834,8
13,4,Flow608,17,0.4439695681360485,8
13,4,Flow608,18,0.4439695681360485,8
13,4,Flow608,19,0.23183169912074764,8
13,4,Flow608,20,0.15969498910675392,8
13,4,Flow608,21,0.5366690126243,8
13,4,Flow608,22,0.3790403910575774,8
13,4,Flow608,23,0.2975538157463976,8
13,4,Flow608,24,0.2975538157463976,8
13,4,Flow608,25,0.33173746175800056,8
13,4,Flow608,26,0.33173746175800056,8
13,4,Flow608,27,0.33173746175800056,8
13,4,Flow608,28,0.2973147692707919,8
13,4,Flow608,29,0.2288754034428405,8
13,4,Flow608,30,0.2288754034428405,8
13,4,Flow608,31,0.22621681573870775,8
13,4,Flow608,32,0.29445349696664713,8
13,4,Flow608,33,0.29445349696664713,8
13,4,Flow608,34,0.29445349696664713,8
13,4,Flow608,35,0.1896413885234658,8
13,4,Flow608,36,0.1896413885234658,8
13,4,Flow608,37,0.29445349696664713,8
13,4,Flow608,38,0.22680398850997774,8
13,4,Flow608,39,0.34394119554642744,8
13,4,Flow608,40,0.34394119554642744,8
13,4,Flow608,41,0.3397421037380469,8
13,4,Flow608,42,0.34394119554642744,8
13,4,Flow608,43,0.34394119554642744,8
13,4,Flow608,44,0.34394119554642744,8
13,4,Flow608,45,0.3258620689655173,8
13,4,Flow608,46,0.179821830133195,8
13,4,Flow608,47,0.179821830133195,8
13,4,Flow608,48,0.179821830133195,8
13,4,Flow608,49,0.3258620689655173,8
13,4,Flow608,50,0.47765957446808505,8
13,4,Flow608,51,0.47765957446808505,8
13,4,Flow608,52,0.47765957446808505,8
13,4,Flow608,53,0.2500000000000001,8
13,4,Flow608,54,0.2500000000000001,8
13,4,Flow608,55,0.2500000000000001,8
13,4,Flow608,56,0.25,8
13,4,Flow608,57,0.24500000000000002,8
13,4,Flow608,58,0.24500000000000002,8
13,4,Flow608,59,0.24500000000000002,8
13,4,Flow608,60,0.25,8
14,4,Flow608,1,2.0,8
14,4,Flow608,2,2.0,8
14,4,Flow608,3,2.0,8
14,4,Flow608,4,2.0,8
14,4,Flow608,5,1.0421568627450981,8
14,4,Flow608,6,0.40551378446115294,8
14,4,Flow608,7,0.3891296036701924,8
14,4,Flow608,8,0.3891296036701924,8
14,4,Flow608,9,0.3891296036701924,8
14,4,Flow608,10,0.3891296036701924,8
14,4,Flow608,11,0.3891296036701924,8
14,4,Flow608,12,0.3891296036701924,8
14,4,Flow608,13,0.3891296036701924,8
14,4,Flow608,14,0.162153024645629,8
14,4,Flow608,15,0.162153024645629,8
14,4,Flow608,16,0.162153024645629,8
14,4,Flow608,17,0.1564398271594359,8
14,4,Flow608,18,0.2290628706998814,8
14,4,Flow608,19,0.2290628706998814,8
14,4,Flow608,20,0.2290628706998814,8
14,4,Flow608,21,0.2290628706998814,8
14,4,Flow608,22,0.5171255411255409,8
14,4,Flow608,23,0.5171255411255409,8
14,4,Flow608,24,0.5171255411255409,8
14,4,Flow608,25,0.24682993197278913,8
14,4,Flow608,26,0.24682993197278913,8
14,4,Flow608,27,0.24682993197278913,8
14,4,Flow608,28,0.24682993197278913,8
14,4,Flow608,29,0.4824761904761904,8
14,4,Flow608,30,0.4824761904761904,8
14,4,Flow608,31,0.46813895781637715,8
14,4,Flow608,32,0.7262820512820514,8
14,4,Flow608,33,0.7262820512820514,8
14,4,Flow608,34,0.7262820512820514,8
14,4,Flow608,35,0.7262820512820514,8
14,4,Flow608,36,0.6653310696095076,8
14,4,Flow608,37,0.7262820512820514,8
14,4,Flow608,38,0.7262820512820514,8
14,4,Flow608,39,0.7262820512820514,8
14,4,Flow608,40,0.7262820512820514,8
14,4,Flow608,41,0.7262820512820514,8
14,4,Flow608,42,0.7262820512820514,8
14,4,Flow608,43,0.7262820512820514,8
14,4,Flow608,44,0.7606837606837606,8
14,4,Flow608,45,0.7384615384615385,8
14,4,Flow608,46,0.7384615384615385,8
14,4,Flow608,47,0.7384615384615385,8
14,4,Flow608,48,0.1717948717948718,8
14,4,Flow608,49,0.09401709401709404,8
14,4,Flow608,50,0.09401709401709404,8
14,4,Flow608,51,0.09401709401709404,8
14,4,Flow608,52,0.13795580763322707,8
14,4,Flow608,53,0.13795580763322707,8
14,4,Flow608,54,0.15,8
14,4,Flow608,55,0.15,8
14,4,Flow608,56,0.15,8
14,4,Flow608,57,0.15,8
14,4,Flow608,58,0.1717948717948718,8
14,4,Flow608,59,0.1717948717948718,8
14,4,Flow608,60,0.1717948717948718,8
15,4,Flow608,1,2.0,8
15,4,Flow608,2,2.0,8
15,4,Flow608,3,2.0,8
15,4,Flow608,4,1.0333333333333334,8
15,4,Flow608,5,0.31108778335615395,8
15,4,Flow608,6,0.2590877192982456,8
15,4,Flow608,7,0.2590877192982456,8
15,4,Flow608,8,0.16446587926509187,8
15,4,Flow608,9,0.16267359004468807,8
15,4,Flow608,10,0.16519939240116904,8
15,4,Flow608,11,0.16519939240116904,8
15,4,Flow608,12,0.23666666666666672,8
15,4,Flow608,13,0.7576048689138577,8
15,4,Flow608,14,0.7576048689138577,8
15,4,Flow608,15,0.7576048689138577,8
15,4,Flow608,16,0.7576048689138577,8
15,4,Flow608,17,0.2873130951424517,8
15,4,Flow608,18,0.3273381870897124,8
15,4,Flow608,19,0.24467514856041603,8
15,4,Flow608,20,0.24467514856041603,8
15,4,Flow608,21,0.24467514856041603,8
15,4,Flow608,22,0.24482251082251097,8
15,4,Flow608,23,0.1700000000000001,8
15,4,Flow608,24,0.2639024390243903,8
15,4,Flow608,25,0.37714285714285706,8
15,4,Flow608,26,0.37714285714285706,8
15,4,Flow608,27,0.37714285714285706,8
15,4,Flow608,28,0.4056417024084461,8
15,4,Flow608,29,0.3176912249072412,8
15,4,Flow608,30,0.29027027027027036,8
15,4,Flow608,31,0.29027027027027036,8
15,4,Flow608,32,0.29027027027027036,8
15,4,Flow608,33,0.3505668934240367,8
15,4,Flow608,34,0.3505668934240367,8
15,4,Flow608,35,0.3505668934240367,8
15,4,Flow608,36,0.30360360360360367,8
15,4,Flow608,37,0.2890370263024418,8
15,4,Flow608,38,0.2890370263024418,8
15,4,Flow608,39,0.15925580340863615,8
15,4,Flow608,40,0.2621370499419279,8
15,4,Flow608,41,0.07037037037037042,8
15,4,Flow608,42,0.2621370499419279,8
15,4,Flow608,43,0.252026603044854,8
15,4,Flow608,44,0.252026603044854,8
15,4,Flow608,45,0.1552915338301272,8
15,4,Flow608,46,0.18069651993113175,8
15,4,Flow608,47,0.18069651993113175,8
15,4,Flow608,48,0.28958281271692343,8
15,4,Flow608,49,1.2060939312919339,8
15,4,Flow608,50,0.7048512705530643,8
15,4,Flow608,51,0.7048512705530643,8
15,4,Flow608,52,0.7048512705530643,8
15,4,Flow608,53,0.7048512705530643,8
15,4,Flow608,54,0.44386255028947097,8
15,4,Flow608,55,0.2765005428563617,8
15,4,Flow608,56,0.2765005428563617,8
15,4,Flow608,57,0.05,8
15,4,Flow608,58,0.08166666666666673,8
15,4,Flow608,59,0.05,8
15,4,Flow608,60,0.05,8
16,4,Flow608,1,2.0,8
16,4,Flow608,2,2.0,8
16,4,Flow608,3,2.0,8
16,4,Flow608,4,1.0166666666666666,8
16,4,Flow608,5,1.0166666666666666,8
16,4,Flow608,6,1.021584699453552,8
16,4,Flow608,7,0.7265027322404372,8
16,4,Flow608,8,0.10103549884635701,8
16,4,Flow608,9,0.2416666666666667,8
16,4,Flow608,10,0.2552013422818792,8
16,4,Flow608,11,0.2552013422818792,8
16,4,Flow608,12,0.22604765588520231,8
16,4,Flow608,13,0.5631853281853282,8
16,4,Flow608,14,0.2408450704225352,8
16,4,Flow608,15,0.2408450704225352,8
16,4,Flow608,16,0.2408450704225352,8
16,4,Flow608,17,0.3583333333333334,8
16,4,Flow608,18,0.14948511706542345,8
16,4,Flow608,19,0.26890243902439026,8
16,4,Flow608,20,0.24394736842105252,8
16,4,Flow608,21,0.24394736842105252,8
16,4,Flow608,22,0.24394736842105252,8
16,4,Flow608,23,0.24394736842105252,8
16,4,Flow608,24,0.14751879699248108,8
16,4,Flow608,25,0.14751879699248108,8
16,4,Flow608,26,0.14751879699248116,8
16,4,Flow608,27,0.14751879699248116,8
16,4,Flow608,28,0.14751879699248116,8
16,4,Flow608,29,0.26174447875846657,8
16,4,Flow608,30,0.14751879699248124,8
16,4,Flow608,31,0.14751879699248124,8
16,4,Flow608,32,0.23845956354300385,8
16,4,Flow608,33,0.23845956354300385,8
16,4,Flow608,34,0.23845956354300385,8
16,4,Flow608,35,0.2664784620806424,8
16,4,Flow608,36,0.2664784620806424,8
16,4,Flow608,37,0.2664784620806424,8
16,4,Flow608,38,0.24555553520617898,8
16,4,Flow608,39,0.24687761331078537,8
16,4,Flow608,40,0.20699424821247128,8
16,4,Flow608,41,0.20699424821247128,8
16,4,Flow608,42,0.20699424821247128,8
16,4,Flow608,43,0.20699424821247128,8
16,4,Flow608,44,0.28891999544782065,8
16,4,Flow608,45,1.261290322580645,8
16,4,Flow608,46,1.261290322580645,8
16,4,Flow608,47,1.261290322580645,8
16,4,Flow608,48,1.261290322580645,8
16,4,Flow608,49,1.261290322580645,8
16,4,Flow608,50,1.261290322580645,8
16,4,Flow608,51,0.16576789697811503,8
16,4,Flow608,52,0.13710140590762016,8
16,4,Flow608,53,0.13710140590762016,8
16,4,Flow608,54,0.13710140590762016,8
16,4,Flow608,55,0.13710140590762016,8
16,4,Flow608,56,0.5658741258741259,8
16,4,Flow608,57,0.5658741258741259,8
16,4,Flow608,58,0.13710140590762016,8
16,4,Flow608,59,0.13710140590762016,8
16,4,Flow608,60,0.15018431181221867,8
17,5,Flow608,1,2.0,8
17,5,Flow608,2,2.0,8
17,5,Flow608,3,2.0,8
17,5,Flow608,4,2.0,8
17,5,Flow608,5,1.5538461538461539,8
17,5,Flow608,6,0.621968798172764,8
17,5,Flow608,7,0.621968798172764,8
17,5,Flow608,8,0.9216475095785441,8
17,5,Flow608,9,0.9216475095785441,8
17,5,Flow608,10,0.7695340501792115,8
17,5,Flow608,11,0.7695340501792115,8
17,5,Flow608,12,0.7695340501792115,8
17,5,Flow608,13,0.7695340501792115,8
17,5,Flow608,14,0.5804946307230766,8
17,5,Flow608,15,0.3271319401997079,8
17,5,Flow608,16,0.3271319401997079,8
17,5,Flow608,17,0.3271319401997079,8
17,5,Flow608,18,0.3271319401997079,8
17,5,Flow608,19,0.31188820300666154,8
17,5,Flow608,20,0.5103984450923227,8
17,5,Flow608,21,0.22872684969753382,8
17,5,Flow608,22,0.49020979020979016,8
17,5,Flow608,23,0.49020979020979016,8
17,5,Flow608,24,0.6849936948297606,8
17,5,Flow608,25,0.6849936948297606,8
17,5,Flow608,26,0.6849936948297606,8
17,5,Flow608,27,0.3819949986107254,8
17,5,Flow608,28,0.1972677595628416,8
17,5,Flow608,29,0.1972677595628416,8
17,5,Flow608,30,0.3819949986107254,8
17,5,Flow608,31,0.3819949986107254,8
17,5,Flow608,32,0.39546284224250333,8
17,5,Flow608,33,0.39546284224250333,8
17,5,Flow608,34,0.3819949986107254,8
17,5,Flow608,35,0.3819949986107254,8
17,5,Flow608,36,0.4077102027251579,8
17,5,Flow608,37,0.4077102027251579,8
17,5,Flow608,38,0.30313503932646507,8
17,5,Flow608,39,0.6053185055116576,8
17,5,Flow608,40,0.30313503932646507,8
17,5,Flow608,41,0.3423507256009749,8
17,5,Flow608,42,0.44692588899966773,8
17,5,Flow608,43,0.44692588899966773,8
17,5,Flow608,44,0.2508474576271187,8
17,5,Flow608,45,0.2508474576271187,8
17,5,Flow608,46,0.2508474576271187,8
17,5,Flow608,47,0.2508474576271187,8
17,5,Flow608,48,0.2667298105682951,8
17,5,Flow608,49,0.2508474576271187,8
17,5,Flow608,50,0.2508474576271187,8
17,5,Flow608,51,0.2508474576271187,8
17,5,Flow608,52,0.2508474576271187,8
17,5,Flow608,53,0.2508474576271187,8
17,5,Flow608,54,0.2508474576271187,8
17,5,Flow608,55,0.2508474576271187,8
17,5,Flow608,56,0.2508474576271187,8
17,5,Flow608,57,0.2508474576271187,8
17,5,Flow608,58,0.2508474576271187,8
17,5,Flow608,59,0.2508474576271187,8
17,5,Flow608,60,0.2508474576271187,8
18,5,Flow608,1,2.0,8
18,5,Flow608,2,2.0,8
18,5,Flow608,3,2.0,8
18,5,Flow608,4,2.0,8
18,5,Flow608,5,1.4923076923076923,8
18,5,Flow608,6,0.3423076923076923,8
18,5,Flow608,7,0.11716417910447756,8
18,5,Flow608,8,0.26210825870646753,8
18,5,Flow608,9,0.26210825870646753,8
18,5,Flow608,10,0.26210825870646753,8
18,5,Flow608,11,0.26210825870646753,8
18,5,Flow608,12,0.26210825870646753,8
18,5,Flow608,13,0.10049751243781095,8
18,5,Flow608,14,0.26210825870646753,8
18,5,Flow608,15,0.3174074074074074,8
18,5,Flow608,16,0.3174074074074074,8
18,5,Flow608,17,0.3174074074074074,8
18,5,Flow608,18,0.3174074074074074,8
18,5,Flow608,19,0.3174074074074074,8
18,5,Flow608,20,0.3174074074074074,8
18,5,Flow608,21,0.3174074074074074,8
18,5,Flow608,22,0.3174074074074074,8
18,5,Flow608,23,0.23425925925925933,8
18,5,Flow608,24,0.23425925925925933,8
18,5,Flow608,25,0.23425925925925933,8
18,5,Flow608,26,0.2641546254774953,8
18,5,Flow608,27,0.14487179487179488,8
18,5,Flow608,28,0.15,8
18,5,Flow608,29,0.26620370370370383,8
18,5,Flow608,30,0.26620370370370383,8
18,5,Flow608,31,0.26620370370370383,8
18,5,Flow608,32,0.4473631239935589,8
18,5,Flow608,33,0.43714232627276123,8
18,5,Flow608,34,0.41541867954911443,8
18,5,Flow608,35,0.41541867954911443,8
18,5,Flow608,36,0.41541867954911443,8
18,5,Flow608,37,1.000925925925926,8
18,5,Flow608,38,0.7417322834645669,8
18,5,Flow608,39,0.9417322834645668,8
18,5,Flow608,40,0.1536006982384393,8
18,5,Flow608,41,0.11723163841807907,8
18,5,Flow608,42,0.11723163841807907,8
18,5,Flow608,43,0.182333865752304,8
18,5,Flow608,44,0.182333865752304,8
18,5,Flow608,45,0.182333865752304,8
18,5,Flow608,46,0.182333865752304,8
18,5,Flow608,47,0.19741090654608087,8
18,5,Flow608,48,0.19741090654608087,8
18,5,Flow608,49,0.19741090654608087,8
18,5,Flow608,50,0.17377587568188346,8
18,5,Flow608,51,0.24080059007289129,8
18,5,Flow608,52,0.24080059007289129,8
18,5,Flow608,53,0.24080059007289129,8
18,5,Flow608,54,0.24080059007289129,8
18,5,Flow608,55,0.23702009188688394,8
18,5,Flow608,56,0.23702009188688394,8
18,5,Flow608,57,0.24080059007289129,8
18,5,Flow608,58,0.24080059007289129,8
18,5,Flow608,59,0.24080059007289129,8
18,5,Flow608,60,0.24080059007289129,8
19,5,Flow608,1,2.0,8
19,5,Flow608,2,2.0,8
19,5,Flow608,3,2.0,8
19,5,Flow608,4,2.0,8
19,5,Flow608,5,0.7712121212121211,8
19,5,Flow608,6,0.20877192982456147,8
19,5,Flow608,7,0.22628605411834685,8
19,5,Flow608,8,0.13822843822843822,8
19,5,Flow608,9,0.08856742065579529,8
19,5,Flow608,10,0.08856742065579529,8
19,5,Flow608,11,0.08856742065579529,8
19,5,Flow608,12,0.08856742065579529,8
19,5,Flow608,13,0.07218323986483455,8
19,5,Flow608,14,0.07218323986483455,8
19,5,Flow608,15,0.10180415172263882,8
19,5,Flow608,16,0.10180415172263882,8
19,5,Flow608,17,0.10180415172263882,8
19,5,Flow608,18,0.10180415172263882,8
19,5,Flow608,19,0.41631817933144805,8
19,5,Flow608,20,0.09208280878444537,8
19,5,Flow608,21,0.09208280878444537,8
19,5,Flow608,22,0.9655839353991678,8
19,5,Flow608,23,0.9655839353991678,8
19,5,Flow608,24,0.8166064981949457,8
19,5,Flow608,25,1.009349593495935,8
19,5,Flow608,26,1.009349593495935,8
19,5,Flow608,27,1.009349593495935,8
19,5,Flow608,28,1.009349593495935,8
19,5,Flow608,29,0.4260162601626016,8
19,5,Flow608,30,0.24268292682926837,8
19,5,Flow608,31,0.2479124579124578,8
19,5,Flow608,32,0.16165605663439067,8
19,5,Flow608,33,0.16165605663439067,8
19,5,Flow608,34,0.1669404746527002,8
19,5,Flow608,35,0.24268292682926837,8
19,5,Flow608,36,0.24268292682926837,8
19,5,Flow608,37,0.24268292682926837,8
19,5,Flow608,38,0.24268292682926837,8
19,5,Flow608,39,0.24268292682926837,8
19,5,Flow608,40,0.24268292682926837,8
19,5,Flow608,41,0.24268292682926837,8
19,5,Flow608,42,0.29471947194719467,8
19,5,Flow608,43,0.29471947194719467,8
19,5,Flow608,44,0.16816479400749068,8
19,5,Flow608,45,0.16816479400749068,8
19,5,Flow608,46,0.16816479400749068,8
19,5,Flow608,47,0.4350834992212292,8
19,5,Flow608,48,0.43839183219118516,8
19,5,Flow608,49,0.4230667547918044,8
19,5,Flow608,50,0.4230667547918044,8
19,5,Flow608,51,0.4230667547918044,8
19,5,Flow608,52,0.16816479400749068,8
19,5,Flow608,53,0.16816479400749068,8
19,5,Flow608,54,0.16816479400749068,8
19,5,Flow608,55,0.16816479400749068,8
19,5,Flow608,56,0.16816479400749068,8
19,5,Flow608,57,0.2333333333333334,8
19,5,Flow608,58,0.5,8
19,5,Flow608,59,0.2333333333333334,8
19,5,Flow608,60,0.2333333333333334,8
20,5,Flow608,1,2.0,8
20,5,Flow608,2,2.0,8
20,5,Flow608,3,2.0,8
20,5,Flow608,4,0.9818181818181818,8
20,5,Flow608,5,0.9818181818181818,8
20,5,Flow608,6,0.9818181818181818,8
20,5,Flow608,7,0.13678160919540225,8
20,5,Flow608,8,0.13678160919540225,8
20,5,Flow608,9,0.12011494252873582,8
20,5,Flow608,10,0.12011494252873582,8
20,5,Flow608,11,0.13678160919540225,8
20,5,Flow608,12,0.2229225102705767,8
20,5,Flow608,13,0.2857087133597199,8
20,5,Flow608,14,0.2857087133597199,8
20,5,Flow608,15,0.21526830284681928,8
20,5,Flow608,16,0.21526830284681928,8
20,5,Flow608,17,0.1204225352112676,8
20,5,Flow608,18,0.1204225352112676,8
20,5,Flow608,19,0.1204225352112676,8
20,5,Flow608,20,0.1675540821050429,8
20,5,Flow608,21,0.19494267479950303,8
20,5,Flow608,22,0.21310224406039388,8
20,5,Flow608,23,0.21310224406039388,8
20,5,Flow608,24,0.19053724644150166,8
20,5,Flow608,25,0.19053724644150166,8
20,5,Flow608,26,0.19053724644150166,8
20,5,Flow608,27,0.17348933649289097,8
20,5,Flow608,28,0.1125,8
20,5,Flow608,29,0.1125,8
20,5,Flow608,30,0.1125,8
20,5,Flow608,31,0.17348933649289097,8
20,5,Flow608,32,0.17348933649289097,8
20,5,Flow608,33,0.17348933649289097,8
20,5,Flow608,34,0.17348933649289097,8
20,5,Flow608,35,0.1125,8
20,5,Flow608,36,0.1125,8
20,5,Flow608,37,0.1125,8
20,5,Flow608,38,0.15,8
20,5,Flow608,39,0.15,8
20,5,Flow608,40,0.213380221653879,8
20,5,Flow608,41,0.213380221653879,8
20,5,Flow608,42,0.213380221653879,8
20,5,Flow608,43,0.2108510940608129,8
20,5,Flow608,44,0.213380221653879,8
20,5,Flow608,45,0.4204301075268817,8
20,5,Flow608,46,0.22486085132760802,8
20,5,Flow608,47,0.22486085132760802,8
20,5,Flow608,48,0.22486085132760802,8
20,5,Flow608,49,0.22220631034198668,8
20,5,Flow608,50,0.22486085132760802,8
20,5,Flow608,51,0.21513098715630363,8
20,5,Flow608,52,0.21513098715630363,8
20,5,Flow608,53,0.21513098715630363,8
20,5,Flow608,54,0.21513098715630363,8
20,5,Flow608,55,0.2865458937198069,8
20,5,Flow608,56,0.2865458937198069,8
20,5,Flow608,57,0.2804930953692006,8
20,5,Flow608,58,0.7710144927536232,8
20,5,Flow608,59,0.7710144927536232,8
20,5,Flow608,60,0.7710144927536232,8
1,1,Flow609,1,2.0,9
1,1,Flow609,2,2.0,9
1,1,Flow609,3,2.0,9
1,1,Flow609,4,2.0,9
1,1,Flow609,5,2.0,9
1,1,Flow609,6,1.1,9
1,1,Flow609,7,1.1,9
1,1,Flow609,8,0.9297297297297297,9
1,1,Flow609,9,0.21740662438336855,9
1,1,Flow609,10,0.21740662438336855,9
1,1,Flow609,11,0.21740662438336855,9
1,1,Flow609,12,0.21740662438336855,9
1,1,Flow609,13,0.21740662438336855,9
1,1,Flow609,14,0.21740662438336855,9
1,1,Flow609,15,0.21740662438336855,9
1,1,Flow609,16,0.21740662438336855,9
1,1,Flow609,17,0.21740662438336855,9
1,1,Flow609,18,0.21740662438336855,9
1,1,Flow609,19,0.21740662438336855,9
1,1,Flow609,20,0.21740662438336855,9
1,1,Flow609,21,0.21740662438336855,9
1,1,Flow609,22,0.6180685593476294,9
1,1,Flow609,23,0.8174482006543077,9
1,1,Flow609,24,0.8174482006543077,9
1,1,Flow609,25,0.8174482006543077,9
1,1,Flow609,26,0.22773536895674287,9
1,1,Flow609,27,0.22773536895674287,9
1,1,Flow609,28,0.22773536895674287,9
1,1,Flow609,29,0.26305220883534125,9
1,1,Flow609,30,0.26305220883534125,9
1,1,Flow609,31,0.26305220883534125,9
1,1,Flow609,32,0.42076878944348817,9
1,1,Flow609,33,0.46231292517006767,9
1,1,Flow609,34,0.46231292517006767,9
1,1,Flow609,35,0.3076910764305721,9
1,1,Flow609,36,0.2882352941176471,9
1,1,Flow609,37,0.2882352941176471,9
1,1,Flow609,38,0.2882352941176471,9
1,1,Flow609,39,0.2882352941176471,9
1,1,Flow609,40,0.2882352941176471,9
1,1,Flow609,41,0.2882352941176471,9
1,1,Flow609,42,0.2882352941176471,9
1,1,Flow609,43,0.2882352941176471,9
1,1,Flow609,44,1.415686274509804,9
1,1,Flow609,45,1.415686274509804,9
1,1,Flow609,46,0.10588235294117646,9
1,1,Flow609,47,0.10588235294117646,9
1,1,Flow609,48,0.10588235294117646,9
1,1,Flow609,49,0.10588235294117646,9
1,1,Flow609,50,0.10588235294117646,9
1,1,Flow609,51,0.10588235294117646,9
1,1,Flow609,52,0.10588235294117646,9
1,1,Flow609,53,0.10588235294117646,9
1,1,Flow609,54,0.10588235294117646,9
1,1,Flow609,55,0.10588235294117646,9
1,1,Flow609,56,0.10588235294117646,9
1,1,Flow609,57,0.10588235294117646,9
1,1,Flow609,58,0.7503267973856209,9
1,1,Flow609,59,0.7503267973856209,9
1,1,Flow609,60,0.7503267973856209,9
2,1,Flow609,1,2.0,9
2,1,Flow609,2,2.0,9
2,1,Flow609,3,2.0,9
2,1,Flow609,4,2.0,9
2,1,Flow609,5,2.0,9
2,1,Flow609,6,2.0,9
2,1,Flow609,7,1.0175438596491229,9
2,1,Flow609,8,0.7357142857142858,9
2,1,Flow609,9,0.7664459930313589,9
2,1,Flow609,10,0.20238095238095238,9
2,1,Flow609,11,0.23842203548085977,9
2,1,Flow609,12,0.23842203548085977,9
2,1,Flow609,13,0.23842203548085977,9
2,1,Flow609,14,0.21773069036226927,9
2,1,Flow609,15,1.1831878667906381,9
2,1,Flow609,16,1.1831878667906381,9
2,1,Flow609,17,1.1831878667906381,9
2,1,Flow609,18,1.1831878667906381,9
2,1,Flow609,19,1.1831878667906381,9
2,1,Flow609,20,0.22222222222222215,9
2,1,Flow609,21,0.2268686868686869,9
2,1,Flow609,22,0.2268686868686869,9
2,1,Flow609,23,0.2268686868686869,9
2,1,Flow609,24,0.2268686868686869,9
2,1,Flow609,25,0.21789312711938003,9
2,1,Flow609,26,0.21789312711938003,9
2,1,Flow609,27,1.0338395395603635,9
2,1,Flow609,28,1.0338395395603635,9
2,1,Flow609,29,1.032408293460925,9
2,1,Flow609,30,0.430665114875641,9
2,1,Flow609,31,0.5969696969696969,9
2,1,Flow609,32,0.5969696969696969,9
2,1,Flow609,33,0.5969696969696969,9
2,1,Flow609,34,0.5969696969696969,9
2,1,Flow609,35,0.5969696969696969,9
2,1,Flow609,36,0.6574569221628044,9
2,1,Flow609,37,0.6574569221628044,9
2,1,Flow609,38,0.5969696969696969,9
2,1,Flow609,39,0.4787878787878789,9
2,1,Flow609,40,0.38392621870882737,9
2,1,Flow609,41,0.3853757450279188,9
2,1,Flow609,42,0.3853757450279188,9
2,1,Flow609,43,0.4047546270154966,9
2,1,Flow609,44,0.4047546270154966,9
2,1,Flow609,45,0.4047546270154966,9
2,1,Flow609,46,0.2747379459903794,9
2,1,Flow609,47,0.2747379459903794,9
2,1,Flow609,48,0.2747379459903794,9
2,1,Flow609,49,0.2747379459903794,9
2,1,Flow609,50,0.2747379459903794,9
2,1,Flow609,51,0.2747379459903794,9
2,1,Flow609,52,0.2999823019290897,9
2,1,Flow609,53,0.5130257801899593,9
2,1,Flow609,54,0.5130257801899593,9
2,1,Flow609,55,0.5130257801899593,9
2,1,Flow609,56,0.1896945646945646,9
2,1,Flow609,57,0.1896945646945646,9
2,1,Flow609,58,0.19326640576640575,9
2,1,Flow609,59,0.20190567809615434,9
2,1,Flow609,60,0.20190567809615434,9
3,1,Flow609,1,2.0,9
3,1,Flow609,2,2.0,9
3,1,Flow609,3,2.0,9
3,1,Flow609,4,2.0,9
3,1,Flow609,5,0.8784313725490197,9
3,1,Flow609,6,0.8784313725490197,9
3,1,Flow609,7,0.8784313725490197,9
3,1,Flow609,8,0.6842105263157894,9
3,1,Flow609,9,0.6842105263157894,9
3,1,Flow609,10,0.15705063950924175,9
3,1,Flow609,11,0.18795442959670544,9
3,1,Flow609,12,0.1688662589927672,9
3,1,Flow609,13,0.1688662589927672,9
3,1,Flow609,14,0.1688662589927672,9
3,1,Flow609,15,0.14619146887860737,9
3,1,Flow609,16,0.14619146887860737,9
3,1,Flow609,17,0.14619146887860737,9
3,1,Flow609,18,0.12162121723123605,9
3,1,Flow609,19,0.482951146560319,9
3,1,Flow609,20,0.482951146560319,9
3,1,Flow609,21,0.482951146560319,9
3,1,Flow609,22,0.5784313725490197,9
3,1,Flow609,23,0.3144566301096711,9
3,1,Flow609,24,0.3144566301096711,9
3,1,Flow609,25,0.3144566301096711,9
3,1,Flow609,26,0.3144566301096711,9
3,1,Flow609,27,0.2540849673202613,9
3,1,Flow609,28,0.3144566301096711,9
3,1,Flow609,29,0.3144566301096711,9
3,1,Flow609,30,0.3144566301096711,9
3,1,Flow609,31,0.3144566301096711,9
3,1,Flow609,32,0.31257325826910504,9
3,1,Flow609,33,0.31176580864919484,9
3,1,Flow609,34,0.22938556798987583,9
3,1,Flow609,35,0.22938556798987583,9
3,1,Flow609,36,0.22288429676594532,9
3,1,Flow609,37,0.1655577733422044,9
3,1,Flow609,38,0.1655577733422044,9
3,1,Flow609,39,0.16884531590413943,9
3,1,Flow609,40,0.16884531590413943,9
3,1,Flow609,41,0.20328852715090234,9
3,1,Flow609,42,0.20328852715090234,9
3,1,Flow609,43,0.20328852715090234,9
3,1,Flow609,44,0.20328852715090234,9
3,1,Flow609,45,0.22479504622361776,9
3,1,Flow609,46,0.22479504622361776,9
3,1,Flow609,47,0.22479504622361776,9
3,1,Flow609,48,0.22479504622361776,9
3,1,Flow609,49,0.22479504622361776,9
3,1,Flow609,50,0.1993489532565162,9
3,1,Flow609,51,0.1993489532565162,9
3,1,Flow609,52,0.22479504622361776,9
3,1,Flow609,53,0.22479504622361776,9
3,1,Flow609,54,0.22479504622361776,9
3,1,Flow609,55,0.22479504622361776,9
3,1,Flow609,56,0.22495981298502307,9
3,1,Flow609,57,0.3322325822325821,9
3,1,Flow609,58,0.22495981298502307,9
3,1,Flow609,59,0.22495981298502307,9
3,1,Flow609,60,0.22495981298502307,9
4,1,Flow609,1,2.0,9
4,1,Flow609,2,2.0,9
4,1,Flow609,3,2.0,9
4,1,Flow609,4,2.0,9
4,1,Flow609,5,2.0,9
4,1,Flow609,6,0.8701754385964913,9
4,1,Flow609,7,0.8701754385964913,9
4,1,Flow609,8,0.5563292847503373,9
4,1,Flow609,9,0.5467200461620892,9
4,1,Flow609,10,0.1635635068618539,9
4,1,Flow609,11,0.1786567180214961,9
4,1,Flow609,12,0.2739694385216772,9
4,1,Flow609,13,0.2739694385216772,9
4,1,Flow609,14,0.1786567180214961,9
4,1,Flow609,15,0.17010849977351902,9
4,1,Flow609,16,0.18317472698427367,9
4,1,Flow609,17,0.1887882018479033,9
4,1,Flow609,18,0.1887882018479033,9
4,1,Flow609,19,0.1887882018479033,9
4,1,Flow609,20,0.1887882018479033,9
4,1,Flow609,21,0.21049783549783552,9
4,1,Flow609,22,0.1887882018479033,9
4,1,Flow609,23,0.1887882018479033,9
4,1,Flow609,24,0.1887882018479033,9
4,1,Flow609,25,0.13374906290465471,9
4,1,Flow609,26,0.13374906290465471,9
4,1,Flow609,27,0.13374906290465471,9
4,1,Flow609,28,0.13374906290465471,9
4,1,Flow609,29,0.13374906290465471,9
4,1,Flow609,30,0.13374906290465471,9
4,1,Flow609,31,0.13374906290465471,9
4,1,Flow609,32,0.13374906290465471,9
4,1,Flow609,33,0.13374906290465471,9
4,1,Flow609,34,0.13374906290465471,9
4,1,Flow609,35,0.13374906290465471,9
4,1,Flow609,36,0.1099086182176233,9
4,1,Flow609,37,0.12183781621837823,9
4,1,Flow609,38,0.12183781621837823,9
4,1,Flow609,39,0.16552033537094601,9
4,1,Flow609,40,0.15932612021600026,9
4,1,Flow609,41,0.15932612021600026,9
4,1,Flow609,42,0.15932612021600026,9
4,1,Flow609,43,0.3500360490266761,9
4,1,Flow609,44,0.17882488859547774,9
4,1,Flow609,45,0.17882488859547774,9
4,1,Flow609,46,0.3136747430249633,9
4,1,Flow609,47,0.3732650232650233,9
4,1,Flow609,48,0.3732650232650233,9
4,1,Flow609,49,0.3732650232650233,9
4,1,Flow609,50,0.12037037037037042,9
4,1,Flow609,51,0.27777777777777785,9
4,1,Flow609,52,0.328602122248531,9
4,1,Flow609,53,0.328602122248531,9
4,1,Flow609,54,0.22185288844677498,9
4,1,Flow609,55,0.22185288844677498,9
4,1,Flow609,56,0.3075963718820862,9
4,1,Flow609,57,0.19033033033033037,9
4,1,Flow609,58,0.27777777777777785,9
4,1,Flow609,59,0.27777777777777785,9
4,1,Flow609,60,0.27777777777777785,9
5,2,Flow609,1,2.0,9
5,2,Flow609,2,2.0,9
5,2,Flow609,3,2.0,9
5,2,Flow609,4,2.0,9
5,2,Flow609,5,1.4370370370370371,9
5,2,Flow609,6,0.7380952380952381,9
5,2,Flow609,7,0.6926406926406926,9
5,2,Flow609,8,0.6926406926406926,9
5,2,Flow609,9,0.5769494047619048,9
5,2,Flow609,10,0.5541186605639732,9
5,2,Flow609,11,0.5541186605639732,9
5,2,Flow609,12,0.40065065065065075,9
5,2,Flow609,13,0.17192760942760935,9
5,2,Flow609,14,0.17192760942760935,9
5,2,Flow609,15,0.17192760942760935,9
5,2,Flow609,16,0.15309059059059055,9
5,2,Flow609,17,0.15309059059059055,9
5,2,Flow609,18,0.15309059059059055,9
5,2,Flow609,19,0.15309059059059055,9
5,2,Flow609,20,0.15309059059059055,9
5,2,Flow609,21,0.15309059059059055,9
5,2,Flow609,22,0.15309059059059055,9
5,2,Flow609,23,0.15309059059059055,9
5,2,Flow609,24,0.19487908961593164,9
5,2,Flow609,25,0.19487908961593164,9
5,2,Flow609,26,0.19487908961593164,9
5,2,Flow609,27,0.19487908961593164,9
5,2,Flow609,28,0.19487908961593164,9
5,2,Flow609,29,0.19487908961593164,9
5,2,Flow609,30,0.19487908961593164,9
5,2,Flow609,31,0.19487908961593164,9
5,2,Flow609,32,0.21371610845295058,9
5,2,Flow609,33,0.21371610845295058,9
5,2,Flow609,34,0.21371610845295058,9
5,2,Flow609,35,0.21371610845295058,9
5,2,Flow609,36,0.21371610845295058,9
5,2,Flow609,37,0.21371610845295058,9
5,2,Flow609,38,0.21371610845295058,9
5,2,Flow609,39,0.4353070175438596,9
5,2,Flow609,40,0.4353070175438596,9
5,2,Flow609,41,0.4353070175438596,9
5,2,Flow609,42,0.4353070175438596,9
5,2,Flow609,43,0.4228070175438596,9
5,2,Flow609,44,0.4228070175438596,9
5,2,Flow609,45,0.4228070175438596,9
5,2,Flow609,46,0.4228070175438596,9
5,2,Flow609,47,0.4228070175438596,9
5,2,Flow609,48,0.4228070175438596,9
5,2,Flow609,49,0.4228070175438596,9
5,2,Flow609,50,0.3393018629046843,9
5,2,Flow609,51,0.23693745232646837,9
5,2,Flow609,52,0.5021741442373523,9
5,2,Flow609,53,0.5021741442373523,9
5,2,Flow609,54,0.4998277347114556,9
5,2,Flow609,55,0.4998277347114556,9
5,2,Flow609,56,0.4998277347114556,9
5,2,Flow609,57,0.45725170608891547,9
5,2,Flow609,58,0.45725170608891547,9
5,2,Flow609,59,0.45725170608891547,9
5,2,Flow609,60,0.45725170608891547,9
6,2,Flow609,1,2.0,9
6,2,Flow609,2,2.0,9
6,2,Flow609,3,2.0,9
6,2,Flow609,4,2.0,9
6,2,Flow609,5,1.4181818181818182,9
6,2,Flow609,6,0.7638888888888887,9
6,2,Flow609,7,0.6332787212787212,9
6,2,Flow609,8,0.18993352326685678,9
6,2,Flow609,9,0.18993352326685678,9
6,2,Flow609,10,0.18993352326685678,9
6,2,Flow609,11,0.18993352326685659,9
6,2,Flow609,12,0.16699155295646512,9
6,2,Flow609,13,0.16699155295646512,9
6,2,Flow609,14,0.16699155295646512,9
6,2,Flow609,15,0.16699155295646512,9
6,2,Flow609,16,0.19298245614035067,9
6,2,Flow609,17,0.19298245614035067,9
6,2,Flow609,18,0.19298245614035067,9
6,2,Flow609,19,0.19298245614035087,9
6,2,Flow609,20,0.5415171192443919,9
6,2,Flow609,21,0.49294569067296334,9
6,2,Flow609,22,0.47790940766550516,9
6,2,Flow609,23,0.4838961038961038,9
6,2,Flow609,24,1.0857142857142859,9
6,2,Flow609,25,1.0857142857142859,9
6,2,Flow609,26,1.0857142857142859,9
6,2,Flow609,27,1.0857142857142859,9
6,2,Flow609,28,0.3704538939321548,9
6,2,Flow609,29,0.3704538939321548,9
6,2,Flow609,30,0.3704538939321548,9
6,2,Flow609,31,0.3704538939321548,9
6,2,Flow609,32,0.5526839826839829,9
6,2,Flow609,33,0.4716981132075472,9
6,2,Flow609,34,0.4716981132075472,9
6,2,Flow609,35,0.4716981132075472,9
6,2,Flow609,36,0.4716981132075472,9
6,2,Flow609,37,0.4716981132075472,9
6,2,Flow609,38,0.4716981132075472,9
6,2,Flow609,39,0.49304998391461696,9
6,2,Flow609,40,0.25812030075187964,9
6,2,Flow609,41,0.4898785425101215,9
6,2,Flow609,42,0.4898785425101215,9
6,2,Flow609,43,0.32859649122807005,9
6,2,Flow609,44,0.37192982456140344,9
6,2,Flow609,45,0.37595883873878566,9
6,2,Flow609,46,0.37595883873878566,9
6,2,Flow609,47,0.37595883873878566,9
6,2,Flow609,48,0.8713503215051203,9
6,2,Flow609,49,0.976923076923077,9
6,2,Flow609,50,0.976923076923077,9
6,2,Flow609,51,0.4564173591874422,9
6,2,Flow609,52,0.4564173591874422,9
6,2,Flow609,53,0.4564173591874422,9
6,2,Flow609,54,0.22934609250398702,9
6,2,Flow609,55,0.21981089086352235,9
6,2,Flow609,56,0.16038528009746217,9
6,2,Flow609,57,0.2139387725512126,9
6,2,Flow609,58,0.2139387725512126,9
6,2,Flow609,59,0.2139387725512126,9
6,2,Flow609,60,0.2139387725512126,9
7,2,Flow609,1,2.0,9
7,2,Flow609,2,2.0,9
7,2,Flow609,3,2.0,9
7,2,Flow609,4,2.0,9
7,2,Flow609,5,1.1894736842105265,9
7,2,Flow609,6,0.46354775828460043,9
7,2,Flow609,7,0.46354775828460043,9
7,2,Flow609,8,0.46354775828460043,9
7,2,Flow609,9,0.4141650422352178,9
7,2,Flow609,10,0.3572702943800179,9
7,2,Flow609,11,0.3572702943800179,9
7,2,Flow609,12,0.22901809817195035,9
7,2,Flow609,13,0.2164607448756451,9
7,2,Flow609,14,0.2164607448756451,9
7,2,Flow609,15,0.2164607448756451,9
7,2,Flow609,16,0.2164607448756451,9
7,2,Flow609,17,0.2164607448756451,9
7,2,Flow609,18,0.5214367401791169,9
7,2,Flow609,19,0.5214367401791169,9
7,2,Flow609,20,0.5229115615259549,9
7,2,Flow609,21,0.1797303238098797,9
7,2,Flow609,22,0.18429027113237648,9
7,2,Flow609,23,0.18429027113237648,9
7,2,Flow609,24,0.18429027113237648,9
7,2,Flow609,25,0.18518518518518529,9
7,2,Flow609,26,0.18518518518518529,9
7,2,Flow609,27,0.18518518518518529,9
7,2,Flow609,28,0.18518518518518529,9
7,2,Flow609,29,0.18518518518518529,9
7,2,Flow609,30,0.15272575946733244,9
7,2,Flow609,31,0.1379235956618702,9
7,2,Flow609,32,0.14485943910997517,9
7,2,Flow609,33,0.14485943910997517,9
7,2,Flow609,34,0.14485943910997517,9
7,2,Flow609,35,0.14485943910997517,9
7,2,Flow609,36,0.13682846248585373,9
7,2,Flow609,37,0.16757044125465176,9
7,2,Flow609,38,0.16757044125465176,9
7,2,Flow609,39,0.16255790992633107,9
7,2,Flow609,40,0.16255790992633107,9
7,2,Flow609,41,0.16255790992633107,9
7,2,Flow609,42,0.16255790992633107,9
7,2,Flow609,43,0.10470797246280253,9
7,2,Flow609,44,0.10470797246280253,9
7,2,Flow609,45,0.10470797246280253,9
7,2,Flow609,46,0.1362869198312236,9
7,2,Flow609,47,0.15,9
7,2,Flow609,48,0.15,9
7,2,Flow609,49,0.1249190938511326,9
7,2,Flow609,50,0.19267146883808328,9
7,2,Flow609,51,0.20222941387989923,9
7,2,Flow609,52,0.09321357285429147,9
7,2,Flow609,53,0.09321357285429147,9
7,2,Flow609,54,0.09321357285429147,9
7,2,Flow609,55,0.28987086770152226,9
7,2,Flow609,56,0.28987086770152226,9
7,2,Flow609,57,0.21343268606321725,9
7,2,Flow609,58,0.21343268606321725,9
7,2,Flow609,59,0.2057739923368697,9
7,2,Flow609,60,0.23962084814671786,9
8,2,Flow609,1,2.0,9
8,2,Flow609,2,2.0,9
8,2,Flow609,3,2.0,9
8,2,Flow609,4,2.0,9
8,2,Flow609,5,2.0,9
8,2,Flow609,6,2.0,9
8,2,Flow609,7,0.887719298245614,9
8,2,Flow609,8,0.6511927513774101,9
8,2,Flow609,9,0.3568889773740234,9
8,2,Flow609,10,0.3568889773740234,9
8,2,Flow609,11,0.3568889773740234,9
8,2,Flow609,12,0.27145662736436843,9
8,2,Flow609,13,0.27145662736436843,9
8,2,Flow609,14,0.27145662736436843,9
8,2,Flow609,15,0.27145662736436843,9
8,2,Flow609,16,0.2419937403549473,9
8,2,Flow609,17,0.2686670861517489,9
8,2,Flow609,18,0.2686670861517489,9
8,2,Flow609,19,0.4116161616161616,9
8,2,Flow609,20,0.47647198480531816,9
8,2,Flow609,21,0.47647198480531816,9
8,2,Flow609,22,0.28822928741441406,9
8,2,Flow609,23,0.28822928741441406,9
8,2,Flow609,24,0.26673039249779745,9
8,2,Flow609,25,0.2370103183321574,9
8,2,Flow609,26,0.25197160493827164,9
8,2,Flow609,27,0.25197160493827164,9
8,2,Flow609,28,0.25197160493827164,9
8,2,Flow609,29,0.25197160493827164,9
8,2,Flow609,30,0.25197160493827164,9
8,2,Flow609,31,0.25197160493827164,9
8,2,Flow609,32,0.25197160493827164,9
8,2,Flow609,33,0.23436115717707756,9
8,2,Flow609,34,0.1953071114881107,9
8,2,Flow609,35,0.1953071114881107,9
8,2,Flow609,36,0.19076228772794596,9
8,2,Flow609,37,0.19076228772794596,9
8,2,Flow609,38,0.1668306464943871,9
8,2,Flow609,39,0.1668306464943871,9
8,2,Flow609,40,0.1511389673798374,9
8,2,Flow609,41,0.1511389673798374,9
8,2,Flow609,42,0.1464591569797724,9
8,2,Flow609,43,0.1464591569797724,9
8,2,Flow609,44,0.1464591569797724,9
8,2,Flow609,45,0.1464591569797724,9
8,2,Flow609,46,0.1464591569797724,9
8,2,Flow609,47,0.1711018700225318,9
8,2,Flow609,48,0.1711018700225318,9
8,2,Flow609,49,0.22418448258556678,9
8,2,Flow609,50,0.23057892855249823,9
8,2,Flow609,51,0.19457696756733167,9
8,2,Flow609,52,0.19457696756733167,9
8,2,Flow609,53,0.19457696756733167,9
8,2,Flow609,54,0.19457696756733167,9
8,2,Flow609,55,0.19457696756733167,9
8,2,Flow609,56,0.10392646742095382,9
8,2,Flow609,57,0.10392646742095382,9
8,2,Flow609,58,0.07149667341255395,9
8,2,Flow609,59,0.07149667341255395,9
8,2,Flow609,60,0.07149667341255395,9
9,3,Flow609,1,2.0,9
9,3,Flow609,2,2.0,9
9,3,Flow609,3,2.0,9
9,3,Flow609,4,2.0,9
9,3,Flow609,5,2.0,9
9,3,Flow609,6,0.8777777777777779,9
9,3,Flow609,7,0.20370370370370364,9
9,3,Flow609,8,0.14546615581098338,9
9,3,Flow609,9,0.11666666666666661,9
9,3,Flow609,10,0.11666666666666661,9
9,3,Flow609,11,0.11666666666666661,9
9,3,Flow609,12,0.11666666666666678,9
9,3,Flow609,13,0.1291666666666666,9
9,3,Flow609,14,0.1291666666666666,9
9,3,Flow609,15,0.1291666666666666,9
9,3,Flow609,16,0.232311320754717,9
9,3,Flow609,17,0.269811320754717,9
9,3,Flow609,18,0.269811320754717,9
9,3,Flow609,19,0.269811320754717,9
9,3,Flow609,20,0.3702290076335878,9
9,3,Flow609,21,0.32490373212701124,9
9,3,Flow609,22,0.3702290076335878,9
9,3,Flow609,23,0.3702290076335878,9
9,3,Flow609,24,0.3702290076335878,9
9,3,Flow609,25,1.0759259259259262,9
9,3,Flow609,26,0.5462474645030426,9
9,3,Flow609,27,0.5462474645030426,9
9,3,Flow609,28,0.5462474645030426,9
9,3,Flow609,29,0.7602906337581097,9
9,3,Flow609,30,0.7602906337581097,9
9,3,Flow609,31,0.5462474645030426,9
9,3,Flow609,32,0.5462474645030426,9
9,3,Flow609,33,0.5462474645030426,9
9,3,Flow609,34,0.482879229066657,9
9,3,Flow609,35,0.17511644657863137,9
9,3,Flow609,36,0.21056742697078815,9
9,3,Flow609,37,0.16324089635854336,9
9,3,Flow609,38,0.16324089635854336,9
9,3,Flow609,39,0.13883360361688535,9
9,3,Flow609,40,0.13883360361688535,9
9,3,Flow609,41,0.13883360361688535,9
9,3,Flow609,42,0.13883360361688535,9
9,3,Flow609,43,0.10358617131062946,9
9,3,Flow609,44,0.35245098039215694,9
9,3,Flow609,45,0.35245098039215694,9
9,3,Flow609,46,0.35245098039215694,9
9,3,Flow609,47,0.35245098039215694,9
9,3,Flow609,48,0.35245098039215694,9
9,3,Flow609,49,0.5737972508591065,9
9,3,Flow609,50,0.5566097508591066,9
9,3,Flow609,51,0.5566097508591066,9
9,3,Flow609,52,0.5566097508591066,9
9,3,Flow609,53,0.24574829931972797,9
9,3,Flow609,54,0.24574829931972797,9
9,3,Flow609,55,0.14672303893047847,9
9,3,Flow609,56,0.14672303893047847,9
9,3,Flow609,57,0.14672303893047847,9
9,3,Flow609,58,0.14672303893047847,9
9,3,Flow609,59,0.14672303893047847,9
9,3,Flow609,60,0.14672303893047847,9
10,3,Flow609,1,2.0,9
10,3,Flow609,2,2.0,9
10,3,Flow609,3,2.0,9
10,3,Flow609,4,0.8400000000000001,9
10,3,Flow609,5,0.8400000000000001,9
10,3,Flow609,6,0.43237924865831834,9
10,3,Flow609,7,0.43237924865831834,9
10,3,Flow609,8,0.1320194956558593,9
10,3,Flow609,9,0.16994633273703047,9
10,3,Flow609,10,0.39518900343642616,9
10,3,Flow609,11,0.39518900343642616,9
10,3,Flow609,12,0.27796853872669425,9
10,3,Flow609,13,0.28454863718818224,9
10,3,Flow609,14,0.44654088050314444,9
10,3,Flow609,15,0.22431865828092246,9
10,3,Flow609,16,0.22431865828092246,9
10,3,Flow609,17,0.22431865828092246,9
10,3,Flow609,18,0.3875318066157763,9
10,3,Flow609,19,0.3875318066157763,9
10,3,Flow609,20,0.3875318066157763,9
10,3,Flow609,21,0.3875318066157763,9
10,3,Flow609,22,0.3875318066157763,9
10,3,Flow609,23,0.3875318066157763,9
10,3,Flow609,24,0.3875318066157763,9
10,3,Flow609,25,0.3875318066157763,9
10,3,Flow609,26,0.208611977206752,9
10,3,Flow609,27,0.3497794741306192,9
10,3,Flow609,28,0.3497794741306192,9
10,3,Flow609,29,0.3497794741306192,9
10,3,Flow609,30,0.2953703703703704,9
10,3,Flow609,31,0.2953703703703704,9
10,3,Flow609,32,0.3497794741306192,9
10,3,Flow609,33,0.3497794741306192,9
10,3,Flow609,34,0.5080555555555557,9
10,3,Flow609,35,0.9532035112501263,9
10,3,Flow609,36,0.9532035112501263,9
10,3,Flow609,37,0.829483834700261,9
10,3,Flow609,38,0.9532035112501263,9
10,3,Flow609,39,0.20218332803560077,9
10,3,Flow609,40,0.19929871265098545,9
10,3,Flow609,41,0.19929871265098545,9
10,3,Flow609,42,0.19929871265098545,9
10,3,Flow609,43,0.19929871265098545,9
10,3,Flow609,44,0.47624044680615824,9
10,3,Flow609,45,0.47624044680615824,9
10,3,Flow609,46,0.47624044680615824,9
10,3,Flow609,47,0.47624044680615824,9
10,3,Flow609,48,0.675410301596799,9
10,3,Flow609,49,0.675410301596799,9
10,3,Flow609,50,0.5490143369175629,9
10,3,Flow609,51,0.5677204734651402,9
10,3,Flow609,52,0.48606182795698916,9
10,3,Flow609,53,0.4804166666666667,9
10,3,Flow609,54,0.4804166666666667,9
10,3,Flow609,55,0.4804166666666667,9
10,3,Flow609,56,0.4804166666666667,9
10,3,Flow609,57,0.4804166666666667,9
10,3,Flow609,58,0.4804166666666667,9
10,3,Flow609,59,0.4804166666666667,9
10,3,Flow609,60,0.15191437862687138,9
11,3,Flow609,1,2.0,9
11,3,Flow609,2,2.0,9
11,3,Flow609,3,2.0,9
11,3,Flow609,4,0.9847826086956524,9
11,3,Flow609,5,0.9847826086956524,9
11,3,Flow609,6,0.5942028985507245,9
11,3,Flow609,7,0.4136864666258421,9
11,3,Flow609,8,0.2017010545121792,9
11,3,Flow609,9,0.3324239428085075,9
11,3,Flow609,10,0.3324239428085075,9
11,3,Flow609,11,0.3324239428085075,9
11,3,Flow609,12,0.2017010545121792,9
11,3,Flow609,13,0.2017010545121792,9
11,3,Flow609,14,0.2017010545121792,9
11,3,Flow609,15,0.2017010545121792,9
11,3,Flow609,16,0.2017010545121792,9
11,3,Flow609,17,0.21737998131953223,9
11,3,Flow609,18,0.21752828042400818,9
11,3,Flow609,19,0.30493224162122806,9
11,3,Flow609,20,0.36410256410256425,9
11,3,Flow609,21,0.36410256410256425,9
11,3,Flow609,22,0.2864812808474781,9
11,3,Flow609,23,0.2864812808474781,9
11,3,Flow609,24,0.28667153996101363,9
11,3,Flow609,25,0.199537037037037,9
11,3,Flow609,26,0.199537037037037,9
11,3,Flow609,27,0.199537037037037,9
11,3,Flow609,28,0.23774841915085823,9
11,3,Flow609,29,0.26770916600053296,9
11,3,Flow609,30,0.3990536165872112,9
11,3,Flow609,31,0.3990536165872112,9
11,3,Flow609,32,0.4174419634945952,9
11,3,Flow609,33,0.4174419634945952,9
11,3,Flow609,34,0.4174419634945952,9
11,3,Flow609,35,0.4174419634945952,9
11,3,Flow609,36,0.4174419634945952,9
11,3,Flow609,37,0.6015757000474609,9
11,3,Flow609,38,0.6015757000474609,9
11,3,Flow609,39,0.33382059800664443,9
11,3,Flow609,40,0.33382059800664443,9
11,3,Flow609,41,0.33382059800664443,9
11,3,Flow609,42,0.33382059800664443,9
11,3,Flow609,43,0.19245360824742264,9
11,3,Flow609,44,0.19245360824742264,9
11,3,Flow609,45,0.49245360824742274,9
11,3,Flow609,46,0.5034285714285713,9
11,3,Flow609,47,0.5034285714285713,9
11,3,Flow609,48,0.5151111111111111,9
11,3,Flow609,49,0.5151111111111111,9
11,3,Flow609,50,0.17777777777777787,9
11,3,Flow609,51,0.17777777777777787,9
11,3,Flow609,52,0.17777777777777787,9
11,3,Flow609,53,0.29037037037037033,9
11,3,Flow609,54,0.28565656565656583,9
11,3,Flow609,55,0.28565656565656583,9
11,3,Flow609,56,0.28565656565656583,9
11,3,Flow609,57,0.26861952861952876,9
11,3,Flow609,58,0.26861952861952876,9
11,3,Flow609,59,0.26861952861952876,9
11,3,Flow609,60,0.2529761904761905,9
12,3,Flow609,1,2.0,9
12,3,Flow609,2,2.0,9
12,3,Flow609,3,2.0,9
12,3,Flow609,4,2.0,9
12,3,Flow609,5,2.0,9
12,3,Flow609,6,0.7230769230769232,9
12,3,Flow609,7,0.2775032938076416,9
12,3,Flow609,8,0.40384920152692627,9
12,3,Flow609,9,0.4311667730783057,9
12,3,Flow609,10,0.4311667730783057,9
12,3,Flow609,11,0.4311667730783057,9
12,3,Flow609,12,0.4311667730783057,9
12,3,Flow609,13,0.4311667730783057,9
12,3,Flow609,14,0.24929842279789244,9
12,3,Flow609,15,0.24929842279789244,9
12,3,Flow609,16,0.24929842279789244,9
12,3,Flow609,17,0.24929842279789244,9
12,3,Flow609,18,0.23971654126479153,9
12,3,Flow609,19,0.38183203068461413,9
12,3,Flow609,20,0.38183203068461413,9
12,3,Flow609,21,0.38183203068461413,9
12,3,Flow609,22,0.2628205128205128,9
12,3,Flow609,23,0.2628205128205128,9
12,3,Flow609,24,0.37955513321366985,9
12,3,Flow609,25,0.37955513321366985,9
12,3,Flow609,26,0.37955513321366985,9
12,3,Flow609,27,0.3767672214650652,9
12,3,Flow609,28,0.3111868385050055,9
12,3,Flow609,29,0.3111868385050055,9
12,3,Flow609,30,0.36835586848502844,9
12,3,Flow609,31,0.265135565250244,9
12,3,Flow609,32,0.265135565250244,9
12,3,Flow609,33,0.265135565250244,9
12,3,Flow609,34,0.3552763137918321,9
12,3,Flow609,35,0.37693957115009746,9
12,3,Flow609,36,0.37693957115009746,9
12,3,Flow609,37,0.39446103438264685,9
12,3,Flow609,38,0.37858214131378176,9
12,3,Flow609,39,0.37858214131378176,9
12,3,Flow609,40,0.3849825509399977,9
12,3,Flow609,41,0.39067969067969077,9
12,3,Flow609,42,0.39067969067969077,9
12,3,Flow609,43,0.39067969067969077,9
12,3,Flow609,44,0.39067969067969077,9
12,3,Flow609,45,0.36638819270398226,9
12,3,Flow609,46,0.3752184015494908,9
12,3,Flow609,47,0.38838806542294896,9
12,3,Flow609,48,0.6276690518783542,9
12,3,Flow609,49,0.6276690518783542,9
12,3,Flow609,50,0.6276690518783542,9
12,3,Flow609,51,0.6276690518783542,9
12,3,Flow609,52,0.6186111111111112,9
12,3,Flow609,53,0.6782692307692308,9
12,3,Flow609,54,0.36124542124542136,9
12,3,Flow609,55,0.36124542124542136,9
12,3,Flow609,56,0.34663924176004474,9
12,3,Flow609,57,0.34663924176004474,9
12,3,Flow609,58,0.34663924176004474,9
12,3,Flow609,59,0.34663924176004474,9
12,3,Flow609,60,0.39739926739926756,9
13,4,Flow609,1,2.0,9
13,4,Flow609,2,2.0,9
13,4,Flow609,3,2.0,9
13,4,Flow609,4,2.0,9
13,4,Flow609,5,1.3777777777777778,9
13,4,Flow609,6,0.362962962962963,9
13,4,Flow609,7,0.362962962962963,9
13,4,Flow609,8,0.4465397668584924,9
13,4,Flow609,9,0.360483989966062,9
13,4,Flow609,10,0.27943038300040135,9
13,4,Flow609,11,0.27943038300040113,9
13,4,Flow609,12,0.37426508095859373,9
13,4,Flow609,13,0.37426508095859373,9
13,4,Flow609,14,0.37426508095859373,9
13,4,Flow609,15,0.2715161204369837,9
13,4,Flow609,16,0.2715161204369837,9
13,4,Flow609,17,0.3261062985174933,9
13,4,Flow609,18,0.3261062985174933,9
13,4,Flow609,19,0.3713920817369093,9
13,4,Flow609,20,0.3713920817369093,9
13,4,Flow609,21,0.2942760942760943,9
13,4,Flow609,22,0.2942760942760943,9
13,4,Flow609,23,0.2942760942760943,9
13,4,Flow609,24,0.29731942262915717,9
13,4,Flow609,25,0.29731942262915717,9
13,4,Flow609,26,0.29731942262915717,9
13,4,Flow609,27,0.29731942262915717,9
13,4,Flow609,28,0.23563510903350177,9
13,4,Flow609,29,0.23563510903350177,9
13,4,Flow609,30,0.23563510903350177,9
13,4,Flow609,31,0.23563510903350177,9
13,4,Flow609,32,0.3762384808174281,9
13,4,Flow609,33,0.3164101355352007,9
13,4,Flow609,34,0.21376069107768209,9
13,4,Flow609,35,0.21376069107768209,9
13,4,Flow609,36,0.21376069107768209,9
13,4,Flow609,37,0.21376069107768209,9
13,4,Flow609,38,0.1356820772013279,9
13,4,Flow609,39,0.1356820772013279,9
13,4,Flow609,40,0.1542521994134897,9
13,4,Flow609,41,0.1542521994134897,9
13,4,Flow609,42,0.23523864195505978,9
13,4,Flow609,43,0.23523864195505978,9
13,4,Flow609,44,0.7666666666666666,9
13,4,Flow609,45,0.7666666666666666,9
13,4,Flow609,46,0.7666666666666666,9
13,4,Flow609,47,0.25,9
13,4,Flow609,48,0.25,9
13,4,Flow609,49,0.25,9
13,4,Flow609,50,0.25,9
13,4,Flow609,51,0.25,9
13,4,Flow609,52,0.25,9
13,4,Flow609,53,0.25,9
13,4,Flow609,54,0.25,9
13,4,Flow609,55,0.25,9
13,4,Flow609,56,0.25,9
13,4,Flow609,57,0.25,9
13,4,Flow609,58,0.25,9
13,4,Flow609,59,0.25,9
13,4,Flow609,60,0.25,9
14,4,Flow609,1,2.0,9
14,4,Flow609,2,2.0,9
14,4,Flow609,3,2.0,9
14,4,Flow609,4,2.0,9
14,4,Flow609,5,2.0,9
14,4,Flow609,6,0.437037037037037,9
14,4,Flow609,7,0.46644880174291947,9
14,4,Flow609,8,0.46644880174291947,9
14,4,Flow609,9,0.10687830687830698,9
14,4,Flow609,10,0.1931034482758621,9
14,4,Flow609,11,0.13082274652147613,9
14,4,Flow609,12,0.13082274652147613,9
14,4,Flow609,13,0.13082274652147613,9
14,4,Flow609,14,0.6013412153572337,9
14,4,Flow609,15,0.6013412153572337,9
14,4,Flow609,16,0.28699466056445466,9
14,4,Flow609,17,0.325814536340852,9
14,4,Flow609,18,0.325814536340852,9
14,4,Flow609,19,0.325814536340852,9
14,4,Flow609,20,0.325814536340852,9
14,4,Flow609,21,0.325814536340852,9
14,4,Flow609,22,0.325814536340852,9
14,4,Flow609,23,0.19261440314071887,9
14,4,Flow609,24,0.18575763858782715,9
14,4,Flow609,25,0.18575763858782715,9
14,4,Flow609,26,0.18575763858782715,9
14,4,Flow609,27,0.18575763858782715,9
14,4,Flow609,28,0.2698951048951049,9
14,4,Flow609,29,0.3374999999999999,9
14,4,Flow609,30,0.3374999999999999,9
14,4,Flow609,31,0.7095384615384617,9
14,4,Flow609,32,0.7095384615384617,9
14,4,Flow609,33,0.455827505827506,9
14,4,Flow609,34,0.455827505827506,9
14,4,Flow609,35,0.455827505827506,9
14,4,Flow609,36,0.455827505827506,9
14,4,Flow609,37,0.455827505827506,9
14,4,Flow609,38,0.2608585858585858,9
14,4,Flow609,39,0.2608585858585858,9
14,4,Flow609,40,0.2208333333333333,9
14,4,Flow609,41,0.2208333333333333,9
14,4,Flow609,42,0.2208333333333333,9
14,4,Flow609,43,0.20257034632034632,9
14,4,Flow609,44,0.20257034632034632,9
14,4,Flow609,45,0.20257034632034632,9
14,4,Flow609,46,0.20257034632034632,9
14,4,Flow609,47,0.2908045977011494,9
14,4,Flow609,48,0.2908045977011494,9
14,4,Flow609,49,0.2889673273599421,9
14,4,Flow609,50,0.2889673273599421,9
14,4,Flow609,51,0.2889673273599421,9
14,4,Flow609,52,0.2889673273599421,9
14,4,Flow609,53,0.2889673273599421,9
14,4,Flow609,54,0.2889673273599421,9
14,4,Flow609,55,0.2889673273599421,9
14,4,Flow609,56,0.2889673273599421,9
14,4,Flow609,57,0.1743532058492688,9
14,4,Flow609,58,0.1743532058492688,9
14,4,Flow609,59,0.17619047619047618,9
14,4,Flow609,60,0.17619047619047618,9
15,4,Flow609,1,2.0,9
15,4,Flow609,2,2.0,9
15,4,Flow609,3,2.0,9
15,4,Flow609,4,2.0,9
15,4,Flow609,5,2.0,9
15,4,Flow609,6,0.29590176153302855,9
15,4,Flow609,7,0.3030303030303029,9
15,4,Flow609,8,0.27734572873316327,9
15,4,Flow609,9,0.27734572873316327,9
15,4,Flow609,10,0.27734572873316327,9
15,4,Flow609,11,0.27734572873316327,9
15,4,Flow609,12,0.16410598982195806,9
15,4,Flow609,13,0.16410598982195806,9
15,4,Flow609,14,0.16410598982195806,9
15,4,Flow609,15,0.16410598982195806,9
15,4,Flow609,16,0.13736266517165382,9
15,4,Flow609,17,0.20555555555555555,9
15,4,Flow609,18,0.20555555555555555,9
15,4,Flow609,19,0.20555555555555555,9
15,4,Flow609,20,0.23139325189063414,9
15,4,Flow609,21,0.23139325189063414,9
15,4,Flow609,22,0.23139325189063414,9
15,4,Flow609,23,0.11039844509232263,9
15,4,Flow609,24,0.13049645390070932,9
15,4,Flow609,25,0.13049645390070932,9
15,4,Flow609,26,0.13049645390070932,9
15,4,Flow609,27,0.13049645390070932,9
15,4,Flow609,28,0.13049645390070932,9
15,4,Flow609,29,0.12230931939778529,9
15,4,Flow609,30,0.10686662893793616,9
15,4,Flow609,31,0.10686662893793616,9
15,4,Flow609,32,0.9241935483870968,9
15,4,Flow609,33,0.9241935483870968,9
15,4,Flow609,34,0.9241935483870968,9
15,4,Flow609,35,0.9638297872340426,9
15,4,Flow609,36,0.21382978723404253,9
15,4,Flow609,37,0.21382978723404253,9
15,4,Flow609,38,0.21382978723404253,9
15,4,Flow609,39,0.21382978723404253,9
15,4,Flow609,40,0.21382978723404253,9
15,4,Flow609,41,0.39523809523809517,9
15,4,Flow609,42,0.4238095238095239,9
15,4,Flow609,43,0.4238095238095239,9
15,4,Flow609,44,0.4666666666666668,9
15,4,Flow609,45,0.4666666666666668,9
15,4,Flow609,46,0.9057738095238095,9
15,4,Flow609,47,0.9057738095238095,9
15,4,Flow609,48,0.18725490196078426,9
15,4,Flow609,49,0.15687141158914447,9
15,4,Flow609,50,0.6745882352941177,9
15,4,Flow609,51,0.6372549019607844,9
15,4,Flow609,52,0.6372549019607844,9
15,4,Flow609,53,0.6558719232373801,9
15,4,Flow609,54,0.6558719232373801,9
15,4,Flow609,55,0.2705882352941177,9
15,4,Flow609,56,0.2705882352941177,9
15,4,Flow609,57,0.2705882352941177,9
15,4,Flow609,58,0.6558719232373801,9
15,4,Flow609,59,0.6558719232373801,9
15,4,Flow609,60,0.6558719232373801,9
16,4,Flow609,1,2.0,9
16,4,Flow609,2,2.0,9
16,4,Flow609,3,2.0,9
16,4,Flow609,4,2.0,9
16,4,Flow609,5,0.9754385964912281,9
16,4,Flow609,6,0.43184885290148445,9
16,4,Flow609,7,0.43184885290148445,9
16,4,Flow609,8,0.49194083041809156,9
16,4,Flow609,9,0.49194083041809156,9
16,4,Flow609,10,0.49194083041809156,9
16,4,Flow609,11,0.2354244293185909,9
16,4,Flow609,12,0.23542442931859106,9
16,4,Flow609,13,0.23542442931859106,9
16,4,Flow609,14,0.23542442931859106,9
16,4,Flow609,15,0.27580078833606975,9
16,4,Flow609,16,0.27580078833606975,9
16,4,Flow609,17,0.27580078833606975,9
16,4,Flow609,18,0.27580078833606975,9
16,4,Flow609,19,0.3301793372319688,9
16,4,Flow609,20,0.3254385964912279,9
16,4,Flow609,21,0.32592547753564727,9
16,4,Flow609,22,0.32592547753564727,9
16,4,Flow609,23,0.32592547753564727,9
16,4,Flow609,24,0.32592547753564727,9
16,4,Flow609,25,0.30166666666666664,9
16,4,Flow609,26,0.2985677083333333,9
16,4,Flow609,27,0.3862421583203394,9
16,4,Flow609,28,0.2985677083333333,9
16,4,Flow609,29,0.2985677083333333,9
16,4,Flow609,30,0.28806770833333334,9
16,4,Flow609,31,0.28408333333333335,9
16,4,Flow609,32,0.28408333333333335,9
16,4,Flow609,33,0.4558373837383738,9
16,4,Flow609,34,0.4558373837383738,9
16,4,Flow609,35,0.36473453093812375,9
16,4,Flow609,36,0.36473453093812375,9
16,4,Flow609,37,0.36473453093812375,9
16,4,Flow609,38,0.45764027500554433,9
16,4,Flow609,39,0.45764027500554433,9
16,4,Flow609,40,0.45764027500554433,9
16,4,Flow609,41,0.24407777777777778,9
16,4,Flow609,42,0.27999462365591404,9
16,4,Flow609,43,0.27999462365591404,9
16,4,Flow609,44,0.27999462365591404,9
16,4,Flow609,45,0.4114393105977264,9
16,4,Flow609,46,0.35615384615384604,9
16,4,Flow609,47,0.4166666666666667,9
16,4,Flow609,48,0.4166666666666667,9
16,4,Flow609,49,0.4166666666666667,9
16,4,Flow609,50,0.4166666666666667,9
16,4,Flow609,51,0.3123176754939049,9
16,4,Flow609,52,0.3123176754939049,9
16,4,Flow609,53,0.3123176754939049,9
16,4,Flow609,54,0.3123176754939049,9
16,4,Flow609,55,0.3123176754939049,9
16,4,Flow609,56,0.33197278911564626,9
16,4,Flow609,57,0.33897387666322654,9
16,4,Flow609,58,0.33897387666322654,9
16,4,Flow609,59,0.33897387666322654,9
16,4,Flow609,60,0.14146528576908324,9
17,5,Flow609,1,2.0,9
17,5,Flow609,2,2.0,9
17,5,Flow609,3,2.0,9
17,5,Flow609,4,1.6041666666666667,9
17,5,Flow609,5,0.7708333333333336,9
17,5,Flow609,6,0.5261948051948051,9
17,5,Flow609,7,0.19111380145278467,9
17,5,Flow609,8,0.19111380145278467,9
17,5,Flow609,9,0.19111380145278467,9
17,5,Flow609,10,0.19111380145278467,9
17,5,Flow609,11,0.5584645619244804,9
17,5,Flow609,12,0.49845768320831246,9
17,5,Flow609,13,0.49845768320831246,9
17,5,Flow609,14,0.10433376455368695,9
17,5,Flow609,15,0.1666666666666666,9
17,5,Flow609,16,0.4031948051948053,9
17,5,Flow609,17,0.4194805194805197,9
17,5,Flow609,18,0.9285714285714286,9
17,5,Flow609,19,0.9285714285714286,9
17,5,Flow609,20,0.95,9
17,5,Flow609,21,0.9810344827586206,9
17,5,Flow609,22,0.20772669220945073,9
17,5,Flow609,23,0.17959526297457346,9
17,5,Flow609,24,0.18701846046673634,9
17,5,Flow609,25,0.18701846046673634,9
17,5,Flow609,26,0.18701846046673634,9
17,5,Flow609,27,0.18701846046673634,9
17,5,Flow609,28,0.17689164370982552,9
17,5,Flow609,29,0.1895393327211508,9
17,5,Flow609,30,0.1895393327211508,9
17,5,Flow609,31,0.18750382614018973,9
17,5,Flow609,32,0.18750382614018973,9
17,5,Flow609,33,0.07196969696969706,9
17,5,Flow609,34,0.07196969696969706,9
17,5,Flow609,35,0.08333333333333322,9
17,5,Flow609,36,0.08333333333333322,9
17,5,Flow609,37,0.0916666666666666,9
17,5,Flow609,38,0.0916666666666666,9
17,5,Flow609,39,0.0916666666666666,9
17,5,Flow609,40,0.0916666666666666,9
17,5,Flow609,41,0.0916666666666666,9
17,5,Flow609,42,0.0916666666666666,9
17,5,Flow609,43,1.0416666666666665,9
17,5,Flow609,44,1.0416666666666665,9
17,5,Flow609,45,0.23809523809523797,9
17,5,Flow609,46,0.23346560846560838,9
17,5,Flow609,47,0.23346560846560838,9
17,5,Flow609,48,0.14879320539697893,9
17,5,Flow609,49,0.14879320539697893,9
17,5,Flow609,50,0.14879320539697893,9
17,5,Flow609,51,0.23346560846560838,9
17,5,Flow609,52,0.46660401002506263,9
17,5,Flow609,53,0.46660401002506263,9
17,5,Flow609,54,0.46660401002506263,9
17,5,Flow609,55,0.46660401002506263,9
17,5,Flow609,56,0.46660401002506263,9
17,5,Flow609,57,0.46660401002506263,9
17,5,Flow609,58,0.3872629806840333,9
17,5,Flow609,59,0.12069872999975714,9
17,5,Flow609,60,0.1039698209669881,9
18,5,Flow609,1,2.0,9
18,5,Flow609,2,2.0,9
18,5,Flow609,3,2.0,9
18,5,Flow609,4,2.0,9
18,5,Flow609,5,0.7296296296296296,9
18,5,Flow609,6,0.32053872053872057,9
18,5,Flow609,7,0.4242424242424242,9
18,5,Flow609,8,0.4242424242424242,9
18,5,Flow609,9,0.49730006835270013,9
18,5,Flow609,10,0.1535885167464114,9
18,5,Flow609,11,0.1535885167464114,9
18,5,Flow609,12,0.1535885167464114,9
18,5,Flow609,13,0.09848073792729224,9
18,5,Flow609,14,0.09848073792729224,9
18,5,Flow609,15,0.09848073792729224,9
18,5,Flow609,16,0.09848073792729224,9
18,5,Flow609,17,0.12066856042471237,9
18,5,Flow609,18,0.12066856042471237,9
18,5,Flow609,19,0.12066856042471237,9
18,5,Flow609,20,0.12066856042471237,9
18,5,Flow609,21,0.2140437087805509,9
18,5,Flow609,22,0.2140437087805509,9
18,5,Flow609,23,0.12525571880230596,9
18,5,Flow609,24,0.12525571880230596,9
18,5,Flow609,25,0.12525571880230596,9
18,5,Flow609,26,0.12525571880230596,9
18,5,Flow609,27,0.09785164236754884,9
18,5,Flow609,28,0.09785164236754884,9
18,5,Flow609,29,0.09785164236754884,9
18,5,Flow609,30,0.13582342954159596,9
18,5,Flow609,31,0.12925675960094835,9
18,5,Flow609,32,0.12925675960094835,9
18,5,Flow609,33,0.12925675960094835,9
18,5,Flow609,34,0.12925675960094835,9
18,5,Flow609,35,0.13280590220547825,9
18,5,Flow609,36,0.13280590220547825,9
18,5,Flow609,37,0.13410112858793183,9
18,5,Flow609,38,0.13410112858793183,9
18,5,Flow609,39,0.19738069848040513,9
18,5,Flow609,40,0.21611111111111098,9
18,5,Flow609,41,0.21611111111111098,9
18,5,Flow609,42,0.19738069848040513,9
18,5,Flow609,43,0.09688485880736249,9
18,5,Flow609,44,0.09688485880736249,9
18,5,Flow609,45,0.09688485880736249,9
18,5,Flow609,46,0.10602996109702527,9
18,5,Flow609,47,0.10602996109702527,9
18,5,Flow609,48,0.09688485880736249,9
18,5,Flow609,49,0.09688485880736249,9
18,5,Flow609,50,0.11400742115027836,9
18,5,Flow609,51,0.11400742115027836,9
18,5,Flow609,52,0.12894736842105275,9
18,5,Flow609,53,0.12894736842105275,9
18,5,Flow609,54,0.5166666666666668,9
18,5,Flow609,55,0.5166666666666668,9
18,5,Flow609,56,0.5166666666666668,9
18,5,Flow609,57,0.43712121212121213,9
18,5,Flow609,58,0.43712121212121213,9
18,5,Flow609,59,0.43712121212121213,9
18,5,Flow609,60,0.15833333333333338,9
19,5,Flow609,1,2.0,9
19,5,Flow609,2,2.0,9
19,5,Flow609,3,2.0,9
19,5,Flow609,4,2.0,9
19,5,Flow609,5,0.43744892002335084,9
19,5,Flow609,6,0.3210853710853712,9
19,5,Flow609,7,0.3550622050622051,9
19,5,Flow609,8,0.3613184079601991,9
19,5,Flow609,9,0.3613184079601991,9
19,5,Flow609,10,0.14360887868350555,9
19,5,Flow609,11,0.1436088786835054,9
19,5,Flow609,12,0.1436088786835054,9
19,5,Flow609,13,0.14360887868350575,9
19,5,Flow609,14,0.08788318361354808,9
19,5,Flow609,15,0.08788318361354808,9
19,5,Flow609,16,0.08788318361354808,9
19,5,Flow609,17,0.08788318361354826,9
19,5,Flow609,18,0.31537356321839083,9
19,5,Flow609,19,0.13987349874137145,9
19,5,Flow609,20,0.16119613827224838,9
19,5,Flow609,21,0.16119613827224838,9
19,5,Flow609,22,0.16119613827224838,9
19,5,Flow609,23,0.16119613827224838,9
19,5,Flow609,24,0.16744026130307715,9
19,5,Flow609,25,0.16744026130307715,9
19,5,Flow609,26,0.16744026130307715,9
19,5,Flow609,27,0.16744026130307715,9
19,5,Flow609,28,0.165500078180591,9
19,5,Flow609,29,0.165500078180591,9
19,5,Flow609,30,0.157029726942938,9
19,5,Flow609,31,0.157029726942938,9
19,5,Flow609,32,0.157029726942938,9
19,5,Flow609,33,0.13308827858364242,9
19,5,Flow609,34,0.13308827858364242,9
19,5,Flow609,35,0.16299060932004003,9
19,5,Flow609,36,0.16299060932004003,9
19,5,Flow609,37,0.16299060932004003,9
19,5,Flow609,38,0.16162504845273026,9
19,5,Flow609,39,0.9004434589800443,9
19,5,Flow609,40,0.9004434589800443,9
19,5,Flow609,41,0.5337136610002464,9
19,5,Flow609,42,0.543372751909337,9
19,5,Flow609,43,0.37771618625277165,9
19,5,Flow609,44,0.37771618625277165,9
19,5,Flow609,45,0.37771618625277165,9
19,5,Flow609,46,0.37771618625277165,9
19,5,Flow609,47,0.13182175810027896,9
19,5,Flow609,48,0.10542879622344614,9
19,5,Flow609,49,0.10542879622344614,9
19,5,Flow609,50,0.10542879622344614,9
19,5,Flow609,51,0.10542879622344614,9
19,5,Flow609,52,0.07788027379588058,9
19,5,Flow609,53,0.07788027379588058,9
19,5,Flow609,54,0.07788027379588058,9
19,5,Flow609,55,0.07788027379588058,9
19,5,Flow609,56,0.10542879622344614,9
19,5,Flow609,57,0.10542879622344614,9
19,5,Flow609,58,0.10542879622344614,9
19,5,Flow609,59,0.10542879622344614,9
19,5,Flow609,60,0.10542879622344614,9
20,5,Flow609,1,2.0,9
20,5,Flow609,2,2.0,9
20,5,Flow609,3,1.0758620689655172,9
20,5,Flow609,4,1.0758620689655172,9
20,5,Flow609,5,0.9186943620178042,9
20,5,Flow609,6,0.24761904761904763,9
20,5,Flow609,7,0.2416666666666666,9
20,5,Flow609,8,0.2416666666666666,9
20,5,Flow609,9,0.2416666666666666,9
20,5,Flow609,10,0.04629629629629619,9
20,5,Flow609,11,0.04629629629629619,9
20,5,Flow609,12,0.04629629629629619,9
20,5,Flow609,13,0.04629629629629619,9
20,5,Flow609,14,0.04629629629629637,9
20,5,Flow609,15,0.04629629629629637,9
20,5,Flow609,16,0.04629629629629619,9
20,5,Flow609,17,0.1437728937728938,9
20,5,Flow609,18,0.1437728937728938,9
20,5,Flow609,19,0.1437728937728938,9
20,5,Flow609,20,0.1437728937728938,9
20,5,Flow609,21,0.14206032432690813,9
20,5,Flow609,22,0.14206032432690813,9
20,5,Flow609,23,0.13118569328760402,9
20,5,Flow609,24,0.08884604593342402,9
20,5,Flow609,25,0.08884604593342402,9
20,5,Flow609,26,0.12088907674213481,9
20,5,Flow609,27,0.12088907674213481,9
20,5,Flow609,28,0.18583333333333324,9
20,5,Flow609,29,0.18583333333333324,9
20,5,Flow609,30,0.21666666666666662,9
20,5,Flow609,31,0.21666666666666662,9
20,5,Flow609,32,0.21666666666666662,9
20,5,Flow609,33,0.10555555555555554,9
20,5,Flow609,34,0.12222222222222232,9
20,5,Flow609,35,0.12222222222222232,9
20,5,Flow609,36,0.16805555555555554,9
20,5,Flow609,37,0.16805555555555554,9
20,5,Flow609,38,0.16805555555555554,9
20,5,Flow609,39,0.18472222222222232,9
20,5,Flow609,40,0.18472222222222232,9
20,5,Flow609,41,0.18472222222222232,9
20,5,Flow609,42,0.18472222222222232,9
20,5,Flow609,43,0.18472222222222232,9
20,5,Flow609,44,0.17222222222222233,9
20,5,Flow609,45,0.15508232584916523,9
20,5,Flow609,46,0.16222222222222218,9
20,5,Flow609,47,0.16222222222222218,9
20,5,Flow609,48,0.16222222222222218,9
20,5,Flow609,49,0.16222222222222218,9
20,5,Flow609,50,0.16222222222222218,9
20,5,Flow609,51,0.32222222222222213,9
20,5,Flow609,52,0.32222222222222213,9
20,5,Flow609,53,0.32222222222222213,9
20,5,Flow609,54,0.32222222222222213,9
20,5,Flow609,55,0.32222222222222213,9
20,5,Flow609,56,0.12222222222222232,9
20,5,Flow609,57,0.12222222222222232,9
20,5,Flow609,58,0.12222222222222232,9
20,5,Flow609,59,0.12222222222222232,9
20,5,Flow609,60,0.32222222222222213,9
1,1,Flow6010,1,2.0,10
1,1,Flow6010,2,2.0,10
1,1,Flow6010,3,2.0,10
1,1,Flow6010,4,2.0,10
1,1,Flow6010,5,2.0,10
1,1,Flow6010,6,2.0,10
1,1,Flow6010,7,2.0,10
1,1,Flow6010,8,2.0,10
1,1,Flow6010,9,1.2175438596491228,10
1,1,Flow6010,10,1.2350877192982455,10
1,1,Flow6010,11,0.27375050999592004,10
1,1,Flow6010,12,0.27375050999592004,10
1,1,Flow6010,13,0.23024103059426757,10
1,1,Flow6010,14,0.27375050999592004,10
1,1,Flow6010,15,0.27375050999592004,10
1,1,Flow6010,16,0.27375050999592004,10
1,1,Flow6010,17,0.24357082497761287,10
1,1,Flow6010,18,0.1814089495554027,10
1,1,Flow6010,19,0.18795698924731194,10
1,1,Flow6010,20,0.18795698924731194,10
1,1,Flow6010,21,0.18795698924731194,10
1,1,Flow6010,22,0.18795698924731194,10
1,1,Flow6010,23,0.18795698924731194,10
1,1,Flow6010,24,0.18795698924731194,10
1,1,Flow6010,25,0.34564476885644774,10
1,1,Flow6010,26,0.21657154935531614,10
1,1,Flow6010,27,0.2182456140350876,10
1,1,Flow6010,28,0.2182456140350876,10
1,1,Flow6010,29,0.2182456140350876,10
1,1,Flow6010,30,0.2182456140350876,10
1,1,Flow6010,31,0.2182456140350876,10
1,1,Flow6010,32,0.9755555555555556,10
1,1,Flow6010,33,0.9702222222222222,10
1,1,Flow6010,34,0.9702222222222222,10
1,1,Flow6010,35,0.9704866246690405,10
1,1,Flow6010,36,0.9704866246690405,10
1,1,Flow6010,37,0.9704866246690405,10
1,1,Flow6010,38,1.1818181818181817,10
1,1,Flow6010,39,0.6693306288032455,10
1,1,Flow6010,40,0.6693306288032455,10
1,1,Flow6010,41,0.6693306288032455,10
1,1,Flow6010,42,0.8658823529411764,10
1,1,Flow6010,43,0.8255462184873948,10
1,1,Flow6010,44,0.8255462184873948,10
1,1,Flow6010,45,1.7125714285714289,10
1,1,Flow6010,46,1.7125714285714289,10
1,1,Flow6010,47,1.7125714285714289,10
1,1,Flow6010,48,0.31764705882352934,10
1,1,Flow6010,49,0.3774338624338629,10
1,1,Flow6010,50,0.3774338624338629,10
1,1,Flow6010,51,0.3774338624338629,10
1,1,Flow6010,52,0.31764705882352934,10
1,1,Flow6010,53,0.3176470588235295,10
1,1,Flow6010,54,0.3176470588235295,10
1,1,Flow6010,55,0.3176470588235295,10
1,1,Flow6010,56,0.9176470588235294,10
1,1,Flow6010,57,0.9176470588235294,10
1,1,Flow6010,58,0.9176470588235294,10
1,1,Flow6010,59,0.2765435702817108,10
1,1,Flow6010,60,0.2765435702817108,10
2,1,Flow6010,1,2.0,10
2,1,Flow6010,2,2.0,10
2,1,Flow6010,3,2.0,10
2,1,Flow6010,4,2.0,10
2,1,Flow6010,5,1.2392857142857143,10
2,1,Flow6010,6,1.2392857142857143,10
2,1,Flow6010,7,0.9892857142857142,10
2,1,Flow6010,8,0.6092162554426706,10
2,1,Flow6010,9,0.5580657206870798,10
2,1,Flow6010,10,0.21773981536129874,10
2,1,Flow6010,11,0.21773981536129874,10
2,1,Flow6010,12,0.29633328292410466,10
2,1,Flow6010,13,0.29633328292410466,10
2,1,Flow6010,14,0.29633328292410466,10
2,1,Flow6010,15,0.5580657206870798,10
2,1,Flow6010,16,0.6423460684954891,10
2,1,Flow6010,17,0.5580657206870798,10
2,1,Flow6010,18,0.6679195428873405,10
2,1,Flow6010,19,0.8090960134755756,10
2,1,Flow6010,20,0.8090960134755756,10
2,1,Flow6010,21,0.3447900700077572,10
2,1,Flow6010,22,0.3447900700077572,10
2,1,Flow6010,23,0.3447900700077572,10
2,1,Flow6010,24,0.3740327953272555,10
2,1,Flow6010,25,0.8652725830216479,10
2,1,Flow6010,26,0.8074947949496686,10
2,1,Flow6010,27,0.7377585377585378,10
2,1,Flow6010,28,0.8074947949496686,10
2,1,Flow6010,29,0.9097425171432392,10
2,1,Flow6010,30,0.9119472618570093,10
2,1,Flow6010,31,0.5363636363636365,10
2,1,Flow6010,32,0.566666666666667,10
2,1,Flow6010,33,0.5687830687830686,10
2,1,Flow6010,34,0.5418470418470418,10
2,1,Flow6010,35,0.5095238095238096,10
2,1,Flow6010,36,0.5237376460017971,10
2,1,Flow6010,37,0.5229949086552861,10
2,1,Flow6010,38,0.5211356968823029,10
2,1,Flow6010,39,0.5211356968823029,10
2,1,Flow6010,40,0.2703938115330519,10
2,1,Flow6010,41,0.2703938115330519,10
2,1,Flow6010,42,0.6459653963208364,10
2,1,Flow6010,43,0.6588256400900081,10
2,1,Flow6010,44,0.6778846153846153,10
2,1,Flow6010,45,0.9153846153846154,10
2,1,Flow6010,46,0.9153846153846154,10
2,1,Flow6010,47,0.9153846153846154,10
2,1,Flow6010,48,1.4156966490299825,10
2,1,Flow6010,49,0.6638447971781305,10
2,1,Flow6010,50,0.5337662337662337,10
2,1,Flow6010,51,0.5888177411185873,10
2,1,Flow6010,52,0.5888177411185873,10
2,1,Flow6010,53,0.474242713047763,10
2,1,Flow6010,54,0.474242713047763,10
2,1,Flow6010,55,0.474242713047763,10
2,1,Flow6010,56,0.4006183405261745,10
2,1,Flow6010,57,0.43615447757503834,10
2,1,Flow6010,58,0.43615447757503834,10
2,1,Flow6010,59,0.43615447757503834,10
2,1,Flow6010,60,0.5187287261062768,10
3,1,Flow6010,1,2.0,10
3,1,Flow6010,2,2.0,10
3,1,Flow6010,3,2.0,10
3,1,Flow6010,4,2.0,10
3,1,Flow6010,5,2.0,10
3,1,Flow6010,6,0.8484848484848484,10
3,1,Flow6010,7,0.7249190938511327,10
3,1,Flow6010,8,0.7249190938511326,10
3,1,Flow6010,9,0.26515151515151525,10
3,1,Flow6010,10,0.2844497607655502,10
3,1,Flow6010,11,0.6723636363636363,10
3,1,Flow6010,12,0.5063636363636362,10
3,1,Flow6010,13,0.5063636363636362,10
3,1,Flow6010,14,0.5363636363636364,10
3,1,Flow6010,15,0.5363636363636364,10
3,1,Flow6010,16,0.17658569500674764,10
3,1,Flow6010,17,1.2479322371699053,10
3,1,Flow6010,18,0.17658569500674764,10
3,1,Flow6010,19,0.2114035087719298,10
3,1,Flow6010,20,0.2114035087719298,10
3,1,Flow6010,21,0.1598229444579191,10
3,1,Flow6010,22,0.1598229444579191,10
3,1,Flow6010,23,0.1598229444579191,10
3,1,Flow6010,24,0.21533365772587504,10
3,1,Flow6010,25,0.6752624661135299,10
3,1,Flow6010,26,0.6752624661135299,10
3,1,Flow6010,27,0.6752624661135299,10
3,1,Flow6010,28,0.6752624661135299,10
3,1,Flow6010,29,0.6752624661135299,10
3,1,Flow6010,30,0.6752624661135299,10
3,1,Flow6010,31,0.5887332764901944,10
3,1,Flow6010,32,0.7402157004555086,10
3,1,Flow6010,33,0.3019220782750409,10
3,1,Flow6010,34,0.3264203459395336,10
3,1,Flow6010,35,0.3264203459395336,10
3,1,Flow6010,36,0.3264203459395336,10
3,1,Flow6010,37,0.3264203459395336,10
3,1,Flow6010,38,0.36365770398915986,10
3,1,Flow6010,39,0.2530944227005872,10
3,1,Flow6010,40,0.2530944227005872,10
3,1,Flow6010,41,0.12551167177933956,10
3,1,Flow6010,42,0.13480705024316694,10
3,1,Flow6010,43,0.13480705024316694,10
3,1,Flow6010,44,0.14632034632034613,10
3,1,Flow6010,45,0.14632034632034613,10
3,1,Flow6010,46,0.14632034632034613,10
3,1,Flow6010,47,0.1445912077491025,10
3,1,Flow6010,48,0.1445912077491025,10
3,1,Flow6010,49,0.1445912077491025,10
3,1,Flow6010,50,0.1445912077491025,10
3,1,Flow6010,51,0.1445912077491025,10
3,1,Flow6010,52,0.1445912077491025,10
3,1,Flow6010,53,0.1445912077491025,10
3,1,Flow6010,54,0.1445912077491025,10
3,1,Flow6010,55,0.1445912077491025,10
3,1,Flow6010,56,0.1445912077491025,10
3,1,Flow6010,57,0.14632034632034613,10
3,1,Flow6010,58,0.13859649122807022,10
3,1,Flow6010,59,0.18050125313283197,10
3,1,Flow6010,60,0.18050125313283197,10
4,1,Flow6010,1,2.0,10
4,1,Flow6010,2,2.0,10
4,1,Flow6010,3,2.0,10
4,1,Flow6010,4,1.776923076923077,10
4,1,Flow6010,5,1.776923076923077,10
4,1,Flow6010,6,0.5303212851405622,10
4,1,Flow6010,7,0.5303212851405622,10
4,1,Flow6010,8,0.418373151308305,10
4,1,Flow6010,9,0.10974635882158239,10
4,1,Flow6010,10,0.10919504921247469,10
4,1,Flow6010,11,0.10586927897125183,10
4,1,Flow6010,12,0.1064444720291295,10
4,1,Flow6010,13,0.1064444720291295,10
4,1,Flow6010,14,0.1064444720291295,10
4,1,Flow6010,15,0.29353380503144655,10
4,1,Flow6010,16,0.29353380503144655,10
4,1,Flow6010,17,0.41023466395360036,10
4,1,Flow6010,18,0.07051774348857424,10
4,1,Flow6010,19,0.07051774348857424,10
4,1,Flow6010,20,0.07460896216444723,10
4,1,Flow6010,21,0.07460896216444723,10
4,1,Flow6010,22,0.07460896216444723,10
4,1,Flow6010,23,0.10630759140842763,10
4,1,Flow6010,24,0.10967207738973617,10
4,1,Flow6010,25,0.07379118528027391,10
4,1,Flow6010,26,0.4094239094239094,10
4,1,Flow6010,27,0.7323376623376623,10
4,1,Flow6010,28,0.818838028169014,10
4,1,Flow6010,29,0.738556338028169,10
4,1,Flow6010,30,0.818838028169014,10
4,1,Flow6010,31,0.7433688387635755,10
4,1,Flow6010,32,0.738556338028169,10
4,1,Flow6010,33,0.18699186991869912,10
4,1,Flow6010,34,0.18699186991869912,10
4,1,Flow6010,35,0.18127250900360145,10
4,1,Flow6010,36,0.26049019607843144,10
4,1,Flow6010,37,0.26049019607843144,10
4,1,Flow6010,38,0.25784313725490177,10
4,1,Flow6010,39,0.23183720798687696,10
4,1,Flow6010,40,0.2357967079585949,10
4,1,Flow6010,41,0.2357967079585949,10
4,1,Flow6010,42,0.2357967079585949,10
4,1,Flow6010,43,0.2494318301759911,10
4,1,Flow6010,44,0.27214059348890807,10
4,1,Flow6010,45,0.27214059348890807,10
4,1,Flow6010,46,0.7280213721587729,10
4,1,Flow6010,47,0.12143988615026977,10
4,1,Flow6010,48,0.12143988615026977,10
4,1,Flow6010,49,0.12269607843137269,10
4,1,Flow6010,50,0.12034313725490194,10
4,1,Flow6010,51,0.8625,10
4,1,Flow6010,52,0.8625,10
4,1,Flow6010,53,0.8625,10
4,1,Flow6010,54,0.9666666666666666,10
4,1,Flow6010,55,0.35177304964539,10
4,1,Flow6010,56,0.26991821093571244,10
4,1,Flow6010,57,0.26991821093571244,10
4,1,Flow6010,58,0.35177304964539,10
4,1,Flow6010,59,0.35177304964539,10
4,1,Flow6010,60,0.35177304964539,10
5,2,Flow6010,1,2.0,10
5,2,Flow6010,2,2.0,10
5,2,Flow6010,3,2.0,10
5,2,Flow6010,4,2.0,10
5,2,Flow6010,5,0.7818181818181819,10
5,2,Flow6010,6,0.7818181818181819,10
5,2,Flow6010,7,1.3199999999999998,10
5,2,Flow6010,8,1.3199999999999998,10
5,2,Flow6010,9,1.4012345679012346,10
5,2,Flow6010,10,0.8343915343915345,10
5,2,Flow6010,11,0.7176470588235293,10
5,2,Flow6010,12,0.7176470588235293,10
5,2,Flow6010,13,0.9333333333333332,10
5,2,Flow6010,14,0.43809523809523804,10
5,2,Flow6010,15,0.43809523809523804,10
5,2,Flow6010,16,0.43809523809523804,10
5,2,Flow6010,17,0.6214285714285714,10
5,2,Flow6010,18,0.6214285714285714,10
5,2,Flow6010,19,0.3924162257495591,10
5,2,Flow6010,20,0.41428571428571415,10
5,2,Flow6010,21,0.7999999999999998,10
5,2,Flow6010,22,0.8531012404961986,10
5,2,Flow6010,23,0.8810810810810811,10
5,2,Flow6010,24,0.8810810810810811,10
5,2,Flow6010,25,0.3827617533499887,10
5,2,Flow6010,26,0.4121568627450981,10
5,2,Flow6010,27,0.4518853695324282,10
5,2,Flow6010,28,0.4518853695324282,10
5,2,Flow6010,29,0.38549019607843127,10
5,2,Flow6010,30,0.38549019607843127,10
5,2,Flow6010,31,0.38549019607843127,10
5,2,Flow6010,32,0.2588235294117647,10
5,2,Flow6010,33,0.2588235294117647,10
5,2,Flow6010,34,0.2588235294117647,10
5,2,Flow6010,35,0.2588235294117647,10
5,2,Flow6010,36,0.31882352941176484,10
5,2,Flow6010,37,0.31882352941176484,10
5,2,Flow6010,38,0.31882352941176484,10
5,2,Flow6010,39,0.31882352941176484,10
5,2,Flow6010,40,0.31882352941176484,10
5,2,Flow6010,41,0.32549019607843127,10
5,2,Flow6010,42,0.21882352941176464,10
5,2,Flow6010,43,0.21882352941176464,10
5,2,Flow6010,44,0.2933333333333333,10
5,2,Flow6010,45,0.2933333333333333,10
5,2,Flow6010,46,0.51,10
5,2,Flow6010,47,0.51,10
5,2,Flow6010,48,0.51,10
5,2,Flow6010,49,0.51,10
5,2,Flow6010,50,0.5001098901098902,10
5,2,Flow6010,51,0.5001098901098902,10
5,2,Flow6010,52,0.19703703703703718,10
5,2,Flow6010,53,0.19703703703703718,10
5,2,Flow6010,54,0.19703703703703718,10
5,2,Flow6010,55,0.15618597320724986,10
5,2,Flow6010,56,0.2667679837892605,10
5,2,Flow6010,57,0.38591691995947314,10
5,2,Flow6010,58,0.2667679837892605,10
5,2,Flow6010,59,0.2667679837892605,10
5,2,Flow6010,60,0.2667679837892605,10
6,2,Flow6010,1,2.0,10
6,2,Flow6010,2,2.0,10
6,2,Flow6010,3,2.0,10
6,2,Flow6010,4,1.0897435897435899,10
6,2,Flow6010,5,2.0,10
6,2,Flow6010,6,1.0279869067103111,10
6,2,Flow6010,7,1.0139934533551556,10
6,2,Flow6010,8,1.0452929338103758,10
6,2,Flow6010,9,1.0452929338103758,10
6,2,Flow6010,10,0.3899877012522362,10
6,2,Flow6010,11,0.34610830745341603,10
6,2,Flow6010,12,0.39333333333333337,10
6,2,Flow6010,13,0.39333333333333337,10
6,2,Flow6010,14,0.39333333333333337,10
6,2,Flow6010,15,0.4225,10
6,2,Flow6010,16,0.4652777777777777,10
6,2,Flow6010,17,0.4652777777777777,10
6,2,Flow6010,18,1.081111111111111,10
6,2,Flow6010,19,0.9179999999999999,10
6,2,Flow6010,20,0.8925925925925927,10
6,2,Flow6010,21,0.8621931260229132,10
6,2,Flow6010,22,0.8621931260229132,10
6,2,Flow6010,23,0.8649572649572649,10
6,2,Flow6010,24,1.15,10
6,2,Flow6010,25,1.15,10
6,2,Flow6010,26,1.0875,10
6,2,Flow6010,27,0.25172413793103454,10
6,2,Flow6010,28,0.38505747126436785,10
6,2,Flow6010,29,0.38505747126436785,10
6,2,Flow6010,30,0.47611438183347354,10
6,2,Flow6010,31,0.432029132791328,10
6,2,Flow6010,32,0.18568056648308423,10
6,2,Flow6010,33,0.32337438423645304,10
6,2,Flow6010,34,0.3208311205523101,10
6,2,Flow6010,35,0.3208311205523101,10
6,2,Flow6010,36,0.32736422159760625,10
6,2,Flow6010,37,0.25239024390243897,10
6,2,Flow6010,38,0.07012195121951219,10
6,2,Flow6010,39,0.07012195121951219,10
6,2,Flow6010,40,0.14269876464998416,10
6,2,Flow6010,41,0.1478494623655914,10
6,2,Flow6010,42,0.1478494623655914,10
6,2,Flow6010,43,0.19983022071307283,10
6,2,Flow6010,44,0.19983022071307283,10
6,2,Flow6010,45,0.1748570381231672,10
6,2,Flow6010,46,0.1430285257264729,10
6,2,Flow6010,47,0.1430285257264729,10
6,2,Flow6010,48,0.14841570703097054,10
6,2,Flow6010,49,0.20243902439024392,10
6,2,Flow6010,50,0.8560747663551401,10
6,2,Flow6010,51,0.8953271028037383,10
6,2,Flow6010,52,0.8953271028037383,10
6,2,Flow6010,53,0.2979586817511068,10
6,2,Flow6010,54,0.25870634530250863,10
6,2,Flow6010,55,0.226535961417488,10
6,2,Flow6010,56,0.226535961417488,10
6,2,Flow6010,57,0.21414789372663917,10
6,2,Flow6010,58,0.21414789372663917,10
6,2,Flow6010,59,0.23783210425295492,10
6,2,Flow6010,60,0.23783210425295492,10
7,2,Flow6010,1,2.0,10
7,2,Flow6010,2,2.0,10
7,2,Flow6010,3,2.0,10
7,2,Flow6010,4,1.1666666666666665,10
7,2,Flow6010,5,0.7283333333333334,10
7,2,Flow6010,6,0.38500000000000006,10
7,2,Flow6010,7,0.3846578366445915,10
7,2,Flow6010,8,0.4115278106275624,10
7,2,Flow6010,9,0.13619856426349716,10
7,2,Flow6010,10,0.13619856426349716,10
7,2,Flow6010,11,0.13947680498506845,10
7,2,Flow6010,12,0.10631511351030606,10
7,2,Flow6010,13,0.10631511351030606,10
7,2,Flow6010,14,0.11089367253750808,10
7,2,Flow6010,15,0.11089367253750808,10
7,2,Flow6010,16,0.11089367253750808,10
7,2,Flow6010,17,0.11089367253750808,10
7,2,Flow6010,18,0.10224089635854341,10
7,2,Flow6010,19,0.10224089635854341,10
7,2,Flow6010,20,0.11692652964800362,10
7,2,Flow6010,21,0.10610248480553208,10
7,2,Flow6010,22,0.10610248480553208,10
7,2,Flow6010,23,0.09727220250723612,10
7,2,Flow6010,24,0.09621678817284769,10
7,2,Flow6010,25,0.09621678817284769,10
7,2,Flow6010,26,0.09621678817284769,10
7,2,Flow6010,27,0.12892350647727016,10
7,2,Flow6010,28,0.15753963687388062,10
7,2,Flow6010,29,0.15753963687388062,10
7,2,Flow6010,30,0.18877108893155325,10
7,2,Flow6010,31,0.1481702012565788,10
7,2,Flow6010,32,0.1481702012565788,10
7,2,Flow6010,33,0.11704310182571068,10
7,2,Flow6010,34,0.11704310182571068,10
7,2,Flow6010,35,0.11207415772633152,10
7,2,Flow6010,36,0.14119902907982382,10
7,2,Flow6010,37,0.16341991341991333,10
7,2,Flow6010,38,0.16068377581817384,10
7,2,Flow6010,39,0.16068377581817384,10
7,2,Flow6010,40,0.14271169033537562,10
7,2,Flow6010,41,0.13022590894307795,10
7,2,Flow6010,42,0.13022590894307795,10
7,2,Flow6010,43,0.12276103101791173,10
7,2,Flow6010,44,0.12276103101791173,10
7,2,Flow6010,45,0.12276103101791173,10
7,2,Flow6010,46,0.3360697406568967,10
7,2,Flow6010,47,0.3360697406568967,10
7,2,Flow6010,48,1.5227272727272727,10
7,2,Flow6010,49,1.5227272727272727,10
7,2,Flow6010,50,1.5227272727272727,10
7,2,Flow6010,51,1.5084,10
7,2,Flow6010,52,1.5084,10
7,2,Flow6010,53,0.19983527102291748,10
7,2,Flow6010,54,0.20082288401253928,10
7,2,Flow6010,55,0.20082288401253928,10
7,2,Flow6010,56,0.36472148541114063,10
7,2,Flow6010,57,0.36472148541114063,10
7,2,Flow6010,58,0.36472148541114063,10
7,2,Flow6010,59,0.27225174825174825,10
7,2,Flow6010,60,0.24990647650222114,10
8,2,Flow6010,1,2.0,10
8,2,Flow6010,2,2.0,10
8,2,Flow6010,3,2.0,10
8,2,Flow6010,4,2.0,10
8,2,Flow6010,5,0.8545454545454545,10
8,2,Flow6010,6,0.35416666666666663,10
8,2,Flow6010,7,0.3916666666666666,10
8,2,Flow6010,8,0.3916666666666666,10
8,2,Flow6010,9,0.43666666666666654,10
8,2,Flow6010,10,0.43666666666666654,10
8,2,Flow6010,11,0.14074074074074067,10
8,2,Flow6010,12,0.14074074074074067,10
8,2,Flow6010,13,0.14074074074074067,10
8,2,Flow6010,14,0.17770072079006657,10
8,2,Flow6010,15,0.16592413996970032,10
8,2,Flow6010,16,0.16592413996970032,10
8,2,Flow6010,17,0.12382642747446973,10
8,2,Flow6010,18,0.10569576700744535,10
8,2,Flow6010,19,0.10569576700744535,10
8,2,Flow6010,20,0.10569576700744535,10
8,2,Flow6010,21,0.35563062298421333,10
8,2,Flow6010,22,0.36161048689138575,10
8,2,Flow6010,23,0.44700374531835213,10
8,2,Flow6010,24,0.44700374531835213,10
8,2,Flow6010,25,0.2775804761732722,10
8,2,Flow6010,26,0.3731336181586246,10
8,2,Flow6010,27,0.3731336181586246,10
8,2,Flow6010,28,0.5868496095463718,10
8,2,Flow6010,29,0.3724806201550389,10
8,2,Flow6010,30,0.3724806201550389,10
8,2,Flow6010,31,0.8558139534883722,10
8,2,Flow6010,32,0.889250485996112,10
8,2,Flow6010,33,0.8055813953488371,10
8,2,Flow6010,34,0.8558139534883722,10
8,2,Flow6010,35,0.4034330011074198,10
8,2,Flow6010,36,0.11831395348837219,10
8,2,Flow6010,37,0.1475709194326445,10
8,2,Flow6010,38,0.16854651162790707,10
8,2,Flow6010,39,0.16854651162790707,10
8,2,Flow6010,40,0.11831395348837219,10
8,2,Flow6010,41,0.27885542814275005,10
8,2,Flow6010,42,0.30742768913432716,10
8,2,Flow6010,43,0.2730373313496924,10
8,2,Flow6010,44,0.2571059431524548,10
8,2,Flow6010,45,0.2766417731247174,10
8,2,Flow6010,46,0.2766417731247174,10
8,2,Flow6010,47,0.2766417731247174,10
8,2,Flow6010,48,0.2976166745065806,10
8,2,Flow6010,49,0.2976166745065806,10
8,2,Flow6010,50,0.2976166745065806,10
8,2,Flow6010,51,0.29839121327566803,10
8,2,Flow6010,52,0.29839121327566803,10
8,2,Flow6010,53,0.29839121327566803,10
8,2,Flow6010,54,0.29839121327566803,10
8,2,Flow6010,55,0.29839121327566803,10
8,2,Flow6010,56,0.24834938989149286,10
8,2,Flow6010,57,0.24834938989149286,10
8,2,Flow6010,58,0.24834938989149286,10
8,2,Flow6010,59,0.24834938989149286,10
8,2,Flow6010,60,1.2,10
9,3,Flow6010,1,2.0,10
9,3,Flow6010,2,2.0,10
9,3,Flow6010,3,2.0,10
9,3,Flow6010,4,2.0,10
9,3,Flow6010,5,2.0,10
9,3,Flow6010,6,0.9703983295856087,10
9,3,Flow6010,7,1.155910697076775,10
9,3,Flow6010,8,0.3604061691732925,10
9,3,Flow6010,9,0.2785792891793951,10
9,3,Flow6010,10,0.21904476742546156,10
9,3,Flow6010,11,0.29295174585533007,10
9,3,Flow6010,12,0.29295174585533007,10
9,3,Flow6010,13,0.29295174585533007,10
9,3,Flow6010,14,0.39336158192090387,10
9,3,Flow6010,15,0.18919491525423737,10
9,3,Flow6010,16,0.10416666666666678,10
9,3,Flow6010,17,0.10416666666666678,10
9,3,Flow6010,18,0.3083333333333334,10
9,3,Flow6010,19,0.38541666666666663,10
9,3,Flow6010,20,0.38541666666666663,10
9,3,Flow6010,21,0.3854166666666667,10
9,3,Flow6010,22,0.3854166666666667,10
9,3,Flow6010,23,0.4679212115132058,10
9,3,Flow6010,24,0.4125713647307749,10
9,3,Flow6010,25,0.41257136473077505,10
9,3,Flow6010,26,0.37709722222222214,10
9,3,Flow6010,27,0.37709722222222214,10
9,3,Flow6010,28,0.3068757921419518,10
9,3,Flow6010,29,0.38148519500212535,10
9,3,Flow6010,30,0.38148519500212535,10
9,3,Flow6010,31,0.4059725643449372,10
9,3,Flow6010,32,0.4059725643449372,10
9,3,Flow6010,33,0.4496315799200749,10
9,3,Flow6010,34,0.8529356060606057,10
9,3,Flow6010,35,0.4496315799200749,10
9,3,Flow6010,36,0.36594686035342117,10
9,3,Flow6010,37,0.31438260907475823,10
9,3,Flow6010,38,0.30648148148148147,10
9,3,Flow6010,39,0.19091544374563227,10
9,3,Flow6010,40,0.19091544374563227,10
9,3,Flow6010,41,0.3097630125036348,10
9,3,Flow6010,42,0.3136637555023013,10
9,3,Flow6010,43,0.425,10
9,3,Flow6010,44,0.425,10
9,3,Flow6010,45,0.33653812332188215,10
9,3,Flow6010,46,1.1653333333333333,10
9,3,Flow6010,47,1.1653333333333333,10
9,3,Flow6010,48,1.1653333333333333,10
9,3,Flow6010,49,1.1362962962962964,10
9,3,Flow6010,50,1.1362962962962964,10
9,3,Flow6010,51,1.1836434520645047,10
9,3,Flow6010,52,1.174074074074074,10
9,3,Flow6010,53,1.174074074074074,10
9,3,Flow6010,54,1.174074074074074,10
9,3,Flow6010,55,1.7535714285714286,10
9,3,Flow6010,56,0.9088888888888889,10
9,3,Flow6010,57,0.6677124183006535,10
9,3,Flow6010,58,0.6677124183006535,10
9,3,Flow6010,59,0.5254901960784314,10
9,3,Flow6010,60,0.5254901960784314,10
10,3,Flow6010,1,2.0,10
10,3,Flow6010,2,2.0,10
10,3,Flow6010,3,2.0,10
10,3,Flow6010,4,2.0,10
10,3,Flow6010,5,2.0,10
10,3,Flow6010,6,1.0403333333333333,10
10,3,Flow6010,7,0.047543113101903775,10
10,3,Flow6010,8,0.050796359499431176,10
10,3,Flow6010,9,0.050796359499431176,10
10,3,Flow6010,10,0.05419006685768864,10
10,3,Flow6010,11,0.03448300344295454,10
10,3,Flow6010,12,0.03448300344295454,10
10,3,Flow6010,13,0.03448300344295454,10
10,3,Flow6010,14,0.03448300344295454,10
10,3,Flow6010,15,0.04828121426003982,10
10,3,Flow6010,16,0.05833905172695477,10
10,3,Flow6010,17,0.05833905172695477,10
10,3,Flow6010,18,0.056466181887898335,10
10,3,Flow6010,19,0.032580282681463756,10
10,3,Flow6010,20,0.035682730098736036,10
10,3,Flow6010,21,0.04890856305547562,10
10,3,Flow6010,22,0.044226339256221436,10
10,3,Flow6010,23,0.044226339256221436,10
10,3,Flow6010,24,0.044226339256221436,10
10,3,Flow6010,25,0.028107852039003588,10
10,3,Flow6010,26,0.03107588856868393,10
10,3,Flow6010,27,0.03107588856868393,10
10,3,Flow6010,28,0.03107588856868393,10
10,3,Flow6010,29,0.03107588856868393,10
10,3,Flow6010,30,0.04011795532680011,10
10,3,Flow6010,31,0.04011795532680011,10
10,3,Flow6010,32,0.04011795532680011,10
10,3,Flow6010,33,0.04011795532680011,10
10,3,Flow6010,34,0.19494093761535608,10
10,3,Flow6010,35,0.19494093761535608,10
10,3,Flow6010,36,0.12523809523809515,10
10,3,Flow6010,37,0.12523809523809515,10
10,3,Flow6010,38,0.12304964539007077,10
10,3,Flow6010,39,0.12304964539007077,10
10,3,Flow6010,40,1.106382978723404,10
10,3,Flow6010,41,0.95,10
10,3,Flow6010,42,0.7166666666666667,10
10,3,Flow6010,43,0.3841614906832298,10
10,3,Flow6010,44,0.3841614906832298,10
10,3,Flow6010,45,0.3841614906832298,10
10,3,Flow6010,46,0.3841614906832298,10
10,3,Flow6010,47,0.3841614906832298,10
10,3,Flow6010,48,0.16597019814710484,10
10,3,Flow6010,49,0.16341316850482626,10
10,3,Flow6010,50,0.1690596562184025,10
10,3,Flow6010,51,0.08998988877654197,10
10,3,Flow6010,52,0.08998988877654197,10
10,3,Flow6010,53,0.08998988877654197,10
10,3,Flow6010,54,0.130097987315159,10
10,3,Flow6010,55,0.4210395331540705,10
10,3,Flow6010,56,0.4210395331540705,10
10,3,Flow6010,57,0.4210395331540705,10
10,3,Flow6010,58,0.4210395331540705,10
10,3,Flow6010,59,0.4210395331540705,10
10,3,Flow6010,60,0.4210395331540705,10
11,3,Flow6010,1,2.0,10
11,3,Flow6010,2,2.0,10
11,3,Flow6010,3,2.0,10
11,3,Flow6010,4,2.0,10
11,3,Flow6010,5,0.9263705482192878,10
11,3,Flow6010,6,0.10015077703009431,10
11,3,Flow6010,7,0.10015077703009431,10
11,3,Flow6010,8,0.8462406015037593,10
11,3,Flow6010,9,0.9499727668845317,10
11,3,Flow6010,10,0.42554487179487166,10
11,3,Flow6010,11,0.42554487179487166,10
11,3,Flow6010,12,0.42554487179487166,10
11,3,Flow6010,13,0.42554487179487166,10
11,3,Flow6010,14,0.11823129251700681,10
11,3,Flow6010,15,0.11823129251700681,10
11,3,Flow6010,16,0.11833333333333336,10
11,3,Flow6010,17,0.11833333333333336,10
11,3,Flow6010,18,0.11833333333333336,10
11,3,Flow6010,19,0.4333333333333334,10
11,3,Flow6010,20,0.39918032786885255,10
11,3,Flow6010,21,0.07948335817188283,10
11,3,Flow6010,22,0.06971538215542043,10
11,3,Flow6010,23,0.06971538215542061,10
11,3,Flow6010,24,0.03900215271622134,10
11,3,Flow6010,25,0.03900215271622134,10
11,3,Flow6010,26,0.03900215271622134,10
11,3,Flow6010,27,0.03900215271622134,10
11,3,Flow6010,28,0.05043725849094986,10
11,3,Flow6010,29,0.05043725849094986,10
11,3,Flow6010,30,0.05685170286940196,10
11,3,Flow6010,31,0.05685170286940213,10
11,3,Flow6010,32,0.19710144927536213,10
11,3,Flow6010,33,0.19710144927536213,10
11,3,Flow6010,34,0.07442067736185383,10
11,3,Flow6010,35,0.07442067736185383,10
11,3,Flow6010,36,0.37803738317756996,10
11,3,Flow6010,37,0.37803738317756996,10
11,3,Flow6010,38,0.37803738317756996,10
11,3,Flow6010,39,0.6946876537137234,10
11,3,Flow6010,40,0.6946876537137234,10
11,3,Flow6010,41,0.706203007518797,10
11,3,Flow6010,42,0.6883458646616541,10
11,3,Flow6010,43,0.6883458646616541,10
11,3,Flow6010,44,0.6883458646616541,10
11,3,Flow6010,45,0.6883458646616541,10
11,3,Flow6010,46,0.7453441295546559,10
11,3,Flow6010,47,0.7453441295546559,10
11,3,Flow6010,48,0.15384615384615383,10
11,3,Flow6010,49,0.15384615384615383,10
11,3,Flow6010,50,0.15384615384615383,10
11,3,Flow6010,51,0.15384615384615383,10
11,3,Flow6010,52,0.15384615384615383,10
11,3,Flow6010,53,0.237860576923077,10
11,3,Flow6010,54,0.5264880952380953,10
11,3,Flow6010,55,0.21696428571428578,10
11,3,Flow6010,56,0.21696428571428578,10
11,3,Flow6010,57,0.21696428571428578,10
11,3,Flow6010,58,0.21696428571428578,10
11,3,Flow6010,59,0.21696428571428578,10
11,3,Flow6010,60,0.21696428571428578,10
12,3,Flow6010,1,2.0,10
12,3,Flow6010,2,2.0,10
12,3,Flow6010,3,2.0,10
12,3,Flow6010,4,2.0,10
12,3,Flow6010,5,0.1342424242424242,10
12,3,Flow6010,6,0.08712121212121211,10
12,3,Flow6010,7,0.08712121212121211,10
12,3,Flow6010,8,0.1342424242424242,10
12,3,Flow6010,9,0.13689956631532726,10
12,3,Flow6010,10,0.12608345749730532,10
12,3,Flow6010,11,0.12608345749730532,10
12,3,Flow6010,12,0.12608345749730532,10
12,3,Flow6010,13,0.12608345749730532,10
12,3,Flow6010,14,0.11532574652241027,10
12,3,Flow6010,15,0.11532574652241027,10
12,3,Flow6010,16,0.11532574652241027,10
12,3,Flow6010,17,0.09035455178225096,10
12,3,Flow6010,18,0.09035455178225096,10
12,3,Flow6010,19,0.09035455178225096,10
12,3,Flow6010,20,0.08894438181821177,10
12,3,Flow6010,21,0.08894438181821177,10
12,3,Flow6010,22,0.10600216483179051,10
12,3,Flow6010,23,0.11375183583632324,10
12,3,Flow6010,24,0.11375183583632324,10
12,3,Flow6010,25,0.11833289086814158,10
12,3,Flow6010,26,0.11833289086814158,10
12,3,Flow6010,27,0.10922051446278971,10
12,3,Flow6010,28,0.10922051446278971,10
12,3,Flow6010,29,0.32918315449854046,10
12,3,Flow6010,30,0.32918315449854046,10
12,3,Flow6010,31,0.32276923839310195,10
12,3,Flow6010,32,0.32276923839310195,10
12,3,Flow6010,33,0.34183834849177464,10
12,3,Flow6010,34,0.1986290451139805,10
12,3,Flow6010,35,0.3932057147331388,10
12,3,Flow6010,36,0.3932057147331388,10
12,3,Flow6010,37,0.4117822739387188,10
12,3,Flow6010,38,0.4117822739387188,10
12,3,Flow6010,39,0.4117822739387188,10
12,3,Flow6010,40,0.3932057147331388,10
12,3,Flow6010,41,0.3932057147331388,10
12,3,Flow6010,42,0.175934558359147,10
12,3,Flow6010,43,0.3453825686287235,10
12,3,Flow6010,44,0.3488538035031713,10
12,3,Flow6010,45,0.3488538035031713,10
12,3,Flow6010,46,0.2793522286821705,10
12,3,Flow6010,47,0.2793522286821705,10
12,3,Flow6010,48,0.2793522286821705,10
12,3,Flow6010,49,0.2793522286821705,10
12,3,Flow6010,50,0.2789853850638986,10
12,3,Flow6010,51,0.3132313450778108,10
12,3,Flow6010,52,0.06370087336244534,10
12,3,Flow6010,53,0.06370087336244534,10
12,3,Flow6010,54,0.3132313450778108,10
12,3,Flow6010,55,0.3274236998717691,10
12,3,Flow6010,56,0.3274236998717691,10
12,3,Flow6010,57,0.3274236998717691,10
12,3,Flow6010,58,0.3274236998717691,10
12,3,Flow6010,59,0.05562688821752264,10
12,3,Flow6010,60,0.3550973415682062,10
13,4,Flow6010,1,2.0,10
13,4,Flow6010,2,2.0,10
13,4,Flow6010,3,2.0,10
13,4,Flow6010,4,2.0,10
13,4,Flow6010,5,0.9105372561560602,10
13,4,Flow6010,6,0.3612183537409039,10
13,4,Flow6010,7,0.3612183537409039,10
13,4,Flow6010,8,0.3612183537409039,10
13,4,Flow6010,9,0.8666666666666666,10
13,4,Flow6010,10,0.4666666666666666,10
13,4,Flow6010,11,0.31251384274640087,10
13,4,Flow6010,12,0.31251384274640087,10
13,4,Flow6010,13,0.31251384274640087,10
13,4,Flow6010,14,0.19009256956644585,10
13,4,Flow6010,15,0.12435633498538579,10
13,4,Flow6010,16,0.12435633498538579,10
13,4,Flow6010,17,0.12435633498538579,10
13,4,Flow6010,18,0.12435633498538579,10
13,4,Flow6010,19,0.12435633498538579,10
13,4,Flow6010,20,0.25688622170179565,10
13,4,Flow6010,21,0.2096087041373929,10
13,4,Flow6010,22,0.2737545787545789,10
13,4,Flow6010,23,0.2737545787545789,10
13,4,Flow6010,24,0.3027380952380952,10
13,4,Flow6010,25,0.1416666666666666,10
13,4,Flow6010,26,0.1416666666666666,10
13,4,Flow6010,27,0.3380952380952381,10
13,4,Flow6010,28,0.3380952380952381,10
13,4,Flow6010,29,0.2810529845741113,10
13,4,Flow6010,30,0.2810529845741113,10
13,4,Flow6010,31,0.2810529845741113,10
13,4,Flow6010,32,0.30992622401073094,10
13,4,Flow6010,33,0.19329801556880283,10
13,4,Flow6010,34,0.16362092728375321,10
13,4,Flow6010,35,0.26343642611683854,10
13,4,Flow6010,36,0.11718213058419247,10
13,4,Flow6010,37,0.11718213058419247,10
13,4,Flow6010,38,0.6129032258064516,10
13,4,Flow6010,39,0.6129032258064516,10
13,4,Flow6010,40,0.5315789473684197,10
13,4,Flow6010,41,0.5315789473684197,10
13,4,Flow6010,42,0.1862262038073908,10
13,4,Flow6010,43,0.1862262038073908,10
13,4,Flow6010,44,0.3105696636925189,10
13,4,Flow6010,45,0.3658888126286891,10
13,4,Flow6010,46,0.3638297872340425,10
13,4,Flow6010,47,0.3120116054158607,10
13,4,Flow6010,48,0.34307704999175054,10
13,4,Flow6010,49,0.29964458413926504,10
13,4,Flow6010,50,0.2153846153846155,10
13,4,Flow6010,51,0.2153846153846155,10
13,4,Flow6010,52,0.2153846153846155,10
13,4,Flow6010,53,0.2153846153846155,10
13,4,Flow6010,54,0.2153846153846155,10
13,4,Flow6010,55,0.21538461538461542,10
13,4,Flow6010,56,0.21428571428571433,10
13,4,Flow6010,57,0.21428571428571433,10
13,4,Flow6010,58,0.21428571428571433,10
13,4,Flow6010,59,0.21428571428571433,10
13,4,Flow6010,60,0.21428571428571433,10
14,4,Flow6010,1,2.0,10
14,4,Flow6010,2,2.0,10
14,4,Flow6010,3,2.0,10
14,4,Flow6010,4,0.04444444444444438,10
14,4,Flow6010,5,0.05766666666666662,10
14,4,Flow6010,6,0.05766666666666662,10
14,4,Flow6010,7,0.05766666666666662,10
14,4,Flow6010,8,0.054779852802905,10
14,4,Flow6010,9,0.04227053140096624,10
14,4,Flow6010,10,0.04227053140096624,10
14,4,Flow6010,11,0.05794462712621282,10
14,4,Flow6010,12,0.05415075120957482,10
14,4,Flow6010,13,0.05415075120957482,10
14,4,Flow6010,14,0.03812535899914549,10
14,4,Flow6010,15,0.042043634245469086,10
14,4,Flow6010,16,0.042043634245469086,10
14,4,Flow6010,17,0.042043634245469086,10
14,4,Flow6010,18,0.04715503660457791,10
14,4,Flow6010,19,0.04715503660457791,10
14,4,Flow6010,20,0.23278388278388285,10
14,4,Flow6010,21,0.23278388278388285,10
14,4,Flow6010,22,0.23278388278388285,10
14,4,Flow6010,23,0.25149136577708003,10
14,4,Flow6010,24,0.1043979434784033,10
14,4,Flow6010,25,0.1043979434784033,10
14,4,Flow6010,26,0.1043979434784033,10
14,4,Flow6010,27,0.2500289351851853,10
14,4,Flow6010,28,0.2500289351851853,10
14,4,Flow6010,29,0.23570601851851852,10
14,4,Flow6010,30,0.23570601851851852,10
14,4,Flow6010,31,0.2526237989652625,10
14,4,Flow6010,32,0.2526237989652625,10
14,4,Flow6010,33,0.2526237989652625,10
14,4,Flow6010,34,0.10238095238095238,10
14,4,Flow6010,35,0.10238095238095238,10
14,4,Flow6010,36,0.10238095238095238,10
14,4,Flow6010,37,0.27222222222222214,10
14,4,Flow6010,38,0.27222222222222214,10
14,4,Flow6010,39,0.5295530145530144,10
14,4,Flow6010,40,0.11343240093240077,10
14,4,Flow6010,41,0.11343240093240077,10
14,4,Flow6010,42,0.11343240093240077,10
14,4,Flow6010,43,0.5085370664937973,10
14,4,Flow6010,44,0.5085370664937973,10
14,4,Flow6010,45,0.5085370664937973,10
14,4,Flow6010,46,0.5085370664937973,10
14,4,Flow6010,47,0.5085370664937973,10
14,4,Flow6010,48,0.49174494883232744,10
14,4,Flow6010,49,0.49174494883232744,10
14,4,Flow6010,50,0.49174494883232744,10
14,4,Flow6010,51,0.5246469846469847,10
14,4,Flow6010,52,0.11591591591591595,10
14,4,Flow6010,53,0.5308633633633633,10
14,4,Flow6010,54,0.5308633633633633,10
14,4,Flow6010,55,0.5308633633633633,10
14,4,Flow6010,56,0.5308633633633633,10
14,4,Flow6010,57,0.519047619047619,10
14,4,Flow6010,58,0.519047619047619,10
14,4,Flow6010,59,0.519047619047619,10
14,4,Flow6010,60,0.519047619047619,10
15,4,Flow6010,1,2.0,10
15,4,Flow6010,2,2.0,10
15,4,Flow6010,3,2.0,10
15,4,Flow6010,4,0.7575674019607843,10
15,4,Flow6010,5,0.7575674019607843,10
15,4,Flow6010,6,0.2753882307873646,10
15,4,Flow6010,7,0.27636532738095243,10
15,4,Flow6010,8,0.2160367323370112,10
15,4,Flow6010,9,0.17422422422422415,10
15,4,Flow6010,10,0.2515802687933835,10
15,4,Flow6010,11,0.23545156793829153,10
15,4,Flow6010,12,0.4968967492832908,10
15,4,Flow6010,13,0.4968967492832908,10
15,4,Flow6010,14,0.7697243107769424,10
15,4,Flow6010,15,0.2517917856657149,10
15,4,Flow6010,16,0.2517917856657149,10
15,4,Flow6010,17,0.2517917856657149,10
15,4,Flow6010,18,0.17124014747012453,10
15,4,Flow6010,19,0.17124014747012453,10
15,4,Flow6010,20,0.17124014747012453,10
15,4,Flow6010,21,0.2526315789473683,10
15,4,Flow6010,22,0.2526315789473683,10
15,4,Flow6010,23,0.2526315789473683,10
15,4,Flow6010,24,0.21680672268907547,10
15,4,Flow6010,25,0.19754901960784324,10
15,4,Flow6010,26,0.19754901960784324,10
15,4,Flow6010,27,0.3039557798606105,10
15,4,Flow6010,28,0.42333785617367725,10
15,4,Flow6010,29,0.42333785617367725,10
15,4,Flow6010,30,0.42333785617367725,10
15,4,Flow6010,31,0.11982413870190527,10
15,4,Flow6010,32,0.10012351397251802,10
15,4,Flow6010,33,0.10012351397251802,10
15,4,Flow6010,34,0.10012351397251802,10
15,4,Flow6010,35,0.21031347689725913,10
15,4,Flow6010,36,0.3780749260201316,10
15,4,Flow6010,37,0.3780749260201316,10
15,4,Flow6010,38,0.3518596969783691,10
15,4,Flow6010,39,0.3420356407441162,10
15,4,Flow6010,40,0.23663127067767,10
15,4,Flow6010,41,0.23663127067767,10
15,4,Flow6010,42,0.2780956578105226,10
15,4,Flow6010,43,0.2780956578105226,10
15,4,Flow6010,44,0.2780956578105226,10
15,4,Flow6010,45,0.2780956578105226,10
15,4,Flow6010,46,0.2649661397434027,10
15,4,Flow6010,47,0.3138761614025361,10
15,4,Flow6010,48,0.1817857142857143,10
15,4,Flow6010,49,0.1817857142857143,10
15,4,Flow6010,50,0.23094072594072595,10
15,4,Flow6010,51,0.23094072594072595,10
15,4,Flow6010,52,0.2583333333333333,10
15,4,Flow6010,53,0.4276190476190477,10
15,4,Flow6010,54,0.25632275132275134,10
15,4,Flow6010,55,0.25632275132275134,10
15,4,Flow6010,56,0.3026190476190476,10
15,4,Flow6010,57,0.3026190476190476,10
15,4,Flow6010,58,0.3026190476190476,10
15,4,Flow6010,59,0.2747967479674796,10
15,4,Flow6010,60,0.22850045167118332,10
16,4,Flow6010,1,2.0,10
16,4,Flow6010,2,2.0,10
16,4,Flow6010,3,2.0,10
16,4,Flow6010,4,2.0,10
16,4,Flow6010,5,1.348148148148148,10
16,4,Flow6010,6,0.19103732328292233,10
16,4,Flow6010,7,0.6954022988505747,10
16,4,Flow6010,8,0.6954022988505747,10
16,4,Flow6010,9,0.6833333333333333,10
16,4,Flow6010,10,0.6833333333333333,10
16,4,Flow6010,11,0.6684313191798221,10
16,4,Flow6010,12,0.16364090001814563,10
16,4,Flow6010,13,0.16364090001814563,10
16,4,Flow6010,14,0.16364090001814563,10
16,4,Flow6010,15,0.16364090001814563,10
16,4,Flow6010,16,0.16364090001814563,10
16,4,Flow6010,17,0.16364090001814563,10
16,4,Flow6010,18,0.13424657534246567,10
16,4,Flow6010,19,0.13424657534246584,10
16,4,Flow6010,20,0.19098109810981087,10
16,4,Flow6010,21,0.19098109810981087,10
16,4,Flow6010,22,0.19197119711971186,10
16,4,Flow6010,23,0.2036557531074023,10
16,4,Flow6010,24,0.2036557531074023,10
16,4,Flow6010,25,0.1806608817704401,10
16,4,Flow6010,26,0.17001981021396134,10
16,4,Flow6010,27,0.2138639150779194,10
16,4,Flow6010,28,0.21881147487874192,10
16,4,Flow6010,29,0.18536682226376308,10
16,4,Flow6010,30,0.18536682226376308,10
16,4,Flow6010,31,0.10343205459484528,10
16,4,Flow6010,32,0.17407222005920486,10
16,4,Flow6010,33,0.17407222005920486,10
16,4,Flow6010,34,0.17407222005920486,10
16,4,Flow6010,35,0.1773562360231633,10
16,4,Flow6010,36,0.1773562360231633,10
16,4,Flow6010,37,0.1713587967871149,10
16,4,Flow6010,38,0.37953886693017125,10
16,4,Flow6010,39,0.37953886693017125,10
16,4,Flow6010,40,0.37953886693017125,10
16,4,Flow6010,41,0.37953886693017125,10
16,4,Flow6010,42,0.19945925637849413,10
16,4,Flow6010,43,0.19945925637849413,10
16,4,Flow6010,44,0.33988348962773507,10
16,4,Flow6010,45,0.33988348962773507,10
16,4,Flow6010,46,0.33988348962773507,10
16,4,Flow6010,47,0.33988348962773507,10
16,4,Flow6010,48,0.3317258869640282,10
16,4,Flow6010,49,0.3317258869640282,10
16,4,Flow6010,50,0.3317258869640282,10
16,4,Flow6010,51,0.33590250329380755,10
16,4,Flow6010,52,0.17159090909090918,10
16,4,Flow6010,53,0.17159090909090918,10
16,4,Flow6010,54,0.17159090909090918,10
16,4,Flow6010,55,0.17159090909090918,10
16,4,Flow6010,56,0.17159090909090918,10
16,4,Flow6010,57,0.17159090909090918,10
16,4,Flow6010,58,0.29372609234416247,10
16,4,Flow6010,59,0.29372609234416247,10
16,4,Flow6010,60,0.29372609234416247,10
17,5,Flow6010,1,2.0,10
17,5,Flow6010,2,2.0,10
17,5,Flow6010,3,0.7666666666666666,10
17,5,Flow6010,4,0.7666666666666666,10
17,5,Flow6010,5,0.4183908045977011,10
17,5,Flow6010,6,0.8745762711864407,10
17,5,Flow6010,7,0.8745762711864407,10
17,5,Flow6010,8,0.9559322033898304,10
17,5,Flow6010,9,0.9559322033898304,10
17,5,Flow6010,10,0.9118198874296434,10
17,5,Flow6010,11,0.8610169491525423,10
17,5,Flow6010,12,0.8610169491525423,10
17,5,Flow6010,13,0.8610169491525423,10
17,5,Flow6010,14,0.9337710375824075,10
17,5,Flow6010,15,0.15464135021097042,10
17,5,Flow6010,16,0.15464135021097042,10
17,5,Flow6010,17,0.15464135021097042,10
17,5,Flow6010,18,0.15464135021097042,10
17,5,Flow6010,19,1.1118666666666666,10
17,5,Flow6010,20,1.0446666666666666,10
17,5,Flow6010,21,1.0023076923076923,10
17,5,Flow6010,22,0.31295929592959304,10
17,5,Flow6010,23,0.31295929592959304,10
17,5,Flow6010,24,0.26518151815181507,10
17,5,Flow6010,25,0.26518151815181523,10
17,5,Flow6010,26,0.26518151815181523,10
17,5,Flow6010,27,0.26518151815181523,10
17,5,Flow6010,28,0.26518151815181523,10
17,5,Flow6010,29,0.26518151815181523,10
17,5,Flow6010,30,0.16014492753623183,10
17,5,Flow6010,31,0.41078431372549024,10
17,5,Flow6010,32,0.41078431372549024,10
17,5,Flow6010,33,0.41078431372549024,10
17,5,Flow6010,34,0.24494376430775358,10
17,5,Flow6010,35,0.1309582309582309,10
17,5,Flow6010,36,0.9363636363636365,10
17,5,Flow6010,37,0.9499229583975346,10
17,5,Flow6010,38,0.11072804314329723,10
17,5,Flow6010,39,0.12253787878787872,10
17,5,Flow6010,40,0.12253787878787872,10
17,5,Flow6010,41,0.11688311688311685,10
17,5,Flow6010,42,0.11688311688311685,10
17,5,Flow6010,43,0.11688311688311685,10
17,5,Flow6010,44,0.1339905548996457,10
17,5,Flow6010,45,0.13967286268234141,10
17,5,Flow6010,46,0.13967286268234141,10
17,5,Flow6010,47,0.1339905548996457,10
17,5,Flow6010,48,0.13815383734098283,10
17,5,Flow6010,49,0.1568611224943927,10
17,5,Flow6010,50,0.1339905548996457,10
17,5,Flow6010,51,0.1339905548996457,10
17,5,Flow6010,52,0.1339905548996457,10
17,5,Flow6010,53,0.1339905548996457,10
17,5,Flow6010,54,0.09832105304607879,10
17,5,Flow6010,55,0.09832105304607879,10
17,5,Flow6010,56,0.09832105304607879,10
17,5,Flow6010,57,0.08065040650406505,10
17,5,Flow6010,58,0.08065040650406505,10
17,5,Flow6010,59,0.09832105304607879,10
17,5,Flow6010,60,0.09832105304607879,10
18,5,Flow6010,1,2.0,10
18,5,Flow6010,2,2.0,10
18,5,Flow6010,3,2.0,10
18,5,Flow6010,4,2.0,10
18,5,Flow6010,5,1.1166666666666667,10
18,5,Flow6010,6,0.15,10
18,5,Flow6010,7,0.19000000000000003,10
18,5,Flow6010,8,0.28090909090909105,10
18,5,Flow6010,9,0.28090909090909105,10
18,5,Flow6010,10,0.2506587615283268,10
18,5,Flow6010,11,0.3034848484848487,10
18,5,Flow6010,12,0.3034848484848487,10
18,5,Flow6010,13,0.2199604743083004,10
18,5,Flow6010,14,0.2199604743083004,10
18,5,Flow6010,15,0.3833333333333333,10
18,5,Flow6010,16,0.1815315315315315,10
18,5,Flow6010,17,0.1815315315315315,10
18,5,Flow6010,18,0.06042735042735039,10
18,5,Flow6010,19,0.053247863247863236,10
18,5,Flow6010,20,0.052299145299145165,10
18,5,Flow6010,21,0.2301532567049808,10
18,5,Flow6010,22,0.2301532567049808,10
18,5,Flow6010,23,0.39426171654432524,10
18,5,Flow6010,24,0.39426171654432524,10
18,5,Flow6010,25,0.39426171654432524,10
18,5,Flow6010,26,0.19387755102040813,10
18,5,Flow6010,27,0.19387755102040813,10
18,5,Flow6010,28,0.21659588237673422,10
18,5,Flow6010,29,0.20429732868757267,10
18,5,Flow6010,30,0.16756484707704225,10
18,5,Flow6010,31,0.16756484707704225,10
18,5,Flow6010,32,0.16756484707704225,10
18,5,Flow6010,33,0.16756484707704225,10
18,5,Flow6010,34,0.16756484707704225,10
18,5,Flow6010,35,0.18358686722755735,10
18,5,Flow6010,36,0.18358686722755735,10
18,5,Flow6010,37,0.18358686722755735,10
18,5,Flow6010,38,0.19124423963133647,10
18,5,Flow6010,39,0.19124423963133647,10
18,5,Flow6010,40,0.19088257793077085,10
18,5,Flow6010,41,0.19124423963133647,10
18,5,Flow6010,42,0.19124423963133647,10
18,5,Flow6010,43,0.19124423963133647,10
18,5,Flow6010,44,0.19124423963133647,10
18,5,Flow6010,45,0.19124423963133647,10
18,5,Flow6010,46,0.19124423963133647,10
18,5,Flow6010,47,0.2379275653923539,10
18,5,Flow6010,48,0.2379275653923539,10
18,5,Flow6010,49,0.2379275653923539,10
18,5,Flow6010,50,0.2379275653923539,10
18,5,Flow6010,51,0.2379275653923539,10
18,5,Flow6010,52,0.17774086378737533,10
18,5,Flow6010,53,0.1777408637873755,10
18,5,Flow6010,54,0.1777408637873755,10
18,5,Flow6010,55,0.1777408637873755,10
18,5,Flow6010,56,0.1777408637873755,10
18,5,Flow6010,57,0.6,10
18,5,Flow6010,58,0.8857142857142858,10
18,5,Flow6010,59,0.8857142857142858,10
18,5,Flow6010,60,0.8857142857142858,10
19,5,Flow6010,1,2.0,10
19,5,Flow6010,2,2.0,10
19,5,Flow6010,3,2.0,10
19,5,Flow6010,4,0.8833333333333334,10
19,5,Flow6010,5,0.8833333333333334,10
19,5,Flow6010,6,0.415005123700776,10
19,5,Flow6010,7,0.338193925150447,10
19,5,Flow6010,8,0.32678638234193774,10
19,5,Flow6010,9,0.32678638234193774,10
19,5,Flow6010,10,0.3702020202020201,10
19,5,Flow6010,11,0.3722222222222218,10
19,5,Flow6010,12,0.4041666666666667,10
19,5,Flow6010,13,0.4041666666666667,10
19,5,Flow6010,14,0.4041666666666667,10
19,5,Flow6010,15,0.4041666666666667,10
19,5,Flow6010,16,0.20898870417732313,10
19,5,Flow6010,17,0.2147299706851223,10
19,5,Flow6010,18,0.2147299706851223,10
19,5,Flow6010,19,0.2147299706851223,10
19,5,Flow6010,20,0.20898870417732313,10
19,5,Flow6010,21,0.20898870417732313,10
19,5,Flow6010,22,0.2857899935715517,10
19,5,Flow6010,23,0.14736355226641998,10
19,5,Flow6010,24,0.826086956521739,10
19,5,Flow6010,25,0.8652173913043478,10
19,5,Flow6010,26,0.8652173913043478,10
19,5,Flow6010,27,0.1817168338907468,10
19,5,Flow6010,28,0.1817168338907468,10
19,5,Flow6010,29,0.1842589134880413,10
19,5,Flow6010,30,0.5808321613036203,10
19,5,Flow6010,31,0.16679841897233202,10
19,5,Flow6010,32,0.16679841897233202,10
19,5,Flow6010,33,0.16679841897233202,10
19,5,Flow6010,34,0.16679841897233202,10
19,5,Flow6010,35,0.36969696969696964,10
19,5,Flow6010,36,0.36969696969696964,10
19,5,Flow6010,37,0.36969696969696975,10
19,5,Flow6010,38,0.3586497890295358,10
19,5,Flow6010,39,0.3586497890295358,10
19,5,Flow6010,40,0.13642756680731374,10
19,5,Flow6010,41,0.13642756680731374,10
19,5,Flow6010,42,0.13642756680731374,10
19,5,Flow6010,43,0.13642756680731374,10
19,5,Flow6010,44,0.14285714285714288,10
19,5,Flow6010,45,0.14285714285714288,10
19,5,Flow6010,46,0.1511111111111111,10
19,5,Flow6010,47,0.1511111111111111,10
19,5,Flow6010,48,0.24444444444444446,10
19,5,Flow6010,49,0.8444444444444444,10
19,5,Flow6010,50,0.9333333333333332,10
19,5,Flow6010,51,0.8266666666666665,10
19,5,Flow6010,52,0.8266666666666665,10
19,5,Flow6010,53,0.21666666666666662,10
19,5,Flow6010,54,0.2703508771929826,10
19,5,Flow6010,55,0.3231800766283525,10
19,5,Flow6010,56,0.7166666666666666,10
19,5,Flow6010,57,0.7166666666666666,10
19,5,Flow6010,58,0.4625,10
19,5,Flow6010,59,0.3124915660691784,10
19,5,Flow6010,60,0.20141242937853096,10
20,5,Flow6010,1,2.0,10
20,5,Flow6010,2,2.0,10
20,5,Flow6010,3,0.9588235294117646,10
20,5,Flow6010,4,1.0,10
20,5,Flow6010,5,1.1,10
20,5,Flow6010,6,0.9098039215686274,10
20,5,Flow6010,7,0.2038235294117646,10
20,5,Flow6010,8,0.16631237473803678,10
20,5,Flow6010,9,0.16631237473803678,10
20,5,Flow6010,10,0.08742891806604991,10
20,5,Flow6010,11,0.08023994773415702,10
20,5,Flow6010,12,0.10568671845830355,10
20,5,Flow6010,13,0.10568671845830355,10
20,5,Flow6010,14,0.10568671845830355,10
20,5,Flow6010,15,0.0991049271925748,10
20,5,Flow6010,16,0.17743593571855154,10
20,5,Flow6010,17,0.46077749683944375,10
20,5,Flow6010,18,0.46077749683944375,10
20,5,Flow6010,19,0.46077749683944375,10
20,5,Flow6010,20,0.2870400193641581,10
20,5,Flow6010,21,0.2870400193641581,10
20,5,Flow6010,22,0.17334645903847398,10
20,5,Flow6010,23,0.17334645903847398,10
20,5,Flow6010,24,0.17334645903847398,10
20,5,Flow6010,25,0.4075010535187527,10
20,5,Flow6010,26,0.13629629629629642,10
20,5,Flow6010,27,0.12066631962519522,10
20,5,Flow6010,28,0.12066631962519522,10
20,5,Flow6010,29,0.11783306207858643,10
20,5,Flow6010,30,0.11783306207858643,10
20,5,Flow6010,31,0.11783306207858643,10
20,5,Flow6010,32,0.11783306207858643,10
20,5,Flow6010,33,0.1737922950841723,10
20,5,Flow6010,34,0.1737922950841723,10
20,5,Flow6010,35,0.12488687782805422,10
20,5,Flow6010,36,0.12488687782805422,10
20,5,Flow6010,37,0.12488687782805422,10
20,5,Flow6010,38,0.1298319327731093,10
20,5,Flow6010,39,0.1298319327731093,10
20,5,Flow6010,40,0.12983193277310914,10
20,5,Flow6010,41,0.12983193277310914,10
20,5,Flow6010,42,0.06836734693877541,10
20,5,Flow6010,43,0.06836734693877541,10
20,5,Flow6010,44,0.14803767660910516,10
20,5,Flow6010,45,0.14803767660910516,10
20,5,Flow6010,46,0.2095022624434389,10
20,5,Flow6010,47,0.2095022624434389,10
20,5,Flow6010,48,0.2095022624434389,10
20,5,Flow6010,49,0.11997971602434081,10
20,5,Flow6010,50,0.11997971602434081,10
20,5,Flow6010,51,0.11997971602434081,10
20,5,Flow6010,52,0.2095022624434389,10
20,5,Flow6010,53,0.1644643699858424,10
20,5,Flow6010,54,0.2563394683026587,10
20,5,Flow6010,55,0.6049079754601229,10
20,5,Flow6010,56,0.6049079754601229,10
20,5,Flow6010,57,0.17302836311905417,10
20,5,Flow6010,58,0.4159873188405799,10
20,5,Flow6010,59,0.43229166666666663,10
20,5,Flow6010,60,0.43229166666666663,10
