format,period,group,gross_profits,gross_norm_diff,total_ce_profit,overall_order_num,overall_order_price_low,overall_order_price_high,overall_order_quantity,overall_order_rate,overall_order_price_low_initial,overall_order_price_high_initial,overall_order_quantity_initial,overall_order_rate_initial,max_quantity/rate_orders_buy,max_quantity/rate_orders_sell,%no_trans,max_quantity/rate_orders,buyer_profit,buyer_ce_profit,buyer_order_num,buyer_order_price_low,buyer_order_price_high,buyer_order_quantity,buyer_order_rate,buyer_order_price_low_initial,buyer_order_price_high_initial,buyer_order_quantity_initial,buyer_order_rate_initial,seller_profit,seller_ce_profit,seller_order_num,seller_order_price_low,seller_order_price_high,seller_order_quantity,seller_order_rate,seller_order_price_low_initial,seller_order_price_high_initial,seller_order_quantity_initial,seller_order_rate_initial,%max_quantity/rate_orders_buy,%max_quantity/rate_orders_sell,%max_quantity/rate_orders,group_id,block,seller_realized_surplus,buyer_realized_surplus
CDA,1,CDA1,6131.0,1.3358333333333334,11700.0,34.0,9.973333333333333,9.973333333333333,105.81111111111112,0.0,12.5,12.5,141.16666666666669,,2.0,3.0,,5.0,3806.0,2400.0,9,7.666666666666667,7.666666666666667,115.22222222222223,0.0,8.0,8.0,154.33333333333334,,2325.0,9300.0,25,12.28,12.28,96.4,0.0,17.0,17.0,128.0,,0.2222222222222222,0.12,0.1711111111111111,1,1,0.25,1.5858333333333334
CDA,1,CDA2,9713.0,3.1978897849462364,11700.0,22.0,9.572649572649572,9.572649572649572,128.60256410256412,0.0,9.833333333333332,9.833333333333332,136.41666666666669,,3.0,3.0,,6.0,8093.0,2400.0,9,6.222222222222222,6.222222222222222,116.66666666666667,0.0,9.666666666666666,9.666666666666666,133.33333333333334,,1620.0,9300.0,13,12.923076923076923,12.923076923076923,140.53846153846155,0.0,10.0,10.0,139.5,,0.3333333333333333,0.23076923076923078,0.28205128205128205,2,1,0.17419354838709677,3.3720833333333333
CDA,1,CDA3,11100.0,1.2916532258064515,11700.0,29.0,11.41388888888889,11.41388888888889,127.57222222222222,0.0,11.45,11.45,154.0,,6.0,3.0,,9.0,4741.0,2400.0,20,8.05,8.05,112.7,0.0,7.4,7.4,126.0,,6359.0,9300.0,9,14.777777777777779,14.777777777777779,142.44444444444446,0.0,15.5,15.5,182.0,,0.3,0.3333333333333333,0.31666666666666665,3,1,0.683763440860215,1.9754166666666666
CDA,1,CDA4,8405.0,1.0609139784946238,11700.0,27.0,10.735795454545453,10.735795454545453,112.67329545454545,0.0,9.375,9.375,153.875,,2.0,3.0,,5.0,3748.0,2400.0,16,8.5625,8.5625,111.4375,0.0,9.75,9.75,127.25,,4657.0,9300.0,11,12.909090909090908,12.909090909090908,113.9090909090909,0.0,9.0,9.0,180.5,,0.125,0.2727272727272727,0.19886363636363635,4,1,0.500752688172043,1.5616666666666668
CDA,1,CDA5,5063.0,0.22877688172043015,11700.0,27.0,13.090659340659341,13.090659340659341,129.69505494505495,0.0,12.333333333333332,12.333333333333332,125.33333333333333,,3.0,5.0,,8.0,1475.0,2400.0,14,9.642857142857142,9.642857142857142,118.92857142857143,0.0,8.333333333333334,8.333333333333334,110.0,,3588.0,9300.0,13,16.53846153846154,16.53846153846154,140.46153846153845,0.0,16.333333333333332,16.333333333333332,140.66666666666666,,0.21428571428571427,0.38461538461538464,0.29945054945054944,5,1,0.3858064516129032,0.6145833333333334
CDA,2,CDA1,8407.0,1.2373521505376344,11700.0,31.0,9.31359649122807,9.31359649122807,106.04385964912281,0.0,11.75,11.75,163.25,,2.0,1.0,,3.0,4085.0,2400.0,12,7.416666666666667,7.416666666666667,122.66666666666667,0.0,11.5,11.5,164.5,,4322.0,9300.0,19,11.210526315789474,11.210526315789474,89.42105263157895,0.0,12.0,12.0,162.0,,0.16666666666666666,0.05263157894736842,0.10964912280701754,1,1,0.4647311827956989,1.7020833333333334
CDA,2,CDA2,10081.0,2.6702956989247313,11700.0,35.0,10.234265734265733,10.234265734265733,125.26048951048952,0.0,10.166666666666668,10.166666666666668,155.25,,7.0,5.0,,12.0,7162.0,2400.0,13,6.923076923076923,6.923076923076923,139.3846153846154,0.0,7.0,7.0,150.5,,2919.0,9300.0,22,13.545454545454545,13.545454545454545,111.13636363636364,0.0,13.333333333333334,13.333333333333334,160.0,,0.5384615384615384,0.22727272727272727,0.38286713286713286,2,1,0.31387096774193546,2.984166666666667
CDA,2,CDA3,10162.0,2.3287231182795702,11700.0,31.0,9.892543859649123,9.892543859649123,134.3267543859649,0.0,10.5,10.5,153.58333333333331,,4.0,4.0,,8.0,6527.0,2400.0,19,8.368421052631579,8.368421052631579,109.73684210526316,0.0,7.0,7.0,125.5,,3635.0,9300.0,12,11.416666666666666,11.416666666666666,158.91666666666666,0.0,14.0,14.0,181.66666666666666,,0.21052631578947367,0.3333333333333333,0.27192982456140347,3,1,0.39086021505376345,2.7195833333333335
CDA,2,CDA4,7916.0,1.2896236559139784,11700.0,28.0,11.760233918128655,11.760233918128655,113.13450292397661,0.0,9.5,9.5,74.5,,1.0,3.0,,4.0,4084.0,2400.0,19,10.631578947368421,10.631578947368421,97.15789473684211,0.0,9.5,9.5,74.5,,3832.0,9300.0,9,12.88888888888889,12.88888888888889,129.11111111111111,0.0,,,,,0.05263157894736842,0.3333333333333333,0.19298245614035087,4,1,0.4120430107526882,1.7016666666666667
CDA,2,CDA5,7631.0,-0.12073924731182795,11700.0,29.0,13.378787878787879,13.378787878787879,126.13383838383838,0.0,14.375,14.375,183.125,,6.0,5.0,,11.0,1335.0,2400.0,18,10.666666666666666,10.666666666666666,111.72222222222223,0.0,11.75,11.75,166.25,,6296.0,9300.0,11,16.09090909090909,16.09090909090909,140.54545454545453,0.0,17.0,17.0,200.0,,0.3333333333333333,0.45454545454545453,0.3939393939393939,5,1,0.676989247311828,0.55625
CDA,3,CDA1,8801.0,1.985470430107527,11700.0,38.0,8.807692307692307,8.807692307692307,91.42615384615385,0.0,8.325,8.325,127.85,,1.0,5.0,,6.0,5593.0,2400.0,13,5.615384615384615,5.615384615384615,89.6923076923077,0.0,6.25,6.25,135.5,,3208.0,9300.0,25,12.0,12.0,93.16,0.0,10.4,10.4,120.2,,0.07692307692307693,0.2,0.13846153846153847,1,1,0.3449462365591398,2.330416666666667
CDA,3,CDA2,10589.0,2.8814381720430107,11700.0,23.0,10.808333333333334,10.808333333333334,126.0125,0.0,10.208333333333334,10.208333333333334,132.75,,3.0,3.0,,6.0,7669.0,2400.0,8,8.75,8.75,149.625,0.0,7.666666666666667,7.666666666666667,160.0,,2920.0,9300.0,15,12.866666666666667,12.866666666666667,102.4,0.0,12.75,12.75,105.5,,0.375,0.2,0.2875,2,1,0.3139784946236559,3.1954166666666666
CDA,3,CDA3,8453.0,1.9783333333333333,11700.0,30.0,11.458333333333332,11.458333333333332,123.76388888888889,0.0,11.125,11.125,159.25,,6.0,4.0,,10.0,5508.0,2400.0,18,9.5,9.5,126.27777777777777,0.0,8.25,8.25,149.5,,2945.0,9300.0,12,13.416666666666666,13.416666666666666,121.25,0.0,14.0,14.0,169.0,,0.3333333333333333,0.3333333333333333,0.3333333333333333,3,1,0.31666666666666665,2.295
CDA,3,CDA4,9357.0,1.1614112903225806,11700.0,21.0,11.172727272727272,11.172727272727272,108.45454545454545,0.0,11.25,11.25,134.75,,0.0,2.0,,2.0,4135.0,2400.0,11,8.545454545454545,8.545454545454545,89.9090909090909,0.0,11.0,11.0,100.0,,5222.0,9300.0,10,13.8,13.8,127.0,0.0,11.5,11.5,169.5,,0.0,0.2,0.1,4,1,0.561505376344086,1.7229166666666667
CDA,3,CDA5,6883.0,-0.1954704301075269,11700.0,36.0,13.679566563467493,13.679566563467493,123.4969040247678,0.0,13.375,13.375,163.875,,6.0,6.0,,12.0,1039.0,2400.0,19,10.947368421052632,10.947368421052632,123.05263157894737,0.0,11.5,11.5,159.0,,5844.0,9300.0,17,16.41176470588235,16.41176470588235,123.94117647058823,0.0,15.25,15.25,168.75,,0.3157894736842105,0.35294117647058826,0.33436532507739936,5,1,0.6283870967741936,0.43291666666666667
CDA,4,CDA1,8837.0,1.611518817204301,11700.0,39.0,8.472222222222221,8.472222222222221,87.44444444444444,0.0,10.666666666666668,10.666666666666668,105.70833333333334,,1.0,2.0,,3.0,4887.0,2400.0,12,6.5,6.5,87.33333333333333,0.0,8.0,8.0,119.25,,3950.0,9300.0,27,10.444444444444445,10.444444444444445,87.55555555555556,0.0,13.333333333333334,13.333333333333334,92.16666666666667,,0.08333333333333333,0.07407407407407407,0.07870370370370369,1,1,0.42473118279569894,2.03625
CDA,4,CDA2,11417.0,2.745228494623656,11700.0,34.0,10.3,10.3,114.99642857142857,0.0,9.791666666666668,9.791666666666668,164.5,,4.0,5.0,,9.0,7579.0,2400.0,14,8.0,8.0,110.14285714285714,0.0,8.333333333333334,8.333333333333334,200.0,,3838.0,9300.0,20,12.6,12.6,119.85,0.0,11.25,11.25,129.0,,0.2857142857142857,0.25,0.26785714285714285,2,1,0.4126881720430107,3.1579166666666665
CDA,4,CDA3,10661.0,1.6245430107526881,11700.0,34.0,11.238636363636363,11.238636363636363,116.18939393939394,0.0,11.55,11.55,134.55,,6.0,2.0,,8.0,5286.0,2400.0,22,9.727272727272727,9.727272727272727,111.54545454545455,0.0,10.6,10.6,148.6,,5375.0,9300.0,12,12.75,12.75,120.83333333333333,0.0,12.5,12.5,120.5,,0.2727272727272727,0.16666666666666666,0.21969696969696967,3,1,0.5779569892473119,2.2025
CDA,4,CDA4,7931.0,0.745470430107527,11700.0,18.0,12.7875,12.7875,128.25,0.0,13.666666666666668,13.666666666666668,159.5,,0.0,4.0,,4.0,3049.0,2400.0,10,11.2,11.2,113.5,0.0,11.333333333333334,11.333333333333334,119.0,,4882.0,9300.0,8,14.375,14.375,143.0,0.0,16.0,16.0,200.0,,0.0,0.5,0.25,4,1,0.5249462365591397,1.2704166666666667
CDA,4,CDA5,6524.0,-0.2795295698924732,11700.0,38.0,13.31578947368421,13.31578947368421,109.05263157894737,0.0,15.35,15.35,160.4,,4.0,7.0,,11.0,805.0,2400.0,19,10.0,10.0,101.26315789473684,0.0,13.5,13.5,200.0,,5719.0,9300.0,19,16.63157894736842,16.63157894736842,116.84210526315789,0.0,17.2,17.2,120.8,,0.21052631578947367,0.3684210526315789,0.2894736842105263,5,1,0.6149462365591398,0.33541666666666664
CDA,5,CDA1,6004.0,-0.4235645933014354,10700.0,44.0,6.435729847494553,6.435729847494553,105.50217864923746,0.0,7.375,7.375,156.875,,2.0,4.0,,6.0,4276.0,8800.0,17,4.352941176470588,4.352941176470588,117.41176470588235,0.0,5.75,5.75,144.5,,1728.0,1900.0,27,8.518518518518519,8.518518518518519,93.5925925925926,0.0,9.0,9.0,169.25,,0.11764705882352941,0.14814814814814814,0.1328976034858388,1,2,0.9094736842105263,0.4859090909090909
CDA,5,CDA2,7453.0,-0.7363098086124401,10700.0,33.0,7.181818181818182,7.181818181818182,117.38636363636363,0.0,7.0,7.0,200.0,,6.0,7.0,,13.0,4979.0,8800.0,11,4.090909090909091,4.090909090909091,135.9090909090909,0.0,3.5,3.5,200.0,,2474.0,1900.0,22,10.272727272727273,10.272727272727273,98.86363636363636,0.0,10.5,10.5,200.0,,0.5454545454545454,0.3181818181818182,0.43181818181818177,2,2,1.3021052631578947,0.5657954545454545
CDA,5,CDA3,10374.0,-0.8305861244019139,10700.0,34.0,6.294736842105263,6.294736842105263,119.8719298245614,0.0,6.791666666666666,6.791666666666666,129.54166666666666,,8.0,4.0,,12.0,7234.0,8800.0,19,4.7894736842105265,4.7894736842105265,121.21052631578948,0.0,6.25,6.25,136.75,,3140.0,1900.0,15,7.8,7.8,118.53333333333333,0.0,7.333333333333333,7.333333333333333,122.33333333333333,,0.42105263157894735,0.26666666666666666,0.343859649122807,3,2,1.6526315789473685,0.8220454545454545
CDA,5,CDA4,8298.0,-0.9013875598086125,10700.0,26.0,7.7976190476190474,7.7976190476190474,116.4702380952381,0.0,7.833333333333334,7.833333333333334,174.66666666666669,,4.0,2.0,,6.0,5416.0,8800.0,12,5.666666666666667,5.666666666666667,119.08333333333333,0.0,5.666666666666667,5.666666666666667,149.33333333333334,,2882.0,1900.0,14,9.928571428571429,9.928571428571429,113.85714285714286,0.0,10.0,10.0,200.0,,0.3333333333333333,0.14285714285714285,0.23809523809523808,4,2,1.516842105263158,0.6154545454545455
CDA,5,CDA5,8895.0,-1.8273923444976075,10700.0,35.0,10.71875,10.71875,130.17105263157896,0.0,11.5,11.5,156.58333333333331,,8.0,5.0,,13.0,4460.0,8800.0,19,7.0,7.0,127.84210526315789,0.0,8.0,8.0,136.66666666666666,,4435.0,1900.0,16,14.4375,14.4375,132.5,0.0,15.0,15.0,176.5,,0.42105263157894735,0.3125,0.3667763157894737,5,2,2.3342105263157893,0.5068181818181818
CDA,6,CDA1,5752.0,-0.8163337320574162,10700.0,47.0,5.777777777777778,5.777777777777778,93.00766283524905,0.0,6.375,6.375,182.0,,1.0,2.0,,3.0,3455.0,8800.0,18,4.555555555555555,4.555555555555555,106.22222222222223,0.0,6.75,6.75,164.0,,2297.0,1900.0,29,7.0,7.0,79.79310344827586,0.0,6.0,6.0,200.0,,0.05555555555555555,0.06896551724137931,0.06226053639846743,1,2,1.2089473684210525,0.3926136363636364
CDA,6,CDA2,10190.0,-0.8329366028708134,10700.0,29.0,7.913043478260869,7.913043478260869,128.0144927536232,0.0,6.916666666666667,6.916666666666667,175.5,,3.0,8.0,,11.0,7079.0,8800.0,6,6.0,6.0,145.33333333333334,0.0,3.3333333333333335,3.3333333333333335,151.0,,3111.0,1900.0,23,9.826086956521738,9.826086956521738,110.69565217391305,0.0,10.5,10.5,200.0,,0.5,0.34782608695652173,0.42391304347826086,2,2,1.6373684210526316,0.8044318181818182
CDA,6,CDA3,10029.0,-0.6726854066985646,10700.0,33.0,6.372222222222222,6.372222222222222,120.89444444444445,0.0,7.3,7.3,159.1,,7.0,2.0,,9.0,7197.0,8800.0,18,5.277777777777778,5.277777777777778,119.05555555555556,0.0,6.4,6.4,182.0,,2832.0,1900.0,15,7.466666666666667,7.466666666666667,122.73333333333333,0.0,8.2,8.2,136.2,,0.3888888888888889,0.13333333333333333,0.2611111111111111,3,2,1.4905263157894737,0.8178409090909091
CDA,6,CDA4,8072.0,-1.108815789473684,10700.0,24.0,7.895104895104895,7.895104895104895,129.23426573426573,0.0,6.5,6.5,187.5,,5.0,3.0,,8.0,4906.0,8800.0,11,5.636363636363637,5.636363636363637,131.54545454545453,0.0,5.0,5.0,200.0,,3166.0,1900.0,13,10.153846153846153,10.153846153846153,126.92307692307692,0.0,8.0,8.0,175.0,,0.45454545454545453,0.23076923076923078,0.34265734265734266,4,2,1.6663157894736842,0.5575
CDA,6,CDA5,8774.0,-1.857141148325359,10700.0,24.0,10.892857142857142,10.892857142857142,138.84285714285716,0.0,10.5,10.5,176.25,,5.0,4.0,,9.0,4314.0,8800.0,10,8.0,8.0,139.4,0.0,7.0,7.0,152.5,,4460.0,1900.0,14,13.785714285714286,13.785714285714286,138.28571428571428,0.0,14.0,14.0,200.0,,0.5,0.2857142857142857,0.39285714285714285,5,2,2.3473684210526318,0.49022727272727273
CDA,7,CDA1,8382.0,-0.13093899521531094,10700.0,37.0,5.445454545454545,5.445454545454545,111.8439393939394,0.0,6.25,6.25,140.5,,1.0,5.0,,6.0,6689.0,8800.0,15,4.8,4.8,112.73333333333333,0.0,5.0,5.0,127.75,,1693.0,1900.0,22,6.090909090909091,6.090909090909091,110.95454545454545,0.0,7.5,7.5,153.25,,0.06666666666666667,0.22727272727272727,0.14696969696969697,1,2,0.8910526315789473,0.7601136363636364
CDA,7,CDA2,8322.0,-0.9748145933014355,10700.0,31.0,6.859523809523809,6.859523809523809,102.89285714285714,0.0,8.333333333333334,8.333333333333334,156.875,,4.0,5.0,,9.0,5321.0,8800.0,10,5.1,5.1,117.5,0.0,6.666666666666667,6.666666666666667,170.0,,3001.0,1900.0,21,8.619047619047619,8.619047619047619,88.28571428571429,0.0,10.0,10.0,143.75,,0.4,0.23809523809523808,0.319047619047619,2,2,1.5794736842105264,0.6046590909090909
CDA,7,CDA3,10534.0,-0.1993301435406699,10700.0,31.0,5.825,5.825,136.01363636363635,0.0,7.0,7.0,151.54166666666669,,7.0,4.0,,11.0,8352.0,8800.0,20,4.65,4.65,115.3,0.0,6.0,6.0,166.33333333333334,,2182.0,1900.0,11,7.0,7.0,156.72727272727272,0.0,8.0,8.0,136.75,,0.35,0.36363636363636365,0.3568181818181818,3,2,1.148421052631579,0.9490909090909091
CDA,7,CDA4,8010.0,-0.7741267942583732,10700.0,26.0,6.727272727272727,6.727272727272727,129.3151515151515,0.0,7.291666666666667,7.291666666666667,147.83333333333331,,5.0,2.0,,7.0,5378.0,8800.0,11,4.454545454545454,4.454545454545454,136.36363636363637,0.0,5.25,5.25,149.0,,2632.0,1900.0,15,9.0,9.0,122.26666666666667,0.0,9.333333333333334,9.333333333333334,146.66666666666666,,0.45454545454545453,0.13333333333333333,0.29393939393939394,4,2,1.3852631578947368,0.6111363636363636
CDA,7,CDA5,8411.0,-1.7172846889952151,10700.0,34.0,10.5,10.5,103.97058823529412,0.0,11.366666666666667,11.366666666666667,156.7,,6.0,2.0,,8.0,4234.0,8800.0,17,7.0588235294117645,7.0588235294117645,100.94117647058823,0.0,7.4,7.4,184.4,,4177.0,1900.0,17,13.941176470588236,13.941176470588236,107.0,0.0,15.333333333333334,15.333333333333334,129.0,,0.35294117647058826,0.11764705882352941,0.23529411764705882,5,2,2.198421052631579,0.48113636363636364
CDA,8,CDA1,9166.0,-0.6024461722488038,10700.0,39.0,6.140000000000001,6.140000000000001,98.79142857142857,0.0,6.833333333333334,6.833333333333334,143.75,,2.0,2.0,,4.0,6597.0,8800.0,14,5.0,5.0,108.14285714285714,0.0,5.666666666666667,5.666666666666667,150.0,,2569.0,1900.0,25,7.28,7.28,89.44,0.0,8.0,8.0,137.5,,0.14285714285714285,0.08,0.11142857142857143,1,2,1.3521052631578947,0.7496590909090909
CDA,8,CDA2,10170.0,-0.8089712918660287,10700.0,30.0,7.545454545454546,7.545454545454546,121.14204545454545,0.0,7.966666666666667,7.966666666666667,123.66666666666666,,3.0,8.0,,11.0,7100.0,8800.0,8,6.0,6.0,124.875,0.0,7.333333333333333,7.333333333333333,118.33333333333333,,3070.0,1900.0,22,9.090909090909092,9.090909090909092,117.4090909090909,0.0,8.6,8.6,129.0,,0.375,0.36363636363636365,0.3693181818181818,2,2,1.6157894736842104,0.8068181818181818
CDA,8,CDA3,9536.0,-0.5757595693779906,10700.0,28.0,7.122994652406417,7.122994652406417,117.04278074866309,0.0,6.416666666666666,6.416666666666666,171.83333333333331,,4.0,5.0,,9.0,6943.0,8800.0,17,5.882352941176471,5.882352941176471,92.17647058823529,0.0,5.333333333333333,5.333333333333333,159.66666666666666,,2593.0,1900.0,11,8.363636363636363,8.363636363636363,141.9090909090909,0.0,7.5,7.5,184.0,,0.23529411764705882,0.45454545454545453,0.3449197860962567,3,2,1.3647368421052632,0.7889772727272727
CDA,8,CDA4,9289.0,-0.6108672248803827,10700.0,31.0,6.704166666666667,6.704166666666667,120.34583333333333,0.0,6.166666666666667,6.166666666666667,162.5,,8.0,1.0,,9.0,6685.0,8800.0,15,4.533333333333333,4.533333333333333,146.06666666666666,0.0,4.0,4.0,194.66666666666666,,2604.0,1900.0,16,8.875,8.875,94.625,0.0,8.333333333333334,8.333333333333334,130.33333333333334,,0.5333333333333333,0.0625,0.29791666666666666,4,2,1.3705263157894736,0.7596590909090909
CDA,8,CDA5,9426.0,-1.7926495215311005,10700.0,33.0,10.163602941176471,10.163602941176471,136.42279411764707,0.0,10.166666666666666,10.166666666666666,176.91666666666669,,7.0,7.0,,14.0,4951.0,8800.0,17,6.764705882352941,6.764705882352941,131.47058823529412,0.0,6.666666666666667,6.666666666666667,200.0,,4475.0,1900.0,16,13.5625,13.5625,141.375,0.0,13.666666666666666,13.666666666666666,153.83333333333334,,0.4117647058823529,0.4375,0.42463235294117646,5,2,2.3552631578947367,0.5626136363636364
CDA,9,CDA1,9344.0,0.9132919254658385,13200.0,31.0,6.552272727272728,6.552272727272728,96.79545454545455,0.0,9.05,9.05,117.35,,0.0,3.0,,3.0,7892.0,6900.0,11,5.454545454545454,5.454545454545454,104.0909090909091,0.0,10.5,10.5,159.5,,1452.0,6300.0,20,7.65,7.65,89.5,0.0,7.6,7.6,75.2,,0.0,0.15,0.075,1,3,0.23047619047619047,1.143768115942029
CDA,9,CDA2,12181.0,0.6351483781918564,13200.0,28.0,7.533333333333333,7.533333333333333,129.30769230769232,0.0,8.666666666666666,8.666666666666666,155.0,,5.0,8.0,,13.0,8459.0,6900.0,13,6.0,6.0,117.61538461538461,0.0,7.333333333333333,7.333333333333333,134.33333333333334,,3722.0,6300.0,15,9.066666666666666,9.066666666666666,141.0,0.0,10.0,10.0,175.66666666666666,,0.38461538461538464,0.5333333333333333,0.458974358974359,2,3,0.5907936507936508,1.2259420289855072
CDA,9,CDA3,12446.0,0.38477570738440303,13200.0,33.0,8.175,8.175,102.13846153846154,0.0,7.25,7.25,151.875,,4.0,2.0,,6.0,7773.0,6900.0,20,7.35,7.35,88.2,0.0,6.0,6.0,129.25,,4673.0,6300.0,13,9.0,9.0,116.07692307692308,0.0,8.5,8.5,174.5,,0.2,0.15384615384615385,0.17692307692307693,3,3,0.7417460317460317,1.1265217391304347
CDA,9,CDA4,11073.0,0.1718219461697722,13200.0,27.0,8.741666666666667,8.741666666666667,113.49166666666666,0.0,6.875,6.875,179.75,,4.0,1.0,,5.0,6354.0,6900.0,15,7.733333333333333,7.733333333333333,134.73333333333332,0.0,8.75,8.75,159.5,,4719.0,6300.0,12,9.75,9.75,92.25,0.0,5.0,5.0,200.0,,0.26666666666666666,0.08333333333333333,0.175,4,3,0.7490476190476191,0.9208695652173913
CDA,9,CDA5,11750.0,-0.17886818495514145,13200.0,38.0,9.40909090909091,9.40909090909091,119.48579545454545,0.0,11.0,11.0,180.54166666666669,,5.0,7.0,,12.0,5553.0,6900.0,22,7.318181818181818,7.318181818181818,102.9090909090909,0.0,10.0,10.0,185.75,,6197.0,6300.0,16,11.5,11.5,136.0625,0.0,12.0,12.0,175.33333333333334,,0.22727272727272727,0.4375,0.33238636363636365,5,3,0.9836507936507937,0.8047826086956522
CDA,10,CDA1,10659.0,0.8381711525189786,13200.0,36.0,6.7615384615384615,6.7615384615384615,93.86923076923077,0.0,7.4,7.4,139.8,,3.0,2.0,,5.0,8332.0,6900.0,10,5.6,5.6,106.7,0.0,8.0,8.0,167.0,,2327.0,6300.0,26,7.923076923076923,7.923076923076923,81.03846153846153,0.0,6.8,6.8,112.6,,0.3,0.07692307692307693,0.18846153846153846,1,3,0.36936507936507934,1.207536231884058
CDA,10,CDA2,11282.0,0.26193236714975854,13200.0,25.0,7.6850649350649345,7.6850649350649345,120.58766233766234,0.0,7.0,7.0,143.5,,3.0,8.0,,11.0,6760.0,6900.0,11,5.7272727272727275,5.7272727272727275,103.81818181818181,0.0,5.5,5.5,116.75,,4522.0,6300.0,14,9.642857142857142,9.642857142857142,137.35714285714286,0.0,8.5,8.5,170.25,,0.2727272727272727,0.5714285714285714,0.42207792207792205,2,3,0.7177777777777777,0.9797101449275363
CDA,10,CDA3,12066.0,0.26714975845410627,13200.0,29.0,8.757352941176471,8.757352941176471,117.19117647058823,0.0,8.625,8.625,146.525,,5.0,2.0,,7.0,7187.0,6900.0,17,7.764705882352941,7.764705882352941,115.88235294117646,0.0,8.0,8.0,135.8,,4879.0,6300.0,12,9.75,9.75,118.5,0.0,9.25,9.25,157.25,,0.29411764705882354,0.16666666666666666,0.2303921568627451,3,3,0.7744444444444445,1.0415942028985508
CDA,10,CDA4,12144.0,0.05344375431331949,13200.0,37.0,8.581845238095237,8.581845238095237,104.2827380952381,0.0,8.69047619047619,8.69047619047619,152.33333333333331,,5.0,1.0,,6.0,6524.0,6900.0,21,7.476190476190476,7.476190476190476,105.19047619047619,0.0,7.714285714285714,7.714285714285714,158.0,,5620.0,6300.0,16,9.6875,9.6875,103.375,0.0,9.666666666666666,9.666666666666666,146.66666666666666,,0.23809523809523808,0.0625,0.15029761904761904,4,3,0.8920634920634921,0.9455072463768116
CDA,10,CDA5,11081.0,-0.2427260179434093,13200.0,35.0,9.583333333333334,9.583333333333334,132.14285714285714,0.0,9.958333333333332,9.958333333333332,157.29166666666669,,7.0,7.0,,14.0,4993.0,6900.0,21,7.380952380952381,7.380952380952381,112.85714285714286,0.0,9.25,9.25,132.25,,6088.0,6300.0,14,11.785714285714286,11.785714285714286,151.42857142857142,0.0,10.666666666666666,10.666666666666666,182.33333333333334,,0.3333333333333333,0.5,0.41666666666666663,5,3,0.9663492063492064,0.7236231884057971
CDA,11,CDA1,11723.0,1.1812491373360938,13200.0,29.0,5.77536231884058,5.77536231884058,108.5072463768116,0.0,4.625,4.625,136.25,,1.0,5.0,,6.0,10018.0,6900.0,6,4.333333333333333,4.333333333333333,110.66666666666667,0.0,2.5,2.5,117.0,,1705.0,6300.0,23,7.217391304347826,7.217391304347826,106.34782608695652,0.0,6.75,6.75,155.5,,0.16666666666666666,0.21739130434782608,0.19202898550724637,1,3,0.2706349206349206,1.4518840579710144
CDA,11,CDA2,11786.0,0.19498964803312624,13200.0,30.0,7.84841628959276,7.84841628959276,96.91855203619909,0.0,7.425,7.425,173.45,,2.0,4.0,,6.0,6803.0,6900.0,13,6.461538461538462,6.461538461538462,79.3076923076923,0.0,6.25,6.25,169.5,,4983.0,6300.0,17,9.235294117647058,9.235294117647058,114.52941176470588,0.0,8.6,8.6,177.4,,0.15384615384615385,0.23529411764705882,0.19457013574660634,2,3,0.790952380952381,0.9859420289855072
CDA,11,CDA3,12342.0,0.29378881987577643,13200.0,37.0,8.048245614035089,8.048245614035089,102.3874269005848,0.0,7.833333333333334,7.833333333333334,136.83333333333334,,5.0,1.0,,6.0,7419.0,6900.0,19,7.2631578947368425,7.2631578947368425,116.05263157894737,0.0,6.666666666666667,6.666666666666667,123.16666666666667,,4923.0,6300.0,18,8.833333333333334,8.833333333333334,88.72222222222223,0.0,9.0,9.0,150.5,,0.2631578947368421,0.05555555555555555,0.1593567251461988,3,3,0.7814285714285715,1.075217391304348
CDA,11,CDA4,10152.0,-0.0038647342995168366,13200.0,29.0,8.27020202020202,8.27020202020202,111.65151515151516,0.0,9.066666666666666,9.066666666666666,152.6,,5.0,1.0,,6.0,5294.0,6900.0,18,6.722222222222222,6.722222222222222,110.66666666666667,0.0,7.8,7.8,164.2,,4858.0,6300.0,11,9.818181818181818,9.818181818181818,112.63636363636364,0.0,10.333333333333334,10.333333333333334,141.0,,0.2777777777777778,0.09090909090909091,0.18434343434343436,4,3,0.7711111111111111,0.7672463768115942
CDA,11,CDA5,12086.0,-0.002636300897170485,13200.0,37.0,9.824561403508772,9.824561403508772,128.63011695906434,0.0,11.2,11.2,128.36666666666667,,8.0,7.0,,15.0,6309.0,6900.0,19,7.315789473684211,7.315789473684211,129.31578947368422,0.0,8.0,8.0,152.33333333333334,,5777.0,6300.0,18,12.333333333333334,12.333333333333334,127.94444444444444,0.0,14.4,14.4,104.4,,0.42105263157894735,0.3888888888888889,0.4049707602339181,5,3,0.916984126984127,0.9143478260869565
CDA,12,CDA1,10560.0,1.0946859903381643,13200.0,26.0,5.647727272727273,5.647727272727273,98.2159090909091,0.0,5.0,5.0,106.39285714285714,,0.0,2.0,,2.0,9125.0,6900.0,4,4.25,4.25,101.25,0.0,4.0,4.0,106.5,,1435.0,6300.0,22,7.045454545454546,7.045454545454546,95.18181818181819,0.0,6.0,6.0,106.28571428571429,,0.0,0.09090909090909091,0.045454545454545456,1,3,0.22777777777777777,1.3224637681159421
CDA,12,CDA2,13073.0,0.2888957902001381,13200.0,37.0,8.541176470588235,8.541176470588235,87.78676470588235,0.0,9.166666666666666,9.166666666666666,142.41666666666669,,1.0,7.0,,8.0,7785.0,6900.0,17,6.882352941176471,6.882352941176471,82.82352941176471,0.0,7.333333333333333,7.333333333333333,137.0,,5288.0,6300.0,20,10.2,10.2,92.75,0.0,11.0,11.0,147.83333333333334,,0.058823529411764705,0.35,0.20441176470588235,2,3,0.8393650793650793,1.1282608695652174
CDA,12,CDA3,12868.0,0.23337474120082813,13200.0,34.0,7.916666666666666,7.916666666666666,88.20138888888889,0.0,7.791666666666667,7.791666666666667,143.625,,4.0,0.0,,4.0,7495.0,6900.0,18,6.833333333333333,6.833333333333333,90.27777777777777,0.0,6.25,6.25,124.25,,5373.0,6300.0,16,9.0,9.0,86.125,0.0,9.333333333333334,9.333333333333334,163.0,,0.2222222222222222,0.0,0.1111111111111111,3,3,0.8528571428571429,1.086231884057971
CDA,12,CDA4,11331.0,0.3391787439613526,13200.0,28.0,9.143589743589743,9.143589743589743,136.12307692307692,0.0,10.291666666666668,10.291666666666668,157.375,,5.0,4.0,,9.0,7040.0,6900.0,15,7.133333333333334,7.133333333333334,147.4,0.0,6.25,6.25,180.75,,4291.0,6300.0,13,11.153846153846153,11.153846153846153,124.84615384615384,0.0,14.333333333333334,14.333333333333334,134.0,,0.3333333333333333,0.3076923076923077,0.3205128205128205,4,3,0.6811111111111111,1.0202898550724637
CDA,12,CDA5,11118.0,0.19534851621808147,13200.0,34.0,10.31422924901186,10.31422924901186,144.7173913043478,0.0,11.766666666666666,11.766666666666666,162.93333333333334,,7.0,5.0,,12.0,6455.0,6900.0,23,8.173913043478262,8.173913043478262,131.43478260869566,0.0,8.2,8.2,199.2,,4663.0,6300.0,11,12.454545454545455,12.454545454545455,158.0,0.0,15.333333333333334,15.333333333333334,126.66666666666667,,0.30434782608695654,0.45454545454545453,0.37944664031620556,5,3,0.7401587301587301,0.9355072463768116
CDA,13,CDA1,9558.0,-0.07601674641148326,10700.0,36.0,5.526923076923077,5.526923076923077,82.11538461538461,0.0,5.375,5.375,128.125,,0.0,4.0,,4.0,7742.0,8800.0,10,3.4,3.4,77.0,0.0,3.0,3.0,112.0,,1816.0,1900.0,26,7.653846153846154,7.653846153846154,87.23076923076923,0.0,7.75,7.75,144.25,,0.0,0.15384615384615385,0.07692307692307693,1,4,0.9557894736842105,0.8797727272727273
CDA,13,CDA2,9775.0,-0.5473205741626794,10700.0,39.0,6.7366310160427805,6.7366310160427805,103.08021390374331,0.0,7.7,7.7,154.2,,5.0,6.0,,11.0,7184.0,8800.0,22,5.590909090909091,5.590909090909091,91.45454545454545,0.0,6.4,6.4,108.4,,2591.0,1900.0,17,7.882352941176471,7.882352941176471,114.70588235294117,0.0,9.0,9.0,200.0,,0.22727272727272727,0.35294117647058826,0.29010695187165775,2,4,1.3636842105263158,0.8163636363636364
CDA,13,CDA3,9413.0,-0.4150299043062201,10700.0,34.0,7.034722222222222,7.034722222222222,115.99652777777777,0.0,6.875,6.875,154.25,,7.0,2.0,,9.0,7093.0,8800.0,18,5.944444444444445,5.944444444444445,130.55555555555554,0.0,6.0,6.0,167.0,,2320.0,1900.0,16,8.125,8.125,101.4375,0.0,7.75,7.75,141.5,,0.3888888888888889,0.125,0.2569444444444444,3,4,1.2210526315789474,0.8060227272727273
CDA,13,CDA4,8732.0,-0.44122009569377985,10700.0,33.0,6.607142857142858,6.607142857142858,107.59022556390977,0.0,8.25,8.25,135.375,,3.0,4.0,,7.0,6492.0,8800.0,14,5.214285714285714,5.214285714285714,96.28571428571429,0.0,5.5,5.5,111.75,,2240.0,1900.0,19,8.0,8.0,118.89473684210526,0.0,11.0,11.0,159.0,,0.21428571428571427,0.21052631578947367,0.212406015037594,4,4,1.1789473684210525,0.7377272727272727
CDA,13,CDA5,8357.0,-1.078989234449761,10700.0,33.0,9.75751879699248,9.75751879699248,133.88345864661653,0.0,10.575,10.575,150.9,,6.0,9.0,,15.0,5187.0,8800.0,14,6.357142857142857,6.357142857142857,131.71428571428572,0.0,6.75,6.75,200.0,,3170.0,1900.0,19,13.157894736842104,13.157894736842104,136.05263157894737,0.0,14.4,14.4,101.8,,0.42857142857142855,0.47368421052631576,0.45112781954887216,5,4,1.668421052631579,0.5894318181818182
CDA,14,CDA1,9569.0,0.34696172248803825,10700.0,27.0,4.571428571428571,4.571428571428571,113.675,0.0,4.125,4.125,158.375,,0.0,1.0,,1.0,8412.0,8800.0,7,3.142857142857143,3.142857142857143,134.0,0.0,2.5,2.5,169.5,,1157.0,1900.0,20,6.0,6.0,93.35,0.0,5.75,5.75,147.25,,0.0,0.05,0.025,1,4,0.6089473684210527,0.9559090909090909
CDA,14,CDA2,8868.0,-0.6318301435406699,10700.0,41.0,6.466666666666667,6.466666666666667,95.53333333333333,0.0,7.183333333333334,7.183333333333334,170.28333333333333,,5.0,4.0,,9.0,6306.0,8800.0,21,5.333333333333333,5.333333333333333,87.66666666666667,0.0,6.2,6.2,167.4,,2562.0,1900.0,20,7.6,7.6,103.4,0.0,8.166666666666666,8.166666666666666,173.16666666666666,,0.23809523809523808,0.2,0.21904761904761905,2,4,1.348421052631579,0.7165909090909091
CDA,14,CDA3,10550.0,-0.6749162679425839,10700.0,29.0,7.216346153846153,7.216346153846153,87.48798076923077,0.0,7.5,7.5,147.66666666666666,,4.0,0.0,,4.0,7622.0,8800.0,13,6.3076923076923075,6.3076923076923075,100.53846153846153,0.0,7.0,7.0,168.0,,2928.0,1900.0,16,8.125,8.125,74.4375,0.0,8.0,8.0,127.33333333333333,,0.3076923076923077,0.0,0.15384615384615385,3,4,1.5410526315789475,0.8661363636363636
CDA,14,CDA4,10625.0,-0.539683014354067,10700.0,27.0,7.110795454545455,7.110795454545455,102.2215909090909,0.0,6.833333333333333,6.833333333333333,160.33333333333331,,4.0,3.0,,7.0,7895.0,8800.0,11,5.909090909090909,5.909090909090909,113.81818181818181,0.0,5.0,5.0,134.0,,2730.0,1900.0,16,8.3125,8.3125,90.625,0.0,8.666666666666666,8.666666666666666,186.66666666666666,,0.36363636363636365,0.1875,0.2755681818181818,4,4,1.436842105263158,0.897159090909091
CDA,14,CDA5,9288.0,-0.5521052631578947,10700.0,36.0,8.1,8.1,139.47142857142856,0.0,8.825,8.825,157.825,,7.0,9.0,,16.0,6776.0,8800.0,15,5.533333333333333,5.533333333333333,142.13333333333333,0.0,6.25,6.25,196.25,,2512.0,1900.0,21,10.666666666666666,10.666666666666666,136.8095238095238,0.0,11.4,11.4,119.4,,0.4666666666666667,0.42857142857142855,0.4476190476190476,5,4,1.3221052631578947,0.77
CDA,15,CDA1,9306.0,-0.07585526315789481,10700.0,39.0,6.316558441558442,6.316558441558442,101.28246753246754,0.0,7.533333333333333,7.533333333333333,114.96666666666667,,0.0,3.0,,3.0,7535.0,8800.0,11,5.454545454545454,5.454545454545454,128.63636363636363,0.0,5.666666666666667,5.666666666666667,120.33333333333333,,1771.0,1900.0,28,7.178571428571429,7.178571428571429,73.92857142857143,0.0,9.4,9.4,109.6,,0.0,0.10714285714285714,0.05357142857142857,1,4,0.9321052631578948,0.85625
CDA,15,CDA2,10153.0,-0.4275717703349283,10700.0,33.0,6.911764705882353,6.911764705882353,83.65808823529412,0.0,6.225,6.225,156.075,,2.0,3.0,,5.0,7682.0,8800.0,16,5.0,5.0,70.375,0.0,5.25,5.25,129.75,,2471.0,1900.0,17,8.823529411764707,8.823529411764707,96.94117647058823,0.0,7.2,7.2,182.4,,0.125,0.17647058823529413,0.15073529411764708,2,4,1.3005263157894738,0.8729545454545454
CDA,15,CDA3,10611.0,-0.3243301435406698,10700.0,28.0,6.638461538461538,6.638461538461538,122.41538461538461,0.0,6.583333333333334,6.583333333333334,138.25,,6.0,3.0,,9.0,8220.0,8800.0,13,6.076923076923077,6.076923076923077,137.23076923076923,0.0,5.5,5.5,170.5,,2391.0,1900.0,15,7.2,7.2,107.6,0.0,7.666666666666667,7.666666666666667,106.0,,0.46153846153846156,0.2,0.3307692307692308,3,4,1.2584210526315789,0.9340909090909091
CDA,15,CDA4,8791.0,-0.03710526315789475,10700.0,40.0,6.295454545454545,6.295454545454545,112.44949494949495,0.0,6.333333333333333,6.333333333333333,149.5,,6.0,5.0,,11.0,7172.0,8800.0,18,5.0,5.0,110.94444444444444,0.0,5.333333333333333,5.333333333333333,132.0,,1619.0,1900.0,22,7.590909090909091,7.590909090909091,113.95454545454545,0.0,7.333333333333333,7.333333333333333,167.0,,0.3333333333333333,0.22727272727272727,0.2803030303030303,4,4,0.8521052631578947,0.815
CDA,15,CDA5,9651.0,-0.8289114832535885,10700.0,29.0,8.867788461538462,8.867788461538462,154.40865384615384,0.0,9.525,9.525,160.075,,5.0,10.0,,15.0,6642.0,8800.0,13,5.923076923076923,5.923076923076923,149.69230769230768,0.0,6.8,6.8,199.4,,3009.0,1900.0,16,11.8125,11.8125,159.125,0.0,12.25,12.25,120.75,,0.38461538461538464,0.625,0.5048076923076923,5,4,1.5836842105263158,0.7547727272727273
CDA,16,CDA1,9417.0,0.5434330143540669,10700.0,31.0,4.869047619047619,4.869047619047619,98.63571428571429,0.0,4.055555555555555,4.055555555555555,108.38888888888889,,1.0,3.0,,4.0,8594.0,8800.0,10,3.5,3.5,114.7,0.0,2.3333333333333335,2.3333333333333335,118.66666666666667,,823.0,1900.0,21,6.238095238095238,6.238095238095238,82.57142857142857,0.0,5.777777777777778,5.777777777777778,98.11111111111111,,0.1,0.14285714285714285,0.12142857142857143,1,4,0.43315789473684213,0.9765909090909091
CDA,16,CDA2,10051.0,-0.5703528708133973,10700.0,29.0,6.875,6.875,98.48557692307692,0.0,7.625,7.625,135.54166666666666,,4.0,3.0,,7.0,7375.0,8800.0,16,5.75,5.75,88.125,0.0,6.0,6.0,125.33333333333333,,2676.0,1900.0,13,8.0,8.0,108.84615384615384,0.0,9.25,9.25,145.75,,0.25,0.23076923076923078,0.2403846153846154,2,4,1.408421052631579,0.8380681818181818
CDA,16,CDA3,10405.0,-0.14743421052631578,10700.0,32.0,6.53125,6.53125,93.9375,0.0,6.0,6.0,161.5,,4.0,2.0,,6.0,8327.0,8800.0,16,4.875,4.875,96.0,0.0,5.333333333333333,5.333333333333333,169.33333333333334,,2078.0,1900.0,16,8.1875,8.1875,91.875,0.0,6.666666666666667,6.666666666666667,153.66666666666666,,0.25,0.125,0.1875,3,4,1.0936842105263158,0.94625
CDA,16,CDA4,10534.0,-0.25756578947368425,10700.0,32.0,6.847058823529412,6.847058823529412,105.25882352941177,0.0,5.875,5.875,128.45833333333331,,3.0,3.0,,6.0,8261.0,8800.0,15,5.4,5.4,97.4,0.0,4.75,4.75,127.25,,2273.0,1900.0,17,8.294117647058824,8.294117647058824,113.11764705882354,0.0,7.0,7.0,129.66666666666666,,0.2,0.17647058823529413,0.18823529411764706,4,4,1.1963157894736842,0.93875
CDA,16,CDA5,9434.0,0.048761961722488034,10700.0,35.0,7.05952380952381,7.05952380952381,147.26190476190476,0.0,7.325,7.325,178.225,,7.0,10.0,,17.0,7835.0,8800.0,14,5.214285714285714,5.214285714285714,145.42857142857142,0.0,5.4,5.4,197.2,,1599.0,1900.0,21,8.904761904761905,8.904761904761905,149.0952380952381,0.0,9.25,9.25,159.25,,0.5,0.47619047619047616,0.4880952380952381,5,4,0.8415789473684211,0.8903409090909091
CDA,17,CDA1,9627.0,2.5188709677419356,11700.0,38.0,8.393846153846154,8.393846153846154,86.36307692307692,0.0,10.214285714285715,10.214285714285715,114.51785714285714,,1.0,3.0,,4.0,6780.0,2400.0,13,7.3076923076923075,7.3076923076923075,97.84615384615384,0.0,11.0,11.0,123.75,,2847.0,9300.0,25,9.48,9.48,74.88,0.0,9.428571428571429,9.428571428571429,105.28571428571429,,0.07692307692307693,0.12,0.09846153846153846,1,5,0.30612903225806454,2.825
CDA,17,CDA2,11328.0,2.571854838709678,11700.0,34.0,11.294117647058822,11.294117647058822,106.17647058823529,0.0,12.375,12.375,145.70833333333331,,7.0,6.0,,13.0,7230.0,2400.0,17,9.0,9.0,106.94117647058823,0.0,10.75,10.75,127.75,,4098.0,9300.0,17,13.588235294117647,13.588235294117647,105.41176470588235,0.0,14.0,14.0,163.66666666666666,,0.4117647058823529,0.35294117647058826,0.38235294117647056,2,5,0.4406451612903226,3.0125
CDA,17,CDA3,10225.0,2.800013440860215,11700.0,29.0,10.275,10.275,102.21111111111111,0.0,9.375,9.375,102.0,,2.0,3.0,,5.0,7439.0,2400.0,20,8.55,8.55,98.2,0.0,7.75,7.75,158.0,,2786.0,9300.0,9,12.0,12.0,106.22222222222223,0.0,11.0,11.0,46.0,,0.1,0.3333333333333333,0.21666666666666667,3,5,0.29956989247311827,3.0995833333333334
CDA,17,CDA4,10762.0,2.368521505376344,11700.0,21.0,9.577272727272728,9.577272727272728,134.1818181818182,0.0,9.416666666666668,9.416666666666668,190.0,,5.0,3.0,,8.0,6726.0,2400.0,10,7.7,7.7,137.0,0.0,5.5,5.5,200.0,,4036.0,9300.0,11,11.454545454545455,11.454545454545455,131.36363636363637,0.0,13.333333333333334,13.333333333333334,180.0,,0.5,0.2727272727272727,0.38636363636363635,4,5,0.4339784946236559,2.8025
CDA,17,CDA5,7149.0,2.528991935483871,11700.0,29.0,10.223557692307693,10.223557692307693,146.4206730769231,0.0,11.875,11.875,162.275,,5.0,9.0,,14.0,6291.0,2400.0,13,6.384615384615385,6.384615384615385,127.15384615384616,0.0,7.0,7.0,159.8,,858.0,9300.0,16,14.0625,14.0625,165.6875,0.0,16.75,16.75,164.75,,0.38461538461538464,0.5625,0.4735576923076923,5,5,0.09225806451612903,2.62125
CDA,18,CDA1,9184.0,2.1675940860215053,11700.0,34.0,9.185714285714287,9.185714285714287,102.58928571428572,0.0,8.107142857142858,8.107142857142858,100.89285714285714,,0.0,4.0,,4.0,6019.0,2400.0,14,7.071428571428571,7.071428571428571,111.42857142857143,0.0,5.5,5.5,95.5,,3165.0,9300.0,20,11.3,11.3,93.75,0.0,10.714285714285714,10.714285714285714,106.28571428571429,,0.0,0.2,0.1,1,5,0.3403225806451613,2.5079166666666666
CDA,18,CDA2,11018.0,2.2922446236559137,11700.0,21.0,10.033333333333333,10.033333333333333,124.44999999999999,0.0,8.9,8.9,190.2,,3.0,4.0,,7.0,6633.0,2400.0,6,8.0,8.0,140.16666666666666,0.0,7.0,7.0,200.0,,4385.0,9300.0,15,12.066666666666666,12.066666666666666,108.73333333333333,0.0,10.8,10.8,180.4,,0.5,0.26666666666666666,0.3833333333333333,2,5,0.471505376344086,2.76375
CDA,18,CDA3,10153.0,1.4569086021505377,11700.0,33.0,11.727272727272727,11.727272727272727,106.43181818181819,0.0,11.666666666666668,11.666666666666668,147.9,,6.0,3.0,,9.0,4862.0,2400.0,22,10.818181818181818,10.818181818181818,112.86363636363636,0.0,9.0,9.0,188.8,,5291.0,9300.0,11,12.636363636363637,12.636363636363637,100.0,0.0,14.333333333333334,14.333333333333334,107.0,,0.2727272727272727,0.2727272727272727,0.2727272727272727,3,5,0.5689247311827957,2.0258333333333334
CDA,18,CDA4,11571.0,2.7438709677419353,11700.0,31.0,10.65126050420168,10.65126050420168,119.03571428571428,0.0,11.25,11.25,153.20833333333331,,7.0,3.0,,10.0,7608.0,2400.0,17,8.588235294117647,8.588235294117647,126.0,0.0,8.0,8.0,160.66666666666666,,3963.0,9300.0,14,12.714285714285714,12.714285714285714,112.07142857142857,0.0,14.5,14.5,145.75,,0.4117647058823529,0.21428571428571427,0.3130252100840336,4,5,0.42612903225806453,3.17
CDA,18,CDA5,9973.0,2.237916666666667,11700.0,39.0,9.941176470588236,9.941176470588236,126.25,0.0,10.625,10.625,172.5,,6.0,6.0,,12.0,6315.0,2400.0,17,6.882352941176471,6.882352941176471,115.0,0.0,9.25,9.25,200.0,,3658.0,9300.0,22,13.0,13.0,137.5,0.0,12.0,12.0,145.0,,0.35294117647058826,0.2727272727272727,0.3128342245989305,5,5,0.3933333333333333,2.63125
CDA,19,CDA1,10795.0,2.450416666666667,11700.0,26.0,9.396969696969697,9.396969696969697,101.97878787878787,0.0,9.15,9.15,128.75,,0.0,3.0,,3.0,6889.0,2400.0,11,7.7272727272727275,7.7272727272727275,102.0909090909091,0.0,7.5,7.5,113.5,,3906.0,9300.0,15,11.066666666666666,11.066666666666666,101.86666666666666,0.0,10.8,10.8,144.0,,0.0,0.2,0.1,1,5,0.42,2.870416666666667
CDA,19,CDA2,11358.0,1.7367338709677418,11700.0,27.0,11.329670329670328,11.329670329670328,111.70879120879121,0.0,10.225,10.225,184.35,,5.0,5.0,,10.0,5643.0,2400.0,13,9.23076923076923,9.23076923076923,101.84615384615384,0.0,9.25,9.25,170.5,,5715.0,9300.0,14,13.428571428571429,13.428571428571429,121.57142857142857,0.0,11.2,11.2,198.2,,0.38461538461538464,0.35714285714285715,0.3708791208791209,2,5,0.614516129032258,2.35125
CDA,19,CDA3,10079.0,1.1325268817204301,11700.0,29.0,12.82843137254902,12.82843137254902,107.68382352941177,0.0,12.708333333333332,12.708333333333332,162.75,,2.0,5.0,,7.0,4228.0,2400.0,17,11.823529411764707,11.823529411764707,96.11764705882354,0.0,10.75,10.75,125.5,,5851.0,9300.0,12,13.833333333333334,13.833333333333334,119.25,0.0,14.666666666666666,14.666666666666666,200.0,,0.11764705882352941,0.4166666666666667,0.26715686274509803,3,5,0.6291397849462366,1.7616666666666667
CDA,19,CDA4,9835.0,2.1374327956989245,11700.0,28.0,10.285714285714285,10.285714285714285,115.17857142857142,0.0,9.75,9.75,161.5,,5.0,3.0,,8.0,6095.0,2400.0,14,8.714285714285714,8.714285714285714,119.21428571428571,0.0,8.0,8.0,162.5,,3740.0,9300.0,14,11.857142857142858,11.857142857142858,111.14285714285714,0.0,11.5,11.5,160.5,,0.35714285714285715,0.21428571428571427,0.2857142857142857,4,5,0.4021505376344086,2.5395833333333333
CDA,19,CDA5,10109.0,2.739099462365591,11700.0,26.0,9.357575757575757,9.357575757575757,137.34545454545454,0.0,8.933333333333334,8.933333333333334,171.06666666666666,,5.0,4.0,,9.0,7299.0,2400.0,11,6.181818181818182,6.181818181818182,138.0909090909091,0.0,7.2,7.2,179.8,,2810.0,9300.0,15,12.533333333333333,12.533333333333333,136.6,0.0,10.666666666666666,10.666666666666666,162.33333333333334,,0.45454545454545453,0.26666666666666666,0.3606060606060606,5,5,0.3021505376344086,3.04125
CDA,20,CDA1,9510.0,2.0109274193548385,11700.0,35.0,9.064144736842106,9.064144736842106,119.52960526315789,0.0,9.380952380952381,9.380952380952381,134.02380952380952,,0.0,6.0,,6.0,5787.0,2400.0,19,7.315789473684211,7.315789473684211,110.6842105263158,0.0,7.333333333333333,7.333333333333333,129.33333333333334,,3723.0,9300.0,16,10.8125,10.8125,128.375,0.0,11.428571428571429,11.428571428571429,138.71428571428572,,0.0,0.375,0.1875,1,5,0.4003225806451613,2.41125
CDA,20,CDA2,11694.0,1.1910887096774194,11700.0,29.0,12.0,12.0,116.67788461538461,0.0,10.75,10.75,178.0,,7.0,4.0,,11.0,4671.0,2400.0,16,10.0,10.0,111.125,0.0,9.333333333333334,9.333333333333334,197.0,,7023.0,9300.0,13,14.0,14.0,122.23076923076923,0.0,12.166666666666666,12.166666666666666,159.0,,0.4375,0.3076923076923077,0.37259615384615385,2,5,0.7551612903225806,1.94625
CDA,20,CDA3,9293.0,0.6876075268817204,11700.0,32.0,12.765182186234817,12.765182186234817,99.81376518218624,0.0,11.9,11.9,135.5,,4.0,2.0,,6.0,3218.0,2400.0,19,11.68421052631579,11.68421052631579,111.47368421052632,0.0,10.8,10.8,130.0,,6075.0,9300.0,13,13.846153846153847,13.846153846153847,88.15384615384616,0.0,13.0,13.0,141.0,,0.21052631578947367,0.15384615384615385,0.18218623481781376,3,5,0.6532258064516129,1.3408333333333333
CDA,20,CDA4,10105.0,1.9223118279569893,11700.0,32.0,9.954901960784312,9.954901960784312,127.01764705882354,0.0,9.675,9.675,144.1,,5.0,5.0,,10.0,5740.0,2400.0,15,8.733333333333333,8.733333333333333,122.8,0.0,7.75,7.75,170.0,,4365.0,9300.0,17,11.176470588235293,11.176470588235293,131.23529411764707,0.0,11.6,11.6,118.2,,0.3333333333333333,0.29411764705882354,0.3137254901960784,4,5,0.4693548387096774,2.3916666666666666
CDA,20,CDA5,11132.0,3.190510752688172,11700.0,36.0,10.619047619047619,10.619047619047619,101.13333333333333,0.0,10.125,10.125,143.875,,3.0,6.0,,9.0,8370.0,2400.0,15,7.666666666666667,7.666666666666667,99.26666666666667,0.0,7.5,7.5,174.75,,2762.0,9300.0,21,13.571428571428571,13.571428571428571,103.0,0.0,12.75,12.75,113.0,,0.2,0.2857142857142857,0.24285714285714285,5,5,0.29698924731182796,3.4875
Flow30,1,Flow301,6373.95,1.6613282258064515,11700.0,20.0,6.520833333333333,11.625,201.875,15.6875,5.333333333333333,11.833333333333332,254.16666666666666,12.333333333333334,1.0,3.0,0.09166666666666666,4.0,4476.78,2400.0,8,1.625,8.5,181.25,11.875,1.0,9.0,175.0,6.0,1897.17,9300.0,12,11.416666666666666,14.75,222.5,19.5,9.666666666666666,14.666666666666666,333.3333333333333,18.666666666666668,0.125,0.25,0.1875,1,1,0.2039967741935484,1.865325
Flow30,1,Flow302,8357.52,1.2353810483870966,11700.0,25.0,7.716666666666667,15.383333333333333,178.0,16.233333333333334,7.583333333333333,15.333333333333334,183.33333333333331,21.25,0.0,3.0,0.125,3.0,4071.0899999999997,2400.0,10,4.5,12.9,190.0,15.0,5.5,14.0,200.0,20.5,4286.43,9300.0,15,10.933333333333334,17.866666666666667,166.0,17.466666666666665,9.666666666666666,16.666666666666668,166.66666666666666,22.0,0.0,0.2,0.1,2,1,0.4609064516129033,1.6962875
Flow30,1,Flow303,7052.0,-0.0901844086021506,11700.0,24.0,9.90909090909091,14.367132867132867,127.05244755244756,10.527972027972027,9.5,11.75,77.5,12.25,0.0,2.0,0.23333333333333334,2.0,1274.52,2400.0,13,7.0,11.461538461538462,141.92307692307693,8.692307692307692,7.5,9.5,55.0,5.5,5777.4800000000005,9300.0,11,12.818181818181818,17.272727272727273,112.18181818181819,12.363636363636363,11.5,14.0,100.0,19.0,0.0,0.18181818181818182,0.09090909090909091,3,1,0.6212344086021506,0.53105
Flow30,1,Flow304,8323.67,1.2261728494623656,11700.0,20.0,9.525252525252526,14.292929292929292,205.1010101010101,14.343434343434343,10.0,14.75,275.0,12.75,2.0,0.0,0.14166666666666666,2.0,4046.58,2400.0,9,7.777777777777778,11.222222222222221,161.11111111111111,18.77777777777778,10.0,12.5,200.0,16.5,4277.09,9300.0,11,11.272727272727273,17.363636363636363,249.0909090909091,9.909090909090908,10.0,17.0,350.0,9.0,0.2222222222222222,0.0,0.1111111111111111,4,1,0.45990215053763445,1.686075
Flow30,1,Flow305,5707.35,0.7982846774193547,11700.0,22.0,8.40909090909091,15.863636363636363,211.8181818181818,9.772727272727273,8.791666666666666,15.583333333333332,245.83333333333331,13.541666666666668,0.0,1.0,0.14166666666666666,1.0,2693.62,2400.0,11,3.5454545454545454,11.909090909090908,150.9090909090909,11.090909090909092,4.333333333333333,11.666666666666666,166.66666666666666,12.333333333333334,3013.73,9300.0,11,13.272727272727273,19.818181818181817,272.72727272727275,8.454545454545455,13.25,19.5,325.0,14.75,0.0,0.09090909090909091,0.045454545454545456,5,1,0.32405698924731186,1.1223416666666666
Flow30,2,Flow301,7090.92,2.397536693548387,11700.0,30.0,7.12200956937799,10.344497607655502,150.28708133971293,14.059808612440191,5.75,12.0,275.0,17.5,0.0,4.0,0.15833333333333333,4.0,6028.3099999999995,2400.0,11,3.4545454545454546,6.636363636363637,136.36363636363637,12.909090909090908,0.0,9.0,300.0,10.0,1062.6100000000001,9300.0,19,10.789473684210526,14.052631578947368,164.21052631578948,15.210526315789474,11.5,15.0,250.0,25.0,0.0,0.21052631578947367,0.10526315789473684,1,1,0.11425913978494626,2.5117958333333332
Flow30,2,Flow302,8039.35,0.6902698924731182,11700.0,33.0,9.077205882352942,15.178308823529411,164.0625,16.58639705882353,8.166666666666668,14.833333333333332,216.66666666666669,23.833333333333336,2.0,6.0,0.09166666666666666,8.0,2965.92,2400.0,16,5.625,12.0625,188.125,15.9375,5.0,11.333333333333334,266.6666666666667,25.0,5073.43,9300.0,17,12.529411764705882,18.294117647058822,140.0,17.235294117647058,11.333333333333334,18.333333333333332,166.66666666666666,22.666666666666668,0.125,0.35294117647058826,0.23897058823529413,2,1,0.5455301075268818,1.2358
Flow30,2,Flow303,8021.65,0.07869368279569888,11700.0,23.0,10.301587301587302,15.821428571428571,142.77380952380952,12.511904761904763,9.25,14.25,118.75,11.25,2.0,0.0,0.09166666666666666,2.0,1795.59,2400.0,14,7.714285714285714,13.642857142857142,137.21428571428572,15.357142857142858,6.0,11.0,100.0,16.0,6226.0599999999995,9300.0,9,12.88888888888889,18.0,148.33333333333334,9.666666666666666,12.5,17.5,137.5,6.5,0.14285714285714285,0.0,0.07142857142857142,3,1,0.6694688172043011,0.7481625
Flow30,2,Flow304,9815.93,0.6193325268817205,11700.0,21.0,10.5,14.98611111111111,199.02777777777777,14.722222222222223,10.333333333333332,15.666666666666668,183.33333333333331,11.5,3.0,0.0,0.1,3.0,3195.0200000000004,2400.0,12,8.666666666666666,11.75,142.5,18.666666666666668,8.666666666666666,11.333333333333334,166.66666666666666,20.0,6620.910000000001,9300.0,9,12.333333333333334,18.22222222222222,255.55555555555554,10.777777777777779,12.0,20.0,200.0,3.0,0.25,0.0,0.125,4,1,0.711925806451613,1.3312583333333334
Flow30,2,Flow305,7121.76,1.122789112903226,11700.0,22.0,8.59090909090909,15.590909090909092,185.45454545454544,11.045454545454545,5.75,14.958333333333334,189.58333333333334,17.416666666666664,1.0,1.0,0.09166666666666666,2.0,3602.81,2400.0,11,3.272727272727273,12.272727272727273,107.27272727272727,11.181818181818182,2.5,13.25,112.5,8.5,3518.95,9300.0,11,13.909090909090908,18.90909090909091,263.6363636363636,10.909090909090908,9.0,16.666666666666668,266.6666666666667,26.333333333333332,0.09090909090909091,0.09090909090909091,0.09090909090909091,5,1,0.3783817204301075,1.5011708333333333
Flow30,3,Flow301,5394.2,0.9040123655913977,11700.0,36.0,6.3311688311688314,13.292207792207792,194.6590909090909,13.064935064935066,2.75,11.25,325.0,11.75,0.0,7.0,0.10833333333333334,7.0,2831.08,2400.0,14,2.5714285714285716,10.357142857142858,225.0,9.857142857142858,0.0,8.0,400.0,7.0,2563.12,9300.0,22,10.090909090909092,16.227272727272727,164.3181818181818,16.272727272727273,5.5,14.5,250.0,16.5,0.0,0.3181818181818182,0.1590909090909091,1,1,0.2756043010752688,1.1796166666666665
Flow30,3,Flow302,9412.63,0.6671956989247312,11700.0,31.0,9.642857142857142,15.063025210084032,159.390756302521,18.556722689075627,8.5,14.25,216.66666666666669,14.916666666666668,2.0,6.0,0.1,8.0,3203.6,2400.0,14,5.285714285714286,11.714285714285714,146.42857142857142,17.642857142857142,4.0,10.5,200.0,16.5,6209.03,9300.0,17,14.0,18.41176470588235,172.35294117647058,19.470588235294116,13.0,18.0,233.33333333333334,13.333333333333334,0.14285714285714285,0.35294117647058826,0.24789915966386555,2,1,0.6676376344086021,1.3348333333333333
Flow30,3,Flow303,8633.619999999999,0.6448477150537635,11700.0,24.0,9.1,14.821428571428571,162.28571428571428,18.371428571428574,8.916666666666668,14.916666666666666,229.16666666666669,21.208333333333336,5.0,3.0,0.15,8.0,3001.17,2400.0,10,6.2,12.0,191.0,21.1,5.5,12.5,225.0,23.75,5632.45,9300.0,14,12.0,17.642857142857142,133.57142857142858,15.642857142857142,12.333333333333334,17.333333333333332,233.33333333333334,18.666666666666668,0.5,0.21428571428571427,0.35714285714285715,3,1,0.6056397849462365,1.2504875
Flow30,3,Flow304,10318.43,1.0467091397849462,11700.0,25.0,9.8125,14.395833333333334,201.99305555555554,17.46875,10.833333333333332,15.5,233.33333333333331,16.25,5.0,0.0,0.11666666666666667,5.0,4113.4,2400.0,16,8.625,11.125,121.875,20.9375,8.666666666666666,11.0,166.66666666666666,21.0,6205.03,9300.0,9,11.0,17.666666666666668,282.1111111111111,14.0,13.0,20.0,300.0,11.5,0.3125,0.0,0.15625,4,1,0.6672075268817204,1.7139166666666665
Flow30,3,Flow305,8321.289999999999,1.2033118279569892,11700.0,19.0,6.883333333333333,15.633333333333333,190.27777777777777,19.71666666666667,6.25,15.875,225.0,23.125,0.0,4.0,0.2916666666666667,4.0,4002.48,2400.0,10,3.1,12.6,125.0,16.1,3.0,12.75,162.5,18.5,4318.8099999999995,9300.0,9,10.666666666666666,18.666666666666668,255.55555555555554,23.333333333333332,9.5,19.0,287.5,27.75,0.0,0.4444444444444444,0.2222222222222222,5,1,0.4643881720430107,1.6677
Flow30,4,Flow301,8198.939999999999,1.9902455645161288,11700.0,33.0,5.37218045112782,10.768796992481203,158.89097744360902,15.61466165413534,5.333333333333334,10.833333333333332,200.0,15.333333333333332,2.0,5.0,0.075,7.0,5478.61,2400.0,14,1.4285714285714286,7.642857142857143,178.57142857142858,11.071428571428571,2.3333333333333335,8.666666666666666,200.0,8.333333333333334,2720.33,9300.0,19,9.31578947368421,13.894736842105264,139.21052631578948,20.157894736842106,8.333333333333334,13.0,200.0,22.333333333333332,0.14285714285714285,0.2631578947368421,0.20300751879699247,1,1,0.29250860215053764,2.2827541666666664
Flow30,4,Flow302,7728.9,0.6578181451612902,11700.0,26.0,9.910714285714285,15.845238095238095,166.6547619047619,20.30357142857143,9.25,15.625,193.75,21.375,3.0,7.0,0.058333333333333334,10.0,2840.33,2400.0,14,6.571428571428571,12.857142857142858,214.14285714285714,15.857142857142858,5.5,12.75,225.0,16.5,4888.57,9300.0,12,13.25,18.833333333333332,119.16666666666667,24.75,13.0,18.5,162.5,26.25,0.21428571428571427,0.5833333333333334,0.39880952380952384,2,1,0.525652688172043,1.1834708333333332
Flow30,4,Flow303,9296.0,0.1554643817204301,11700.0,19.0,9.872222222222224,15.266666666666666,195.69444444444446,15.75,9.75,15.75,218.75,15.75,4.0,0.0,0.13333333333333333,4.0,2203.45,2400.0,9,6.444444444444445,13.333333333333334,238.88888888888889,22.0,6.5,14.0,250.0,22.5,7092.549999999999,9300.0,10,13.3,17.2,152.5,9.5,13.0,17.5,187.5,9.0,0.4444444444444444,0.0,0.2222222222222222,3,1,0.7626397849462365,0.9181041666666666
Flow30,4,Flow304,10258.22,0.6871913978494623,11700.0,18.0,10.9375,15.875,205.0,22.2625,11.166666666666668,15.833333333333334,283.33333333333337,23.666666666666664,5.0,0.0,0.08333333333333333,5.0,3415.2,2400.0,10,9.5,13.0,150.0,24.9,10.333333333333334,13.0,200.0,25.0,6843.0199999999995,9300.0,8,12.375,18.75,260.0,19.625,12.0,18.666666666666668,366.6666666666667,22.333333333333332,0.5,0.0,0.25,4,1,0.7358086021505376,1.4229999999999998
Flow30,4,Flow305,8212.56,1.0039,11700.0,18.0,7.5064935064935066,14.694805194805195,207.31168831168833,18.68181818181818,7.25,16.0,237.5,21.125,0.0,4.0,0.18333333333333332,4.0,3599.7599999999998,2400.0,11,3.727272727272727,11.818181818181818,128.9090909090909,12.363636363636363,4.0,13.5,125.0,14.5,4612.8,9300.0,7,11.285714285714286,17.571428571428573,285.7142857142857,25.0,10.5,18.5,350.0,27.75,0.0,0.5714285714285714,0.2857142857142857,5,1,0.496,1.4999
Flow30,5,Flow301,8423.789999999999,-0.5057201555023925,10700.0,31.0,3.95625,9.447916666666668,130.41666666666666,16.389583333333334,4.958333333333334,11.291666666666668,170.83333333333331,20.375,1.0,8.0,0.075,9.0,6137.73,8800.0,16,1.3125,6.5625,137.5,10.3125,3.25,7.25,175.0,10.75,2286.06,1900.0,15,6.6,12.333333333333334,123.33333333333333,22.466666666666665,6.666666666666667,15.333333333333334,166.66666666666666,30.0,0.0625,0.5333333333333333,0.29791666666666666,1,2,1.2031894736842106,0.6974693181818181
Flow30,5,Flow302,7808.02,-2.2234940191387564,10700.0,28.0,7.17379679144385,12.94385026737968,222.09625668449198,21.470588235294116,8.0,14.5,283.33333333333337,24.333333333333332,3.0,10.0,0.075,13.0,2947.08,8800.0,11,3.8181818181818183,8.181818181818182,254.54545454545453,17.0,5.333333333333333,10.333333333333334,300.0,19.333333333333332,4860.9400000000005,1900.0,17,10.529411764705882,17.705882352941178,189.64705882352942,25.941176470588236,10.666666666666666,18.666666666666668,266.6666666666667,29.333333333333332,0.2727272727272727,0.5882352941176471,0.4304812834224599,2,2,2.558389473684211,0.33489545454545455
Flow30,5,Flow303,8886.94,-2.389795873205742,10700.0,24.0,8.0625,13.125,172.5,16.09375,8.5,14.75,250.0,27.5,3.0,1.0,0.125,4.0,3574.55,8800.0,8,5.0,9.25,201.25,19.0,4.0,9.5,250.0,26.0,5312.39,1900.0,16,11.125,17.0,143.75,13.1875,13.0,20.0,250.0,29.0,0.375,0.0625,0.21875,3,2,2.7959947368421054,0.40619886363636365
Flow30,5,Flow304,9654.130000000001,-0.8339186004784689,10700.0,20.0,5.0,12.299999999999999,196.5,20.7,5.5,12.333333333333334,233.33333333333331,21.333333333333336,5.0,0.0,0.15,5.0,6636.75,8800.0,10,4.3,7.7,155.0,25.5,4.666666666666667,7.666666666666667,166.66666666666666,24.0,3017.38,1900.0,10,5.7,16.9,238.0,15.9,6.333333333333333,17.0,300.0,18.666666666666668,0.5,0.0,0.25,4,2,1.5880947368421052,0.7541761363636363
Flow30,5,Flow305,7338.79,-0.4649062799043062,10700.0,26.0,5.033333333333333,12.024242424242424,228.16666666666669,18.12121212121212,6.5,13.0,300.0,16.5,0.0,9.0,0.13333333333333333,9.0,5309.17,8800.0,11,2.0,8.181818181818182,240.0,8.909090909090908,5.0,6.0,300.0,10.0,2029.62,1900.0,15,8.066666666666666,15.866666666666667,216.33333333333334,27.333333333333332,8.0,20.0,300.0,23.0,0.0,0.6,0.3,5,2,1.068221052631579,0.6033147727272727
Flow30,6,Flow301,9230.98,-0.2805447966507174,10700.0,37.0,4.4676470588235295,9.851470588235294,187.79558823529413,14.58235294117647,4.0,10.375,258.33333333333337,18.625,3.0,6.0,0.075,9.0,7153.450000000001,8800.0,17,1.2352941176470589,6.352941176470588,252.94117647058823,12.764705882352942,2.0,7.0,366.6666666666667,16.0,2077.5299999999997,1900.0,20,7.7,13.35,122.65,16.4,6.0,13.75,150.0,21.25,0.17647058823529413,0.3,0.23823529411764705,1,2,1.093436842105263,0.8128920454545455
Flow30,6,Flow302,8791.289999999999,-1.83199730861244,10700.0,30.0,6.199999999999999,12.6,193.26666666666665,21.4,7.65,13.4,253.75,22.15,4.0,8.0,0.08333333333333333,12.0,4367.509999999999,8800.0,15,3.2666666666666666,8.2,216.53333333333333,19.6,4.5,9.0,287.5,20.5,4423.78,1900.0,15,9.133333333333333,17.0,170.0,23.2,10.8,17.8,220.0,23.8,0.26666666666666666,0.5333333333333333,0.4,2,2,2.3283052631578944,0.49630795454545445
Flow30,6,Flow303,8769.95,-2.5110629186602873,10700.0,27.0,7.842105263157895,13.49671052631579,151.80921052631578,18.111842105263158,8.0,13.5,187.5,19.5,2.0,2.0,0.09166666666666666,4.0,3288.84,8800.0,8,5.0,10.625,176.25,21.75,5.0,10.0,250.0,26.0,5481.110000000001,1900.0,19,10.68421052631579,16.36842105263158,127.36842105263158,14.473684210526315,11.0,17.0,125.0,13.0,0.25,0.10526315789473684,0.17763157894736842,3,2,2.8847947368421054,0.3737318181818182
Flow30,6,Flow304,10452.710000000001,-0.7920056220095695,10700.0,16.0,5.4523809523809526,12.126984126984127,230.8015873015873,21.952380952380953,4.75,14.0,250.0,19.0,4.0,2.0,0.10833333333333334,6.0,7359.02,8800.0,7,4.571428571428571,8.142857142857142,222.71428571428572,22.571428571428573,5.5,8.0,250.0,23.0,3093.69,1900.0,9,6.333333333333333,16.11111111111111,238.88888888888889,21.333333333333332,4.0,20.0,250.0,15.0,0.5714285714285714,0.2222222222222222,0.3968253968253968,4,2,1.6282578947368422,0.8362522727272728
Flow30,6,Flow305,10012.79,-0.32328331339712935,10700.0,22.0,4.875,10.258333333333333,165.54166666666669,16.808333333333334,4.25,12.583333333333334,266.66666666666663,17.208333333333336,0.0,7.0,0.09166666666666666,7.0,7729.65,8800.0,10,2.5,7.1,155.5,10.7,2.5,8.5,200.0,7.75,2283.1400000000003,1900.0,12,7.25,13.416666666666666,175.58333333333334,22.916666666666668,6.0,16.666666666666668,333.3333333333333,26.666666666666668,0.0,0.5833333333333334,0.2916666666666667,5,2,1.2016526315789475,0.8783693181818182
Flow30,7,Flow301,10047.3,-0.353931937799043,10700.0,34.0,4.205882352941177,9.647058823529411,158.41176470588238,17.88235294117647,4.25,9.916666666666668,170.83333333333331,26.125,3.0,8.0,0.075,11.0,7710.139999999999,8800.0,17,1.1176470588235294,6.588235294117647,158.7058823529412,15.764705882352942,2.5,8.5,175.0,22.25,2337.16,1900.0,17,7.294117647058823,12.705882352941176,158.11764705882354,20.0,6.0,11.333333333333334,166.66666666666666,30.0,0.17647058823529413,0.47058823529411764,0.3235294117647059,1,2,1.2300842105263157,0.8761522727272727
Flow30,7,Flow302,8400.369999999999,-1.9412535885167466,10700.0,26.0,7.428571428571429,12.964285714285715,165.11904761904762,24.523809523809526,7.3,14.466666666666669,218.33333333333331,24.733333333333334,9.0,7.0,0.25,16.0,3875.2799999999997,8800.0,14,4.357142857142857,8.428571428571429,168.57142857142858,26.714285714285715,6.0,11.333333333333334,216.66666666666666,23.666666666666668,4525.09,1900.0,12,10.5,17.5,161.66666666666666,22.333333333333332,8.6,17.6,220.0,25.8,0.6428571428571429,0.5833333333333334,0.6130952380952381,2,2,2.381626315789474,0.44037272727272725
Flow30,7,Flow303,5763.37,-1.7254056220095695,10700.0,24.0,7.605042016806722,13.084033613445378,187.37394957983193,17.1890756302521,8.333333333333332,12.75,220.83333333333331,16.916666666666668,4.0,0.0,0.08333333333333333,4.0,2043.82,8800.0,7,4.857142857142857,10.285714285714286,258.57142857142856,24.142857142857142,7.0,10.5,250.0,26.5,3719.55,1900.0,17,10.352941176470589,15.882352941176471,116.17647058823529,10.235294117647058,9.666666666666666,15.0,191.66666666666666,7.333333333333333,0.5714285714285714,0.0,0.2857142857142857,3,2,1.9576578947368422,0.23225227272727272
Flow30,7,Flow304,10516.58,-1.032127571770335,10700.0,20.0,5.0,11.15,206.7,23.75,5.291666666666666,12.25,258.33333333333337,25.458333333333336,6.0,3.0,0.10833333333333334,9.0,7036.33,8800.0,10,4.1,7.2,210.4,23.5,5.333333333333333,8.0,266.6666666666667,26.666666666666668,3480.25,1900.0,10,5.9,15.1,203.0,24.0,5.25,16.5,250.0,24.25,0.6,0.3,0.44999999999999996,4,2,1.8317105263157896,0.7995829545454546
Flow30,7,Flow305,9622.66,-0.20866495215310987,10700.0,24.0,4.666666666666667,10.458333333333332,154.70833333333334,17.333333333333336,3.875,11.791666666666668,237.5,18.083333333333332,0.0,8.0,0.075,8.0,7587.9,8800.0,12,2.8333333333333335,7.75,125.83333333333333,11.0,2.0,9.333333333333334,200.0,10.666666666666666,2034.7599999999998,1900.0,12,6.5,13.166666666666666,183.58333333333334,23.666666666666668,5.75,14.25,275.0,25.5,0.0,0.6666666666666666,0.3333333333333333,5,2,1.0709263157894735,0.8622613636363636
Flow30,8,Flow301,10127.259999999998,-0.5525868421052631,10700.0,27.0,4.732954545454545,10.056818181818182,167.03125,20.309659090909093,4.0,9.5,237.5,26.5,4.0,7.0,0.1,11.0,7465.48,8800.0,11,1.0909090909090908,7.363636363636363,212.0,20.181818181818183,2.0,9.25,250.0,25.5,2661.7799999999997,1900.0,16,8.375,12.75,122.0625,20.4375,6.0,9.75,225.0,27.5,0.36363636363636365,0.4375,0.4005681818181818,1,2,1.400936842105263,0.8483499999999999
Flow30,8,Flow302,8801.880000000001,-1.513224043062201,10700.0,25.0,5.916666666666666,12.533333333333335,172.33333333333331,25.3,6.5,13.325,220.0,24.075,7.0,7.0,0.15,14.0,4874.34,8800.0,15,3.7333333333333334,8.466666666666667,206.66666666666666,24.6,6.0,10.4,240.0,23.4,3927.54,1900.0,10,8.1,16.6,138.0,26.0,7.0,16.25,200.0,24.75,0.4666666666666667,0.7,0.5833333333333333,2,2,2.0671263157894737,0.5539022727272728
Flow30,8,Flow303,7427.119999999999,-1.9180233851674637,10700.0,17.0,6.590909090909091,12.462121212121211,200.88636363636363,14.833333333333334,7.416666666666666,12.583333333333332,284.375,17.583333333333336,3.0,0.0,0.09166666666666666,3.0,3111.1499999999996,8800.0,6,3.0,8.833333333333334,289.5,22.666666666666668,5.333333333333333,8.666666666666666,400.0,27.666666666666668,4315.969999999999,1900.0,11,10.181818181818182,16.09090909090909,112.27272727272727,7.0,9.5,16.5,168.75,7.5,0.5,0.0,0.25,3,2,2.2715631578947364,0.35353977272727266
Flow30,8,Flow304,9657.59,-0.6791625598086124,10700.0,19.0,5.511111111111111,10.733333333333334,220.31666666666666,20.322222222222223,4.083333333333334,10.666666666666668,233.33333333333334,21.833333333333332,6.0,1.0,0.1,7.0,6881.42,8800.0,9,5.222222222222222,7.666666666666667,241.33333333333334,26.444444444444443,3.5,6.0,200.0,30.0,2776.17,1900.0,10,5.8,13.8,199.3,14.2,4.666666666666667,15.333333333333334,266.6666666666667,13.666666666666666,0.6666666666666666,0.1,0.3833333333333333,4,2,1.461142105263158,0.7819795454545455
Flow30,8,Flow305,8602.039999999999,0.007490669856459298,10700.0,21.0,3.583333333333333,11.291666666666666,156.05555555555554,15.041666666666668,3.2916666666666665,12.291666666666668,205.79166666666669,16.5,1.0,3.0,0.09166666666666666,4.0,7086.28,8800.0,9,1.3333333333333333,8.666666666666666,137.77777777777777,11.333333333333334,1.3333333333333333,9.333333333333334,133.33333333333334,10.0,1515.76,1900.0,12,5.833333333333333,13.916666666666666,174.33333333333334,18.75,5.25,15.25,278.25,23.0,0.1111111111111111,0.25,0.18055555555555555,5,2,0.7977684210526316,0.8052590909090909
Flow30,9,Flow301,10512.24,0.6849744651483782,13200.0,28.0,4.35,9.705555555555556,177.30555555555554,19.87222222222222,3.666666666666667,10.333333333333334,225.0,21.5,4.0,1.0,0.11666666666666667,5.0,7750.78,6900.0,18,1.0,8.11111111111111,133.61111111111111,19.444444444444443,2.6666666666666665,10.333333333333334,183.33333333333334,16.666666666666668,2761.46,6300.0,10,7.7,11.3,221.0,20.3,4.666666666666667,10.333333333333334,266.6666666666667,26.333333333333332,0.2222222222222222,0.1,0.1611111111111111,1,3,0.4383269841269841,1.1233014492753624
Flow30,9,Flow302,6690.32,-0.034748378191856555,13200.0,26.0,6.3125,13.583333333333332,208.23611111111111,22.84027777777778,6.958333333333333,14.458333333333334,256.25,25.541666666666664,7.0,4.0,0.08333333333333333,11.0,3382.7799999999997,6900.0,18,4.0,10.166666666666666,222.72222222222223,23.055555555555557,4.25,11.25,262.5,21.75,3307.54,6300.0,8,8.625,17.0,193.75,22.625,9.666666666666666,17.666666666666668,250.0,29.333333333333332,0.3888888888888889,0.5,0.4444444444444444,2,3,0.5250063492063493,0.4902579710144927
Flow30,9,Flow303,9884.630000000001,-0.7805447204968945,13200.0,26.0,8.154761904761905,12.69047619047619,153.98809523809524,18.86904761904762,9.666666666666668,12.416666666666668,183.33333333333334,19.083333333333336,7.0,3.0,0.08333333333333333,10.0,2596.49,6900.0,12,6.166666666666667,10.166666666666666,160.83333333333334,22.666666666666668,9.333333333333334,12.333333333333334,266.6666666666667,28.666666666666668,7288.14,6300.0,14,10.142857142857142,15.214285714285714,147.14285714285714,15.071428571428571,10.0,12.5,100.0,9.5,0.5833333333333334,0.21428571428571427,0.39880952380952384,3,3,1.1568476190476191,0.37630289855072463
Flow30,9,Flow304,11795.35,-0.26237577639751564,13200.0,22.0,7.475,13.483333333333334,226.66666666666669,21.916666666666664,7.0,13.5,250.0,21.0,8.0,1.0,0.09166666666666666,9.0,5301.7,6900.0,12,6.75,10.166666666666666,219.83333333333334,24.333333333333332,7.0,10.0,200.0,30.0,6493.650000000001,6300.0,10,8.2,16.8,233.5,19.5,7.0,17.0,300.0,12.0,0.6666666666666666,0.1,0.3833333333333333,4,3,1.0307380952380953,0.7683623188405797
Flow30,9,Flow305,11756.98,0.3839465838509317,13200.0,18.0,4.8896103896103895,12.435064935064934,196.49350649350652,20.012987012987015,5.083333333333334,12.916666666666668,270.83333333333337,20.208333333333336,1.0,5.0,0.1,6.0,7410.1,6900.0,11,2.6363636363636362,9.727272727272727,157.27272727272728,14.454545454545455,3.5,11.5,225.0,11.75,4346.88,6300.0,7,7.142857142857143,15.142857142857142,235.71428571428572,25.571428571428573,6.666666666666667,14.333333333333334,316.6666666666667,28.666666666666668,0.09090909090909091,0.7142857142857143,0.4025974025974026,5,3,0.6899809523809524,1.073927536231884
Flow30,10,Flow301,11846.43,0.40154416839199436,13200.0,27.0,5.450549450549451,11.695054945054945,174.45054945054943,18.664835164835168,3.375,10.25,281.25,24.125,4.0,2.0,0.18333333333333332,6.0,7514.8099999999995,6900.0,14,2.2857142857142856,7.928571428571429,174.28571428571428,20.714285714285715,2.25,9.5,312.5,23.75,4331.62,6300.0,13,8.615384615384615,15.461538461538462,174.6153846153846,16.615384615384617,4.5,11.0,250.0,24.5,0.2857142857142857,0.15384615384615385,0.21978021978021978,1,3,0.6875587301587301,1.0891028985507245
Flow30,10,Flow302,9449.169999999998,-0.16330069013112491,13200.0,23.0,6.553030303030304,13.041666666666668,181.17424242424244,19.58712121212121,6.625,14.125,262.5,23.25,5.0,5.0,0.09166666666666666,10.0,4401.5599999999995,6900.0,12,3.8333333333333335,10.083333333333334,204.16666666666666,20.083333333333332,5.25,12.0,250.0,21.25,5047.61,6300.0,11,9.272727272727273,16.0,158.1818181818182,19.09090909090909,8.0,16.25,275.0,25.25,0.4166666666666667,0.45454545454545453,0.4356060606060606,2,3,0.8012079365079364,0.6379072463768115
Flow30,10,Flow303,11326.64,-0.5443166321601104,13200.0,27.0,8.722222222222221,12.805555555555555,201.80555555555554,18.75,9.75,13.125,285.0,21.125,7.0,3.0,0.10833333333333334,10.0,4128.21,6900.0,9,6.333333333333333,10.666666666666666,278.0,26.77777777777778,9.5,11.0,400.0,29.0,7198.43,6300.0,18,11.11111111111111,14.944444444444445,125.61111111111111,10.722222222222221,10.0,15.25,170.0,13.25,0.7777777777777778,0.16666666666666666,0.4722222222222222,3,3,1.1426079365079365,0.5982913043478261
Flow30,10,Flow304,12573.06,0.13066349206349204,13200.0,27.0,8.460227272727273,13.244318181818182,197.82954545454544,19.840909090909093,8.0,13.333333333333332,266.66666666666663,21.833333333333332,8.0,1.0,0.11666666666666667,9.0,7002.58,6900.0,11,6.545454545454546,9.363636363636363,201.9090909090909,25.181818181818183,9.0,11.0,200.0,30.0,5570.48,6300.0,16,10.375,17.125,193.75,14.5,7.0,15.666666666666666,333.3333333333333,13.666666666666666,0.7272727272727273,0.0625,0.39488636363636365,4,3,0.8842031746031745,1.0148666666666666
Flow30,10,Flow305,12000.54,0.9777050379572119,13200.0,18.0,3.7384615384615385,9.523076923076923,208.3846153846154,22.115384615384613,3.7083333333333335,10.875,250.0,21.875,0.0,5.0,0.16666666666666666,5.0,9492.77,6900.0,13,2.076923076923077,8.846153846153847,156.76923076923077,14.23076923076923,1.75,9.75,200.0,13.75,2507.77,6300.0,5,5.4,10.2,260.0,30.0,5.666666666666667,12.0,300.0,30.0,0.0,1.0,0.5,5,3,0.39805873015873017,1.375763768115942
Flow30,11,Flow301,10164.93,0.19968951000690138,13200.0,19.0,4.948863636363637,11.517045454545453,184.0681818181818,22.99431818181818,3.7916666666666665,11.916666666666668,316.66666666666663,23.0,4.0,4.0,0.1,8.0,5971.1,6900.0,8,2.625,8.125,201.5,24.625,2.25,9.5,300.0,24.0,4193.83,6300.0,11,7.2727272727272725,14.909090909090908,166.63636363636363,21.363636363636363,5.333333333333333,14.333333333333334,333.3333333333333,22.0,0.5,0.36363636363636365,0.4318181818181818,1,3,0.6656873015873016,0.865376811594203
Flow30,11,Flow302,9408.380000000001,-0.26378040027605243,13200.0,25.0,6.525974025974026,13.344155844155845,175.03246753246754,25.64935064935065,6.25,14.25,256.25,23.875,9.0,9.0,0.06666666666666667,18.0,4049.34,6900.0,14,4.142857142857143,10.142857142857142,196.42857142857142,24.571428571428573,3.75,11.25,250.0,22.0,5359.04,6300.0,11,8.909090909090908,16.545454545454547,153.63636363636363,26.727272727272727,8.75,17.25,262.5,25.75,0.6428571428571429,0.8181818181818182,0.7305194805194806,2,3,0.8506412698412699,0.5868608695652174
Flow30,11,Flow303,11430.8,-0.4259378881987578,13200.0,20.0,9.125,12.208333333333332,193.3125,17.979166666666668,9.5,12.25,321.875,21.125,6.0,2.0,0.11666666666666667,8.0,4572.5,6900.0,8,7.0,10.25,236.625,26.375,9.0,10.0,400.0,30.0,6858.3,6300.0,12,11.25,14.166666666666666,150.0,9.583333333333334,10.0,14.5,243.75,12.25,0.75,0.16666666666666666,0.4583333333333333,3,3,1.0886190476190476,0.6626811594202898
Flow30,11,Flow304,12066.720000000001,0.39779047619047625,13200.0,27.0,7.541666666666666,12.441666666666666,185.0,21.075,7.166666666666666,12.833333333333334,300.0,22.333333333333336,6.0,5.0,0.1,11.0,7617.6,6900.0,12,5.083333333333333,8.083333333333334,183.33333333333334,22.75,8.0,10.333333333333334,266.6666666666667,26.0,4449.12,6300.0,15,10.0,16.8,186.66666666666666,19.4,6.333333333333333,15.333333333333334,333.3333333333333,18.666666666666668,0.5,0.3333333333333333,0.41666666666666663,4,3,0.7062095238095238,1.104
Flow30,11,Flow305,12014.87,0.7891394755003451,13200.0,18.0,3.792307692307692,10.661538461538463,207.65384615384616,23.115384615384613,3.958333333333333,10.75,225.0,21.083333333333332,2.0,5.0,0.075,7.0,8879.28,6900.0,13,2.3846153846153846,8.923076923076923,155.30769230769232,16.23076923076923,2.1666666666666665,8.5,200.0,12.166666666666666,3135.59,6300.0,5,5.2,12.4,260.0,30.0,5.75,13.0,250.0,30.0,0.15384615384615385,1.0,0.5769230769230769,5,3,0.49771269841269844,1.2868521739130436
Flow30,12,Flow301,10085.77,0.16191421670117323,13200.0,24.0,5.083333333333334,11.083333333333332,209.25,23.375,3.3333333333333335,11.166666666666668,333.33333333333337,26.916666666666664,3.0,6.0,0.11666666666666667,9.0,5805.32,6900.0,12,1.5833333333333333,8.25,231.16666666666666,20.0,1.0,8.0,350.0,27.5,4280.45,6300.0,12,8.583333333333334,13.916666666666666,187.33333333333334,26.75,5.666666666666667,14.333333333333334,316.6666666666667,26.333333333333332,0.25,0.5,0.375,1,3,0.6794365079365079,0.8413507246376811
Flow30,12,Flow302,10843.93,-0.3421608695652174,13200.0,26.0,8.36969696969697,13.233333333333333,176.66666666666669,24.524242424242424,8.125,13.5,262.5,24.875,7.0,10.0,0.09166666666666666,17.0,4541.62,6900.0,11,5.2727272727272725,9.0,200.0,25.181818181818183,5.0,10.75,287.5,25.0,6302.3099999999995,6300.0,15,11.466666666666667,17.466666666666665,153.33333333333334,23.866666666666667,11.25,16.25,237.5,24.75,0.6363636363636364,0.6666666666666666,0.6515151515151515,2,3,1.0003666666666666,0.6582057971014492
Flow30,12,Flow303,12084.54,-0.4668581090407177,13200.0,25.0,8.931818181818182,12.279220779220779,151.85714285714286,19.834415584415584,8.625,12.375,222.5,21.625,10.0,2.0,0.09166666666666666,12.0,4779.47,6900.0,11,7.363636363636363,10.272727272727273,164.0,27.454545454545453,8.5,11.0,200.0,30.0,7305.07,6300.0,14,10.5,14.285714285714286,139.71428571428572,12.214285714285714,8.75,13.75,245.0,13.25,0.9090909090909091,0.14285714285714285,0.525974025974026,3,3,1.1595349206349206,0.6926768115942029
Flow30,12,Flow304,9003.48,0.17222111801242246,13200.0,26.0,6.3273809523809526,11.702380952380953,222.07738095238096,22.011904761904763,6.166666666666667,12.5,266.6666666666667,19.833333333333332,9.0,3.0,0.11666666666666667,12.0,5273.52,6900.0,14,5.071428571428571,8.071428571428571,248.57142857142858,24.857142857142858,5.666666666666667,9.0,266.6666666666667,26.0,3729.96,6300.0,12,7.583333333333333,15.333333333333334,195.58333333333334,19.166666666666668,6.666666666666667,16.0,266.6666666666667,13.666666666666666,0.6428571428571429,0.25,0.44642857142857145,4,3,0.5920571428571428,0.7642782608695653
Flow30,12,Flow305,11402.619999999999,0.6196862663906141,13200.0,19.0,2.7443181818181817,10.880681818181818,191.76136363636363,18.28409090909091,3.5,12.25,250.0,16.125,1.0,2.0,0.13333333333333333,3.0,8001.2,6900.0,11,2.3636363636363638,9.636363636363637,167.27272727272728,15.818181818181818,2.5,10.5,200.0,15.25,3401.42,6300.0,8,3.125,12.125,216.25,20.75,4.5,14.0,300.0,17.0,0.09090909090909091,0.25,0.17045454545454547,5,3,0.5399079365079366,1.1595942028985506
Flow30,13,Flow301,9828.34,-0.4279940789473684,10700.0,22.0,4.454545454545454,9.954545454545455,230.36363636363637,21.5,3.125,9.75,356.25,25.25,3.0,6.0,0.1,9.0,7414.33,8800.0,11,1.6363636363636365,6.909090909090909,227.27272727272728,19.545454545454547,0.0,8.0,400.0,25.5,2414.0099999999998,1900.0,11,7.2727272727272725,13.0,233.45454545454547,23.454545454545453,6.25,11.5,312.5,25.0,0.2727272727272727,0.5454545454545454,0.40909090909090906,1,4,1.2705315789473683,0.8425374999999999
Flow30,13,Flow302,7323.780000000001,-0.5813681818181818,10700.0,24.0,6.285714285714286,12.607142857142858,225.0,24.935714285714287,7.0,14.0,316.6666666666667,27.166666666666664,5.0,9.0,0.075,14.0,5114.84,8800.0,10,2.5,8.0,275.0,26.3,4.0,9.666666666666666,366.6666666666667,24.333333333333332,2208.94,1900.0,14,10.071428571428571,17.214285714285715,175.0,23.571428571428573,10.0,18.333333333333332,266.6666666666667,30.0,0.5,0.6428571428571429,0.5714285714285714,2,4,1.1626,0.5812318181818182
Flow30,13,Flow303,9089.43,-1.9093606459330146,10700.0,23.0,7.650793650793651,11.027777777777779,177.73015873015873,20.57142857142857,9.166666666666668,12.166666666666668,265.0,23.5,8.0,4.0,0.10833333333333334,12.0,4491.82,8800.0,9,6.444444444444445,8.555555555555555,196.88888888888889,27.0,9.0,10.333333333333334,300.0,30.0,4597.610000000001,1900.0,14,8.857142857142858,13.5,158.57142857142858,14.142857142857142,9.333333333333334,14.0,230.0,17.0,0.8888888888888888,0.2857142857142857,0.5873015873015872,3,4,2.4197947368421056,0.5104340909090909
Flow30,13,Flow304,8985.99,-0.45126668660287095,10700.0,24.0,5.3321678321678325,10.157342657342657,214.33566433566435,23.541958041958043,5.083333333333334,12.333333333333332,258.33333333333337,25.0,8.0,3.0,0.15833333333333333,11.0,6685.19,8800.0,13,3.8461538461538463,7.769230769230769,234.30769230769232,24.53846153846154,4.666666666666667,8.666666666666666,266.6666666666667,26.0,2300.8,1900.0,11,6.818181818181818,12.545454545454545,194.36363636363637,22.545454545454547,5.5,16.0,250.0,24.0,0.6153846153846154,0.2727272727272727,0.44405594405594406,4,4,1.2109473684210528,0.7596806818181818
Flow30,13,Flow305,10558.82,-0.42982984449760775,10700.0,21.0,3.366666666666667,9.366666666666667,224.08333333333331,19.75,4.291666666666667,10.25,222.91666666666669,24.333333333333336,2.0,2.0,0.08333333333333333,4.0,8012.23,8800.0,15,2.066666666666667,8.4,210.0,15.666666666666666,3.3333333333333335,9.0,133.33333333333334,23.666666666666668,2546.59,1900.0,6,4.666666666666667,10.333333333333334,238.16666666666666,23.833333333333332,5.25,11.5,312.5,25.0,0.13333333333333333,0.3333333333333333,0.23333333333333334,5,4,1.3403105263157895,0.9104806818181818
Flow30,14,Flow301,9574.16,-0.6295244617224881,10700.0,25.0,4.402597402597403,10.282467532467532,229.8051948051948,24.31818181818182,3.625,9.166666666666668,329.16666666666663,29.0,4.0,6.0,0.125,10.0,6890.37,8800.0,11,2.090909090909091,7.636363636363637,278.1818181818182,24.636363636363637,1.25,8.0,375.0,28.0,2683.79,1900.0,14,6.714285714285714,12.928571428571429,181.42857142857142,24.0,6.0,10.333333333333334,283.3333333333333,30.0,0.36363636363636365,0.42857142857142855,0.39610389610389607,1,4,1.412521052631579,0.7829965909090909
Flow30,14,Flow302,8238.92,-0.5365961722488038,10700.0,24.0,4.85,11.207142857142857,246.12857142857143,23.121428571428574,4.458333333333333,11.333333333333334,310.41666666666663,23.666666666666664,8.0,5.0,0.1,13.0,5937.44,8800.0,14,3.5,7.214285714285714,291.35714285714283,25.642857142857142,2.6666666666666665,6.666666666666667,383.3333333333333,27.333333333333332,2301.48,1900.0,10,6.2,15.2,200.9,20.6,6.25,16.0,237.5,20.0,0.5714285714285714,0.5,0.5357142857142857,2,4,1.2113052631578947,0.6747090909090908
Flow30,14,Flow303,10244.04,-2.2681791267942586,10700.0,25.0,7.066666666666666,11.216666666666667,157.28333333333333,17.433333333333334,9.416666666666666,11.833333333333332,195.0,18.75,7.0,4.0,0.075,11.0,4880.71,8800.0,10,4.6,8.9,189.9,22.2,7.333333333333333,9.666666666666666,300.0,30.0,5363.33,1900.0,15,9.533333333333333,13.533333333333333,124.66666666666667,12.666666666666666,11.5,14.0,90.0,7.5,0.7,0.26666666666666666,0.4833333333333333,3,4,2.822805263157895,0.5546261363636363
Flow30,14,Flow304,9421.55,-0.5410952153110049,10700.0,26.0,5.718181818181819,10.76969696969697,174.3,24.78787878787879,4.833333333333334,11.166666666666668,266.6666666666667,21.0,8.0,8.0,0.09166666666666666,16.0,6903.04,8800.0,11,4.636363636363637,7.2727272727272725,200.0,26.90909090909091,4.666666666666667,8.0,300.0,26.0,2518.51,1900.0,15,6.8,14.266666666666667,148.6,22.666666666666668,5.0,14.333333333333334,233.33333333333334,16.0,0.7272727272727273,0.5333333333333333,0.6303030303030304,4,4,1.3255315789473685,0.7844363636363636
Flow30,14,Flow305,9528.06,-0.35706226076555014,10700.0,20.0,3.0329670329670333,10.197802197802197,191.63736263736263,15.016483516483516,4.25,9.083333333333334,216.66666666666669,17.958333333333336,2.0,2.0,0.08333333333333333,4.0,7278.21,8800.0,13,1.9230769230769231,8.538461538461538,153.84615384615384,14.461538461538462,3.0,6.666666666666667,133.33333333333334,20.666666666666668,2249.85,1900.0,7,4.142857142857143,11.857142857142858,229.42857142857142,15.571428571428571,5.5,11.5,300.0,15.25,0.15384615384615385,0.2857142857142857,0.21978021978021978,5,4,1.1841315789473683,0.8270693181818182
Flow30,15,Flow301,8591.189999999999,-0.5281471291866028,10700.0,27.0,4.164835164835165,9.12912087912088,167.93956043956047,22.302197802197803,4.125,11.5,293.75,25.125,2.0,10.0,0.10833333333333334,12.0,6240.36,8800.0,13,1.6153846153846154,6.615384615384615,162.30769230769232,19.46153846153846,2.5,8.5,300.0,23.5,2350.83,1900.0,14,6.714285714285714,11.642857142857142,173.57142857142858,25.142857142857142,5.75,14.5,287.5,26.75,0.15384615384615385,0.7142857142857143,0.4340659340659341,1,4,1.237278947368421,0.7091318181818181
Flow30,15,Flow302,8425.48,-1.1245090311004784,10700.0,25.0,5.5160256410256405,12.115384615384615,211.79487179487177,23.923076923076923,6.0,12.833333333333332,245.0,26.583333333333336,8.0,7.0,0.09166666666666666,15.0,5172.19,8800.0,13,2.6153846153846154,7.230769230769231,256.9230769230769,25.846153846153847,4.0,10.0,290.0,26.5,3253.29,1900.0,12,8.416666666666666,17.0,166.66666666666666,22.0,8.0,15.666666666666666,200.0,26.666666666666668,0.6153846153846154,0.5833333333333334,0.5993589743589745,2,4,1.712257894736842,0.5877488636363636
Flow30,15,Flow303,9376.42,-1.5257919856459328,10700.0,21.0,6.285714285714286,11.071428571428571,166.07142857142856,18.357142857142858,7.625,11.125,273.75,20.125,5.0,3.0,0.075,8.0,5327.22,8800.0,7,4.571428571428571,8.428571428571429,201.28571428571428,23.571428571428573,7.0,9.0,300.0,24.0,4049.2,1900.0,14,8.0,13.714285714285714,130.85714285714286,13.142857142857142,8.25,13.25,247.5,16.25,0.7142857142857143,0.21428571428571427,0.4642857142857143,3,4,2.131157894736842,0.6053659090909091
Flow30,15,Flow304,10085.46,-0.5450049641148327,10700.0,23.0,5.087121212121212,10.333333333333334,152.2689393939394,22.96212121212121,4.5,10.333333333333334,200.0,22.666666666666668,7.0,6.0,0.075,13.0,7442.95,8800.0,12,4.083333333333333,7.666666666666667,143.08333333333334,23.833333333333332,4.0,6.666666666666667,200.0,26.666666666666668,2642.51,1900.0,11,6.090909090909091,13.0,161.45454545454547,22.09090909090909,5.0,14.0,200.0,18.666666666666668,0.5833333333333334,0.5454545454545454,0.5643939393939394,4,4,1.3907947368421054,0.8457897727272727
Flow30,15,Flow305,10532.83,-0.975315490430622,10700.0,18.0,4.425,10.625,174.75,16.55,3.625,10.375,225.0,19.375,2.0,3.0,0.1,5.0,7138.47,8800.0,10,3.1,9.0,150.0,14.1,2.25,9.0,150.0,13.75,3394.36,1900.0,8,5.75,12.25,199.5,19.0,5.0,11.75,300.0,25.0,0.2,0.375,0.2875,5,4,1.7865052631578948,0.8111897727272728
Flow30,16,Flow301,10251.9,-0.4277050837320575,10700.0,26.0,3.769230769230769,9.423076923076923,145.69230769230768,21.192307692307693,3.375,10.25,268.75,23.25,1.0,9.0,0.08333333333333333,10.0,7763.13,8800.0,13,1.8461538461538463,6.615384615384615,127.53846153846153,16.46153846153846,1.0,7.75,250.0,19.0,2488.77,1900.0,13,5.6923076923076925,12.23076923076923,163.84615384615384,25.923076923076923,5.75,12.75,287.5,27.5,0.07692307692307693,0.6923076923076923,0.3846153846153846,1,4,1.3098789473684211,0.8821738636363636
Flow30,16,Flow302,8078.17,-0.37431351674641156,10700.0,22.0,4.908333333333333,11.391666666666666,252.83333333333334,27.025,5.0,12.458333333333334,327.08333333333337,27.75,10.0,8.0,0.09166666666666666,18.0,6058.82,8800.0,12,2.4166666666666665,6.583333333333333,316.6666666666667,26.25,4.0,8.25,387.5,25.5,2019.35,1900.0,10,7.4,16.2,189.0,27.8,6.0,16.666666666666668,266.6666666666667,30.0,0.8333333333333334,0.8,0.8166666666666667,2,4,1.0628157894736843,0.6885022727272727
Flow30,16,Flow303,9858.75,-1.613031937799043,10700.0,23.0,6.178030303030303,10.848484848484848,202.8560606060606,17.958333333333332,9.166666666666666,11.833333333333332,247.5,19.5,7.0,3.0,0.09166666666666666,10.0,5587.58,8800.0,11,4.2727272727272725,8.363636363636363,254.54545454545453,22.0,7.333333333333333,8.666666666666666,400.0,30.0,4271.17,1900.0,12,8.083333333333334,13.333333333333334,151.16666666666666,13.916666666666666,11.0,15.0,95.0,9.0,0.6363636363636364,0.25,0.4431818181818182,3,4,2.2479842105263157,0.6349522727272727
Flow30,16,Flow304,9330.94,-1.0049514952153111,10700.0,21.0,5.944444444444445,11.916666666666668,187.1388888888889,23.194444444444443,6.0,13.166666666666668,200.0,22.5,5.0,6.0,0.11666666666666667,11.0,6103.6900000000005,8800.0,9,5.888888888888889,9.333333333333334,225.44444444444446,24.22222222222222,6.666666666666667,9.333333333333334,200.0,25.333333333333332,3227.25,1900.0,12,6.0,14.5,148.83333333333334,22.166666666666668,5.333333333333333,17.0,200.0,19.666666666666668,0.5555555555555556,0.5,0.5277777777777778,4,4,1.6985526315789474,0.6936011363636364
Flow30,16,Flow305,10535.42,-0.7765080143540669,10700.0,24.0,4.111888111888112,10.723776223776223,136.82867132867133,18.206293706293707,4.416666666666667,12.125,168.41666666666669,17.833333333333336,5.0,5.0,0.14166666666666666,10.0,7451.26,8800.0,13,2.769230769230769,8.538461538461538,115.38461538461539,17.23076923076923,3.3333333333333335,10.0,133.33333333333334,17.666666666666668,3084.16,1900.0,11,5.454545454545454,12.909090909090908,158.27272727272728,19.181818181818183,5.5,14.25,203.5,18.0,0.38461538461538464,0.45454545454545453,0.4195804195804196,5,4,1.6232421052631578,0.8467340909090909
Flow30,17,Flow301,9531.8,1.4917704301075267,11700.0,28.0,6.535714285714286,14.25,180.46428571428572,21.32142857142857,6.666666666666666,15.166666666666668,241.66666666666669,25.5,3.0,4.0,0.08333333333333333,7.0,4801.08,2400.0,14,1.9285714285714286,12.071428571428571,180.21428571428572,22.785714285714285,2.6666666666666665,11.666666666666666,183.33333333333334,26.333333333333332,4730.719999999999,9300.0,14,11.142857142857142,16.428571428571427,180.71428571428572,19.857142857142858,10.666666666666666,18.666666666666668,300.0,24.666666666666668,0.21428571428571427,0.2857142857142857,0.25,1,5,0.5086795698924731,2.00045
Flow30,17,Flow302,8879.94,2.9116350806451616,11700.0,25.0,5.433333333333333,11.533333333333333,166.11666666666667,23.46666666666667,6.416666666666666,13.125,258.33333333333337,24.791666666666664,9.0,6.0,0.058333333333333334,15.0,7376.030000000001,2400.0,15,2.6666666666666665,7.866666666666666,149.73333333333332,22.333333333333332,6.333333333333333,11.0,266.6666666666667,21.333333333333332,1503.9099999999999,9300.0,10,8.2,15.2,182.5,24.6,6.5,15.25,250.0,28.25,0.6,0.6,0.6,2,5,0.16171075268817203,3.0733458333333337
Flow30,17,Flow303,8739.519999999999,0.27362795698924736,11700.0,31.0,9.16025641025641,13.55982905982906,190.16239316239316,17.713675213675216,10.875,14.0,222.5,21.5,8.0,5.0,0.10833333333333334,13.0,2314.72,2400.0,13,6.153846153846154,11.23076923076923,264.7692307692308,21.53846153846154,10.5,13.0,350.0,30.0,6424.799999999999,9300.0,18,12.166666666666666,15.88888888888889,115.55555555555556,13.88888888888889,11.25,15.0,95.0,13.0,0.6153846153846154,0.2777777777777778,0.4465811965811966,3,5,0.6908387096774192,0.9644666666666666
Flow30,17,Flow304,11096.74,1.8770719086021501,11700.0,24.0,8.857142857142858,14.657142857142858,196.67857142857144,25.192857142857143,6.833333333333334,13.833333333333334,200.0,22.166666666666664,11.0,5.0,0.125,16.0,5857.129999999999,2400.0,14,7.714285714285714,12.714285714285714,183.35714285714286,27.785714285714285,7.0,11.0,166.66666666666666,25.333333333333332,5239.610000000001,9300.0,10,10.0,16.6,210.0,22.6,6.666666666666667,16.666666666666668,233.33333333333334,19.0,0.7857142857142857,0.5,0.6428571428571428,4,5,0.5633989247311828,2.440470833333333
Flow30,17,Flow305,10959.08,2.6852095430107523,11700.0,24.0,6.72027972027972,13.41958041958042,177.11888111888112,16.5979020979021,7.5,15.125,231.25,20.0,0.0,3.0,0.1,3.0,7370.57,2400.0,13,4.076923076923077,11.384615384615385,119.6923076923077,12.923076923076923,3.5,11.25,162.5,13.0,3588.51,9300.0,11,9.363636363636363,15.454545454545455,234.54545454545453,20.272727272727273,11.5,19.0,300.0,27.0,0.0,0.2727272727272727,0.13636363636363635,5,5,0.38586129032258065,3.071070833333333
Flow30,18,Flow301,10472.27,1.4506805107526881,11700.0,23.0,7.337301587301588,14.873015873015873,237.76984126984127,23.71825396825397,6.833333333333333,15.125,273.95833333333337,26.333333333333336,5.0,4.0,0.09166666666666666,9.0,4915.61,2400.0,14,1.7857142857142858,12.857142857142858,164.42857142857142,22.214285714285715,3.0,13.25,181.25,25.0,5556.66,9300.0,9,12.88888888888889,16.88888888888889,311.1111111111111,25.22222222222222,10.666666666666666,17.0,366.6666666666667,27.666666666666668,0.35714285714285715,0.4444444444444444,0.4007936507936508,1,5,0.5974903225806452,2.0481708333333333
Flow30,18,Flow302,9440.99,2.0195220430107526,11700.0,28.0,6.675,12.775,156.15,25.5875,5.416666666666666,12.5,266.66666666666663,25.333333333333336,12.0,5.0,0.175,17.0,5789.24,2400.0,20,4.1,9.3,131.05,23.3,4.5,11.0,250.0,23.0,3651.75,9300.0,8,9.25,16.25,181.25,27.875,6.333333333333333,14.0,283.3333333333333,27.666666666666668,0.6,0.625,0.6125,2,5,0.3926612903225806,2.412183333333333
Flow30,18,Flow303,9875.85,0.27642540322580655,11700.0,27.0,10.241666666666667,14.366666666666667,150.875,19.1,9.833333333333332,13.5,230.0,18.833333333333332,9.0,3.0,0.075,12.0,2553.15,2400.0,12,8.416666666666666,12.666666666666666,185.08333333333334,26.0,8.0,12.666666666666666,266.6666666666667,29.333333333333332,7322.7,9300.0,15,12.066666666666666,16.066666666666666,116.66666666666667,12.2,11.666666666666666,14.333333333333334,193.33333333333334,8.333333333333334,0.75,0.2,0.475,3,5,0.7873870967741935,1.0638125
Flow30,18,Flow304,11292.720000000001,1.5418758064516132,11700.0,19.0,7.5888888888888895,14.466666666666665,203.26666666666665,22.344444444444445,8.75,13.75,250.0,25.25,6.0,2.0,0.09166666666666666,8.0,5257.88,2400.0,10,6.4,11.6,151.2,24.8,9.0,11.0,175.0,30.0,6034.84,9300.0,9,8.777777777777779,17.333333333333332,255.33333333333334,19.88888888888889,8.5,16.5,325.0,20.5,0.6,0.2222222222222222,0.4111111111111111,4,5,0.6489075268817205,2.1907833333333335
Flow30,18,Flow305,10727.880000000001,2.0538056451612903,11700.0,21.0,7.8090909090909095,13.309090909090909,139.63636363636363,20.095454545454544,8.0,14.541666666666666,225.0,16.708333333333336,0.0,6.0,0.09166666666666666,6.0,6118.62,2400.0,11,4.818181818181818,11.818181818181818,111.27272727272727,16.09090909090909,4.0,12.75,150.0,12.75,4609.26,9300.0,10,10.8,14.8,168.0,24.1,12.0,16.333333333333332,300.0,20.666666666666668,0.0,0.6,0.3,5,5,0.4956193548387097,2.549425
Flow30,19,Flow301,10362.8,1.048354301075269,11700.0,21.0,7.6909090909090905,14.731818181818182,203.10909090909092,25.19090909090909,6.208333333333333,14.5,317.70833333333337,27.25,3.0,5.0,0.10833333333333334,8.0,4125.64,2400.0,11,3.1818181818181817,13.363636363636363,161.8181818181818,24.181818181818183,1.75,14.0,268.75,26.5,6237.16,9300.0,10,12.2,16.1,244.4,26.2,10.666666666666666,15.0,366.6666666666667,28.0,0.2727272727272727,0.5,0.38636363636363635,1,5,0.6706623655913978,1.7190166666666669
Flow30,19,Flow302,9317.75,2.6286559139784944,11700.0,22.0,6.405982905982906,13.0982905982906,193.53418803418805,24.5,6.125,14.125,243.75,25.375,7.0,5.0,0.13333333333333333,12.0,6926.0,2400.0,13,4.923076923076923,10.307692307692308,184.84615384615384,23.0,5.5,12.0,262.5,23.5,2391.75,9300.0,9,7.888888888888889,15.88888888888889,202.22222222222223,26.0,6.75,16.25,225.0,27.25,0.5384615384615384,0.5555555555555556,0.5470085470085471,2,5,0.25717741935483873,2.8858333333333333
Flow30,19,Flow303,9812.960000000001,0.3159918010752687,11700.0,26.0,9.68125,14.05625,145.9375,21.525,8.916666666666666,13.583333333333332,185.0,19.708333333333336,8.0,5.0,0.075,13.0,2615.73,2400.0,10,7.3,12.3,162.5,24.8,6.333333333333333,11.666666666666666,200.0,21.666666666666668,7197.2300000000005,9300.0,16,12.0625,15.8125,129.375,18.25,11.5,15.5,170.0,17.75,0.8,0.3125,0.55625,3,5,0.7738956989247312,1.0898875
Flow30,19,Flow304,10272.33,1.0352588709677422,11700.0,21.0,10.131818181818183,15.454545454545455,210.4909090909091,22.354545454545455,7.75,14.625,300.0,19.791666666666664,8.0,4.0,0.075,12.0,4082.1000000000004,2400.0,10,8.9,13.0,183.8,26.8,6.0,12.0,300.0,19.333333333333332,6190.23,9300.0,11,11.363636363636363,17.90909090909091,237.1818181818182,17.90909090909091,9.5,17.25,300.0,20.25,0.8,0.36363636363636365,0.5818181818181818,4,5,0.665616129032258,1.7008750000000001
Flow30,19,Flow305,10653.29,2.294662365591398,11700.0,20.0,6.646464646464646,13.237373737373737,174.64646464646466,18.68181818181818,6.833333333333333,12.75,275.0,17.625,1.0,5.0,0.075,6.0,6562.8,2400.0,11,4.181818181818182,12.363636363636363,118.18181818181819,15.363636363636363,4.0,12.5,150.0,11.25,4090.49,9300.0,9,9.11111111111111,14.11111111111111,231.11111111111111,22.0,9.666666666666666,13.0,400.0,24.0,0.09090909090909091,0.5555555555555556,0.32323232323232326,5,5,0.43983763440860213,2.7345
Flow30,20,Flow301,10318.87,0.6951638440860214,11700.0,16.0,8.031746031746032,15.61111111111111,226.58730158730157,26.460317460317462,7.916666666666667,15.5,302.08333333333337,28.625,4.0,7.0,0.075,11.0,3442.85,2400.0,7,3.2857142857142856,14.0,204.28571428571428,28.142857142857142,3.5,14.0,237.5,27.25,6876.02,9300.0,9,12.777777777777779,17.22222222222222,248.88888888888889,24.77777777777778,12.333333333333334,17.0,366.6666666666667,30.0,0.5714285714285714,0.7777777777777778,0.6746031746031746,1,5,0.7393569892473119,1.4345208333333332
Flow30,20,Flow302,9416.26,1.852940053763441,11700.0,21.0,7.277272727272727,13.954545454545455,170.9,26.763636363636365,6.75,14.5,256.25,26.375,6.0,9.0,0.10833333333333334,15.0,5466.38,2400.0,10,5.1,11.0,191.8,23.8,5.75,12.0,287.5,23.0,3949.88,9300.0,11,9.454545454545455,16.90909090909091,150.0,29.727272727272727,7.75,17.0,225.0,29.75,0.6,0.8181818181818182,0.7090909090909091,2,5,0.4247182795698925,2.2776583333333336
Flow30,20,Flow303,10759.800000000001,0.5011088709677418,11700.0,22.0,8.67094017094017,14.226495726495726,167.39316239316238,22.175213675213676,9.0,14.375,218.33333333333334,17.333333333333336,6.0,5.0,0.09166666666666666,11.0,3163.1,2400.0,9,5.111111111111111,12.222222222222221,205.55555555555554,23.88888888888889,6.0,13.0,266.6666666666667,19.666666666666668,7596.700000000001,9300.0,13,12.23076923076923,16.23076923076923,129.23076923076923,20.46153846153846,12.0,15.75,170.0,15.0,0.6666666666666666,0.38461538461538464,0.5256410256410257,3,5,0.8168494623655915,1.3179583333333333
Flow30,20,Flow304,11164.2,1.117296370967742,11700.0,19.0,8.4375,15.176136363636363,206.70454545454544,24.607954545454547,10.0,16.333333333333336,250.0,24.333333333333332,9.0,4.0,0.09166666666666666,13.0,4421.55,2400.0,11,7.0,12.727272727272727,200.9090909090909,27.09090909090909,10.0,15.0,233.33333333333334,23.333333333333332,6742.65,9300.0,8,9.875,17.625,212.5,22.125,10.0,17.666666666666668,266.6666666666667,25.333333333333332,0.8181818181818182,0.5,0.6590909090909092,4,5,0.725016129032258,1.8423125
Flow30,20,Flow305,10213.51,1.8715916666666668,11700.0,21.0,5.875,14.333333333333332,159.02777777777777,18.51388888888889,6.333333333333333,13.208333333333332,275.0,18.416666666666664,3.0,5.0,0.08333333333333333,8.0,5665.5,2400.0,12,3.0833333333333335,12.333333333333334,122.5,13.916666666666666,3.0,12.75,150.0,13.5,4548.01,9300.0,9,8.666666666666666,16.333333333333332,195.55555555555554,23.11111111111111,9.666666666666666,13.666666666666666,400.0,23.333333333333332,0.25,0.5555555555555556,0.4027777777777778,5,5,0.4890333333333334,2.360625
Flow60,1,Flow606,9687.01,1.3805271505376342,11700.0,29.0,8.966346153846153,14.483173076923077,189.54326923076923,35.40625,6.875,12.875,262.5,40.375,1.0,1.0,0.14166666666666666,2.0,4620.7,2400.0,16,4.625,10.8125,140.625,37.8125,3.5,10.0,150.0,50.25,5066.31,9300.0,13,13.307692307692308,18.153846153846153,238.46153846153845,33.0,10.25,15.75,375.0,30.5,0.0625,0.07692307692307693,0.06971153846153846,6,1,0.5447645161290323,1.9252916666666666
Flow60,1,Flow607,10015.12,1.2133594086021506,11700.0,23.0,7.049242424242424,13.253787878787879,179.7348484848485,37.890151515151516,5.6,12.2,235.0,34.25,0.0,0.0,0.13333333333333333,0.0,4369.1,2400.0,11,2.1818181818181817,11.090909090909092,213.63636363636363,43.36363636363637,3.2,12.4,220.0,39.0,5646.02,9300.0,12,11.916666666666666,15.416666666666666,145.83333333333334,32.416666666666664,8.0,12.0,250.0,29.5,0.0,0.0,0.0,7,1,0.6070989247311829,1.8204583333333335
Flow60,1,Flow608,7958.460000000001,1.2215258064516128,11700.0,22.0,5.303418803418804,13.384615384615385,173.3760683760684,30.846153846153847,4.958333333333333,14.125,246.66666666666669,38.75,1.0,4.0,0.31666666666666665,5.0,3962.8,2400.0,9,1.2222222222222223,9.0,164.44444444444446,29.0,0.6666666666666666,10.0,243.33333333333334,38.0,3995.6600000000003,9300.0,13,9.384615384615385,17.76923076923077,182.30769230769232,32.69230769230769,9.25,18.25,250.0,39.5,0.1111111111111111,0.3076923076923077,0.2094017094017094,8,1,0.4296408602150538,1.6511666666666667
Flow60,1,Flow609,10216.92,1.180835887096774,11700.0,21.0,9.597222222222221,14.319444444444445,193.77777777777777,22.958333333333332,5.5,11.75,341.66666666666663,32.5,0.0,0.0,0.18333333333333332,0.0,4348.45,2400.0,9,5.777777777777778,11.222222222222221,188.22222222222223,30.0,4.0,12.0,283.3333333333333,41.0,5868.47,9300.0,12,13.416666666666666,17.416666666666668,199.33333333333334,15.916666666666666,7.0,11.5,400.0,24.0,0.0,0.0,0.0,9,1,0.6310182795698925,1.8118541666666665
Flow60,1,Flow6010,7433.9,2.0354526881720427,11700.0,29.0,8.864285714285714,13.497619047619047,144.63095238095238,20.61190476190476,8.333333333333332,11.833333333333332,183.33333333333331,20.666666666666668,0.0,0.0,0.15833333333333333,0.0,5407.92,2400.0,15,6.8,12.066666666666666,151.33333333333334,12.866666666666667,7.0,11.666666666666666,200.0,10.666666666666666,2025.98,9300.0,14,10.928571428571429,14.928571428571429,137.92857142857142,28.357142857142858,9.666666666666666,12.0,166.66666666666666,30.666666666666668,0.0,0.0,0.0,10,1,0.217847311827957,2.2533
Flow60,2,Flow606,7029.76,0.8820227150537636,11700.0,27.0,7.258333333333333,14.241666666666667,216.59166666666667,28.174999999999997,8.333333333333332,13.458333333333334,231.25,34.125,2.0,1.0,0.10833333333333334,3.0,3124.63,2400.0,15,3.6,11.4,182.93333333333334,37.266666666666666,3.0,10.25,162.5,50.25,3905.13,9300.0,12,10.916666666666666,17.083333333333332,250.25,19.083333333333332,13.666666666666666,16.666666666666668,300.0,18.0,0.13333333333333333,0.08333333333333333,0.10833333333333334,6,1,0.41990645161290324,1.3019291666666668
Flow60,2,Flow607,10608.8,2.529619623655914,11700.0,26.0,5.5588235294117645,11.241830065359476,152.74183006535947,32.947712418300654,5.625,12.625,216.66666666666669,37.125,1.0,0.0,0.09166666666666666,1.0,7001.9,2400.0,17,2.1176470588235294,9.705882352941176,127.70588235294117,34.11764705882353,3.25,12.25,200.0,40.25,3606.9,9300.0,9,9.0,12.777777777777779,177.77777777777777,31.77777777777778,8.0,13.0,233.33333333333334,34.0,0.058823529411764705,0.0,0.029411764705882353,7,1,0.38783870967741935,2.9174583333333333
Flow60,2,Flow608,9806.98,2.4792057795698925,11700.0,30.0,6.066666666666667,11.666666666666666,163.0,26.433333333333334,5.0,13.0,225.0,26.25,1.0,3.0,0.175,4.0,6741.25,2400.0,15,1.8,6.933333333333334,176.66666666666666,26.2,1.25,8.75,200.0,26.5,3065.73,9300.0,15,10.333333333333334,16.4,149.33333333333334,26.666666666666668,8.75,17.25,250.0,26.0,0.06666666666666667,0.2,0.13333333333333333,8,1,0.3296483870967742,2.808854166666667
Flow60,2,Flow609,8799.52,0.5456856182795697,11700.0,25.0,10.666666666666666,15.783333333333333,233.0,25.366666666666667,9.0,14.25,350.0,38.75,0.0,0.0,0.23333333333333334,0.0,2846.0299999999997,2400.0,10,8.2,12.3,242.0,37.8,10.0,11.5,350.0,56.5,5953.490000000001,9300.0,15,13.133333333333333,19.266666666666666,224.0,12.933333333333334,8.0,17.0,350.0,21.0,0.0,0.0,0.0,9,1,0.6401602150537635,1.1858458333333333
Flow60,2,Flow6010,9441.41,1.5801083333333332,11700.0,39.0,7.9264705882352935,13.064171122994653,136.55748663101605,23.600267379679146,9.875,15.125,156.25,34.875,0.0,4.0,0.24166666666666667,4.0,4951.0599999999995,2400.0,17,5.352941176470588,10.764705882352942,149.7058823529412,13.882352941176471,7.25,13.25,212.5,17.25,4490.35,9300.0,22,10.5,15.363636363636363,123.4090909090909,33.31818181818182,12.5,17.0,100.0,52.5,0.0,0.18181818181818182,0.09090909090909091,10,1,0.4828333333333334,2.0629416666666667
Flow60,3,Flow606,11382.51,0.9543080645161289,11700.0,26.0,9.113095238095239,14.857142857142858,198.88095238095238,33.35714285714286,7.6,14.266666666666666,296.6666666666667,40.8,2.0,2.0,0.1,4.0,4155.4,2400.0,14,6.142857142857143,12.214285714285714,174.42857142857142,38.214285714285715,4.0,12.333333333333334,233.33333333333334,51.0,7227.110000000001,9300.0,12,12.083333333333334,17.5,223.33333333333334,28.5,11.2,16.2,360.0,30.6,0.14285714285714285,0.16666666666666666,0.15476190476190477,6,1,0.7771086021505377,1.7314166666666666
Flow60,3,Flow607,10548.59,2.607557123655914,11700.0,35.0,6.685314685314685,12.297202797202797,171.1888111888112,31.886363636363637,6.166666666666667,12.533333333333333,236.66666666666669,34.96666666666667,2.0,2.0,0.14166666666666666,4.0,7138.23,2400.0,22,2.909090909090909,10.363636363636363,188.45454545454547,32.77272727272727,2.0,10.4,240.0,37.6,3410.3599999999997,9300.0,13,10.461538461538462,14.23076923076923,153.92307692307693,31.0,10.333333333333334,14.666666666666666,233.33333333333334,32.333333333333336,0.09090909090909091,0.15384615384615385,0.12237762237762238,7,1,0.366705376344086,2.9742625
Flow60,3,Flow608,9923.29,2.0053985215053767,11700.0,21.0,6.790909090909091,11.427272727272728,158.5090909090909,32.45,5.666666666666667,11.333333333333332,186.66666666666669,37.16666666666667,2.0,1.0,0.10833333333333334,3.0,5861.2300000000005,2400.0,11,2.1818181818181817,7.454545454545454,141.8181818181818,33.0,2.0,8.666666666666666,173.33333333333334,33.0,4062.0599999999995,9300.0,10,11.4,15.4,175.2,31.9,9.333333333333334,14.0,200.0,41.333333333333336,0.18181818181818182,0.1,0.14090909090909093,8,1,0.4367806451612903,2.442179166666667
Flow60,3,Flow609,8278.87,0.6139356182795697,11700.0,24.0,9.328671328671328,14.304195804195803,204.25874125874128,25.524475524475523,8.5,14.666666666666668,283.33333333333337,38.91666666666667,1.0,0.0,0.14166666666666666,1.0,2869.43,2400.0,11,6.2727272727272725,10.454545454545455,153.36363636363637,30.818181818181817,7.0,12.333333333333334,266.6666666666667,49.333333333333336,5409.4400000000005,9300.0,13,12.384615384615385,18.153846153846153,255.15384615384616,20.23076923076923,10.0,17.0,300.0,28.5,0.09090909090909091,0.0,0.045454545454545456,9,1,0.5816602150537635,1.1955958333333332
Flow60,3,Flow6010,9204.380000000001,1.392112365591398,11700.0,35.0,9.3125,13.962121212121213,123.95833333333334,20.30681818181818,7.291666666666666,13.041666666666668,162.5,24.458333333333332,0.0,2.0,0.09166666666666666,2.0,4543.8,2400.0,11,7.0,12.090909090909092,150.0,13.363636363636363,8.25,13.75,225.0,15.25,4660.58,9300.0,24,11.625,15.833333333333334,97.91666666666667,27.25,6.333333333333333,12.333333333333334,100.0,33.666666666666664,0.0,0.08333333333333333,0.041666666666666664,10,1,0.5011376344086022,1.89325
Flow60,4,Flow606,10729.79,0.4601252688172044,11700.0,27.0,8.066666666666666,15.083333333333334,185.83333333333331,31.633333333333333,8.125,13.958333333333332,239.58333333333334,41.25,4.0,3.0,0.09166666666666666,7.0,3078.76,2400.0,12,4.0,12.5,221.66666666666666,39.0,5.25,13.25,212.5,38.5,7651.03,9300.0,15,12.133333333333333,17.666666666666668,150.0,24.266666666666666,11.0,14.666666666666666,266.6666666666667,44.0,0.3333333333333333,0.2,0.26666666666666666,6,1,0.8226913978494623,1.2828166666666667
Flow60,4,Flow607,10881.47,2.1971748655913976,11700.0,24.0,6.694444444444445,12.305555555555555,159.61111111111111,38.25,4.875,12.125,300.0,38.625,2.0,0.0,0.31666666666666665,2.0,6423.629999999999,2400.0,18,2.888888888888889,9.61111111111111,135.88888888888889,40.0,3.25,11.25,250.0,42.75,4457.84,9300.0,6,10.5,15.0,183.33333333333334,36.5,6.5,13.0,350.0,34.5,0.1111111111111111,0.0,0.05555555555555555,7,1,0.47933763440860216,2.6765125
Flow60,4,Flow608,10281.25,1.5425840053763442,11700.0,28.0,7.0,12.038461538461538,148.27179487179487,32.87692307692308,6.166666666666666,12.25,216.66666666666669,43.66666666666667,2.0,3.0,0.19166666666666668,5.0,5051.75,2400.0,15,3.0,8.0,148.46666666666667,31.6,4.333333333333333,11.0,133.33333333333334,36.333333333333336,5229.5,9300.0,13,11.0,16.076923076923077,148.07692307692307,34.15384615384615,8.0,13.5,300.0,51.0,0.13333333333333333,0.23076923076923078,0.18205128205128207,8,1,0.5623118279569892,2.1048958333333334
Flow60,4,Flow609,8796.38,0.6397595430107527,11700.0,28.0,10.229166666666666,14.927083333333332,171.33333333333331,24.427083333333336,9.875,15.25,325.0,36.875,0.0,0.0,0.09166666666666666,0.0,3024.85,2400.0,12,7.333333333333333,11.666666666666666,162.66666666666666,28.666666666666668,8.0,12.5,350.0,56.5,5771.53,9300.0,16,13.125,18.1875,180.0,20.1875,11.75,18.0,300.0,17.25,0.0,0.0,0.0,9,1,0.620594623655914,1.2603541666666667
Flow60,4,Flow6010,10313.259999999998,1.4846154569892471,11700.0,35.0,8.955882352941178,13.393790849673202,129.83660130718954,24.436274509803923,9.7,14.45,216.25,28.05,0.0,1.0,0.11666666666666667,1.0,4947.73,2400.0,17,6.411764705882353,10.176470588235293,149.11764705882354,16.705882352941178,8.0,13.5,262.5,20.5,5365.53,9300.0,18,11.5,16.61111111111111,110.55555555555556,32.166666666666664,11.4,15.4,170.0,35.6,0.0,0.05555555555555555,0.027777777777777776,10,1,0.5769387096774193,2.0615541666666664
Flow60,5,Flow606,9333.4,-2.188634629186603,10700.0,28.0,6.145833333333333,11.75,199.85416666666669,35.54166666666667,5.25,12.833333333333332,220.41666666666669,42.75,4.0,3.0,0.075,7.0,4256.07,8800.0,16,2.625,7.5,210.625,36.0,2.0,9.666666666666666,233.33333333333334,53.0,5077.33,1900.0,12,9.666666666666666,16.0,189.08333333333334,35.083333333333336,8.5,16.0,207.5,32.5,0.25,0.25,0.25,6,2,2.672278947368421,0.48364431818181813
Flow60,5,Flow607,9645.07,-0.7064841507177032,10700.0,24.0,4.0,8.886554621848738,178.5966386554622,40.63865546218487,4.625,10.875,275.0,38.54166666666667,2.0,1.0,0.1,3.0,6828.43,8800.0,17,2.0,7.0588235294117645,136.76470588235293,39.705882352941174,2.25,8.75,250.0,41.75,2816.64,1900.0,7,6.0,10.714285714285714,220.42857142857142,41.57142857142857,7.0,13.0,300.0,35.333333333333336,0.11764705882352941,0.14285714285714285,0.13025210084033612,7,2,1.4824421052631578,0.7759579545454546
Flow60,5,Flow608,9104.21,-1.0904110047846889,10700.0,33.0,5.011111111111111,10.3,230.39444444444445,32.92222222222222,6.25,10.25,225.0,39.5,5.0,6.0,0.16666666666666666,11.0,5783.68,8800.0,18,1.5555555555555556,6.666666666666667,249.72222222222223,28.444444444444443,2.0,7.5,200.0,45.0,3320.5299999999997,1900.0,15,8.466666666666667,13.933333333333334,211.06666666666666,37.4,10.5,13.0,250.0,34.0,0.2777777777777778,0.4,0.3388888888888889,8,2,1.7476473684210525,0.6572363636363636
Flow60,5,Flow609,9241.849999999999,-3.080450538277512,10700.0,18.0,7.396103896103896,14.11038961038961,237.7207792207792,23.922077922077925,9.5,14.375,337.5,28.625,0.0,0.0,0.1,0.0,2787.21,8800.0,7,3.4285714285714284,9.857142857142858,235.71428571428572,27.571428571428573,6.0,9.75,375.0,40.25,6454.639999999999,1900.0,11,11.363636363636363,18.363636363636363,239.72727272727272,20.272727272727273,13.0,19.0,300.0,17.0,0.0,0.0,0.0,9,2,3.397178947368421,0.3167284090909091
Flow60,5,Flow6010,8522.89,-1.4323534688995214,10700.0,39.0,8.157754010695188,11.975935828877006,159.451871657754,23.08823529411765,10.25,13.916666666666668,191.66666666666666,32.416666666666664,0.0,2.0,0.15833333333333333,2.0,4771.26,8800.0,22,5.7272727272727275,8.363636363636363,197.72727272727272,14.0,9.0,11.333333333333334,283.3333333333333,12.333333333333334,3751.6299999999997,1900.0,17,10.588235294117647,15.588235294117647,121.17647058823529,32.1764705882353,11.5,16.5,100.0,52.5,0.0,0.11764705882352941,0.058823529411764705,10,2,1.9745421052631578,0.5421886363636363
Flow60,6,Flow606,10627.439999999999,-1.4956734449760762,10700.0,25.0,6.05,9.466666666666667,308.93333333333334,39.28333333333333,5.0,10.5,383.33333333333337,38.66666666666667,6.0,4.0,0.075,10.0,6403.16,8800.0,15,3.4,6.733333333333333,367.8666666666667,34.86666666666667,2.3333333333333335,7.0,400.0,43.0,4224.28,1900.0,10,8.7,12.2,250.0,43.7,7.666666666666667,14.0,366.6666666666667,34.333333333333336,0.4,0.4,0.4,6,2,2.2233052631578945,0.7276318181818182
Flow60,6,Flow607,9794.72,-0.6114171052631578,10700.0,22.0,5.891666666666667,9.708333333333334,244.5,34.141666666666666,5.125,10.875,301.75,38.125,1.0,2.0,0.08333333333333333,3.0,7100.0599999999995,8800.0,12,2.5833333333333335,6.416666666666667,250.0,37.583333333333336,2.75,7.75,203.5,41.75,2694.66,1900.0,10,9.2,13.0,239.0,30.7,7.5,14.0,400.0,34.5,0.08333333333333333,0.2,0.14166666666666666,7,2,1.4182421052631577,0.8068249999999999
Flow60,6,Flow608,8989.32,-0.3491358851674642,10700.0,26.0,3.761904761904762,8.928571428571429,182.28571428571428,36.970238095238095,3.75,9.375,250.0,37.0,4.0,5.0,0.14166666666666666,9.0,6847.52,8800.0,14,1.3571428571428572,6.357142857142857,191.07142857142858,34.857142857142854,1.5,6.5,250.0,42.0,2141.8,1900.0,12,6.166666666666667,11.5,173.5,39.083333333333336,6.0,12.25,250.0,32.0,0.2857142857142857,0.4166666666666667,0.35119047619047616,8,2,1.127263157894737,0.7781272727272728
Flow60,6,Flow609,8708.64,-2.184499700956938,10700.0,29.0,7.045673076923077,11.975961538461538,249.01201923076923,27.447115384615387,8.0,13.25,375.0,33.0,0.0,0.0,0.19166666666666668,0.0,3748.7099999999996,8800.0,13,5.153846153846154,8.076923076923077,295.46153846153845,28.76923076923077,6.5,9.5,350.0,42.0,4959.93,1900.0,16,8.9375,15.875,202.5625,26.125,9.5,17.0,400.0,24.0,0.0,0.0,0.0,9,2,2.610489473684211,0.4259897727272727
Flow60,6,Flow6010,9899.689999999999,-1.6785440191387555,10700.0,40.0,8.59375,12.15625,118.45833333333334,24.979166666666668,8.0,11.75,137.5,27.25,0.0,3.0,0.075,3.0,5518.88,8800.0,16,7.9375,9.8125,131.25,14.375,7.25,9.0,175.0,11.25,4380.8099999999995,1900.0,24,9.25,14.5,105.66666666666667,35.583333333333336,8.75,14.5,100.0,43.25,0.0,0.125,0.0625,10,2,2.30568947368421,0.6271454545454546
Flow60,7,Flow606,9941.95,-1.9152404904306222,10700.0,24.0,5.566433566433567,10.856643356643357,229.04545454545456,35.37412587412588,5.125,13.625,300.0,44.75,2.0,2.0,0.09166666666666666,4.0,5183.77,8800.0,13,2.769230769230769,7.076923076923077,250.0,36.38461538461539,2.0,13.0,300.0,51.0,4758.18,1900.0,11,8.363636363636363,14.636363636363637,208.0909090909091,34.36363636363637,8.25,14.25,300.0,38.5,0.15384615384615385,0.18181818181818182,0.16783216783216784,6,2,2.504305263157895,0.5890647727272728
Flow60,7,Flow607,9846.69,-0.6191232057416266,10700.0,16.0,4.375,9.0625,240.5,38.125,5.333333333333333,9.5,266.6666666666667,42.66666666666667,2.0,3.0,0.10833333333333334,5.0,7130.76,8800.0,8,3.125,6.875,237.5,33.875,4.333333333333333,8.0,233.33333333333334,43.333333333333336,2715.93,1900.0,8,5.625,11.25,243.5,42.375,6.333333333333333,11.0,300.0,42.0,0.25,0.375,0.3125,7,2,1.429436842105263,0.8103136363636364
Flow60,7,Flow608,10411.29,-0.8601316985645933,10700.0,27.0,3.8873626373626378,9.357142857142858,164.80769230769232,37.69505494505495,4.5,10.25,212.5,39.0,4.0,3.0,0.06666666666666667,7.0,7218.5,8800.0,13,1.8461538461538463,8.0,184.6153846153846,37.46153846153846,2.25,8.5,250.0,48.75,3192.79,1900.0,14,5.928571428571429,10.714285714285714,145.0,37.92857142857143,6.75,12.0,175.0,29.25,0.3076923076923077,0.21428571428571427,0.260989010989011,8,2,1.6804157894736842,0.8202840909090909
Flow60,7,Flow609,8311.599999999999,-2.8626073564593297,10700.0,27.0,6.65,11.675,211.44166666666666,26.725,6.4,13.4,310.0,33.6,1.0,0.0,0.08333333333333333,1.0,2362.55,8800.0,12,3.8333333333333335,8.083333333333334,222.41666666666666,25.583333333333332,3.8,6.8,320.0,29.2,5949.049999999999,1900.0,15,9.466666666666667,15.266666666666667,200.46666666666667,27.866666666666667,9.0,20.0,300.0,38.0,0.08333333333333333,0.0,0.041666666666666664,9,2,3.1310789473684206,0.26847159090909095
Flow60,7,Flow6010,10247.05,-1.1378287679425836,10700.0,32.0,6.560728744939271,10.4331983805668,133.72874493927125,27.33805668016194,7.7,11.65,136.25,27.075,0.0,3.0,0.14166666666666666,3.0,6649.49,8800.0,19,5.7368421052631575,8.789473684210526,126.84210526315789,15.368421052631579,7.4,9.8,160.0,12.4,3597.56,1900.0,13,7.384615384615385,12.076923076923077,140.6153846153846,39.30769230769231,8.0,13.5,112.5,41.75,0.0,0.23076923076923078,0.11538461538461539,10,2,1.8934526315789473,0.7556238636363636
Flow60,8,Flow606,10243.28,-1.2684554425837318,10700.0,27.0,5.466666666666667,10.333333333333334,248.89999999999998,38.516666666666666,5.75,11.0,325.0,43.25,5.0,4.0,0.08333333333333333,9.0,6442.27,8800.0,15,3.2666666666666666,7.333333333333333,253.13333333333333,33.53333333333333,3.5,8.0,300.0,48.25,3801.01,1900.0,12,7.666666666666667,13.333333333333334,244.66666666666666,43.5,8.0,14.0,350.0,38.25,0.3333333333333333,0.3333333333333333,0.3333333333333333,6,2,2.0005315789473683,0.7320761363636364
Flow60,8,Flow607,10322.01,-0.1995369019138754,10700.0,18.0,3.409090909090909,7.623376623376624,203.98701298701297,35.064935064935064,4.333333333333333,9.666666666666666,250.0,45.0,2.0,0.0,0.13333333333333333,2.0,8177.33,8800.0,7,2.0,6.428571428571429,271.42857142857144,39.857142857142854,2.3333333333333335,7.333333333333333,300.0,46.333333333333336,2144.68,1900.0,11,4.818181818181818,8.818181818181818,136.54545454545453,30.272727272727273,6.333333333333333,12.0,200.0,43.666666666666664,0.2857142857142857,0.0,0.14285714285714285,7,2,1.1287789473684209,0.9292420454545455
Flow60,8,Flow608,10454.15,-0.8599840909090911,10700.0,28.0,4.0,9.830769230769231,175.2025641025641,36.379487179487185,3.625,8.75,243.75,32.5,4.0,6.0,0.15,10.0,7253.98,8800.0,13,2.0,8.461538461538462,201.53846153846155,33.69230769230769,1.25,8.5,287.5,30.0,3200.17,1900.0,15,6.0,11.2,148.86666666666667,39.06666666666667,6.0,9.0,200.0,35.0,0.3076923076923077,0.4,0.35384615384615387,8,2,1.6843000000000001,0.824315909090909
Flow60,8,Flow609,8928.65,-1.617062320574162,10700.0,29.0,6.2272727272727275,11.848484848484848,207.7171717171717,34.38383838383838,6.666666666666666,12.166666666666668,316.6666666666667,34.333333333333336,1.0,0.0,0.11666666666666667,1.0,4816.34,8800.0,18,4.0,8.333333333333334,200.88888888888889,33.22222222222222,6.0,10.333333333333334,266.6666666666667,44.333333333333336,4112.3099999999995,1900.0,11,8.454545454545455,15.363636363636363,214.54545454545453,35.54545454545455,7.333333333333333,14.0,366.6666666666667,24.333333333333332,0.05555555555555555,0.0,0.027777777777777776,9,2,2.164373684210526,0.5473113636363637
Flow60,8,Flow6010,10358.74,-1.739100418660287,10700.0,27.0,7.289473684210526,10.05921052631579,189.07894736842104,29.065789473684212,8.333333333333332,10.25,200.0,37.583333333333336,1.0,1.0,0.075,2.0,5801.79,8800.0,19,6.578947368421052,9.368421052631579,203.1578947368421,20.63157894736842,8.666666666666666,10.0,200.0,28.666666666666668,4556.95,1900.0,8,8.0,10.75,175.0,37.5,8.0,10.5,200.0,46.5,0.05263157894736842,0.125,0.08881578947368421,10,2,2.3983947368421052,0.6592943181818182
Flow60,9,Flow606,13106.669999999998,0.20534126984126988,13200.0,22.0,6.928571428571429,11.553571428571429,268.2857142857143,43.44642857142857,4.958333333333333,10.958333333333334,337.5,46.375,9.0,3.0,0.075,12.0,7527.44,6900.0,14,3.857142857142857,8.857142857142858,249.07142857142858,48.642857142857146,2.6666666666666665,7.666666666666667,300.0,55.0,5579.23,6300.0,8,10.0,14.25,287.5,38.25,7.25,14.25,375.0,37.75,0.6428571428571429,0.375,0.5089285714285714,6,3,0.8855920634920634,1.0909333333333333
Flow60,9,Flow607,11231.66,0.5648351966873705,13200.0,19.0,4.564102564102564,9.98076923076923,203.9230769230769,35.032051282051285,6.25,12.833333333333332,216.66666666666669,42.25,1.0,0.0,0.1,1.0,7731.2,6900.0,13,3.4615384615384617,7.461538461538462,207.84615384615384,31.23076923076923,5.5,11.0,200.0,51.5,3500.46,6300.0,6,5.666666666666667,12.5,200.0,38.833333333333336,7.0,14.666666666666666,233.33333333333334,33.0,0.07692307692307693,0.0,0.038461538461538464,7,3,0.5556285714285715,1.120463768115942
Flow60,9,Flow608,11944.560000000001,0.446392822636301,13200.0,26.0,5.196428571428571,10.607142857142858,162.78571428571428,30.291666666666664,6.0,10.0,196.66666666666666,31.166666666666668,4.0,3.0,0.20833333333333334,7.0,7713.8,6900.0,12,3.25,10.0,175.0,30.083333333333332,4.666666666666667,10.666666666666666,216.66666666666666,27.0,4230.76,6300.0,14,7.142857142857143,11.214285714285714,150.57142857142858,30.5,7.333333333333333,9.333333333333334,176.66666666666666,35.333333333333336,0.3333333333333333,0.21428571428571427,0.2738095238095238,8,3,0.6715492063492063,1.1179420289855073
Flow60,9,Flow609,11072.18,-0.5505649413388543,13200.0,32.0,8.441666666666666,13.541666666666668,190.0,30.125,8.625,14.5,256.25,33.625,2.0,0.0,0.08333333333333333,2.0,3974.62,6900.0,12,6.083333333333333,10.833333333333334,194.5,30.0,7.75,13.75,237.5,38.75,7097.5599999999995,6300.0,20,10.8,16.25,185.5,30.25,9.5,15.25,275.0,28.5,0.16666666666666666,0.0,0.08333333333333333,9,3,1.1265968253968253,0.576031884057971
Flow60,9,Flow6010,11675.41,-0.31037922705314014,13200.0,36.0,8.944444444444445,12.305555555555555,132.33333333333331,26.666666666666664,8.625,12.75,193.75,26.625,0.0,4.0,0.18333333333333332,4.0,5080.92,6900.0,18,7.611111111111111,11.11111111111111,122.77777777777777,16.444444444444443,8.0,11.75,225.0,15.25,6594.49,6300.0,18,10.277777777777779,13.5,141.88888888888889,36.888888888888886,9.25,13.75,162.5,38.0,0.0,0.2222222222222222,0.1111111111111111,10,3,1.0467444444444445,0.7363652173913043
Flow60,10,Flow606,11888.41,0.08443623188405802,13200.0,20.0,6.333333333333333,12.131313131313131,220.22222222222223,38.18181818181819,4.333333333333334,11.5,308.33333333333337,45.83333333333333,4.0,2.0,0.075,6.0,6492.46,6900.0,11,4.0,8.818181818181818,246.0,47.36363636363637,2.0,8.666666666666666,316.6666666666667,59.0,5395.95,6300.0,9,8.666666666666666,15.444444444444445,194.44444444444446,29.0,6.666666666666667,14.333333333333334,300.0,32.666666666666664,0.36363636363636365,0.2222222222222222,0.29292929292929293,6,3,0.8564999999999999,0.940936231884058
Flow60,10,Flow607,12054.04,0.015554727398205626,13200.0,24.0,6.916666666666666,10.875,191.66666666666669,34.625,5.416666666666666,13.166666666666668,333.33333333333337,38.75,1.0,3.0,0.175,4.0,6352.2,6900.0,12,4.083333333333333,7.416666666666667,243.33333333333334,33.416666666666664,4.333333333333333,9.333333333333334,366.6666666666667,43.0,5701.84,6300.0,12,9.75,14.333333333333334,140.0,35.833333333333336,6.5,17.0,300.0,34.5,0.08333333333333333,0.25,0.16666666666666666,7,3,0.9050539682539682,0.9206086956521738
Flow60,10,Flow608,10988.77,0.3864135955831608,13200.0,29.0,4.576190476190476,9.57857142857143,173.78571428571428,35.44285714285714,6.125,11.75,275.0,39.0,2.0,9.0,0.15833333333333333,11.0,7016.66,6900.0,15,2.8666666666666667,9.8,140.0,23.6,4.0,12.0,200.0,28.75,3972.11,6300.0,14,6.285714285714286,9.357142857142858,207.57142857142858,47.285714285714285,8.25,11.5,350.0,49.25,0.13333333333333333,0.6428571428571429,0.3880952380952381,8,3,0.6304936507936508,1.0169072463768116
Flow60,10,Flow609,10763.53,-0.33861801242236034,13200.0,25.0,8.094155844155845,12.922077922077921,219.21103896103895,31.02597402597403,8.875,13.5,287.5,35.0,2.0,0.0,0.08333333333333333,2.0,4511.26,6900.0,11,5.545454545454546,10.272727272727273,203.63636363636363,27.90909090909091,8.25,12.25,275.0,40.5,6252.27,6300.0,14,10.642857142857142,15.571428571428571,234.78571428571428,34.142857142857146,9.5,14.75,300.0,29.5,0.18181818181818182,0.0,0.09090909090909091,9,3,0.9924238095238096,0.6538057971014493
Flow60,10,Flow6010,12483.349999999999,-0.16448150448585241,13200.0,27.0,8.19034090909091,11.28409090909091,154.20170454545456,27.75,8.541666666666668,11.166666666666668,202.08333333333331,38.75,1.0,1.0,0.125,2.0,5983.719999999999,6900.0,16,6.5625,9.75,131.3125,21.5,8.333333333333334,10.333333333333334,166.66666666666666,31.0,6499.63,6300.0,11,9.818181818181818,12.818181818181818,177.0909090909091,34.0,8.75,12.0,237.5,46.5,0.0625,0.09090909090909091,0.07670454545454546,10,3,1.0316873015873016,0.8672057971014492
Flow60,11,Flow606,11422.09,-0.002996480331262985,13200.0,25.0,7.237012987012987,11.866883116883116,205.91558441558442,37.23051948051948,5.708333333333333,12.291666666666668,279.1666666666667,48.375,7.0,4.0,0.08333333333333333,11.0,5960.7699999999995,6900.0,14,3.9285714285714284,8.642857142857142,198.28571428571428,42.642857142857146,3.6666666666666665,9.333333333333334,233.33333333333334,57.0,5461.32,6300.0,11,10.545454545454545,15.090909090909092,213.54545454545453,31.818181818181817,7.75,15.25,325.0,39.75,0.5,0.36363636363636365,0.4318181818181818,6,3,0.8668761904761905,0.8638797101449275
Flow60,11,Flow607,12433.23,0.23192512077294702,13200.0,23.0,6.269230769230769,9.823076923076924,191.65384615384616,40.62307692307692,5.958333333333334,11.291666666666668,304.1666666666667,44.625,1.0,4.0,0.09166666666666666,5.0,7262.96,6900.0,13,4.538461538461538,7.846153846153846,203.30769230769232,34.84615384615385,4.25,9.25,375.0,46.25,5170.2699999999995,6300.0,10,8.0,11.8,180.0,46.4,7.666666666666667,13.333333333333334,233.33333333333334,43.0,0.07692307692307693,0.4,0.23846153846153847,7,3,0.8206777777777777,1.0526028985507248
Flow60,11,Flow608,12924.96,0.3147232574189096,13200.0,23.0,5.053030303030303,11.098484848484848,161.9810606060606,41.13636363636364,5.958333333333334,11.25,252.08333333333331,38.083333333333336,5.0,6.0,0.16666666666666666,11.0,7792.67,6900.0,11,3.272727272727273,11.363636363636363,154.54545454545453,37.27272727272727,4.666666666666667,13.0,216.66666666666666,31.666666666666668,5132.29,6300.0,12,6.833333333333333,10.833333333333334,169.41666666666666,45.0,7.25,9.5,287.5,44.5,0.45454545454545453,0.5,0.4772727272727273,8,3,0.8146492063492063,1.129372463768116
Flow60,11,Flow609,10781.310000000001,-0.23746480331262942,13200.0,27.0,8.267045454545455,12.681818181818182,224.19602272727275,29.269886363636363,7.75,13.25,306.25,34.5,3.0,0.0,0.08333333333333333,3.0,4853.67,6900.0,11,5.909090909090909,10.363636363636363,233.45454545454547,34.72727272727273,7.0,11.25,275.0,41.0,5927.64,6300.0,16,10.625,15.0,214.9375,23.8125,8.5,15.25,337.5,28.0,0.2727272727272727,0.0,0.13636363636363635,9,3,0.9408952380952381,0.7034304347826087
Flow60,11,Flow6010,13105.099999999999,-0.21658785369220146,13200.0,30.0,9.151785714285715,11.691964285714285,153.25446428571428,27.42857142857143,7.375,11.875,212.5,34.25,0.0,4.0,0.075,4.0,6137.13,6900.0,14,7.928571428571429,10.071428571428571,167.57142857142858,18.857142857142858,6.25,11.0,225.0,15.5,6967.969999999999,6300.0,16,10.375,13.3125,138.9375,36.0,8.5,12.75,200.0,53.0,0.0,0.25,0.125,10,3,1.106026984126984,0.8894391304347826
Flow60,12,Flow606,12659.869999999999,0.05493188405797089,13200.0,25.0,6.541666666666667,12.451923076923077,196.56410256410254,40.58333333333333,6.125,11.875,325.0,44.125,6.0,5.0,0.075,11.0,6798.5599999999995,6900.0,13,3.0,10.153846153846153,176.46153846153845,43.0,4.25,10.25,325.0,48.5,5861.31,6300.0,12,10.083333333333334,14.75,216.66666666666666,38.166666666666664,8.0,13.5,325.0,39.75,0.46153846153846156,0.4166666666666667,0.4391025641025641,6,3,0.9303666666666667,0.9852985507246376
Flow60,12,Flow607,12718.27,0.28850317460317476,13200.0,25.0,5.925324675324676,10.532467532467532,195.28896103896105,41.37337662337663,6.291666666666666,10.333333333333332,266.6666666666667,46.95833333333333,3.0,2.0,0.26666666666666666,5.0,7598.280000000001,6900.0,14,5.214285714285714,9.428571428571429,199.21428571428572,41.92857142857143,5.25,9.0,300.0,48.25,5119.99,6300.0,11,6.636363636363637,11.636363636363637,191.36363636363637,40.81818181818182,7.333333333333333,11.666666666666666,233.33333333333334,45.666666666666664,0.21428571428571427,0.18181818181818182,0.19805194805194803,7,3,0.8126968253968254,1.1012000000000002
Flow60,12,Flow608,11775.920000000002,0.17066639061421685,13200.0,25.0,5.76948051948052,12.24025974025974,201.2922077922078,39.54220779220779,5.5,10.75,250.0,40.625,3.0,10.0,0.125,13.0,6717.630000000001,6900.0,11,3.1818181818181817,12.909090909090908,175.72727272727272,26.727272727272727,3.0,12.0,250.0,28.25,5058.29,6300.0,14,8.357142857142858,11.571428571428571,226.85714285714286,52.357142857142854,8.0,9.5,250.0,53.0,0.2727272727272727,0.7142857142857143,0.4935064935064935,8,3,0.8029031746031746,0.9735695652173915
Flow60,12,Flow609,10744.29,-0.37817632850241556,13200.0,24.0,7.895104895104895,13.594405594405593,195.91958041958043,27.332167832167833,8.0,14.125,312.5,32.0,2.0,0.0,0.08333333333333333,2.0,4370.93,6900.0,11,4.636363636363637,11.727272727272727,203.45454545454547,34.81818181818182,6.75,12.5,300.0,38.25,6373.360000000001,6300.0,13,11.153846153846153,15.461538461538462,188.3846153846154,19.846153846153847,9.25,15.75,325.0,25.75,0.18181818181818182,0.0,0.09090909090909091,9,3,1.0116444444444446,0.633468115942029
Flow60,12,Flow6010,10640.630000000001,-0.2288508626639062,13200.0,28.0,9.571428571428573,12.5,160.07142857142856,26.32142857142857,9.25,11.625,218.75,24.375,0.0,0.0,0.06666666666666667,0.0,4808.5,6900.0,14,8.857142857142858,10.785714285714286,143.71428571428572,18.071428571428573,8.5,10.75,225.0,14.75,5832.13,6300.0,14,10.285714285714286,14.214285714285714,176.42857142857142,34.57142857142857,10.0,12.5,212.5,34.0,0.0,0.0,0.0,10,3,0.9257349206349207,0.6968840579710145
Flow60,13,Flow606,9985.01,-0.8405008971291866,10700.0,24.0,4.90625,10.34375,263.375,43.21875,4.75,11.25,337.5,42.75,9.0,3.0,0.058333333333333334,12.0,6898.59,8800.0,16,2.0625,6.5625,233.0,49.8125,3.25,9.0,350.0,48.0,3086.42,1900.0,8,7.75,14.125,293.75,36.625,6.25,13.5,325.0,37.5,0.5625,0.375,0.46875,6,4,1.6244315789473684,0.7839306818181818
Flow60,13,Flow607,10067.99,-1.0479255382775117,10700.0,23.0,5.640151515151515,9.795454545454547,185.31060606060606,45.696969696969695,6.5,11.0,206.66666666666669,45.0,5.0,3.0,0.1,8.0,6642.71,8800.0,12,3.9166666666666665,7.5,219.16666666666666,46.666666666666664,5.666666666666667,9.333333333333334,180.0,46.0,3425.2799999999997,1900.0,11,7.363636363636363,12.090909090909092,151.45454545454547,44.72727272727273,7.333333333333333,12.666666666666666,233.33333333333334,44.0,0.4166666666666667,0.2727272727272727,0.3446969696969697,7,4,1.8027789473684208,0.7548534090909091
Flow60,13,Flow608,9506.01,-2.113651196172248,10700.0,30.0,5.081339712918661,11.076555023923444,166.87081339712918,35.610047846889955,5.433333333333334,13.5,208.33333333333334,40.8,4.0,6.0,0.075,10.0,4515.200000000001,8800.0,19,2.526315789473684,9.789473684210526,142.10526315789474,25.94736842105263,3.2,13.0,150.0,25.6,4990.8099999999995,1900.0,11,7.636363636363637,12.363636363636363,191.63636363636363,45.27272727272727,7.666666666666667,14.0,266.6666666666667,56.0,0.21052631578947367,0.5454545454545454,0.37799043062200954,8,4,2.6267421052631574,0.5130909090909092
Flow60,13,Flow609,10203.72,-2.7273253588516746,10700.0,21.0,7.433333333333334,13.233333333333334,241.10000000000002,33.11666666666667,8.75,14.583333333333332,329.16666666666663,32.625,1.0,2.0,0.08333333333333333,3.0,4130.08,8800.0,6,5.666666666666667,11.0,271.6666666666667,29.833333333333332,8.0,12.666666666666666,333.3333333333333,34.0,6073.639999999999,1900.0,15,9.2,15.466666666666667,210.53333333333333,36.4,9.5,16.5,325.0,31.25,0.16666666666666666,0.13333333333333333,0.15,9,4,3.196652631578947,0.4693272727272727
Flow60,13,Flow6010,10037.05,-1.2100343899521535,10700.0,35.0,6.2333333333333325,10.075,150.19166666666666,30.558333333333334,5.916666666666666,10.583333333333334,166.66666666666669,22.0,0.0,3.0,0.075,3.0,6363.95,8800.0,20,3.8,6.55,139.05,19.25,5.333333333333333,7.666666666666667,133.33333333333334,10.0,3673.1000000000004,1900.0,15,8.666666666666666,13.6,161.33333333333334,41.86666666666667,6.5,13.5,200.0,34.0,0.0,0.2,0.1,10,4,1.9332105263157897,0.7231761363636363
Flow60,14,Flow606,10515.69,-0.9589925837320573,10700.0,17.0,6.219696969696969,9.856060606060606,243.43939393939394,47.734848484848484,4.5,8.666666666666668,341.66666666666663,53.5,7.0,3.0,0.08333333333333333,10.0,7149.88,8800.0,11,4.2727272727272725,6.545454545454546,243.54545454545453,54.63636363636363,3.0,5.0,350.0,60.0,3365.81,1900.0,6,8.166666666666666,13.166666666666666,243.33333333333334,40.833333333333336,6.0,12.333333333333334,333.3333333333333,47.0,0.6363636363636364,0.5,0.5681818181818181,6,4,1.771478947368421,0.8124863636363636
Flow60,14,Flow607,10376.57,-1.020193480861244,10700.0,19.0,4.255681818181818,8.431818181818182,255.4375,43.35227272727273,2.3333333333333335,7.0,300.0,56.666666666666664,3.0,2.0,0.20833333333333334,5.0,6939.83,8800.0,8,2.875,6.5,277.875,46.25,2.3333333333333335,7.0,300.0,56.666666666666664,3436.74,1900.0,11,5.636363636363637,10.363636363636363,233.0,40.45454545454545,,,,,0.375,0.18181818181818182,0.27840909090909094,7,4,1.8088105263157894,0.7886170454545455
Flow60,14,Flow608,10568.91,-0.8745379186602871,10700.0,21.0,4.9326923076923075,10.9375,226.47596153846155,33.15384615384615,5.166666666666667,11.5,254.16666666666666,36.16666666666667,2.0,3.0,0.125,5.0,7325.62,8800.0,8,3.25,9.875,249.875,29.0,2.0,12.0,175.0,13.0,3243.29,1900.0,13,6.615384615384615,12.0,203.07692307692307,37.30769230769231,8.333333333333334,11.0,333.3333333333333,59.333333333333336,0.25,0.23076923076923078,0.2403846153846154,8,4,1.7069947368421052,0.8324568181818182
Flow60,14,Flow609,10693.65,-3.292974641148325,10700.0,23.0,7.26984126984127,12.484126984126984,198.83730158730157,39.92857142857143,9.5,15.5,356.25,42.0,2.0,3.0,0.10833333333333334,5.0,3649.12,8800.0,9,4.111111111111111,9.11111111111111,188.88888888888889,34.0,9.0,14.0,400.0,43.5,7044.53,1900.0,14,10.428571428571429,15.857142857142858,208.78571428571428,45.857142857142854,10.0,17.0,312.5,40.5,0.2222222222222222,0.21428571428571427,0.21825396825396826,9,4,3.7076473684210525,0.41467272727272725
Flow60,14,Flow6010,9731.49,-1.199762081339713,10700.0,29.0,7.576923076923077,10.55048076923077,144.41346153846155,29.528846153846153,7.0,9.5,145.83333333333331,32.5,0.0,5.0,0.058333333333333334,5.0,6128.7,8800.0,13,5.153846153846154,7.538461538461538,149.07692307692307,19.307692307692307,6.0,8.0,166.66666666666666,18.0,3602.79,1900.0,16,10.0,13.5625,139.75,39.75,8.0,11.0,125.0,47.0,0.0,0.3125,0.15625,10,4,1.8962052631578947,0.6964431818181818
Flow60,15,Flow606,10649.24,-0.9628806220095693,10700.0,20.0,5.136363636363637,9.525252525252526,258.77272727272725,47.358585858585855,4.166666666666666,9.583333333333332,233.33333333333334,40.41666666666667,7.0,4.0,0.10833333333333334,11.0,7253.64,8800.0,11,3.272727272727273,6.2727272727272725,234.54545454545453,48.27272727272727,2.0,5.5,100.0,46.5,3395.6,1900.0,9,7.0,12.777777777777779,283.0,46.44444444444444,6.333333333333333,13.666666666666666,366.6666666666667,34.333333333333336,0.6363636363636364,0.4444444444444444,0.5404040404040404,6,4,1.787157894736842,0.8242772727272728
Flow60,15,Flow607,10559.06,-1.0398817583732058,10700.0,20.0,5.229166666666666,9.0,198.45833333333331,37.25,5.375,9.25,295.83333333333337,43.125,3.0,1.0,0.1,4.0,7059.15,8800.0,8,3.375,7.0,237.5,38.75,3.75,7.5,325.0,52.25,3499.91,1900.0,12,7.083333333333333,11.0,159.41666666666666,35.75,7.0,11.0,266.6666666666667,34.0,0.375,0.08333333333333333,0.22916666666666666,7,4,1.842057894736842,0.8021761363636363
Flow60,15,Flow608,10343.32,-1.2954395933014355,10700.0,30.0,6.753393665158372,10.834841628959277,177.2285067873303,32.54524886877828,5.675,10.45,242.5,35.3,2.0,7.0,0.06666666666666667,9.0,6482.379999999999,8800.0,13,5.153846153846154,9.846153846153847,207.69230769230768,24.384615384615383,3.6,9.4,260.0,27.6,3860.94,1900.0,17,8.352941176470589,11.823529411764707,146.76470588235293,40.705882352941174,7.75,11.5,225.0,43.0,0.15384615384615385,0.4117647058823529,0.2828054298642534,8,4,2.0320736842105265,0.7366340909090908
Flow60,15,Flow609,10606.63,-2.8132742822966508,10700.0,30.0,7.111111111111112,11.277777777777779,173.61111111111111,27.958333333333332,7.0,12.75,287.5,39.0,2.0,1.0,0.15833333333333333,3.0,4327.139999999999,8800.0,12,3.8333333333333335,8.5,140.0,28.083333333333332,5.75,10.5,275.0,40.5,6279.49,1900.0,18,10.38888888888889,14.055555555555555,207.22222222222223,27.833333333333332,8.25,15.0,300.0,37.5,0.16666666666666666,0.05555555555555555,0.1111111111111111,9,4,3.3049947368421053,0.4917204545454545
Flow60,15,Flow6010,10482.19,-1.2639992822966506,10700.0,35.0,5.825,9.758333333333333,122.54166666666667,33.96666666666667,6.125,9.375,206.25,28.75,3.0,4.0,0.05,7.0,6645.72,8800.0,20,4.25,6.85,114.15,27.8,5.25,7.5,250.0,14.0,3836.4700000000003,1900.0,15,7.4,12.666666666666666,130.93333333333334,40.13333333333333,7.0,11.25,162.5,43.5,0.15,0.26666666666666666,0.20833333333333331,10,4,2.0191947368421053,0.7551954545454546
Flow60,16,Flow606,9822.849999999999,-0.9838468301435406,10700.0,19.0,5.9147727272727275,10.6875,238.14772727272725,44.23863636363636,4.291666666666667,9.666666666666666,225.0,51.83333333333333,7.0,4.0,0.09166666666666666,11.0,6541.23,8800.0,11,2.4545454545454546,6.0,238.54545454545453,48.72727272727273,2.3333333333333335,6.333333333333333,100.0,58.666666666666664,3281.62,1900.0,8,9.375,15.375,237.75,39.75,6.25,13.0,350.0,45.0,0.6363636363636364,0.5,0.5681818181818181,6,4,1.7271684210526315,0.7433215909090909
Flow60,16,Flow607,10613.460000000001,-0.8380281698564593,10700.0,18.0,4.785714285714286,8.448051948051948,217.53246753246754,37.824675324675326,3.708333333333333,8.541666666666666,312.5,40.625,2.0,2.0,0.125,4.0,7419.31,8800.0,7,2.5714285714285716,6.714285714285714,271.42857142857144,37.285714285714285,2.6666666666666665,7.333333333333333,400.0,52.0,3194.15,1900.0,11,7.0,10.181818181818182,163.63636363636363,38.36363636363637,4.75,9.75,225.0,29.25,0.2857142857142857,0.18181818181818182,0.23376623376623376,7,4,1.6811315789473684,0.8431034090909091
Flow60,16,Flow608,10211.74,-1.0916306220095695,10700.0,30.0,5.910714285714286,10.058035714285715,166.85714285714286,38.61607142857143,5.125,9.75,220.0,33.375,3.0,11.0,0.125,14.0,6692.639999999999,8800.0,14,4.071428571428571,8.928571428571429,179.21428571428572,25.357142857142858,2.0,8.0,222.5,14.75,3519.1000000000004,1900.0,16,7.75,11.1875,154.5,51.875,8.25,11.5,217.5,52.0,0.21428571428571427,0.6875,0.45089285714285715,8,4,1.8521578947368422,0.7605272727272726
Flow60,16,Flow609,9497.98,-2.41818259569378,10700.0,27.0,6.583333333333333,12.11111111111111,201.69444444444446,31.38888888888889,6.916666666666666,12.833333333333332,353.33333333333337,36.75,2.0,0.0,0.09166666666666666,2.0,4032.73,8800.0,9,3.4444444444444446,9.11111111111111,212.22222222222223,33.0,6.333333333333333,10.666666666666666,366.6666666666667,48.0,5465.25,1900.0,18,9.722222222222221,15.11111111111111,191.16666666666666,29.77777777777778,7.5,15.0,340.0,25.5,0.2222222222222222,0.0,0.1111111111111111,9,4,2.8764473684210525,0.45826477272727273
Flow60,16,Flow6010,10421.91,-0.9390468899521532,10700.0,27.0,6.324999999999999,10.358333333333334,147.97500000000002,25.866666666666667,6.666666666666666,8.833333333333332,250.0,31.333333333333332,0.0,1.0,0.09166666666666666,1.0,7103.92,8800.0,12,5.583333333333333,8.25,135.08333333333334,13.666666666666666,6.333333333333333,8.0,200.0,9.0,3317.9900000000002,1900.0,15,7.066666666666666,12.466666666666667,160.86666666666667,38.06666666666667,7.0,9.666666666666666,300.0,53.666666666666664,0.0,0.06666666666666667,0.03333333333333333,10,4,1.7463105263157896,0.8072636363636364
Flow60,17,Flow606,10417.23,2.7541979838709683,11700.0,23.0,6.742307692307692,11.326923076923077,265.6538461538462,43.269230769230774,5.833333333333333,10.0,266.6666666666667,52.0,7.0,3.0,0.08333333333333333,10.0,7391.030000000001,2400.0,13,3.3846153846153846,8.153846153846153,212.30769230769232,41.53846153846154,2.6666666666666665,7.333333333333333,166.66666666666666,55.0,3026.2,9300.0,10,10.1,14.5,319.0,45.0,9.0,12.666666666666666,366.6666666666667,49.0,0.5384615384615384,0.3,0.4192307692307692,6,5,0.32539784946236555,3.0795958333333338
Flow60,17,Flow607,11032.81,2.7404416666666664,11700.0,24.0,6.2444444444444445,10.8,190.44444444444446,33.65555555555555,4.833333333333334,9.666666666666668,300.0,45.83333333333333,1.0,1.0,0.16666666666666666,2.0,7491.0599999999995,2400.0,9,3.888888888888889,8.666666666666666,220.88888888888889,37.44444444444444,3.0,8.333333333333334,333.3333333333333,49.666666666666664,3541.75,9300.0,15,8.6,12.933333333333334,160.0,29.866666666666667,6.666666666666667,11.0,266.6666666666667,42.0,0.1111111111111111,0.06666666666666667,0.08888888888888888,7,5,0.38083333333333336,3.121275
Flow60,17,Flow608,10596.05,2.0480930107526882,11700.0,23.0,6.773809523809524,12.031746031746032,175.03968253968253,39.551587301587304,6.916666666666667,13.416666666666668,237.5,25.75,2.0,6.0,0.09166666666666666,8.0,6080.68,2400.0,14,4.214285714285714,10.285714285714286,127.85714285714286,27.214285714285715,5.5,12.5,175.0,15.5,4515.37,9300.0,9,9.333333333333334,13.777777777777779,222.22222222222223,51.888888888888886,8.333333333333334,14.333333333333334,300.0,36.0,0.14285714285714285,0.6666666666666666,0.40476190476190477,8,5,0.4855236559139785,2.5336166666666666
Flow60,17,Flow609,11621.1,1.8844467741935484,11700.0,29.0,8.108585858585858,12.959595959595958,171.75757575757575,36.40151515151515,8.625,13.25,262.5,38.125,4.0,1.0,0.15,5.0,5978.76,2400.0,18,4.944444444444445,11.555555555555555,125.33333333333333,35.166666666666664,6.5,11.75,275.0,38.75,5642.34,9300.0,11,11.272727272727273,14.363636363636363,218.1818181818182,37.63636363636363,10.75,14.75,250.0,37.5,0.2222222222222222,0.09090909090909091,0.15656565656565657,9,5,0.6067032258064516,2.49115
Flow60,17,Flow6010,9751.79,1.9963087365591403,11700.0,28.0,11.020833333333332,14.010416666666668,163.09375,25.260416666666668,12.0,14.583333333333332,204.16666666666669,33.625,0.0,1.0,0.06666666666666667,1.0,5808.710000000001,2400.0,16,9.875,12.1875,151.1875,14.6875,12.0,13.666666666666666,133.33333333333334,12.0,3943.08,9300.0,12,12.166666666666666,15.833333333333334,175.0,35.833333333333336,12.0,15.5,275.0,55.25,0.0,0.08333333333333333,0.041666666666666664,10,5,0.42398709677419355,2.4202958333333338
Flow60,18,Flow606,10459.02,2.3276552419354837,11700.0,27.0,6.692857142857143,11.857142857142858,237.03214285714284,44.32857142857142,6.875,12.0,275.0,46.75,9.0,3.0,0.14166666666666666,12.0,6585.889999999999,2400.0,20,4.1,10.0,218.35,42.8,4.5,10.25,300.0,47.75,3873.13,9300.0,7,9.285714285714286,13.714285714285714,255.71428571428572,45.857142857142854,9.25,13.75,250.0,45.75,0.45,0.42857142857142855,0.4392857142857143,6,5,0.4164655913978495,2.744120833333333
Flow60,18,Flow607,9895.02,1.2657032258064516,11700.0,24.0,5.092857142857143,11.92142857142857,225.99285714285713,43.19285714285714,5.25,11.833333333333332,220.83333333333331,43.20833333333333,5.0,2.0,0.09166666666666666,7.0,4444.32,2400.0,10,1.4,11.2,252.7,54.6,1.5,10.0,275.0,51.75,5450.700000000001,9300.0,14,8.785714285714286,12.642857142857142,199.28571428571428,31.785714285714285,9.0,13.666666666666666,166.66666666666666,34.666666666666664,0.5,0.14285714285714285,0.3214285714285714,7,5,0.5860967741935484,1.8518
Flow60,18,Flow608,11798.59,2.270227956989247,11700.0,24.0,7.514285714285714,13.285714285714285,178.46428571428572,36.371428571428574,6.5,13.375,250.0,42.875,3.0,7.0,0.09166666666666666,10.0,6751.12,2400.0,10,4.1,12.0,135.5,32.1,3.5,12.25,250.0,35.25,5047.47,9300.0,14,10.928571428571429,14.571428571428571,221.42857142857142,40.642857142857146,9.5,14.5,250.0,50.5,0.3,0.5,0.4,8,5,0.5427387096774193,2.8129666666666666
Flow60,18,Flow609,11545.779999999999,1.5834602150537636,11700.0,25.0,8.6,14.25,204.38333333333333,41.016666666666666,8.375,13.75,312.5,43.45833333333333,3.0,3.0,0.08333333333333333,6.0,5389.12,2400.0,10,5.2,12.5,199.7,47.7,6.75,12.5,275.0,46.25,6156.66,9300.0,15,12.0,16.0,209.06666666666666,34.333333333333336,10.0,15.0,350.0,40.666666666666664,0.3,0.2,0.25,9,5,0.6620064516129032,2.2454666666666667
Flow60,18,Flow6010,10306.63,1.551287634408602,11700.0,26.0,10.854545454545455,13.709090909090909,168.83939393939391,29.884848484848483,10.0,13.375,245.83333333333334,36.25,0.0,6.0,0.125,6.0,5073.5599999999995,2400.0,15,10.8,12.6,154.13333333333333,18.133333333333333,9.0,11.75,225.0,12.5,5233.07,9300.0,11,10.909090909090908,14.818181818181818,183.54545454545453,41.63636363636363,11.0,15.0,266.6666666666667,60.0,0.0,0.5454545454545454,0.2727272727272727,10,5,0.5626956989247311,2.113983333333333
Flow60,19,Flow606,11165.43,2.863824193548387,11700.0,24.0,7.625,12.4375,254.0,39.25,7.625,11.875,333.33333333333337,47.75,6.0,4.0,0.11666666666666667,10.0,7753.639999999999,2400.0,16,4.125,10.625,210.5,32.0,3.25,9.75,300.0,47.5,3411.79,9300.0,8,11.125,14.25,297.5,46.5,12.0,14.0,366.6666666666667,48.0,0.375,0.5,0.4375,6,5,0.3668591397849462,3.230683333333333
Flow60,19,Flow607,10486.220000000001,1.6299119623655915,11700.0,22.0,5.3,11.058333333333334,222.29166666666669,38.825,4.0,11.5,300.0,32.16666666666667,4.0,2.0,0.11666666666666667,6.0,5260.39,2400.0,10,2.6,11.2,278.0,45.4,1.0,11.0,333.3333333333333,46.333333333333336,5225.83,9300.0,12,8.0,10.916666666666666,166.58333333333334,32.25,7.0,12.0,266.6666666666667,18.0,0.4,0.16666666666666666,0.2833333333333333,7,5,0.5619172043010753,2.191829166666667
Flow60,19,Flow608,11300.51,1.8399543010752686,11700.0,26.0,6.349673202614379,13.058823529411764,154.36601307189542,38.41503267973856,6.375,13.0,231.25,43.25,3.0,8.0,0.13333333333333333,11.0,5828.12,2400.0,9,2.111111111111111,11.0,155.55555555555554,35.888888888888886,3.5,12.25,212.5,36.75,5472.39,9300.0,17,10.588235294117647,15.117647058823529,153.1764705882353,40.94117647058823,9.25,13.75,250.0,49.75,0.3333333333333333,0.47058823529411764,0.4019607843137255,8,5,0.5884290322580645,2.428383333333333
Flow60,19,Flow609,11316.92,1.292944623655914,11700.0,22.0,9.225,14.216666666666667,199.375,37.233333333333334,8.875,13.583333333333332,261.66666666666663,36.375,3.0,3.0,0.075,6.0,4787.96,2400.0,12,7.25,12.833333333333334,167.75,37.666666666666664,6.75,12.5,250.0,36.75,6528.96,9300.0,10,11.2,15.6,231.0,36.8,11.0,14.666666666666666,273.3333333333333,36.0,0.25,0.3,0.275,9,5,0.7020387096774193,1.9949833333333333
Flow60,19,Flow6010,9937.779999999999,1.1994025537634405,11700.0,28.0,10.90625,14.375,142.35416666666669,32.71875,10.083333333333332,13.458333333333332,237.5,26.875,1.0,4.0,0.21666666666666667,5.0,4326.61,2400.0,16,10.0625,12.5,151.375,19.1875,9.5,12.25,225.0,11.75,5611.17,9300.0,12,11.75,16.25,133.33333333333334,46.25,10.666666666666666,14.666666666666666,250.0,42.0,0.0625,0.3333333333333333,0.19791666666666666,10,5,0.6033516129032258,1.8027541666666664
Flow60,20,Flow606,11359.8,2.246942338709678,11700.0,18.0,8.03076923076923,12.376923076923077,259.6538461538462,40.207692307692305,8.0,11.666666666666668,300.0,43.66666666666667,7.0,2.0,0.075,9.0,6616.6900000000005,2400.0,13,4.461538461538462,11.153846153846153,259.3076923076923,40.61538461538461,4.0,9.0,333.3333333333333,43.333333333333336,4743.11,9300.0,5,11.6,13.6,260.0,39.8,12.0,14.333333333333334,266.6666666666667,44.0,0.5384615384615384,0.4,0.46923076923076923,6,5,0.5100118279569892,2.756954166666667
Flow60,20,Flow607,10595.04,1.7878032258064518,11700.0,20.0,5.151515151515151,11.247474747474747,199.07070707070707,44.176767676767675,5.375,11.25,250.0,46.375,4.0,4.0,0.10833333333333334,8.0,5583.92,2400.0,9,1.6666666666666667,11.222222222222221,261.77777777777777,47.44444444444444,3.0,12.0,325.0,49.0,5011.12,9300.0,11,8.636363636363637,11.272727272727273,136.36363636363637,40.90909090909091,7.75,10.5,175.0,43.75,0.4444444444444444,0.36363636363636365,0.40404040404040403,7,5,0.5388301075268818,2.3266333333333336
Flow60,20,Flow608,11934.54,2.2019951612903226,11700.0,27.0,6.467032967032967,13.151098901098901,135.96153846153845,35.200549450549445,5.208333333333334,11.625,189.58333333333334,34.29166666666667,4.0,7.0,0.10833333333333334,11.0,6648.84,2400.0,13,3.076923076923077,11.23076923076923,121.92307692307692,34.61538461538461,2.75,10.25,112.5,22.25,5285.7,9300.0,14,9.857142857142858,15.071428571428571,150.0,35.785714285714285,7.666666666666667,13.0,266.6666666666667,46.333333333333336,0.3076923076923077,0.5,0.40384615384615385,8,5,0.5683548387096774,2.77035
Flow60,20,Flow609,11698.21,1.024256989247312,11700.0,22.0,8.558333333333334,13.766666666666666,190.725,40.483333333333334,8.416666666666668,12.916666666666668,252.08333333333334,42.20833333333333,4.0,3.0,0.08333333333333333,7.0,4353.6,2400.0,12,5.916666666666667,12.833333333333334,168.75,42.166666666666664,6.5,12.5,237.5,44.75,7344.61,9300.0,10,11.2,14.7,212.7,38.8,10.333333333333334,13.333333333333334,266.6666666666667,39.666666666666664,0.3333333333333333,0.3,0.31666666666666665,9,5,0.7897430107526882,1.814
Flow60,20,Flow6010,10342.59,1.0105052419354839,11700.0,26.0,11.572727272727272,14.896969696969697,140.7090909090909,32.27878787878788,10.541666666666668,14.25,222.91666666666669,33.875,0.0,4.0,0.08333333333333333,4.0,4049.29,2400.0,15,11.6,14.066666666666666,139.6,18.466666666666665,10.333333333333334,13.5,183.33333333333334,21.5,6293.3,9300.0,11,11.545454545454545,15.727272727272727,141.8181818181818,46.09090909090909,10.75,15.0,262.5,46.25,0.0,0.36363636363636365,0.18181818181818182,10,5,0.6766989247311828,1.6872041666666666
