id_in_group,direction,fill_quantity,profit,contract_price,contract_quantity,group_id,max_price,min_price,order_price_diff,max_rate,period,block,max_rate_percent,contract_percent,in_market_quantity,price_dev_from_contract,in_market_percent,ce_price,ind_ce_profit,realized_surplus,excess_profit,format,time
1,buy,0.0,0.0,17.0,300.0,1,3.0,0.0,3.0,3.0,1,1,0.1,0.0,300,14.0,0.0,14,900.0,0.0,-900.0,Flow30,T1-T10
2,buy,150.24,1132.6,14.0,400.0,1,9.0,0.44086021505376344,8.559139784946236,6.67741935483871,1,1,0.22258064516129034,0.37560000000000004,200,5.0,0.7512000000000001,14,0.0,,1132.6,Flow30,T1-T10
3,buy,300.0,2886.68,17.0,300.0,1,16.782608695652176,5.695652173913044,11.08695652173913,8.710144927536232,1,1,0.29033816425120773,1.0,300,0.2173913043478244,1.0,14,900.0,3.207422222222222,1986.6799999999998,Flow30,T1-T10
4,buy,48.09,457.5,16.0,300.0,1,6.446153846153846,4.584615384615384,1.8615384615384616,11.107692307692307,1,1,0.37025641025641026,0.1603,300,9.553846153846154,0.1603,14,600.0,0.7625,-142.5,Flow30,T1-T10
5,sell,369.92,1482.65,3.0,400.0,1,8.359154929577464,3.6971830985915495,4.661971830985915,30.0,1,1,1.0,0.9248000000000001,400,0.6971830985915495,0.9248000000000001,14,4400.0,0.3369659090909091,-2917.35,Flow30,T1-T10
6,sell,136.4,414.52,4.0,400.0,1,11.186666666666667,6.826666666666667,4.36,16.88,1,1,0.5626666666666666,0.341,400,2.826666666666667,0.341,14,4000.0,0.10363,-3585.48,Flow30,T1-T10
7,sell,0.0,0.0,14.0,400.0,1,16.315217391304348,14.315217391304348,2.0,20.0,1,1,0.6666666666666666,0.0,0,0.31521739130434767,,14,0.0,,0.0,Flow30,T1-T10
8,sell,0.0,0.0,11.0,300.0,1,17.85185185185185,16.22222222222222,1.6296296296296295,19.11111111111111,1,1,0.6370370370370371,0.0,300,5.222222222222221,0.0,14,900.0,0.0,-900.0,Flow30,T1-T10
1,buy,57.64,699.64,17.0,300.0,1,5.763888888888889,0.0,5.763888888888889,9.416666666666666,2,1,0.3138888888888889,0.19213333333333332,300,11.23611111111111,0.19213333333333332,14,900.0,0.7773777777777777,-200.36,Flow30,T1-T10
2,buy,265.61,2204.78,14.0,400.0,1,11.436974789915967,4.890756302521009,6.546218487394958,7.394957983193278,2,1,0.24649859943977592,0.6640250000000001,200,2.5630252100840334,1.3280500000000002,14,0.0,,2204.78,Flow30,T1-T10
3,buy,300.0,3038.89,17.0,300.0,1,16.89189189189189,14.45945945945946,2.4324324324324325,8.891891891891891,2,1,0.29639639639639637,1.0,300,0.10810810810810878,1.0,14,900.0,3.3765444444444443,2138.89,Flow30,T1-T10
4,buy,8.4,85.0,16.0,300.0,1,3.4909090909090907,2.4909090909090907,1.0,18.672727272727272,2,1,0.6224242424242424,0.028,300,12.50909090909091,0.028,14,600.0,0.14166666666666666,-515.0,Flow30,T1-T10
5,sell,257.36,683.21,3.0,400.0,1,6.506666666666667,3.8066666666666666,2.7,29.133333333333333,2,1,0.9711111111111111,0.6434000000000001,400,0.8066666666666666,0.6434000000000001,14,4400.0,0.155275,-3716.79,Flow30,T1-T10
6,sell,293.3,760.51,4.0,400.0,1,8.695652173913043,4.971014492753623,3.7246376811594204,14.681159420289855,2,1,0.48937198067632853,0.7332500000000001,400,0.9710144927536231,0.7332500000000001,14,4000.0,0.1901275,-3239.49,Flow30,T1-T10
7,sell,0.0,0.0,14.0,400.0,1,15.850574712643677,14.724137931034482,1.1264367816091954,20.804597701149426,2,1,0.6934865900383141,0.0,0,0.7241379310344822,,14,0.0,,0.0,Flow30,T1-T10
8,sell,84.13,-381.11,11.0,300.0,1,13.173913043478262,11.73913043478261,1.434782608695652,15.173913043478262,2,1,0.5057971014492754,0.2804333333333333,300,0.7391304347826093,0.2804333333333333,14,900.0,-0.4234555555555556,-1281.1100000000001,Flow30,T1-T10
1,buy,10.46,90.32,17.0,300.0,1,9.709090909090909,0.0,9.709090909090909,3.981818181818182,3,1,0.13272727272727272,0.03486666666666667,300,7.290909090909091,0.03486666666666667,14,900.0,0.10035555555555555,-809.6800000000001,Flow30,T1-T10
2,buy,44.34,304.59,14.0,400.0,1,11.950617283950617,2.9382716049382718,9.012345679012345,4.432098765432099,3,1,0.1477366255144033,0.11085,200,2.049382716049383,0.2217,14,0.0,,304.59,Flow30,T1-T10
3,buy,281.2,1778.8,17.0,300.0,1,13.285714285714286,7.3061224489795915,5.979591836734694,15.387755102040817,3,1,0.5129251700680272,0.9373333333333332,300,3.7142857142857135,0.9373333333333332,14,900.0,1.9764444444444444,878.8,Flow30,T1-T10
4,buy,81.13,657.37,16.0,300.0,1,11.904761904761905,5.523809523809524,6.380952380952381,9.476190476190476,3,1,0.31587301587301586,0.2704333333333333,300,4.095238095238095,0.2704333333333333,14,600.0,1.0956166666666667,57.370000000000005,Flow30,T1-T10
5,sell,302.73,1897.54,3.0,400.0,1,8.243243243243244,4.4324324324324325,3.810810810810811,28.954954954954953,3,1,0.9651651651651652,0.7568250000000001,400,1.4324324324324325,0.7568250000000001,14,4400.0,0.4312590909090909,-2502.46,Flow30,T1-T10
6,sell,95.52,652.47,4.0,400.0,1,18.125,7.652777777777778,10.472222222222221,7.305555555555555,3,1,0.24351851851851852,0.23879999999999998,400,3.6527777777777777,0.23879999999999998,14,4000.0,0.1631175,-3347.5299999999997,Flow30,T1-T10
7,sell,0.0,0.0,14.0,400.0,1,17.0,14.87912087912088,2.120879120879121,19.395604395604394,3,1,0.6465201465201464,0.0,0,0.8791208791208796,,14,0.0,,0.0,Flow30,T1-T10
8,sell,9.95,13.11,11.0,300.0,1,15.475,13.05,2.425,19.05,3,1,0.635,0.033166666666666664,300,2.0500000000000007,0.033166666666666664,14,900.0,0.014566666666666665,-886.89,Flow30,T1-T10
1,buy,57.67,632.65,17.0,300.0,1,8.204081632653061,0.0,8.204081632653061,7.081632653061225,4,1,0.23605442176870747,0.19223333333333334,300,8.795918367346939,0.19223333333333334,14,900.0,0.7029444444444444,-267.35,Flow30,T1-T10
2,buy,80.59,558.55,14.0,400.0,1,11.62809917355372,4.338842975206612,7.289256198347108,5.033057851239669,4,1,0.1677685950413223,0.20147500000000002,200,2.3719008264462804,0.40295000000000003,14,0.0,,558.55,Flow30,T1-T10
3,buy,294.21,2584.64,17.0,300.0,1,9.65,4.483333333333333,5.166666666666667,14.95,4,1,0.4983333333333333,0.9806999999999999,300,7.35,0.9806999999999999,14,900.0,2.8718222222222223,1684.6399999999999,Flow30,T1-T10
4,buy,200.0,1702.77,16.0,300.0,1,11.721649484536082,8.103092783505154,3.618556701030928,9.876288659793815,4,1,0.32920962199312714,0.6666666666666666,300,4.278350515463918,0.6666666666666666,14,600.0,2.8379499999999998,1102.77,Flow30,T1-T10
5,sell,400.0,1778.66,3.0,400.0,1,7.605504587155964,3.2752293577981653,4.330275229357798,30.0,4,1,1.0,1.0,400,0.27522935779816526,1.0,14,4400.0,0.4042409090909091,-2621.34,Flow30,T1-T10
6,sell,237.14,941.67,4.0,400.0,1,11.903614457831326,6.807228915662651,5.096385542168675,22.662650602409638,4,1,0.755421686746988,0.59285,400,2.807228915662651,0.59285,14,4000.0,0.2354175,-3058.33,Flow30,T1-T10
7,sell,0.0,0.0,14.0,400.0,1,16.0,14.0,2.0,19.0,4,1,0.6333333333333333,0.0,0,0.0,,14,0.0,,0.0,Flow30,T1-T10
8,sell,0.0,0.0,11.0,300.0,1,14.261538461538462,13.261538461538462,1.0,23.26153846153846,4,1,0.7753846153846153,0.0,300,2.2615384615384624,0.0,14,900.0,0.0,-900.0,Flow30,T1-T10
1,buy,10.96,4.94,6.0,400.0,1,5.7125,0.0,5.7125,5.325,5,2,0.17750000000000002,0.0274,0,0.28749999999999964,inf,6,0.0,,4.94,Flow30,T1-T10
2,buy,48.54,123.9,8.0,400.0,1,5.746987951807229,0.0,5.746987951807229,15.626506024096386,5,2,0.5208835341365462,0.12135,400,2.2530120481927707,0.12135,6,800.0,0.154875,-676.1,Flow30,T1-T10
3,buy,391.92,3868.35,17.0,400.0,1,10.380952380952381,3.888888888888889,6.492063492063492,12.523809523809524,5,2,0.4174603174603175,0.9798,400,6.619047619047619,0.9798,6,4400.0,0.8791704545454545,-531.6500000000001,Flow30,T1-T10
4,buy,309.4,2140.54,15.0,400.0,1,10.630952380952381,9.107142857142858,1.5238095238095237,11.5,5,2,0.38333333333333336,0.7735,400,4.369047619047619,0.7735,6,3600.0,0.5945944444444444,-1459.46,Flow30,T1-T10
5,sell,334.29,709.05,5.0,400.0,1,7.105960264900662,2.7019867549668874,4.403973509933775,27.67549668874172,5,2,0.9225165562913907,0.835725,400,-2.2980132450331126,0.835725,6,400.0,1.772625,309.04999999999995,Flow30,T1-T10
6,sell,15.86,37.8,6.0,400.0,1,14.794520547945206,7.438356164383562,7.3561643835616435,20.575342465753426,5,2,0.6858447488584475,0.03965,200,1.4383561643835616,0.0793,6,0.0,,37.8,Flow30,T1-T10
7,sell,300.0,1078.14,4.0,300.0,1,16.0,5.0,11.0,30.0,5,2,1.0,1.0,300,1.0,1.0,6,600.0,1.7969000000000002,478.1400000000001,Flow30,T1-T10
8,sell,101.05,461.07,3.0,300.0,1,8.637931034482758,6.327586206896552,2.310344827586207,17.29310344827586,5,2,0.5764367816091954,0.3368333333333333,300,3.3275862068965516,0.3368333333333333,6,900.0,0.5123,-438.93,Flow30,T1-T10
1,buy,4.03,1.61,6.0,400.0,1,5.444444444444445,0.0,5.444444444444445,4.222222222222222,6,2,0.14074074074074075,0.010075,0,0.5555555555555554,inf,6,0.0,,1.61,Flow30,T1-T10
2,buy,52.97,139.25,8.0,400.0,1,8.62962962962963,2.259259259259259,6.37037037037037,19.48148148148148,6,2,0.6493827160493827,0.132425,400,-0.6296296296296298,0.132425,6,800.0,0.1740625,-660.75,Flow30,T1-T10
3,buy,393.04,3872.0,17.0,400.0,1,12.75,6.375,6.375,11.525,6,2,0.38416666666666666,0.9826,400,4.25,0.9826,6,4400.0,0.88,-528.0,Flow30,T1-T10
4,buy,400.0,3140.59,15.0,400.0,1,12.246153846153845,8.784615384615385,3.4615384615384617,16.46153846153846,6,2,0.5487179487179487,1.0,400,2.7538461538461547,1.0,6,3600.0,0.8723861111111112,-459.40999999999985,Flow30,T1-T10
5,sell,270.3,513.64,5.0,400.0,1,7.006535947712418,3.7058823529411766,3.3006535947712417,27.352941176470587,6,2,0.9117647058823529,0.6757500000000001,400,-1.2941176470588234,0.6757500000000001,6,400.0,1.2841,113.63999999999999,Flow30,T1-T10
6,sell,195.32,282.06,6.0,400.0,1,8.789473684210526,5.850877192982456,2.93859649122807,16.57894736842105,6,2,0.5526315789473684,0.48829999999999996,200,-0.14912280701754366,0.9765999999999999,6,0.0,,282.06,Flow30,T1-T10
7,sell,284.05,850.88,4.0,300.0,1,18.51063829787234,4.627659574468085,13.882978723404255,16.819148936170212,6,2,0.5606382978723404,0.9468333333333334,300,0.6276595744680851,0.9468333333333334,6,600.0,1.4181333333333332,250.88,Flow30,T1-T10
8,sell,115.88,430.95,3.0,300.0,1,15.792682926829269,13.341463414634147,2.451219512195122,8.707317073170731,6,2,0.29024390243902437,0.38626666666666665,300,10.341463414634147,0.38626666666666665,6,900.0,0.47883333333333333,-469.05,Flow30,T1-T10
1,buy,1.52,-1.13,6.0,400.0,1,5.935483870967742,0.0,5.935483870967742,13.5,7,2,0.45,0.0038,0,0.06451612903225801,inf,6,0.0,,-1.13,Flow30,T1-T10
2,buy,203.12,348.57,8.0,400.0,1,8.700934579439252,1.4953271028037383,7.205607476635514,25.925233644859812,7,2,0.8641744548286604,0.5078,400,-0.7009345794392523,0.5078,6,800.0,0.4357125,-451.43,Flow30,T1-T10
3,buy,400.0,4113.74,17.0,400.0,1,10.841269841269842,2.984126984126984,7.857142857142857,11.492063492063492,7,2,0.38306878306878306,1.0,400,6.158730158730158,1.0,6,4400.0,0.934940909090909,-286.2600000000002,Flow30,T1-T10
4,buy,400.0,3248.96,15.0,400.0,1,12.046511627906977,6.837209302325581,5.209302325581396,23.209302325581394,7,2,0.7736434108527132,1.0,400,2.953488372093023,1.0,6,3600.0,0.9024888888888889,-351.03999999999996,Flow30,T1-T10
5,sell,397.77,674.79,5.0,400.0,1,6.371794871794871,3.051282051282051,3.3205128205128207,30.0,7,2,1.0,0.994425,400,-1.948717948717949,0.994425,6,400.0,1.686975,274.78999999999996,Flow30,T1-T10
6,sell,98.29,158.08,6.0,400.0,1,7.3517241379310345,4.23448275862069,3.117241379310345,16.406896551724138,7,2,0.546896551724138,0.24572500000000003,200,-1.7655172413793103,0.49145000000000005,6,0.0,,158.08,Flow30,T1-T10
7,sell,299.26,760.13,4.0,300.0,1,15.0,5.0,10.0,30.0,7,2,1.0,0.9975333333333333,300,1.0,0.9975333333333333,6,600.0,1.2668833333333334,160.13,Flow30,T1-T10
8,sell,215.45,744.16,3.0,300.0,1,7.016949152542373,6.016949152542373,1.0,16.576271186440678,7,2,0.552542372881356,0.7181666666666666,300,3.016949152542373,0.7181666666666666,6,900.0,0.8268444444444444,-155.84000000000003,Flow30,T1-T10
1,buy,4.22,3.68,6.0,400.0,1,5.594936708860759,0.0,5.594936708860759,20.10126582278481,8,2,0.6700421940928271,0.010549999999999999,0,0.4050632911392409,inf,6,0.0,,3.68,Flow30,T1-T10
2,buy,246.06,464.07,8.0,400.0,1,8.3109243697479,0.8823529411764706,7.428571428571429,27.277310924369747,8,2,0.9092436974789916,0.61515,400,-0.31092436974789983,0.61515,6,800.0,0.5800875,-335.93,Flow30,T1-T10
3,buy,386.09,3876.67,17.0,400.0,1,14.314814814814815,2.814814814814815,11.5,12.24074074074074,8,2,0.40802469135802466,0.9652249999999999,400,2.685185185185185,0.9652249999999999,6,4400.0,0.8810613636363637,-523.3299999999999,Flow30,T1-T10
4,buy,397.49,3121.06,15.0,400.0,1,14.85,11.575,3.275,20.85,8,2,0.6950000000000001,0.993725,400,0.15000000000000036,0.993725,6,3600.0,0.8669611111111111,-478.94000000000005,Flow30,T1-T10
5,sell,321.63,609.26,5.0,400.0,1,7.527272727272727,4.281818181818182,3.2454545454545456,30.0,8,2,1.0,0.804075,400,-0.7181818181818178,0.804075,6,400.0,1.52315,209.26,Flow30,T1-T10
6,sell,96.72,60.56,6.0,400.0,1,9.156521739130435,5.3478260869565215,3.8086956521739133,27.443478260869565,8,2,0.9147826086956522,0.2418,200,-0.6521739130434785,0.4836,6,0.0,,60.56,Flow30,T1-T10
7,sell,300.0,911.95,4.0,300.0,1,6.219512195121951,1.2682926829268293,4.951219512195122,30.0,8,2,1.0,1.0,300,-2.7317073170731705,1.0,6,600.0,1.5199166666666668,311.95000000000005,Flow30,T1-T10
8,sell,299.84,1080.01,3.0,300.0,1,7.4375,6.4375,1.0,23.375,8,2,0.7791666666666667,0.9994666666666666,300,3.4375,0.9994666666666666,6,900.0,1.2000111111111111,180.01,Flow30,T1-T10
1,buy,76.01,758.28,16.0,300.0,1,6.824561403508772,0.0,6.824561403508772,24.63157894736842,9,3,0.8210526315789474,0.2533666666666667,300,9.175438596491228,0.2533666666666667,9,2100.0,0.3610857142857143,-1341.72,Flow30,T1-T10
2,buy,400.0,3320.66,15.0,400.0,1,12.279069767441861,2.383720930232558,9.895348837209303,12.627906976744185,9,3,0.4209302325581395,1.0,400,2.720930232558139,1.0,9,2400.0,1.3836083333333333,920.6599999999999,Flow30,T1-T10
3,buy,400.0,1281.66,10.0,400.0,1,11.083333333333334,2.3055555555555554,8.777777777777779,11.194444444444445,9,3,0.3731481481481482,1.0,400,-1.083333333333334,1.0,9,400.0,3.2041500000000003,881.6600000000001,Flow30,T1-T10
4,buy,323.51,2390.18,14.0,400.0,1,8.806451612903226,4.89247311827957,3.913978494623656,18.56989247311828,9,3,0.6189964157706094,0.808775,400,5.193548387096774,0.808775,9,2000.0,1.19509,390.17999999999984,Flow30,T1-T10
5,sell,400.0,1384.01,3.0,400.0,1,6.041237113402062,3.288659793814433,2.752577319587629,21.278350515463917,9,3,0.7092783505154638,1.0,400,0.28865979381443285,1.0,9,2400.0,0.5766708333333334,-1015.99,Flow30,T1-T10
6,sell,262.97,505.2,5.0,400.0,1,9.367816091954023,3.2758620689655173,6.091954022988506,16.649425287356323,9,3,0.5549808429118774,0.657425,400,-1.7241379310344827,0.657425,9,1600.0,0.31575,-1094.8,Flow30,T1-T10
7,sell,400.0,997.46,4.0,400.0,1,5.576576576576577,1.1891891891891893,4.387387387387387,30.0,9,3,1.0,1.0,400,-2.8108108108108105,1.0,9,2000.0,0.49873,-1002.54,Flow30,T1-T10
8,sell,164.75,-125.21,8.0,300.0,1,8.946666666666667,7.946666666666666,1.0,26.16,9,3,0.872,0.5491666666666667,300,-0.05333333333333368,0.5491666666666667,9,300.0,-0.41736666666666666,-425.21,Flow30,T1-T10
1,buy,300.0,2593.63,16.0,300.0,1,10.0,0.0,10.0,30.0,10,3,1.0,1.0,300,6.0,1.0,9,2100.0,1.235061904761905,493.6300000000001,Flow30,T1-T10
2,buy,348.58,2451.77,15.0,400.0,1,13.114503816793894,5.190839694656488,7.923664122137405,16.770992366412212,10,3,0.5590330788804071,0.87145,400,1.8854961832061061,0.87145,9,2400.0,1.0215708333333333,51.76999999999998,Flow30,T1-T10
3,buy,181.79,272.06,10.0,400.0,1,9.241379310344827,5.137931034482759,4.103448275862069,18.03448275862069,10,3,0.6011494252873564,0.45447499999999996,400,0.7586206896551726,0.45447499999999996,9,400.0,0.68015,-127.94,Flow30,T1-T10
4,buy,355.72,2197.35,14.0,400.0,1,11.723076923076922,5.8307692307692305,5.892307692307693,16.76923076923077,10,3,0.558974358974359,0.8893000000000001,400,2.2769230769230777,0.8893000000000001,9,2000.0,1.0986749999999998,197.3499999999999,Flow30,T1-T10
5,sell,399.38,1745.0,3.0,400.0,1,6.430379746835443,3.7974683544303796,2.632911392405063,26.27848101265823,10,3,0.8759493670886076,0.99845,400,0.7974683544303796,0.99845,9,2400.0,0.7270833333333333,-655.0,Flow30,T1-T10
6,sell,301.57,976.03,5.0,400.0,1,17.428571428571427,6.128571428571429,11.3,14.914285714285715,10,3,0.49714285714285716,0.753925,400,1.128571428571429,0.753925,9,1600.0,0.6100187499999999,-623.97,Flow30,T1-T10
7,sell,400.0,1535.95,4.0,400.0,1,9.147058823529411,2.235294117647059,6.911764705882353,23.852941176470587,10,3,0.7950980392156862,1.0,400,-1.7647058823529411,1.0,9,2000.0,0.7679750000000001,-464.04999999999995,Flow30,T1-T10
8,sell,62.88,74.64,8.0,300.0,1,13.11111111111111,9.777777777777779,3.3333333333333335,24.77777777777778,10,3,0.825925925925926,0.2096,300,1.7777777777777786,0.2096,9,300.0,0.2488,-225.36,Flow30,T1-T10
1,buy,300.0,2382.54,16.0,300.0,1,11.0,0.0,11.0,30.0,11,3,1.0,1.0,300,5.0,1.0,9,2100.0,1.134542857142857,282.53999999999996,Flow30,T11-T20
2,buy,138.87,976.84,15.0,400.0,1,10.043103448275861,0.9482758620689655,9.094827586206897,20.198275862068964,11,3,0.6732758620689655,0.347175,400,4.956896551724139,0.347175,9,2400.0,0.4070166666666667,-1423.1599999999999,Flow30,T11-T20
3,buy,254.49,370.48,10.0,400.0,1,9.611940298507463,5.014925373134329,4.597014925373134,17.104477611940297,11,3,0.5701492537313432,0.636225,400,0.3880597014925371,0.636225,9,400.0,0.9262,-29.519999999999982,Flow30,T11-T20
4,buy,368.6,2241.24,14.0,400.0,1,10.74698795180723,6.445783132530121,4.301204819277109,26.85542168674699,11,3,0.8951807228915664,0.9215000000000001,400,3.2530120481927707,0.9215000000000001,9,2000.0,1.12062,241.23999999999978,Flow30,T11-T20
5,sell,399.23,1988.19,3.0,400.0,1,6.97972972972973,2.689189189189189,4.29054054054054,30.0,11,3,1.0,0.998075,400,-0.31081081081081097,0.998075,9,2400.0,0.8284125,-411.80999999999995,Flow30,T11-T20
6,sell,159.77,500.25,5.0,400.0,1,18.5375,6.625,11.9125,18.1,11,3,0.6033333333333334,0.39942500000000003,400,1.625,0.39942500000000003,9,1600.0,0.31265625,-1099.75,Flow30,T11-T20
7,sell,400.0,1603.63,4.0,400.0,1,7.797979797979798,1.898989898989899,5.898989898989899,23.828282828282827,11,3,0.7942760942760942,1.0,400,-2.101010101010101,1.0,9,2000.0,0.801815,-396.3699999999999,Flow30,T11-T20
8,sell,90.87,101.76,8.0,300.0,1,10.0,9.0,1.0,25.0,11,3,0.8333333333333334,0.3029,300,1.0,0.3029,9,300.0,0.3392,-198.24,Flow30,T11-T20
1,buy,46.27,382.45,16.0,300.0,1,8.210526315789474,0.0,8.210526315789474,24.157894736842106,12,3,0.8052631578947369,0.15423333333333333,300,7.789473684210526,0.15423333333333333,9,2100.0,0.18211904761904762,-1717.55,Flow30,T11-T20
2,buy,297.92,2082.35,15.0,400.0,1,9.526881720430108,0.0,9.526881720430108,20.053763440860216,12,3,0.6684587813620072,0.7448,400,5.473118279569892,0.7448,9,2400.0,0.8676458333333333,-317.6500000000001,Flow30,T11-T20
3,buy,368.66,737.46,10.0,400.0,1,9.428571428571429,4.607142857142857,4.821428571428571,21.75,12,3,0.725,0.9216500000000001,400,0.5714285714285712,0.9216500000000001,9,400.0,1.84365,337.46000000000004,Flow30,T11-T20
4,buy,400.0,2603.06,14.0,400.0,1,13.106194690265486,8.47787610619469,4.628318584070796,25.256637168141594,12,3,0.8418879056047198,1.0,400,0.893805309734514,1.0,9,2000.0,1.30153,603.06,Flow30,T11-T20
5,sell,399.28,1888.76,3.0,400.0,1,7.447852760736196,4.171779141104294,3.276073619631902,30.0,12,3,1.0,0.9982,400,1.1717791411042944,0.9982,9,2400.0,0.7869833333333334,-511.24,Flow30,T11-T20
6,sell,311.16,826.91,5.0,400.0,1,17.22093023255814,6.744186046511628,10.476744186046512,21.186046511627907,12,3,0.7062015503875969,0.7779,400,1.7441860465116283,0.7779,9,1600.0,0.51681875,-773.09,Flow30,T11-T20
7,sell,389.7,1557.52,4.0,400.0,1,20.0,5.0,15.0,19.0,12,3,0.6333333333333333,0.97425,400,1.0,0.97425,9,2000.0,0.77876,-442.48,Flow30,T11-T20
8,sell,6.84,7.26,8.0,300.0,1,10.246913580246913,9.246913580246913,1.0,28.0,12,3,0.9333333333333333,0.0228,300,1.246913580246913,0.0228,9,300.0,0.0242,-292.74,Flow30,T11-T20
1,buy,400.0,4117.25,17.0,400.0,1,8.0,0.0,8.0,30.0,13,4,1.0,1.0,400,9.0,1.0,6,4400.0,0.9357386363636364,-282.75,Flow30,T11-T20
2,buy,353.58,2954.06,15.0,400.0,1,8.0,0.0,8.0,21.0,13,4,0.7,0.88395,400,7.0,0.88395,6,3600.0,0.8205722222222223,-645.94,Flow30,T11-T20
3,buy,257.29,360.38,8.0,400.0,1,7.9,2.2285714285714286,5.671428571428572,16.62857142857143,13,4,0.5542857142857144,0.643225,400,0.09999999999999964,0.643225,6,800.0,0.450475,-439.62,Flow30,T11-T20
4,buy,11.96,-17.36,6.0,400.0,1,7.410526315789474,3.210526315789474,4.2,25.094736842105263,13,4,0.8364912280701754,0.029900000000000003,0,-1.4105263157894736,inf,6,0.0,,-17.36,Flow30,T11-T20
5,sell,96.16,66.8,6.0,400.0,1,10.5625,7.28125,3.28125,30.0,13,4,1.0,0.2404,200,1.28125,0.4808,6,0.0,,66.8,Flow30,T11-T20
6,sell,253.87,951.68,3.0,300.0,1,9.345070422535212,4.274647887323944,5.070422535211268,18.704225352112676,13,4,0.6234741784037559,0.8462333333333334,300,1.274647887323944,0.8462333333333334,6,900.0,1.0574222222222223,51.67999999999995,Flow30,T11-T20
7,sell,370.32,680.63,5.0,400.0,1,16.0,5.0,11.0,23.857142857142858,13,4,0.7952380952380953,0.9258,400,0.0,0.9258,6,400.0,1.701575,280.63,Flow30,T11-T20
8,sell,300.0,714.9,4.0,300.0,1,7.0,6.0,1.0,24.0,13,4,0.8,1.0,300,2.0,1.0,6,600.0,1.1915,114.89999999999998,Flow30,T11-T20
1,buy,400.0,3878.75,17.0,400.0,1,14.367816091954023,3.9310344827586206,10.436781609195402,18.20689655172414,14,4,0.6068965517241379,1.0,400,2.6321839080459775,1.0,6,4400.0,0.881534090909091,-521.25,Flow30,T11-T20
2,buy,373.37,2924.9,15.0,400.0,1,9.0,0.0,9.0,24.62962962962963,14,4,0.8209876543209876,0.9334250000000001,400,6.0,0.9334250000000001,6,3600.0,0.8124722222222223,-675.0999999999999,Flow30,T11-T20
3,buy,243.92,255.69,8.0,400.0,1,8.371794871794872,3.628205128205128,4.743589743589744,15.102564102564102,14,4,0.5034188034188034,0.6098,400,-0.37179487179487225,0.6098,6,800.0,0.3196125,-544.31,Flow30,T11-T20
4,buy,93.83,-168.97,6.0,400.0,1,8.173913043478262,3.8550724637681157,4.318840579710145,29.71014492753623,14,4,0.9903381642512077,0.234575,0,-2.1739130434782616,inf,6,0.0,,-168.97,Flow30,T11-T20
5,sell,351.56,545.97,6.0,400.0,1,8.738853503184714,5.280254777070064,3.4585987261146496,29.312101910828027,14,4,0.9770700636942675,0.8789,200,-0.7197452229299364,1.7578,6,0.0,,545.97,Flow30,T11-T20
6,sell,252.98,909.71,3.0,300.0,1,16.531645569620252,6.177215189873418,10.354430379746836,20.772151898734176,14,4,0.6924050632911392,0.8432666666666666,300,3.1772151898734178,0.8432666666666666,6,900.0,1.010788888888889,9.710000000000036,Flow30,T11-T20
7,sell,400.0,911.05,5.0,400.0,1,8.31958762886598,3.948453608247423,4.371134020618556,30.0,14,4,1.0,1.0,400,-1.0515463917525771,1.0,6,400.0,2.277625,511.04999999999995,Flow30,T11-T20
8,sell,92.65,317.06,4.0,300.0,1,9.413793103448276,7.327586206896552,2.086206896551724,25.06896551724138,14,4,0.8356321839080461,0.30883333333333335,300,3.3275862068965516,0.30883333333333335,6,600.0,0.5284333333333333,-282.94,Flow30,T11-T20
1,buy,220.15,2402.12,17.0,400.0,1,7.083333333333333,0.0,7.083333333333333,25.555555555555557,15,4,0.8518518518518519,0.5503750000000001,400,9.916666666666668,0.5503750000000001,6,4400.0,0.5459363636363637,-1997.88,Flow30,T11-T20
2,buy,400.0,3366.55,15.0,400.0,1,10.285714285714286,1.9870129870129871,8.2987012987013,19.77922077922078,15,4,0.6593073593073593,1.0,400,4.7142857142857135,1.0,6,3600.0,0.9351527777777778,-233.44999999999982,Flow30,T11-T20
3,buy,400.0,508.31,8.0,400.0,1,8.653061224489797,3.857142857142857,4.795918367346939,24.591836734693878,15,4,0.8197278911564626,1.0,400,-0.6530612244897966,1.0,6,800.0,0.6353875,-291.69,Flow30,T11-T20
4,buy,25.53,-36.62,6.0,400.0,1,9.978260869565217,5.260869565217392,4.717391304347826,22.5,15,4,0.75,0.063825,0,-3.978260869565217,inf,6,0.0,,-36.62,Flow30,T11-T20
5,sell,100.74,34.33,6.0,400.0,1,8.89516129032258,5.411290322580645,3.4838709677419355,28.306451612903224,15,4,0.9435483870967741,0.25184999999999996,200,-0.588709677419355,0.5036999999999999,6,0.0,,34.33,Flow30,T11-T20
6,sell,255.33,850.78,3.0,300.0,1,13.771084337349398,5.36144578313253,8.409638554216867,24.36144578313253,15,4,0.8120481927710844,0.8511000000000001,300,2.36144578313253,0.8511000000000001,6,900.0,0.9453111111111111,-49.22000000000003,Flow30,T11-T20
7,sell,400.0,642.94,5.0,400.0,1,12.144329896907216,3.9690721649484537,8.175257731958762,30.0,15,4,1.0,1.0,400,-1.0309278350515463,1.0,6,400.0,1.60735,242.94000000000005,Flow30,T11-T20
8,sell,300.0,822.78,4.0,300.0,1,6.90990990990991,4.2342342342342345,2.675675675675676,23.8018018018018,15,4,0.7933933933933933,1.0,300,0.2342342342342345,1.0,6,600.0,1.3713,222.77999999999997,Flow30,T11-T20
1,buy,384.51,4001.0,17.0,400.0,1,7.682926829268292,0.07317073170731707,7.609756097560975,28.682926829268293,16,4,0.9560975609756098,0.961275,400,9.317073170731707,0.961275,6,4400.0,0.9093181818181818,-399.0,Flow30,T11-T20
2,buy,389.17,3294.48,15.0,400.0,1,9.0,0.0,9.0,14.714285714285714,16,4,0.49047619047619045,0.972925,400,6.0,0.972925,6,3600.0,0.9151333333333334,-305.52,Flow30,T11-T20
3,buy,398.49,522.11,8.0,400.0,1,8.279411764705882,2.9558823529411766,5.323529411764706,19.147058823529413,16,4,0.6382352941176471,0.996225,400,-0.27941176470588225,0.996225,6,800.0,0.6526375,-277.89,Flow30,T11-T20
4,buy,96.76,-54.46,6.0,400.0,1,8.821428571428571,4.821428571428571,4.0,17.428571428571427,16,4,0.5809523809523809,0.2419,0,-2.821428571428571,inf,6,0.0,,-54.46,Flow30,T11-T20
5,sell,349.44,241.6,6.0,400.0,1,7.4393939393939394,4.151515151515151,3.287878787878788,17.752525252525253,16,4,0.5917508417508418,0.8736,200,-1.8484848484848486,1.7472,6,0.0,,241.6,Flow30,T11-T20
6,sell,243.29,865.85,3.0,300.0,1,16.415584415584416,5.285714285714286,11.12987012987013,29.2987012987013,16,4,0.9766233766233766,0.8109666666666666,300,2.2857142857142856,0.8109666666666666,6,900.0,0.9620555555555556,-34.14999999999998,Flow30,T11-T20
7,sell,385.67,619.48,5.0,400.0,1,13.0,5.0,8.0,20.0,16,4,0.6666666666666666,0.964175,400,0.0,0.964175,6,400.0,1.5487,219.48000000000002,Flow30,T11-T20
8,sell,300.0,761.84,4.0,300.0,1,6.008928571428571,4.589285714285714,1.4196428571428572,25.491071428571427,16,4,0.8497023809523809,1.0,300,0.5892857142857144,1.0,6,600.0,1.2697333333333334,161.84000000000003,Flow30,T11-T20
1,buy,129.69,575.92,14.0,400.0,1,11.080645161290322,0.0,11.080645161290322,25.258064516129032,17,5,0.8419354838709677,0.324225,200,2.919354838709678,0.64845,14,0.0,,575.92,Flow30,T11-T20
2,buy,116.54,574.65,16.0,300.0,1,12.064516129032258,0.0,12.064516129032258,21.483870967741936,17,5,0.7161290322580646,0.3884666666666667,300,3.935483870967742,0.3884666666666667,14,600.0,0.95775,-25.350000000000023,Flow30,T11-T20
3,buy,285.53,1840.01,17.0,300.0,1,15.837837837837839,8.702702702702704,7.135135135135135,18.243243243243242,17,5,0.6081081081081081,0.9517666666666665,300,1.1621621621621614,0.9517666666666665,14,900.0,2.0444555555555555,940.01,Flow30,T11-T20
4,buy,291.73,1810.5,17.0,300.0,1,14.535031847133759,9.222929936305732,5.312101910828026,28.29299363057325,17,5,0.943099787685775,0.9724333333333334,300,2.4649681528662413,0.9724333333333334,14,900.0,2.0116666666666667,910.5,Flow30,T11-T20
5,sell,33.05,-153.41,14.0,400.0,1,16.0,11.227722772277227,4.772277227722772,29.425742574257427,17,5,0.9808580858085809,0.08262499999999999,0,-2.772277227722773,inf,14,0.0,,-153.41,Flow30,T11-T20
6,sell,89.15,86.97,11.0,300.0,1,19.463917525773194,11.164948453608247,8.29896907216495,10.989690721649485,17,5,0.3663230240549828,0.2971666666666667,300,0.16494845360824684,0.2971666666666667,14,900.0,0.09663333333333333,-813.03,Flow30,T11-T20
7,sell,399.27,2745.0,4.0,400.0,1,18.285714285714285,6.523809523809524,11.761904761904763,11.571428571428571,17,5,0.38571428571428573,0.9981749999999999,400,2.5238095238095237,0.9981749999999999,14,4000.0,0.68625,-1255.0,Flow30,T11-T20
8,sell,299.49,2052.16,3.0,400.0,1,11.846153846153847,5.653846153846154,6.1923076923076925,24.0,17,5,0.8,0.748725,400,2.653846153846154,0.748725,14,4400.0,0.4664,-2347.84,Flow30,T11-T20
1,buy,171.41,524.49,14.0,400.0,1,12.414285714285715,0.0,12.414285714285715,29.614285714285714,18,5,0.9871428571428571,0.428525,200,1.5857142857142854,0.85705,14,0.0,,524.49,Flow30,T11-T20
2,buy,233.13,1017.28,16.0,300.0,1,13.209876543209877,0.0,13.209876543209877,23.19753086419753,18,5,0.7732510288065844,0.7771,300,2.7901234567901234,0.7771,14,600.0,1.6954666666666667,417.28,Flow30,T11-T20
3,buy,298.13,1592.29,17.0,300.0,1,17.047619047619047,9.047619047619047,8.0,21.928571428571427,18,5,0.7309523809523809,0.9937666666666667,300,-0.04761904761904745,0.9937666666666667,14,900.0,1.769211111111111,692.29,Flow30,T11-T20
4,buy,300.0,1781.55,17.0,300.0,1,15.411764705882353,10.788235294117648,4.623529411764705,26.623529411764707,18,5,0.8874509803921569,1.0,300,1.5882352941176467,1.0,14,900.0,1.9795,881.55,Flow30,T11-T20
5,sell,0.0,0.0,14.0,400.0,1,16.569444444444443,13.875,2.6944444444444446,26.5,18,5,0.8833333333333333,0.0,0,-0.125,,14,0.0,,0.0,Flow30,T11-T20
6,sell,300.0,271.15,11.0,300.0,1,15.086666666666666,7.993333333333333,7.093333333333334,30.0,18,5,1.0,1.0,300,-3.006666666666667,1.0,14,900.0,0.30127777777777776,-628.85,Flow30,T11-T20
7,sell,400.0,2845.37,4.0,400.0,1,18.0,6.0,12.0,23.0,18,5,0.7666666666666667,1.0,400,2.0,1.0,14,4000.0,0.7113425,-1154.63,Flow30,T11-T20
8,sell,300.0,2440.14,3.0,400.0,1,10.655737704918034,7.491803278688525,3.1639344262295084,25.770491803278688,18,5,0.8590163934426229,0.75,400,4.491803278688525,0.75,14,4400.0,0.5545772727272728,-1959.8600000000001,Flow30,T11-T20
1,buy,276.85,558.96,14.0,400.0,1,14.0,0.0,14.0,30.0,19,5,1.0,0.6921250000000001,200,0.0,1.3842500000000002,14,0.0,,558.96,Flow30,T11-T20
2,buy,244.06,920.22,16.0,300.0,1,14.605263157894736,0.0,14.605263157894736,23.68421052631579,19,5,0.7894736842105263,0.8135333333333333,300,1.3947368421052637,0.8135333333333333,14,600.0,1.5337,320.22,Flow30,T11-T20
3,buy,296.1,1392.4,17.0,300.0,1,16.941176470588236,10.823529411764707,6.117647058823529,20.279411764705884,19,5,0.6759803921568628,0.9870000000000001,300,0.0588235294117645,0.9870000000000001,14,900.0,1.547111111111111,492.4000000000001,Flow30,T11-T20
4,buy,269.32,1254.06,17.0,300.0,1,15.272727272727273,9.597402597402597,5.675324675324675,26.064935064935064,19,5,0.8688311688311688,0.8977333333333333,300,1.7272727272727266,0.8977333333333333,14,900.0,1.3934,354.05999999999995,Flow30,T11-T20
5,sell,95.29,19.52,14.0,400.0,1,14.632,12.656,1.976,24.624,19,5,0.8208,0.23822500000000002,0,-1.3439999999999994,inf,14,0.0,,19.52,Flow30,T11-T20
6,sell,299.65,474.92,11.0,300.0,1,14.4,6.133333333333334,8.266666666666667,30.0,19,5,1.0,0.9988333333333332,300,-4.866666666666666,0.9988333333333332,14,900.0,0.5276888888888889,-425.08,Flow30,T11-T20
7,sell,399.79,3143.12,4.0,400.0,1,17.25531914893617,9.680851063829786,7.574468085106383,25.78723404255319,19,5,0.8595744680851064,0.999475,400,5.680851063829786,0.999475,14,4000.0,0.7857799999999999,-856.8800000000001,Flow30,T11-T20
8,sell,300.0,2599.6,3.0,400.0,1,14.222222222222221,7.333333333333333,6.888888888888889,28.0,19,5,0.9333333333333333,0.75,400,4.333333333333333,0.75,14,4400.0,0.5908181818181818,-1800.4,Flow30,T11-T20
1,buy,224.46,294.46,14.0,400.0,1,14.0,0.0,14.0,30.0,20,5,1.0,0.56115,200,0.0,1.1223,14,0.0,,294.46,Flow30,T11-T20
2,buy,169.8,564.12,16.0,300.0,1,14.0,0.0,14.0,22.0,20,5,0.7333333333333333,0.5660000000000001,300,2.0,0.5660000000000001,14,600.0,0.9402,-35.879999999999995,Flow30,T11-T20
3,buy,299.61,1322.9,17.0,300.0,1,16.547619047619047,7.190476190476191,9.357142857142858,23.30952380952381,20,5,0.776984126984127,0.9987,300,0.45238095238095255,0.9987,14,900.0,1.469888888888889,422.9000000000001,Flow30,T11-T20
4,buy,300.0,1261.37,17.0,300.0,1,16.25,10.821428571428571,5.428571428571429,29.607142857142858,20,5,0.986904761904762,1.0,300,0.75,1.0,14,900.0,1.4015222222222221,361.3699999999999,Flow30,T11-T20
5,sell,0.0,0.0,14.0,400.0,1,15.0,14.0,1.0,30.0,20,5,1.0,0.0,0,0.0,,14,0.0,,0.0,Flow30,T11-T20
6,sell,290.11,598.55,11.0,300.0,1,13.178378378378378,6.621621621621622,6.556756756756757,30.0,20,5,1.0,0.9670333333333334,300,-4.378378378378378,0.9670333333333334,14,900.0,0.6650555555555555,-301.45000000000005,Flow30,T11-T20
7,sell,400.0,3515.1,4.0,400.0,1,20.0,10.056603773584905,9.943396226415095,30.0,20,5,1.0,1.0,400,6.056603773584905,1.0,14,4000.0,0.878775,-484.9000000000001,Flow30,T11-T20
8,sell,300.0,2762.37,3.0,400.0,1,14.0,11.0,3.0,30.0,20,5,1.0,0.75,400,8.0,0.75,14,4400.0,0.6278113636363636,-1637.63,Flow30,T11-T20
1,buy,271.65,1605.6,17.0,300.0,2,14.0,4.0,10.0,12.0,1,1,0.4,0.9055,300,3.0,0.9055,14,900.0,1.7839999999999998,705.5999999999999,Flow30,T1-T10
2,buy,32.4,38.37,14.0,400.0,2,14.857142857142858,0.0,14.857142857142858,10.071428571428571,1,1,0.3357142857142857,0.081,200,-0.8571428571428577,0.162,14,0.0,,38.37,Flow30,T1-T10
3,buy,300.0,1499.23,17.0,300.0,2,16.764044943820224,13.146067415730338,3.6179775280898876,15.393258426966293,1,1,0.5131086142322098,1.0,300,0.23595505617977608,1.0,14,900.0,1.6658111111111111,599.23,Flow30,T1-T10
4,buy,212.8,927.89,16.0,300.0,2,13.881578947368421,2.486842105263158,11.394736842105264,18.57894736842105,1,1,0.619298245614035,0.7093333333333334,300,2.1184210526315788,0.7093333333333334,14,600.0,1.5464833333333332,327.89,Flow30,T1-T10
5,sell,217.92,1957.39,3.0,400.0,2,14.05813953488372,9.395348837209303,4.662790697674419,6.104651162790698,1,1,0.20348837209302326,0.5448,400,6.395348837209303,0.5448,14,4400.0,0.44486136363636364,-2442.6099999999997,Flow30,T1-T10
6,sell,333.86,2443.49,4.0,400.0,2,19.352941176470587,9.191176470588236,10.161764705882353,28.985294117647058,1,1,0.9661764705882353,0.83465,400,5.1911764705882355,0.83465,14,4000.0,0.6108724999999999,-1556.5100000000002,Flow30,T1-T10
7,sell,101.21,-151.7,14.0,400.0,2,17.107692307692307,10.6,6.507692307692308,11.353846153846154,1,1,0.37846153846153846,0.253025,0,-3.4000000000000004,inf,14,0.0,,-151.7,Flow30,T1-T10
8,sell,150.65,37.25,11.0,300.0,2,15.9,9.5,6.4,27.14,1,1,0.9046666666666667,0.5021666666666667,300,-1.5,0.5021666666666667,14,900.0,0.04138888888888889,-862.75,Flow30,T1-T10
1,buy,251.41,990.68,17.0,300.0,2,15.0,8.0,7.0,12.0,2,1,0.4,0.8380333333333333,300,2.0,0.8380333333333333,14,900.0,1.1007555555555555,90.67999999999995,Flow30,T1-T10
2,buy,0.0,0.0,14.0,400.0,2,8.636363636363637,0.0,8.636363636363637,10.893939393939394,2,1,0.36313131313131314,0.0,200,5.363636363636363,0.0,14,0.0,,0.0,Flow30,T1-T10
3,buy,269.21,1090.21,17.0,300.0,2,15.475,9.6375,5.8375,22.5,2,1,0.75,0.8973666666666666,300,1.5250000000000004,0.8973666666666666,14,900.0,1.2113444444444446,190.21000000000004,Flow30,T1-T10
4,buy,280.16,885.03,16.0,300.0,2,17.25,12.883333333333333,4.366666666666666,20.466666666666665,2,1,0.6822222222222222,0.9338666666666667,300,-1.25,0.9338666666666667,14,600.0,1.47505,285.03,Flow30,T1-T10
5,sell,152.71,1648.89,3.0,400.0,2,17.047619047619047,10.53968253968254,6.507936507936508,7.9523809523809526,2,1,0.2650793650793651,0.38177500000000003,400,7.5396825396825395,0.38177500000000003,14,4400.0,0.3747477272727273,-2751.1099999999997,Flow30,T1-T10
6,sell,336.19,2772.96,4.0,400.0,2,20.0,10.447761194029852,9.552238805970148,28.208955223880597,2,1,0.9402985074626866,0.840475,400,6.447761194029852,0.840475,14,4000.0,0.69324,-1227.04,Flow30,T1-T10
7,sell,23.29,26.72,14.0,400.0,2,15.288461538461538,11.942307692307692,3.3461538461538463,6.0576923076923075,2,1,0.20192307692307693,0.058225,0,-2.0576923076923084,inf,14,0.0,,26.72,Flow30,T1-T10
8,sell,289.85,624.86,11.0,300.0,2,16.697674418604652,10.453488372093023,6.244186046511628,26.36046511627907,2,1,0.8786821705426356,0.9661666666666667,300,-0.5465116279069768,0.9661666666666667,14,900.0,0.694288888888889,-275.14,Flow30,T1-T10
1,buy,296.52,1165.36,17.0,300.0,2,15.0,10.0,5.0,10.0,3,1,0.3333333333333333,0.9884,300,2.0,0.9884,14,900.0,1.2948444444444442,265.3599999999999,Flow30,T1-T10
2,buy,2.05,2.92,14.0,400.0,2,12.10958904109589,0.0,12.10958904109589,10.616438356164384,3,1,0.3538812785388128,0.005124999999999999,200,1.8904109589041092,0.010249999999999999,14,0.0,,2.92,Flow30,T1-T10
3,buy,300.0,1214.83,17.0,300.0,2,17.80952380952381,14.057142857142857,3.7523809523809524,24.16190476190476,3,1,0.8053968253968253,1.0,300,-0.8095238095238102,1.0,14,900.0,1.349811111111111,314.8299999999999,Flow30,T1-T10
4,buy,300.0,820.49,16.0,300.0,2,16.845588235294116,11.764705882352942,5.080882352941177,29.602941176470587,3,1,0.9867647058823529,1.0,300,-0.845588235294116,1.0,14,600.0,1.3674833333333334,220.49,Flow30,T1-T10
5,sell,310.23,2971.25,3.0,400.0,2,16.41176470588235,10.509803921568627,5.901960784313726,21.823529411764707,3,1,0.7274509803921568,0.775575,400,7.509803921568627,0.775575,14,4400.0,0.6752840909090909,-1428.75,Flow30,T1-T10
6,sell,269.77,2568.74,4.0,400.0,2,19.485714285714284,10.971428571428572,8.514285714285714,29.1,3,1,0.9700000000000001,0.6744249999999999,400,6.9714285714285715,0.6744249999999999,14,4000.0,0.6421849999999999,-1431.2600000000002,Flow30,T1-T10
7,sell,5.78,-1.56,14.0,400.0,2,17.46875,15.1875,2.28125,8.0,3,1,0.26666666666666666,0.014450000000000001,0,1.1875,inf,14,0.0,,-1.56,Flow30,T1-T10
8,sell,300.0,670.6,11.0,300.0,2,12.362962962962962,8.177777777777777,4.185185185185185,23.044444444444444,3,1,0.7681481481481481,1.0,300,-2.822222222222223,1.0,14,900.0,0.7451111111111112,-229.39999999999998,Flow30,T1-T10
1,buy,300.0,1383.47,17.0,300.0,2,14.0,8.0,6.0,16.0,4,1,0.5333333333333333,1.0,300,3.0,1.0,14,900.0,1.537188888888889,483.47,Flow30,T1-T10
2,buy,6.99,15.73,14.0,400.0,2,11.6375,0.0,11.6375,10.4125,4,1,0.3470833333333333,0.017475,200,2.3625000000000007,0.03495,14,0.0,,15.73,Flow30,T1-T10
3,buy,145.62,601.05,17.0,300.0,2,13.581395348837209,8.023255813953488,5.558139534883721,17.162790697674417,4,1,0.5720930232558139,0.4854,300,3.4186046511627914,0.4854,14,900.0,0.6678333333333333,-298.95000000000005,Flow30,T1-T10
4,buy,299.17,840.08,16.0,300.0,2,15.923076923076923,11.086538461538462,4.836538461538462,30.0,4,1,1.0,0.9972333333333334,300,0.07692307692307665,0.9972333333333334,14,600.0,1.4001333333333335,240.08000000000004,Flow30,T1-T10
5,sell,284.07,2607.49,3.0,400.0,2,17.337662337662337,10.519480519480519,6.818181818181818,24.272727272727273,4,1,0.8090909090909091,0.710175,400,7.519480519480519,0.710175,14,4400.0,0.5926113636363636,-1792.5100000000002,Flow30,T1-T10
6,sell,176.7,1614.51,4.0,400.0,2,20.0,12.0,8.0,30.0,4,1,1.0,0.44175,400,8.0,0.44175,14,4000.0,0.4036275,-2385.49,Flow30,T1-T10
7,sell,0.0,0.0,14.0,400.0,2,17.2,15.8,1.4,12.2,4,1,0.4066666666666666,0.0,0,1.8000000000000007,,14,0.0,,0.0,Flow30,T1-T10
8,sell,300.0,666.57,11.0,300.0,2,18.0,12.0,6.0,28.0,4,1,0.9333333333333333,1.0,300,1.0,1.0,14,900.0,0.7406333333333334,-233.42999999999995,Flow30,T1-T10
1,buy,0.0,0.0,6.0,400.0,2,4.0,2.0,2.0,20.0,5,2,0.6666666666666666,0.0,0,2.0,,6,0.0,,0.0,Flow30,T1-T10
2,buy,14.61,48.28,8.0,400.0,2,4.686274509803922,0.3137254901960784,4.372549019607843,8.607843137254902,5,2,0.2869281045751634,0.036525,400,3.313725490196078,0.036525,6,800.0,0.06035,-751.72,Flow30,T1-T10
3,buy,400.0,1959.75,17.0,400.0,2,16.129032258064516,13.483870967741936,2.6451612903225805,21.612903225806452,5,2,0.7204301075268817,1.0,400,0.870967741935484,1.0,6,4400.0,0.44539772727272725,-2440.25,Flow30,T1-T10
4,buy,300.0,939.05,15.0,400.0,2,17.28125,11.359375,5.921875,30.0,5,2,1.0,0.75,400,-2.28125,0.75,6,3600.0,0.26084722222222223,-2660.95,Flow30,T1-T10
5,sell,232.08,1661.78,5.0,400.0,2,16.453125,8.828125,7.625,28.125,5,2,0.9375,0.5802,400,3.828125,0.5802,6,400.0,4.15445,1261.78,Flow30,T1-T10
6,sell,310.6,1783.88,6.0,400.0,2,19.784615384615385,9.430769230769231,10.353846153846154,30.0,5,2,1.0,0.7765000000000001,200,3.430769230769231,1.5530000000000002,6,0.0,,1783.88,Flow30,T1-T10
7,sell,115.81,866.21,4.0,300.0,2,13.333333333333334,11.333333333333334,2.0,12.333333333333334,5,2,0.41111111111111115,0.38603333333333334,300,7.333333333333334,0.38603333333333334,6,600.0,1.4436833333333334,266.21000000000004,Flow30,T1-T10
8,sell,61.29,549.07,3.0,300.0,2,16.582089552238806,10.328358208955224,6.253731343283582,25.746268656716417,5,2,0.8582089552238805,0.2043,300,7.328358208955224,0.2043,6,900.0,0.6100777777777778,-350.92999999999995,Flow30,T1-T10
1,buy,59.74,139.04,6.0,400.0,2,5.0,1.0,4.0,18.0,6,2,0.6,0.14935,0,1.0,inf,6,0.0,,139.04,Flow30,T1-T10
2,buy,50.43,218.24,8.0,400.0,2,5.712643678160919,0.0,5.712643678160919,13.39080459770115,6,2,0.44636015325670503,0.126075,400,2.2873563218390807,0.126075,6,800.0,0.2728,-581.76,Flow30,T1-T10
3,buy,399.44,2741.12,17.0,400.0,2,11.0,6.5,4.5,24.96551724137931,6,2,0.832183908045977,0.9986,400,6.0,0.9986,6,4400.0,0.6229818181818182,-1658.88,Flow30,T1-T10
4,buy,350.0,1269.11,15.0,400.0,2,17.52777777777778,10.472222222222221,7.055555555555555,29.583333333333332,6,2,0.986111111111111,0.875,400,-2.5277777777777786,0.875,6,3600.0,0.3525305555555555,-2330.8900000000003,Flow30,T1-T10
5,sell,398.1,1592.37,5.0,400.0,2,13.3125,5.3125,8.0,29.484375,6,2,0.9828125,0.9952500000000001,400,0.3125,0.9952500000000001,6,400.0,3.9809249999999996,1192.37,Flow30,T1-T10
6,sell,237.82,1077.52,6.0,400.0,2,19.734375,8.484375,11.25,28.734375,6,2,0.9578125,0.59455,200,2.484375,1.1891,6,0.0,,1077.52,Flow30,T1-T10
7,sell,89.73,561.95,4.0,300.0,2,14.0,8.5,5.5,8.5,6,2,0.2833333333333333,0.29910000000000003,300,4.5,0.29910000000000003,6,600.0,0.9365833333333334,-38.049999999999955,Flow30,T1-T10
8,sell,147.05,1191.94,3.0,300.0,2,16.11320754716981,10.141509433962264,5.971698113207547,27.29245283018868,6,2,0.9097484276729559,0.4901666666666667,300,7.1415094339622645,0.4901666666666667,6,900.0,1.3243777777777779,291.94000000000005,Flow30,T1-T10
1,buy,0.0,0.0,6.0,400.0,2,5.0,2.0,3.0,30.0,7,2,1.0,0.0,0,1.0,,6,0.0,,0.0,Flow30,T1-T10
2,buy,0.0,0.0,8.0,400.0,2,6.0,0.0,6.0,19.470588235294116,7,2,0.6490196078431372,0.0,400,2.0,0.0,6,800.0,0.0,-800.0,Flow30,T1-T10
3,buy,400.0,2751.29,17.0,400.0,2,12.627450980392156,6.9411764705882355,5.686274509803922,22.941176470588236,7,2,0.7647058823529412,1.0,400,4.372549019607844,1.0,6,4400.0,0.6252931818181818,-1648.71,Flow30,T1-T10
4,buy,294.96,1123.99,15.0,400.0,2,12.88976377952756,8.291338582677165,4.5984251968503935,30.0,7,2,1.0,0.7373999999999999,400,2.1102362204724407,0.7373999999999999,6,3600.0,0.31221944444444444,-2476.01,Flow30,T1-T10
5,sell,289.84,1515.95,5.0,400.0,2,13.025,6.1875,6.8375,30.0,7,2,1.0,0.7245999999999999,400,1.1875,0.7245999999999999,6,400.0,3.7898750000000003,1115.95,Flow30,T1-T10
6,sell,48.64,252.08,6.0,400.0,2,19.96969696969697,10.590909090909092,9.378787878787879,25.5,7,2,0.85,0.1216,200,4.590909090909092,0.2432,6,0.0,,252.08,Flow30,T1-T10
7,sell,65.64,391.36,4.0,300.0,2,14.391304347826088,8.695652173913043,5.695652173913044,12.304347826086957,7,2,0.4101449275362319,0.2188,300,4.695652173913043,0.2188,6,600.0,0.6522666666666667,-208.64,Flow30,T1-T10
8,sell,300.0,2365.7,3.0,300.0,2,5.166666666666667,1.6785714285714286,3.488095238095238,22.583333333333332,7,2,0.7527777777777778,1.0,300,-1.3214285714285714,1.0,6,900.0,2.6285555555555553,1465.6999999999998,Flow30,T1-T10
1,buy,0.0,0.0,6.0,400.0,2,5.0,4.0,1.0,30.0,8,2,1.0,0.0,0,1.0,,6,0.0,,0.0,Flow30,T1-T10
2,buy,9.64,15.09,8.0,400.0,2,5.75,0.0,5.75,16.725,8,2,0.5575,0.0241,400,2.25,0.0241,6,800.0,0.0188625,-784.91,Flow30,T1-T10
3,buy,400.0,3389.73,17.0,400.0,2,10.163934426229508,4.80327868852459,5.360655737704918,25.442622950819672,8,2,0.848087431693989,1.0,400,6.836065573770492,1.0,6,4400.0,0.7703931818181818,-1010.27,Flow30,T1-T10
4,buy,300.0,1469.52,15.0,400.0,2,12.75,7.75,5.0,30.0,8,2,1.0,0.75,400,2.25,0.75,6,3600.0,0.4082,-2130.48,Flow30,T1-T10
5,sell,270.24,1302.02,5.0,400.0,2,11.862385321100918,6.724770642201835,5.137614678899083,30.0,8,2,1.0,0.6756,400,1.7247706422018352,0.6756,6,400.0,3.2550499999999998,902.02,Flow30,T1-T10
6,sell,6.86,23.48,6.0,400.0,2,20.0,8.634615384615385,11.365384615384615,30.0,8,2,1.0,0.017150000000000002,200,2.634615384615385,0.034300000000000004,6,0.0,,23.48,Flow30,T1-T10
7,sell,179.92,742.09,4.0,300.0,2,11.0,6.0,5.0,11.0,8,2,0.36666666666666664,0.5997333333333333,300,2.0,0.5997333333333333,6,600.0,1.2368166666666667,142.09000000000003,Flow30,T1-T10
8,sell,300.0,1859.95,3.0,300.0,2,6.76595744680851,2.3617021276595747,4.404255319148936,25.361702127659573,8,2,0.8453900709219858,1.0,300,-0.6382978723404253,1.0,6,900.0,2.066611111111111,959.95,Flow30,T1-T10
1,buy,299.94,1717.98,16.0,300.0,2,15.224489795918368,7.63265306122449,7.591836734693878,13.510204081632653,9,3,0.45034013605442175,0.9998,300,0.7755102040816322,0.9998,9,2100.0,0.8180857142857143,-382.02,Flow30,T1-T10
2,buy,72.86,403.8,15.0,400.0,2,10.226666666666667,0.0,10.226666666666667,17.026666666666667,9,3,0.5675555555555556,0.18215,400,4.773333333333333,0.18215,9,2400.0,0.16825,-1996.2,Flow30,T1-T10
3,buy,74.9,45.23,10.0,400.0,2,8.81578947368421,3.8289473684210527,4.9868421052631575,25.144736842105264,9,3,0.8381578947368421,0.18725000000000003,400,1.1842105263157894,0.18725000000000003,9,400.0,0.113075,-354.77,Flow30,T1-T10
4,buy,303.39,1215.77,14.0,400.0,2,10.774193548387096,5.0,5.774193548387097,30.0,9,3,1.0,0.758475,400,3.225806451612904,0.758475,9,2000.0,0.607885,-784.23,Flow30,T1-T10
5,sell,13.01,140.14,3.0,400.0,2,13.278350515463918,6.979381443298969,6.298969072164948,29.90721649484536,9,3,0.9969072164948454,0.032525,400,3.979381443298969,0.032525,9,2400.0,0.05839166666666666,-2259.86,Flow30,T1-T10
6,sell,113.91,545.32,5.0,400.0,2,20.0,9.348837209302326,10.651162790697674,30.0,9,3,1.0,0.284775,400,4.348837209302326,0.284775,9,1600.0,0.34082500000000004,-1054.6799999999998,Flow30,T1-T10
7,sell,342.33,1980.27,4.0,400.0,2,13.058823529411764,8.0,5.0588235294117645,10.764705882352942,9,3,0.3588235294117647,0.855825,400,4.0,0.855825,9,2000.0,0.990135,-19.730000000000018,Flow30,T1-T10
8,sell,300.0,641.81,8.0,300.0,2,15.45054945054945,8.725274725274724,6.725274725274725,27.78021978021978,9,3,0.926007326007326,1.0,300,0.7252747252747245,1.0,9,300.0,2.1393666666666666,341.80999999999995,Flow30,T1-T10
1,buy,300.0,1921.42,16.0,300.0,2,17.352941176470587,14.364705882352942,2.988235294117647,9.31764705882353,10,3,0.31058823529411766,1.0,300,-1.352941176470587,1.0,9,2100.0,0.9149619047619048,-178.57999999999993,Flow30,T1-T10
2,buy,72.91,477.04,15.0,400.0,2,9.162790697674419,0.0,9.162790697674419,16.906976744186046,10,3,0.5635658914728682,0.182275,400,5.837209302325581,0.182275,9,2400.0,0.19876666666666667,-1922.96,Flow30,T1-T10
3,buy,198.88,293.99,10.0,400.0,2,12.166666666666666,4.5606060606060606,7.606060606060606,20.40909090909091,10,3,0.6803030303030303,0.4972,400,-2.166666666666666,0.4972,9,400.0,0.734975,-106.00999999999999,Flow30,T1-T10
4,buy,400.0,1709.11,14.0,400.0,2,12.363636363636363,5.636363636363637,6.7272727272727275,30.0,10,3,1.0,1.0,400,1.6363636363636367,1.0,9,2000.0,0.854555,-290.8900000000001,Flow30,T1-T10
5,sell,389.87,2441.64,3.0,400.0,2,14.149532710280374,7.02803738317757,7.121495327102804,29.794392523364486,10,3,0.9931464174454828,0.974675,400,4.02803738317757,0.974675,9,2400.0,1.01735,41.63999999999987,Flow30,T1-T10
6,sell,75.29,359.73,5.0,400.0,2,19.1,8.98,10.12,29.73,10,3,0.991,0.188225,400,3.9800000000000004,0.188225,9,1600.0,0.22483125,-1240.27,Flow30,T1-T10
7,sell,383.34,1994.45,4.0,400.0,2,9.45,6.1,3.35,10.1125,10,3,0.33708333333333335,0.9583499999999999,400,2.0999999999999996,0.9583499999999999,9,2000.0,0.997225,-5.5499999999999545,Flow30,T1-T10
8,sell,139.84,251.79,8.0,300.0,2,16.0,9.0,7.0,30.0,10,3,1.0,0.46613333333333334,300,1.0,0.46613333333333334,9,300.0,0.8392999999999999,-48.21000000000001,Flow30,T1-T10
1,buy,300.0,1927.6,16.0,300.0,2,16.13131313131313,13.636363636363637,2.494949494949495,23.272727272727273,11,3,0.7757575757575758,1.0,300,-0.1313131313131315,1.0,9,2100.0,0.9179047619047619,-172.4000000000001,Flow30,T11-T20
2,buy,39.87,261.68,15.0,400.0,2,9.526315789473685,0.0,9.526315789473685,15.039473684210526,11,3,0.5013157894736842,0.099675,400,5.473684210526315,0.099675,9,2400.0,0.10903333333333333,-2138.32,Flow30,T11-T20
3,buy,322.89,267.97,10.0,400.0,2,10.0,4.545454545454546,5.454545454545454,30.0,11,3,1.0,0.807225,400,0.0,0.807225,9,400.0,0.6699250000000001,-132.02999999999997,Flow30,T11-T20
4,buy,400.0,1592.09,14.0,400.0,2,11.07843137254902,6.7254901960784315,4.352941176470588,30.0,11,3,1.0,1.0,400,2.9215686274509807,1.0,9,2000.0,0.796045,-407.9100000000001,Flow30,T11-T20
5,sell,361.19,2275.92,3.0,400.0,2,11.9,5.35,6.55,30.0,11,3,1.0,0.902975,400,2.3499999999999996,0.902975,9,2400.0,0.9483,-124.07999999999993,Flow30,T11-T20
6,sell,212.11,1012.05,5.0,400.0,2,20.0,8.876712328767123,11.123287671232877,30.0,11,3,1.0,0.530275,400,3.8767123287671232,0.530275,9,1600.0,0.63253125,-587.95,Flow30,T11-T20
7,sell,303.25,1687.86,4.0,400.0,2,12.925,8.0,4.925,12.925,11,3,0.43083333333333335,0.758125,400,4.0,0.758125,9,2000.0,0.84393,-312.1400000000001,Flow30,T11-T20
8,sell,202.09,383.21,8.0,300.0,2,18.0,9.0,9.0,30.0,11,3,1.0,0.6736333333333333,300,1.0,0.6736333333333333,9,300.0,1.2773666666666665,83.20999999999998,Flow30,T11-T20
1,buy,300.0,1860.43,16.0,300.0,2,15.577319587628866,12.639175257731958,2.9381443298969074,20.309278350515463,12,3,0.6769759450171821,1.0,300,0.4226804123711343,1.0,9,2100.0,0.8859190476190476,-239.56999999999994,Flow30,T11-T20
2,buy,138.04,775.6,15.0,400.0,2,10.0,0.0,10.0,30.0,12,3,1.0,0.34509999999999996,400,5.0,0.34509999999999996,9,2400.0,0.32316666666666666,-1624.4,Flow30,T11-T20
3,buy,400.0,244.49,10.0,400.0,2,10.074468085106384,7.404255319148936,2.6702127659574466,30.0,12,3,1.0,1.0,400,-0.0744680851063837,1.0,9,400.0,0.611225,-155.51,Flow30,T11-T20
4,buy,400.0,1661.1,14.0,400.0,2,11.0,6.956521739130435,4.043478260869565,30.0,12,3,1.0,1.0,400,3.0,1.0,9,2000.0,0.8305499999999999,-338.9000000000001,Flow30,T11-T20
5,sell,400.0,2640.16,3.0,400.0,2,11.714285714285714,7.551020408163265,4.163265306122449,28.68027210884354,12,3,0.9560090702947847,1.0,400,4.551020408163265,1.0,9,2400.0,1.1000666666666665,240.15999999999985,Flow30,T11-T20
6,sell,220.01,1002.73,5.0,400.0,2,19.726190476190474,9.55952380952381,10.166666666666666,29.035714285714285,12,3,0.9678571428571429,0.550025,400,4.55952380952381,0.550025,9,1600.0,0.62670625,-597.27,Flow30,T11-T20
7,sell,400.0,2232.19,4.0,400.0,2,12.353658536585366,7.2926829268292686,5.060975609756097,10.768292682926829,12,3,0.3589430894308943,1.0,400,3.2926829268292686,1.0,9,2000.0,1.116095,232.19000000000005,Flow30,T11-T20
8,sell,226.48,427.23,8.0,300.0,2,13.461538461538462,6.9010989010989015,6.56043956043956,28.456043956043956,12,3,0.9485347985347985,0.7549333333333333,300,-1.0989010989010985,0.7549333333333333,9,300.0,1.4241000000000001,127.23000000000002,Flow30,T11-T20
1,buy,400.0,3201.02,17.0,400.0,2,16.136363636363637,12.0,4.136363636363637,20.454545454545453,13,4,0.6818181818181818,1.0,400,0.8636363636363633,1.0,6,4400.0,0.7275045454545455,-1198.98,Flow30,T11-T20
2,buy,181.7,1555.37,15.0,400.0,2,7.6947368421052635,0.0,7.6947368421052635,23.042105263157893,13,4,0.7680701754385965,0.45425,400,7.3052631578947365,0.45425,6,3600.0,0.4320472222222222,-2044.63,Flow30,T11-T20
3,buy,195.37,358.26,8.0,400.0,2,6.815533980582524,2.3689320388349513,4.446601941747573,21.844660194174757,13,4,0.7281553398058253,0.488425,400,1.184466019417476,0.488425,6,800.0,0.447825,-441.74,Flow30,T11-T20
4,buy,5.91,0.19,6.0,400.0,2,5.415730337078652,1.247191011235955,4.168539325842697,30.0,13,4,1.0,0.014775,0,0.584269662921348,inf,6,0.0,,0.19,Flow30,T11-T20
5,sell,304.01,348.16,6.0,400.0,2,16.412844036697248,5.752293577981652,10.660550458715596,30.0,13,4,1.0,0.760025,200,-0.24770642201834825,1.52005,6,0.0,,348.16,Flow30,T11-T20
6,sell,51.5,178.59,3.0,300.0,2,19.272727272727273,8.257575757575758,11.015151515151516,30.0,13,4,1.0,0.17166666666666666,300,5.257575757575758,0.17166666666666666,6,900.0,0.19843333333333335,-721.41,Flow30,T11-T20
7,sell,131.4,346.6,5.0,400.0,2,10.72340425531915,7.319148936170213,3.404255319148936,16.872340425531913,13,4,0.5624113475177305,0.3285,400,2.3191489361702127,0.3285,6,400.0,0.8665,-53.39999999999998,Flow30,T11-T20
8,sell,300.0,1335.59,4.0,300.0,2,10.221238938053098,3.274336283185841,6.946902654867257,28.849557522123895,13,4,0.9616519174041298,1.0,300,-0.7256637168141591,1.0,6,600.0,2.225983333333333,735.5899999999999,Flow30,T11-T20
1,buy,400.0,3851.48,17.0,400.0,2,14.0,8.0,6.0,12.0,14,4,0.4,1.0,400,3.0,1.0,6,4400.0,0.8753363636363637,-548.52,Flow30,T11-T20
2,buy,215.06,1748.5,15.0,400.0,2,7.912087912087912,0.0,7.912087912087912,25.21978021978022,14,4,0.8406593406593407,0.53765,400,7.087912087912088,0.53765,6,3600.0,0.48569444444444443,-1851.5,Flow30,T11-T20
3,buy,397.1,345.22,8.0,400.0,2,7.394736842105263,5.342105263157895,2.0526315789473686,30.0,14,4,1.0,0.99275,400,0.6052631578947372,0.99275,6,800.0,0.43152500000000005,-454.78,Flow30,T11-T20
4,buy,6.68,-7.76,6.0,400.0,2,7.224137931034483,4.258620689655173,2.9655172413793105,22.879310344827587,14,4,0.7626436781609196,0.0167,0,-1.224137931034483,inf,6,0.0,,-7.76,Flow30,T11-T20
5,sell,396.81,360.09,6.0,400.0,2,13.590909090909092,5.159090909090909,8.431818181818182,29.886363636363637,14,4,0.9962121212121212,0.992025,200,-0.8409090909090908,1.98405,6,0.0,,360.09,Flow30,T11-T20
6,sell,71.0,321.48,3.0,300.0,2,19.07920792079208,7.079207920792079,12.0,30.0,14,4,1.0,0.23666666666666666,300,4.079207920792079,0.23666666666666666,6,900.0,0.3572,-578.52,Flow30,T11-T20
7,sell,269.33,613.34,5.0,400.0,2,9.0,6.191489361702128,2.8085106382978724,16.19148936170213,14,4,0.5397163120567376,0.673325,400,1.1914893617021276,0.673325,6,400.0,1.53335,213.34000000000003,Flow30,T11-T20
8,sell,299.91,1006.57,4.0,300.0,2,14.148936170212766,4.170212765957447,9.97872340425532,26.127659574468087,14,4,0.8709219858156029,0.9997,300,0.17021276595744705,0.9997,6,600.0,1.6776166666666668,406.57000000000005,Flow30,T11-T20
1,buy,400.0,2995.04,17.0,400.0,2,17.91566265060241,15.831325301204819,2.0843373493975905,30.0,15,4,1.0,1.0,400,-0.9156626506024104,1.0,6,4400.0,0.6806909090909091,-1404.96,Flow30,T11-T20
2,buy,235.84,1919.96,15.0,400.0,2,7.857142857142857,0.0,7.857142857142857,26.452380952380953,15,4,0.8817460317460317,0.5896,400,7.142857142857143,0.5896,6,3600.0,0.5333222222222223,-1680.04,Flow30,T11-T20
3,buy,276.71,295.56,8.0,400.0,2,8.0,2.0,6.0,20.0,15,4,0.6666666666666666,0.6917749999999999,400,0.0,0.6917749999999999,6,800.0,0.36945,-504.44,Flow30,T11-T20
4,buy,9.0,-38.37,6.0,400.0,2,18.022727272727273,7.4772727272727275,10.545454545454545,6.681818181818182,15,4,0.22272727272727272,0.0225,0,-12.022727272727273,inf,6,0.0,,-38.37,Flow30,T11-T20
5,sell,308.56,560.49,6.0,400.0,2,12.097222222222221,5.611111111111111,6.486111111111111,30.0,15,4,1.0,0.7714,200,-0.3888888888888893,1.5428,6,0.0,,560.49,Flow30,T11-T20
6,sell,175.85,956.7,3.0,300.0,2,20.0,9.426966292134832,10.573033707865168,22.1123595505618,15,4,0.7370786516853933,0.5861666666666666,300,6.426966292134832,0.5861666666666666,6,900.0,1.063,56.700000000000045,Flow30,T11-T20
7,sell,157.5,536.43,5.0,400.0,2,11.5,7.25,4.25,23.75,15,4,0.7916666666666666,0.39375,400,2.25,0.39375,6,400.0,1.3410749999999998,136.42999999999995,Flow30,T11-T20
8,sell,300.0,1199.67,4.0,300.0,2,6.5588235294117645,2.3333333333333335,4.2254901960784315,29.205882352941178,15,4,0.9735294117647059,1.0,300,-1.6666666666666665,1.0,6,600.0,1.9994500000000002,599.6700000000001,Flow30,T11-T20
1,buy,400.0,4029.44,17.0,400.0,2,17.058823529411764,14.117647058823529,2.9411764705882355,23.011764705882353,16,4,0.7670588235294118,1.0,400,-0.0588235294117645,1.0,6,4400.0,0.9157818181818181,-370.55999999999995,Flow30,T11-T20
2,buy,198.63,1650.29,15.0,400.0,2,7.426666666666667,0.0,7.426666666666667,30.0,16,4,1.0,0.496575,400,7.573333333333333,0.496575,6,3600.0,0.4584138888888889,-1949.71,Flow30,T11-T20
3,buy,371.61,379.09,8.0,400.0,2,7.218390804597701,4.436781609195402,2.781609195402299,30.0,16,4,1.0,0.929025,400,0.7816091954022992,0.929025,6,800.0,0.47386249999999996,-420.91,Flow30,T11-T20
4,buy,0.0,0.0,6.0,400.0,2,5.450549450549451,4.0,1.4505494505494505,30.0,16,4,1.0,0.0,0,0.5494505494505493,,6,0.0,,0.0,Flow30,T11-T20
5,sell,272.98,262.4,6.0,400.0,2,13.842696629213483,6.0,7.842696629213483,30.0,16,4,1.0,0.68245,200,0.0,1.3649,6,0.0,,262.4,Flow30,T11-T20
6,sell,66.24,232.52,3.0,300.0,2,20.0,6.410958904109589,13.58904109589041,30.0,16,4,1.0,0.2208,300,3.410958904109589,0.2208,6,900.0,0.25835555555555556,-667.48,Flow30,T11-T20
7,sell,336.38,645.82,5.0,400.0,2,9.976190476190476,6.0,3.9761904761904763,19.0,16,4,0.6333333333333333,0.84095,400,1.0,0.84095,6,400.0,1.6145500000000002,245.82000000000005,Flow30,T11-T20
8,sell,300.0,878.61,4.0,300.0,2,6.632075471698113,2.047169811320755,4.584905660377358,29.745283018867923,16,4,0.9915094339622641,1.0,300,-1.9528301886792452,1.0,6,600.0,1.46435,278.61,Flow30,T11-T20
1,buy,383.81,1880.55,14.0,400.0,2,12.0,8.0,4.0,12.241379310344827,17,5,0.40804597701149425,0.959525,200,2.0,1.91905,14,0.0,,1880.55,Flow30,T11-T20
2,buy,82.17,623.61,16.0,300.0,2,9.0,0.0,9.0,30.0,17,5,1.0,0.27390000000000003,300,7.0,0.27390000000000003,14,600.0,1.03935,23.610000000000014,Flow30,T11-T20
3,buy,299.85,2454.05,17.0,300.0,2,10.53968253968254,4.920634920634921,5.619047619047619,19.73015873015873,17,5,0.6576719576719577,0.9995,300,6.4603174603174605,0.9995,14,900.0,2.7267222222222225,1554.0500000000002,Flow30,T11-T20
4,buy,300.0,2417.82,17.0,300.0,2,10.25,6.0,4.25,30.0,17,5,1.0,1.0,300,6.75,1.0,14,900.0,2.686466666666667,1517.8200000000002,Flow30,T11-T20
5,sell,398.19,-1950.65,14.0,400.0,2,9.93939393939394,3.9797979797979797,5.959595959595959,24.09090909090909,17,5,0.803030303030303,0.995475,0,-10.02020202020202,inf,14,0.0,,-1950.65,Flow30,T11-T20
6,sell,4.42,0.28,11.0,300.0,2,18.333333333333332,9.652777777777779,8.680555555555555,30.0,17,5,1.0,0.014733333333333333,300,-1.3472222222222214,0.014733333333333333,14,900.0,0.0003111111111111111,-899.72,Flow30,T11-T20
7,sell,355.74,1765.97,4.0,400.0,2,9.867549668874172,4.927152317880795,4.940397350993377,13.973509933774835,17,5,0.4657836644591612,0.88935,400,0.927152317880795,0.88935,14,4000.0,0.4414925,-2234.0299999999997,Flow30,T11-T20
8,sell,300.0,1688.31,3.0,400.0,2,3.789473684210526,0.7157894736842105,3.0736842105263156,30.0,17,5,1.0,0.75,400,-2.2842105263157895,0.75,14,4400.0,0.3837068181818182,-2711.69,Flow30,T11-T20
1,buy,374.32,1455.16,14.0,400.0,2,12.0,8.0,4.0,12.0,18,5,0.4,0.9358,200,2.0,1.8716,14,0.0,,1455.16,Flow30,T11-T20
2,buy,71.1,410.95,16.0,300.0,2,10.741176470588234,0.0,10.741176470588234,30.0,18,5,1.0,0.237,300,5.258823529411766,0.237,14,600.0,0.6849166666666666,-189.05,Flow30,T11-T20
3,buy,299.43,2163.84,17.0,300.0,2,12.233766233766234,7.116883116883117,5.116883116883117,23.7012987012987,18,5,0.79004329004329,0.9981,300,4.766233766233766,0.9981,14,900.0,2.404266666666667,1263.8400000000001,Flow30,T11-T20
4,buy,252.44,1759.29,17.0,300.0,2,10.878048780487806,7.670731707317073,3.207317073170732,30.0,18,5,1.0,0.8414666666666667,300,6.121951219512194,0.8414666666666667,14,900.0,1.9547666666666665,859.29,Flow30,T11-T20
5,sell,186.01,-743.86,14.0,400.0,2,15.244897959183673,9.46938775510204,5.775510204081633,29.918367346938776,18,5,0.9972789115646259,0.46502499999999997,0,-4.530612244897959,inf,14,0.0,,-743.86,Flow30,T11-T20
6,sell,100.0,128.48,11.0,300.0,2,20.0,11.0,9.0,30.0,18,5,1.0,0.3333333333333333,300,0.0,0.3333333333333333,14,900.0,0.14275555555555555,-771.52,Flow30,T11-T20
7,sell,400.0,2502.9,4.0,400.0,2,10.76271186440678,5.338983050847458,5.423728813559322,17.135593220338983,18,5,0.5711864406779661,1.0,400,1.3389830508474576,1.0,14,4000.0,0.625725,-1497.1,Flow30,T11-T20
8,sell,300.0,1764.23,3.0,400.0,2,2.946236559139785,1.2365591397849462,1.7096774193548387,30.0,18,5,1.0,0.75,400,-1.7634408602150538,0.75,14,4400.0,0.40096136363636364,-2635.77,Flow30,T11-T20
1,buy,345.15,1536.82,14.0,400.0,2,12.0,6.023255813953488,5.976744186046512,12.023255813953488,19,5,0.4007751937984496,0.862875,200,2.0,1.72575,14,0.0,,1536.82,Flow30,T11-T20
2,buy,150.12,1032.3,16.0,300.0,2,10.188888888888888,0.0,10.188888888888888,30.0,19,5,1.0,0.5004000000000001,300,5.811111111111112,0.5004000000000001,14,600.0,1.7205,432.29999999999995,Flow30,T11-T20
3,buy,300.0,2234.68,17.0,300.0,2,11.276923076923078,6.0,5.276923076923077,15.876923076923077,19,5,0.5292307692307693,1.0,300,5.723076923076922,1.0,14,900.0,2.4829777777777777,1334.6799999999998,Flow30,T11-T20
4,buy,294.73,2122.2,17.0,300.0,2,9.524590163934427,5.918032786885246,3.6065573770491803,30.0,19,5,1.0,0.9824333333333334,300,7.475409836065573,0.9824333333333334,14,900.0,2.3579999999999997,1222.1999999999998,Flow30,T11-T20
5,sell,384.57,-1710.94,14.0,400.0,2,15.782608695652174,7.3768115942028984,8.405797101449275,25.91304347826087,19,5,0.8637681159420291,0.961425,0,-6.6231884057971016,inf,14,0.0,,-1710.94,Flow30,T11-T20
6,sell,27.24,12.4,11.0,300.0,2,20.0,11.0,9.0,30.0,19,5,1.0,0.09079999999999999,300,0.0,0.09079999999999999,14,900.0,0.013777777777777778,-887.6,Flow30,T11-T20
7,sell,390.02,2150.86,4.0,400.0,2,13.277777777777779,7.777777777777778,5.5,19.833333333333332,19,5,0.6611111111111111,0.97505,400,3.7777777777777777,0.97505,14,4000.0,0.537715,-1849.1399999999999,Flow30,T11-T20
8,sell,300.0,1939.43,3.0,400.0,2,5.032967032967033,1.7582417582417582,3.2747252747252746,30.0,19,5,1.0,0.75,400,-1.2417582417582418,0.75,14,4400.0,0.44077954545454545,-2460.5699999999997,Flow30,T11-T20
1,buy,373.37,1380.27,14.0,400.0,2,12.0,8.0,4.0,12.0,20,5,0.4,0.9334250000000001,200,2.0,1.8668500000000001,14,0.0,,1380.27,Flow30,T11-T20
2,buy,37.2,226.65,16.0,300.0,2,10.5,0.0,10.5,30.0,20,5,1.0,0.12400000000000001,300,5.5,0.12400000000000001,14,600.0,0.37775000000000003,-373.35,Flow30,T11-T20
3,buy,280.7,1908.8,17.0,300.0,2,11.807692307692308,5.403846153846154,6.403846153846154,14.038461538461538,20,5,0.46794871794871795,0.9356666666666666,300,5.192307692307692,0.9356666666666666,14,900.0,2.120888888888889,1008.8,Flow30,T11-T20
4,buy,300.0,1950.66,17.0,300.0,2,15.253333333333334,12.546666666666667,2.7066666666666666,30.0,20,5,1.0,1.0,300,1.7466666666666661,1.0,14,900.0,2.1674,1050.66,Flow30,T11-T20
5,sell,201.44,-841.24,14.0,400.0,2,15.08641975308642,9.209876543209877,5.8765432098765435,27.40740740740741,20,5,0.9135802469135803,0.5036,0,-4.790123456790123,inf,14,0.0,,-841.24,Flow30,T11-T20
6,sell,86.75,105.63,11.0,300.0,2,20.0,11.0,9.0,30.0,20,5,1.0,0.2891666666666667,300,0.0,0.2891666666666667,14,900.0,0.11736666666666666,-794.37,Flow30,T11-T20
7,sell,400.0,2525.84,4.0,400.0,2,16.0625,6.0,10.0625,28.46875,20,5,0.9489583333333333,1.0,400,2.0,1.0,14,4000.0,0.63146,-1474.1599999999999,Flow30,T11-T20
8,sell,300.0,2159.65,3.0,400.0,2,4.58252427184466,1.5533980582524272,3.029126213592233,30.0,20,5,1.0,0.75,400,-1.4466019417475728,0.75,14,4400.0,0.4908295454545455,-2240.35,Flow30,T11-T20
1,buy,300.0,751.34,17.0,300.0,3,17.642857142857142,14.464285714285714,3.1785714285714284,22.839285714285715,1,1,0.7613095238095239,1.0,300,-0.6428571428571423,1.0,14,900.0,0.8348222222222222,-148.65999999999997,Flow30,T1-T10
2,buy,178.11,-183.61,14.0,400.0,3,11.91358024691358,10.17283950617284,1.7407407407407407,5.419753086419753,1,1,0.18065843621399177,0.44527500000000003,200,2.0864197530864192,0.8905500000000001,14,0.0,,-183.61,Flow30,T1-T10
3,buy,163.32,650.73,17.0,300.0,3,16.92982456140351,0.0,16.92982456140351,16.964912280701753,1,1,0.5654970760233918,0.5444,300,0.07017543859648967,0.5444,14,900.0,0.7230333333333333,-249.26999999999998,Flow30,T1-T10
4,buy,31.08,56.06,16.0,300.0,3,10.451219512195122,5.7317073170731705,4.719512195121951,5.865853658536586,1,1,0.19552845528455284,0.1036,300,5.548780487804878,0.1036,14,600.0,0.09343333333333334,-543.94,Flow30,T1-T10
5,sell,121.95,1396.37,3.0,400.0,3,16.450704225352112,13.352112676056338,3.0985915492957745,7.633802816901408,1,1,0.2544600938967136,0.304875,400,10.352112676056338,0.304875,14,4400.0,0.31735681818181816,-3003.63,Flow30,T1-T10
6,sell,400.0,4051.8,4.0,400.0,3,9.046875,6.03125,3.015625,7.703125,1,1,0.25677083333333334,1.0,400,2.03125,1.0,14,4000.0,1.01295,51.80000000000018,Flow30,T1-T10
7,sell,68.95,55.88,14.0,400.0,3,20.0,14.714285714285714,5.285714285714286,30.0,1,1,1.0,0.172375,0,0.7142857142857135,inf,14,0.0,,55.88,Flow30,T1-T10
8,sell,79.51,273.43,11.0,300.0,3,10.975609756097562,9.292682926829269,1.6829268292682926,5.048780487804878,1,1,0.16829268292682928,0.26503333333333334,300,-1.7073170731707314,0.26503333333333334,14,900.0,0.30381111111111114,-626.5699999999999,Flow30,T1-T10
1,buy,252.69,854.75,17.0,300.0,3,15.2,6.4,8.8,26.0,2,1,0.8666666666666667,0.8422999999999999,300,1.8000000000000007,0.8422999999999999,14,900.0,0.9497222222222222,-45.25,Flow30,T1-T10
2,buy,194.09,-149.61,14.0,400.0,3,12.308823529411764,10.220588235294118,2.088235294117647,14.867647058823529,2,1,0.4955882352941176,0.485225,200,1.6911764705882355,0.97045,14,0.0,,-149.61,Flow30,T1-T10
3,buy,215.87,804.29,17.0,300.0,3,16.321428571428573,0.0,16.321428571428573,14.964285714285714,2,1,0.49880952380952376,0.7195666666666667,300,0.678571428571427,0.7195666666666667,14,900.0,0.8936555555555555,-95.71000000000004,Flow30,T1-T10
4,buy,103.0,286.16,16.0,300.0,3,15.251851851851852,10.933333333333334,4.318518518518519,15.62962962962963,2,1,0.5209876543209877,0.3433333333333333,300,0.7481481481481485,0.3433333333333333,14,600.0,0.4769333333333334,-313.84,Flow30,T1-T10
5,sell,200.76,2184.52,3.0,400.0,3,20.0,12.101123595505618,7.898876404494382,11.584269662921349,2,1,0.3861423220973783,0.5019,400,9.101123595505618,0.5019,14,4400.0,0.4964818181818182,-2215.48,Flow30,T1-T10
6,sell,400.0,3808.99,4.0,400.0,3,12.0,8.0,4.0,6.0,2,1,0.2,1.0,400,4.0,1.0,14,4000.0,0.9522474999999999,-191.01000000000022,Flow30,T1-T10
7,sell,100.0,13.0,14.0,400.0,3,18.660714285714285,10.928571428571429,7.732142857142857,10.875,2,1,0.3625,0.25,0,-3.071428571428571,inf,14,0.0,,13.0,Flow30,T1-T10
8,sell,66.14,219.55,11.0,300.0,3,15.514084507042254,10.28169014084507,5.232394366197183,3.211267605633803,2,1,0.10704225352112677,0.22046666666666667,300,-0.71830985915493,0.22046666666666667,14,900.0,0.24394444444444446,-680.45,Flow30,T1-T10
1,buy,300.0,951.74,17.0,300.0,3,16.914285714285715,11.82857142857143,5.085714285714285,30.0,3,1,1.0,1.0,300,0.08571428571428541,1.0,14,900.0,1.057488888888889,51.74000000000001,Flow30,T1-T10
2,buy,40.31,133.54,14.0,400.0,3,11.481481481481481,7.271604938271605,4.209876543209877,19.62962962962963,3,1,0.654320987654321,0.100775,200,2.518518518518519,0.20155,14,0.0,,133.54,Flow30,T1-T10
3,buy,243.56,1269.61,17.0,300.0,3,15.0,0.0,15.0,14.11111111111111,3,1,0.4703703703703704,0.8118666666666666,300,2.0,0.8118666666666666,14,900.0,1.4106777777777777,369.6099999999999,Flow30,T1-T10
4,buy,159.66,646.28,16.0,300.0,3,12.273809523809524,7.75,4.523809523809524,26.19047619047619,3,1,0.873015873015873,0.5322,300,3.7261904761904763,0.5322,14,600.0,1.0771333333333333,46.27999999999997,Flow30,T1-T10
5,sell,238.07,2316.1,3.0,400.0,3,20.0,11.160919540229886,8.839080459770114,19.50574712643678,3,1,0.650191570881226,0.595175,400,8.160919540229886,0.595175,14,4400.0,0.5263863636363636,-2083.9,Flow30,T1-T10
6,sell,400.0,3445.05,4.0,400.0,3,12.0,10.0,2.0,6.0,3,1,0.2,1.0,400,6.0,1.0,14,4000.0,0.8612625,-554.9499999999998,Flow30,T1-T10
7,sell,87.73,-153.34,14.0,400.0,3,20.0,12.153846153846153,7.846153846153846,23.615384615384617,3,1,0.7871794871794873,0.21932500000000002,0,-1.8461538461538467,inf,14,0.0,,-153.34,Flow30,T1-T10
8,sell,24.12,24.64,11.0,300.0,3,11.73076923076923,10.25,1.4807692307692308,3.8653846153846154,3,1,0.12884615384615386,0.0804,300,-0.75,0.0804,14,900.0,0.02737777777777778,-875.36,Flow30,T1-T10
1,buy,300.0,980.24,17.0,300.0,3,15.0,8.0,7.0,30.0,4,1,1.0,1.0,300,2.0,1.0,14,900.0,1.0891555555555557,80.24000000000001,Flow30,T1-T10
2,buy,115.85,31.07,14.0,400.0,3,13.268292682926829,12.134146341463415,1.1341463414634145,29.0609756097561,4,1,0.96869918699187,0.28962499999999997,200,0.7317073170731714,0.5792499999999999,14,0.0,,31.07,Flow30,T1-T10
3,buy,167.62,565.08,17.0,300.0,3,15.879518072289157,0.0963855421686747,15.783132530120483,15.0,4,1,0.5,0.5587333333333333,300,1.120481927710843,0.5587333333333333,14,900.0,0.6278666666666667,-334.91999999999996,Flow30,T1-T10
4,buy,228.79,627.06,16.0,300.0,3,15.681818181818182,11.083333333333334,4.598484848484849,24.393939393939394,4,1,0.8131313131313131,0.7626333333333333,300,0.31818181818181834,0.7626333333333333,14,600.0,1.0451,27.059999999999945,Flow30,T1-T10
5,sell,274.19,2893.41,3.0,400.0,3,20.0,11.511627906976743,8.488372093023257,14.348837209302326,4,1,0.4782945736434109,0.685475,400,8.511627906976743,0.685475,14,4400.0,0.6575931818181818,-1506.5900000000001,Flow30,T1-T10
6,sell,400.0,3852.72,4.0,400.0,3,12.0,8.0,4.0,6.0,4,1,0.2,1.0,400,4.0,1.0,14,4000.0,0.9631799999999999,-147.2800000000002,Flow30,T1-T10
7,sell,0.0,0.0,14.0,400.0,3,20.0,15.0,5.0,3.0,4,1,0.1,0.0,0,1.0,,14,0.0,,0.0,Flow30,T1-T10
8,sell,139.8,346.42,11.0,300.0,3,10.584615384615384,9.584615384615384,1.0,4.0,4,1,0.13333333333333333,0.466,300,-1.4153846153846157,0.466,14,900.0,0.38491111111111115,-553.5799999999999,Flow30,T1-T10
1,buy,0.0,0.0,6.0,400.0,3,5.0,3.0,2.0,30.0,5,2,1.0,0.0,0,1.0,,6,0.0,,0.0,Flow30,T1-T10
2,buy,103.33,-394.84,8.0,400.0,3,11.634146341463415,9.804878048780488,1.829268292682927,18.21951219512195,5,2,0.6073170731707317,0.25832499999999997,400,-3.634146341463415,0.25832499999999997,6,800.0,-0.49355,-1194.84,Flow30,T1-T10
3,buy,400.0,2303.05,17.0,400.0,3,15.0,5.0,10.0,22.0,5,2,0.7333333333333333,1.0,400,2.0,1.0,6,4400.0,0.5234204545454546,-2096.95,Flow30,T1-T10
4,buy,373.73,1666.34,15.0,400.0,3,14.742857142857142,8.485714285714286,6.257142857142857,22.457142857142856,5,2,0.7485714285714286,0.9343250000000001,400,0.257142857142858,0.9343250000000001,6,3600.0,0.4628722222222222,-1933.66,Flow30,T1-T10
5,sell,208.6,1221.91,5.0,400.0,3,19.355263157894736,9.881578947368421,9.473684210526315,25.82894736842105,5,2,0.8609649122807017,0.5215,400,4.881578947368421,0.5215,6,400.0,3.0547750000000002,821.9100000000001,Flow30,T1-T10
6,sell,400.0,2025.31,6.0,400.0,3,12.0,9.0,3.0,8.0,5,2,0.26666666666666666,1.0,200,3.0,2.0,6,0.0,,2025.31,Flow30,T1-T10
7,sell,158.6,1119.19,4.0,300.0,3,19.533333333333335,8.733333333333333,10.8,14.416666666666666,5,2,0.4805555555555555,0.5286666666666666,300,4.7333333333333325,0.5286666666666666,6,600.0,1.8653166666666667,519.19,Flow30,T1-T10
8,sell,116.29,945.98,3.0,300.0,3,6.167785234899329,5.033557046979865,1.1342281879194631,2.5838926174496644,5,2,0.08612975391498881,0.38763333333333333,300,2.0335570469798654,0.38763333333333333,6,900.0,1.051088888888889,45.98000000000002,Flow30,T1-T10
1,buy,0.0,0.0,6.0,400.0,3,5.0,3.0,2.0,30.0,6,2,1.0,0.0,0,1.0,,6,0.0,,0.0,Flow30,T1-T10
2,buy,38.66,-262.01,8.0,400.0,3,10.32857142857143,8.657142857142857,1.6714285714285715,25.114285714285714,6,2,0.8371428571428571,0.09664999999999999,400,-2.328571428571429,0.09664999999999999,6,800.0,-0.3275125,-1062.01,Flow30,T1-T10
3,buy,360.68,1823.53,17.0,400.0,3,15.492753623188406,7.260869565217392,8.231884057971014,20.202898550724637,6,2,0.6734299516908212,0.9017000000000001,400,1.5072463768115938,0.9017000000000001,6,4400.0,0.41443863636363637,-2576.4700000000003,Flow30,T1-T10
4,buy,400.0,1727.32,15.0,400.0,3,15.258064516129032,5.741935483870968,9.516129032258064,27.677419354838708,6,2,0.9225806451612902,1.0,400,-0.25806451612903203,1.0,6,3600.0,0.4798111111111111,-1872.68,Flow30,T1-T10
5,sell,224.19,1375.51,5.0,400.0,3,20.0,9.93421052631579,10.06578947368421,26.82894736842105,6,2,0.894298245614035,0.560475,400,4.934210526315789,0.560475,6,400.0,3.438775,975.51,Flow30,T1-T10
6,sell,267.22,1519.08,6.0,400.0,3,13.560975609756097,9.560975609756097,4.0,8.682926829268293,6,2,0.2894308943089431,0.66805,200,3.560975609756097,1.3361,6,0.0,,1519.08,Flow30,T1-T10
7,sell,119.29,904.14,4.0,300.0,3,20.0,10.0875,9.9125,11.8875,6,2,0.39625,0.39763333333333334,300,6.0875,0.39763333333333334,6,600.0,1.5069,304.14,Flow30,T1-T10
8,sell,198.31,1682.38,3.0,300.0,3,6.035502958579881,5.035502958579881,1.0,3.0236686390532546,6,2,0.10078895463510848,0.6610333333333334,300,2.0355029585798814,0.6610333333333334,6,900.0,1.8693111111111111,782.3800000000001,Flow30,T1-T10
1,buy,0.0,0.0,6.0,400.0,3,5.0,3.0,2.0,30.0,7,2,1.0,0.0,0,1.0,,6,0.0,,0.0,Flow30,T1-T10
2,buy,0.0,0.0,8.0,400.0,3,7.0,6.0,1.0,30.0,7,2,1.0,0.0,400,1.0,0.0,6,800.0,0.0,-800.0,Flow30,T1-T10
3,buy,400.0,1692.52,17.0,400.0,3,16.83783783783784,11.72972972972973,5.108108108108108,24.45945945945946,7,2,0.8153153153153153,1.0,400,0.1621621621621614,1.0,6,4400.0,0.3846636363636364,-2707.48,Flow30,T1-T10
4,buy,69.64,351.3,15.0,400.0,3,12.476190476190476,2.619047619047619,9.857142857142858,30.0,7,2,1.0,0.1741,400,2.5238095238095237,0.1741,6,3600.0,0.09758333333333334,-3248.7,Flow30,T1-T10
5,sell,167.87,1220.76,5.0,400.0,3,18.632911392405063,9.126582278481013,9.50632911392405,11.886075949367088,7,2,0.3962025316455696,0.419675,400,4.126582278481013,0.419675,6,400.0,3.0519,820.76,Flow30,T1-T10
6,sell,73.47,473.02,6.0,400.0,3,14.0,10.0,4.0,6.247191011235955,7,2,0.20823970037453185,0.183675,200,4.0,0.36735,6,0.0,,473.02,Flow30,T1-T10
7,sell,111.21,891.27,4.0,300.0,3,20.0,9.064516129032258,10.935483870967742,14.580645161290322,7,2,0.4860215053763441,0.3707,300,5.064516129032258,0.3707,6,600.0,1.48545,291.27,Flow30,T1-T10
8,sell,116.0,1134.5,3.0,300.0,3,6.138364779874214,5.119496855345912,1.0188679245283019,2.49685534591195,7,2,0.08322851153039833,0.38666666666666666,300,2.119496855345912,0.38666666666666666,6,900.0,1.2605555555555557,234.5,Flow30,T1-T10
1,buy,0.0,0.0,6.0,400.0,3,5.0,4.0,1.0,30.0,8,2,1.0,0.0,0,1.0,,6,0.0,,0.0,Flow30,T1-T10
2,buy,0.0,0.0,8.0,400.0,3,6.0,5.0,1.0,30.0,8,2,1.0,0.0,400,2.0,0.0,6,800.0,0.0,-800.0,Flow30,T1-T10
3,buy,399.02,2153.91,17.0,400.0,3,13.882352941176471,3.6470588235294117,10.235294117647058,21.88235294117647,8,2,0.7294117647058823,0.9975499999999999,400,3.117647058823529,0.9975499999999999,6,4400.0,0.489525,-2246.09,Flow30,T1-T10
4,buy,228.72,957.24,15.0,400.0,3,12.575221238938052,1.8407079646017699,10.734513274336283,27.699115044247787,8,2,0.9233038348082595,0.5718,400,2.4247787610619476,0.5718,6,3600.0,0.2659,-2642.76,Flow30,T1-T10
5,sell,130.08,816.37,5.0,400.0,3,20.0,9.41,10.59,10.42,8,2,0.3473333333333333,0.32520000000000004,400,4.41,0.32520000000000004,6,400.0,2.040925,416.37,Flow30,T1-T10
6,sell,163.95,873.39,6.0,400.0,3,13.217391304347826,9.608695652173912,3.608695652173913,5.043478260869565,8,2,0.16811594202898553,0.409875,200,3.608695652173912,0.81975,6,0.0,,873.39,Flow30,T1-T10
7,sell,141.35,1043.61,4.0,300.0,3,20.0,9.51578947368421,10.48421052631579,9.48421052631579,8,2,0.316140350877193,0.4711666666666666,300,5.51578947368421,0.4711666666666666,6,600.0,1.7393499999999997,443.6099999999999,Flow30,T1-T10
8,sell,191.01,1582.6,3.0,300.0,3,6.530386740331492,5.530386740331492,1.0,2.4806629834254146,8,2,0.08268876611418048,0.6366999999999999,300,2.530386740331492,0.6366999999999999,6,900.0,1.7584444444444443,682.5999999999999,Flow30,T1-T10
1,buy,300.0,1231.6,16.0,300.0,3,13.0,9.0,4.0,30.0,9,3,1.0,1.0,300,3.0,1.0,9,2100.0,0.5864761904761905,-868.4000000000001,Flow30,T1-T10
2,buy,400.0,863.45,15.0,400.0,3,13.85,12.4,1.45,29.2,9,3,0.9733333333333333,1.0,400,1.1500000000000004,1.0,9,2400.0,0.3597708333333334,-1536.55,Flow30,T1-T10
3,buy,151.51,57.48,10.0,400.0,3,10.0,7.4222222222222225,2.577777777777778,26.711111111111112,9,3,0.8903703703703704,0.378775,400,0.0,0.378775,9,400.0,0.1437,-342.52,Flow30,T1-T10
4,buy,118.19,443.96,14.0,400.0,3,11.91891891891892,0.0,11.91891891891892,30.0,9,3,1.0,0.295475,400,2.0810810810810807,0.295475,9,2000.0,0.22197999999999998,-1556.04,Flow30,T1-T10
5,sell,270.47,2352.34,3.0,400.0,3,13.461538461538462,9.76923076923077,3.6923076923076925,14.784615384615385,9,3,0.49282051282051287,0.6761750000000001,400,6.76923076923077,0.6761750000000001,9,2400.0,0.9801416666666667,-47.659999999999854,Flow30,T1-T10
6,sell,400.0,2797.27,5.0,400.0,3,12.0,9.0,3.0,7.0,9,3,0.23333333333333334,1.0,400,4.0,1.0,9,1600.0,1.74829375,1197.27,Flow30,T1-T10
7,sell,261.62,1902.49,4.0,400.0,3,20.0,9.469696969696969,10.530303030303031,27.954545454545453,9,3,0.9318181818181818,0.65405,400,5.469696969696969,0.65405,9,2000.0,0.951245,-97.50999999999999,Flow30,T1-T10
8,sell,52.53,236.04,8.0,300.0,3,8.31578947368421,6.3881578947368425,1.9276315789473684,2.835526315789474,9,3,0.09451754385964913,0.1751,300,-1.6118421052631575,0.1751,9,300.0,0.7867999999999999,-63.96000000000001,Flow30,T1-T10
1,buy,300.0,1430.14,16.0,300.0,3,16.926829268292682,12.609756097560975,4.317073170731708,14.853658536585366,10,3,0.4951219512195122,1.0,300,-0.926829268292682,1.0,9,2100.0,0.6810190476190476,-669.8599999999999,Flow30,T1-T10
2,buy,399.2,1521.66,15.0,400.0,3,11.387755102040817,9.693877551020408,1.6938775510204083,30.0,10,3,1.0,0.998,400,3.612244897959183,0.998,9,2400.0,0.6340250000000001,-878.3399999999999,Flow30,T1-T10
3,buy,55.68,10.47,10.0,400.0,3,10.0,9.0,1.0,28.0,10,3,0.9333333333333333,0.1392,400,0.0,0.1392,9,400.0,0.026175,-389.53,Flow30,T1-T10
4,buy,343.73,1165.94,14.0,400.0,3,13.448598130841122,3.1401869158878504,10.30841121495327,30.0,10,3,1.0,0.859325,400,0.5514018691588785,0.859325,9,2000.0,0.58297,-834.06,Flow30,T1-T10
5,sell,400.0,3160.56,3.0,400.0,3,13.015384615384615,8.276923076923078,4.7384615384615385,13.446153846153846,10,3,0.4482051282051282,1.0,400,5.276923076923078,1.0,9,2400.0,1.3169,760.56,Flow30,T1-T10
6,sell,249.81,1506.38,5.0,400.0,3,14.0,8.133333333333333,5.866666666666666,6.133333333333334,10,3,0.20444444444444446,0.624525,400,3.133333333333333,0.624525,9,1600.0,0.9414875,-93.61999999999989,Flow30,T1-T10
7,sell,309.31,2134.76,4.0,400.0,3,20.0,11.416666666666666,8.583333333333334,21.84375,10,3,0.728125,0.773275,400,7.416666666666666,0.773275,9,2000.0,1.0673800000000002,134.76000000000022,Flow30,T1-T10
8,sell,128.3,396.73,8.0,300.0,3,7.098360655737705,6.024590163934426,1.0737704918032787,3.0737704918032787,10,3,0.10245901639344263,0.4276666666666667,300,-1.975409836065574,0.4276666666666667,9,300.0,1.3224333333333333,96.73000000000002,Flow30,T1-T10
1,buy,300.0,1597.17,16.0,300.0,3,18.157894736842106,14.368421052631579,3.789473684210526,10.105263157894736,11,3,0.3368421052631579,1.0,300,-2.157894736842106,1.0,9,2100.0,0.7605571428571429,-502.8299999999999,Flow30,T11-T20
2,buy,399.28,1716.16,15.0,400.0,3,10.962962962962964,9.37037037037037,1.5925925925925926,30.0,11,3,1.0,0.9982,400,4.037037037037036,0.9982,9,2400.0,0.7150666666666667,-683.8399999999999,Flow30,T11-T20
3,buy,82.49,8.08,10.0,400.0,3,10.0,9.0,1.0,30.0,11,3,1.0,0.206225,400,0.0,0.206225,9,400.0,0.0202,-391.92,Flow30,T11-T20
4,buy,341.32,1251.09,14.0,400.0,3,14.222222222222221,4.911111111111111,9.311111111111112,26.88888888888889,11,3,0.8962962962962963,0.8533,400,-0.22222222222222143,0.8533,9,2000.0,0.6255449999999999,-748.9100000000001,Flow30,T11-T20
5,sell,300.0,2243.36,3.0,400.0,3,12.0,8.987951807228916,3.0120481927710845,9.710843373493976,11,3,0.3236947791164659,0.75,400,5.9879518072289155,0.75,9,2400.0,0.9347333333333334,-156.63999999999987,Flow30,T11-T20
6,sell,300.21,1658.91,5.0,400.0,3,12.0,9.0,3.0,6.0,11,3,0.2,0.750525,400,4.0,0.750525,9,1600.0,1.0368187500000001,58.91000000000008,Flow30,T11-T20
7,sell,400.0,2614.32,4.0,400.0,3,20.0,8.0,12.0,30.0,11,3,1.0,1.0,400,4.0,1.0,9,2000.0,1.30716,614.3200000000002,Flow30,T11-T20
8,sell,130.15,341.71,8.0,300.0,3,7.0184049079754605,6.0184049079754605,1.0,3.0,11,3,0.1,0.43383333333333335,300,-1.9815950920245395,0.43383333333333335,9,300.0,1.1390333333333333,41.70999999999998,Flow30,T11-T20
1,buy,300.0,1637.83,16.0,300.0,3,16.448979591836736,14.428571428571429,2.020408163265306,27.79591836734694,12,3,0.926530612244898,1.0,300,-0.44897959183673564,1.0,9,2100.0,0.7799190476190476,-462.1700000000001,Flow30,T11-T20
2,buy,399.45,1650.28,15.0,400.0,3,11.35897435897436,9.897435897435898,1.4615384615384615,30.0,12,3,1.0,0.998625,400,3.6410256410256405,0.998625,9,2400.0,0.6876166666666667,-749.72,Flow30,T11-T20
3,buy,131.99,28.14,10.0,400.0,3,10.0,9.0,1.0,30.0,12,3,1.0,0.329975,400,0.0,0.329975,9,400.0,0.07035,-371.86,Flow30,T11-T20
4,buy,373.33,1463.22,14.0,400.0,3,13.452830188679245,8.11320754716981,5.339622641509434,19.20754716981132,12,3,0.640251572327044,0.933325,400,0.5471698113207548,0.933325,9,2000.0,0.73161,-536.78,Flow30,T11-T20
5,sell,365.29,2695.09,3.0,400.0,3,12.185185185185185,8.685185185185185,3.5,16.814814814814813,12,3,0.5604938271604938,0.9132250000000001,400,5.685185185185185,0.9132250000000001,9,2400.0,1.1229541666666667,295.09000000000015,Flow30,T11-T20
6,sell,400.0,2184.21,5.0,400.0,3,12.0,8.0,4.0,8.0,12,3,0.26666666666666666,1.0,400,3.0,1.0,9,1600.0,1.3651312500000001,584.21,Flow30,T11-T20
7,sell,323.49,2113.22,4.0,400.0,3,20.0,8.96774193548387,11.03225806451613,29.129032258064516,12,3,0.9709677419354839,0.808725,400,4.96774193548387,0.808725,9,2000.0,1.0566099999999998,113.2199999999998,Flow30,T11-T20
8,sell,137.36,312.55,8.0,300.0,3,6.64367816091954,5.64367816091954,1.0,2.4770114942528734,12,3,0.08256704980842912,0.4578666666666667,300,-2.3563218390804597,0.4578666666666667,9,300.0,1.0418333333333334,12.550000000000011,Flow30,T11-T20
1,buy,400.0,2423.4,17.0,400.0,3,17.076923076923077,15.802197802197803,1.2747252747252746,30.0,13,4,1.0,1.0,400,-0.07692307692307665,1.0,6,4400.0,0.5507727272727273,-1976.6,Flow30,T11-T20
2,buy,376.48,2045.76,15.0,400.0,3,9.96551724137931,8.137931034482758,1.8275862068965518,30.0,13,4,1.0,0.9412,400,5.03448275862069,0.9412,6,3600.0,0.5682666666666667,-1554.24,Flow30,T11-T20
3,buy,98.96,22.66,8.0,400.0,3,8.0,7.0,1.0,30.0,13,4,1.0,0.24739999999999998,400,0.0,0.24739999999999998,6,800.0,0.028325,-777.34,Flow30,T11-T20
4,buy,0.0,0.0,6.0,400.0,3,5.0,0.0,5.0,30.0,13,4,1.0,0.0,0,1.0,,6,0.0,,0.0,Flow30,T11-T20
5,sell,322.73,1302.44,6.0,400.0,3,11.661971830985916,9.28169014084507,2.380281690140845,14.915492957746478,13,4,0.49718309859154924,0.806825,200,3.28169014084507,1.61365,6,0.0,,1302.44,Flow30,T11-T20
6,sell,189.61,1268.88,3.0,300.0,3,11.551282051282051,7.102564102564102,4.448717948717949,6.0,13,4,0.2,0.6320333333333333,300,4.102564102564102,0.6320333333333333,6,900.0,1.4098666666666668,368.8800000000001,Flow30,T11-T20
7,sell,231.12,1184.51,5.0,400.0,3,20.0,8.038461538461538,11.961538461538462,30.0,13,4,1.0,0.5778,400,3.0384615384615383,0.5778,6,400.0,2.961275,784.51,Flow30,T11-T20
8,sell,136.99,841.78,4.0,300.0,3,6.5851851851851855,5.5851851851851855,1.0,2.8518518518518516,13,4,0.09506172839506172,0.4566333333333334,300,1.5851851851851855,0.4566333333333334,6,600.0,1.4029666666666667,241.77999999999997,Flow30,T11-T20
1,buy,400.0,2706.17,17.0,400.0,3,15.104651162790697,13.0,2.104651162790698,22.151162790697676,14,4,0.7383720930232559,1.0,400,1.895348837209303,1.0,6,4400.0,0.6150386363636364,-1693.83,Flow30,T11-T20
2,buy,400.0,2141.69,15.0,400.0,3,10.625,6.964285714285714,3.6607142857142856,28.553571428571427,14,4,0.9517857142857142,1.0,400,4.375,1.0,6,3600.0,0.5949138888888889,-1458.31,Flow30,T11-T20
3,buy,263.8,57.17,8.0,400.0,3,8.0,7.0,1.0,30.0,14,4,1.0,0.6595,400,0.0,0.6595,6,800.0,0.0714625,-742.83,Flow30,T11-T20
4,buy,2.53,-24.32,6.0,400.0,3,12.45,6.383333333333334,6.066666666666666,7.616666666666666,14,4,0.2538888888888889,0.006325,0,-6.449999999999999,inf,6,0.0,,-24.32,Flow30,T11-T20
5,sell,200.0,655.42,6.0,400.0,3,13.817073170731707,8.451219512195122,5.365853658536586,13.621951219512194,14,4,0.4540650406504065,0.5,200,2.451219512195122,1.0,6,0.0,,655.42,Flow30,T11-T20
6,sell,300.0,2055.29,3.0,300.0,3,9.0,6.0,3.0,6.0,14,4,0.2,1.0,300,3.0,1.0,6,900.0,2.2836555555555553,1155.29,Flow30,T11-T20
7,sell,388.76,1701.4,5.0,400.0,3,20.0,7.108433734939759,12.891566265060241,30.0,14,4,1.0,0.9719,400,2.1084337349397586,0.9719,6,400.0,4.2535,1301.4,Flow30,T11-T20
8,sell,187.92,951.22,4.0,300.0,3,5.2405063291139244,4.2405063291139244,1.0,3.0,14,4,0.1,0.6264,300,0.24050632911392444,0.6264,6,600.0,1.5853666666666668,351.22,Flow30,T11-T20
1,buy,400.0,3155.53,17.0,400.0,3,10.0,6.0,4.0,30.0,15,4,1.0,1.0,400,7.0,1.0,6,4400.0,0.7171659090909092,-1244.4699999999998,Flow30,T11-T20
2,buy,399.43,2217.84,15.0,400.0,3,9.743589743589743,8.743589743589743,1.0,25.384615384615383,15,4,0.8461538461538461,0.998575,400,5.256410256410257,0.998575,6,3600.0,0.6160666666666668,-1382.1599999999999,Flow30,T11-T20
3,buy,25.36,3.08,8.0,400.0,3,8.0,7.0,1.0,30.0,15,4,1.0,0.0634,400,0.0,0.0634,6,800.0,0.00385,-796.92,Flow30,T11-T20
4,buy,18.72,-49.23,6.0,400.0,3,12.08860759493671,3.1645569620253164,8.924050632911392,30.0,15,4,1.0,0.046799999999999994,0,-6.088607594936709,inf,6,0.0,,-49.23,Flow30,T11-T20
5,sell,210.37,701.0,6.0,400.0,3,14.891891891891891,8.472972972972974,6.418918918918919,15.0,15,4,0.5,0.525925,200,2.4729729729729737,1.05185,6,0.0,,701.0,Flow30,T11-T20
6,sell,285.09,1740.5,3.0,300.0,3,12.108695652173912,6.826086956521739,5.282608695652174,6.760869565217392,15,4,0.22536231884057972,0.9502999999999999,300,3.8260869565217392,0.9502999999999999,6,900.0,1.933888888888889,840.5,Flow30,T11-T20
7,sell,225.69,979.22,5.0,400.0,3,20.0,8.0,12.0,30.0,15,4,1.0,0.564225,400,3.0,0.564225,6,400.0,2.4480500000000003,579.22,Flow30,T11-T20
8,sell,123.78,628.48,4.0,300.0,3,6.242424242424242,5.242424242424242,1.0,2.7151515151515153,15,4,0.0905050505050505,0.4126,300,1.2424242424242422,0.4126,6,600.0,1.0474666666666668,28.480000000000018,Flow30,T11-T20
1,buy,400.0,3153.18,17.0,400.0,3,10.0,8.0,2.0,30.0,16,4,1.0,1.0,400,7.0,1.0,6,4400.0,0.7166318181818181,-1246.8200000000002,Flow30,T11-T20
2,buy,399.68,2416.18,15.0,400.0,3,9.510204081632653,8.428571428571429,1.0816326530612246,18.551020408163264,16,4,0.6183673469387755,0.9992,400,5.4897959183673475,0.9992,6,3600.0,0.6711611111111111,-1183.8200000000002,Flow30,T11-T20
3,buy,140.67,24.08,8.0,400.0,3,8.0,6.056179775280899,1.9438202247191012,27.707865168539325,16,4,0.9235955056179775,0.35167499999999996,400,0.0,0.35167499999999996,6,800.0,0.0301,-775.92,Flow30,T11-T20
4,buy,0.4,-5.86,6.0,400.0,3,10.285714285714286,1.1428571428571428,9.142857142857142,14.571428571428571,16,4,0.4857142857142857,0.001,0,-4.2857142857142865,inf,6,0.0,,-5.86,Flow30,T11-T20
5,sell,183.31,517.8,6.0,400.0,3,13.644444444444444,9.055555555555555,4.588888888888889,15.8,16,4,0.5266666666666667,0.458275,200,3.0555555555555554,0.91655,6,0.0,,517.8,Flow30,T11-T20
6,sell,300.0,1799.79,3.0,300.0,3,10.0,7.0,3.0,6.0,16,4,0.2,1.0,300,4.0,1.0,6,900.0,1.9997666666666667,899.79,Flow30,T11-T20
7,sell,276.67,1038.21,5.0,400.0,3,20.0,7.0,13.0,30.0,16,4,1.0,0.691675,400,2.0,0.691675,6,400.0,2.5955250000000003,638.21,Flow30,T11-T20
8,sell,189.05,915.37,4.0,300.0,3,5.60377358490566,4.60377358490566,1.0,3.0,16,4,0.1,0.6301666666666667,300,0.6037735849056602,0.6301666666666667,6,600.0,1.5256166666666666,315.37,Flow30,T11-T20
1,buy,137.58,359.15,14.0,400.0,3,11.23076923076923,7.230769230769231,4.0,30.0,17,5,1.0,0.34395000000000003,200,2.76923076923077,0.6879000000000001,14,0.0,,359.15,Flow30,T11-T20
2,buy,198.94,745.9,16.0,300.0,3,12.040816326530612,9.571428571428571,2.4693877551020407,16.489795918367346,17,5,0.5496598639455782,0.6631333333333334,300,3.959183673469388,0.6631333333333334,14,600.0,1.2431666666666665,145.89999999999998,Flow30,T11-T20
3,buy,300.0,442.0,17.0,300.0,3,18.89156626506024,16.674698795180724,2.216867469879518,30.0,17,5,1.0,1.0,300,-1.8915662650602414,1.0,14,900.0,0.4911111111111111,-458.0,Flow30,T11-T20
4,buy,143.75,767.67,17.0,300.0,3,14.311111111111112,0.17777777777777778,14.133333333333333,30.0,17,5,1.0,0.4791666666666667,300,2.688888888888888,0.4791666666666667,14,900.0,0.8529666666666667,-132.33000000000004,Flow30,T11-T20
5,sell,20.32,31.21,14.0,400.0,3,19.708333333333332,14.791666666666666,4.916666666666667,22.833333333333332,17,5,0.7611111111111111,0.0508,0,0.7916666666666661,inf,14,0.0,,31.21,Flow30,T11-T20
6,sell,113.61,443.82,11.0,300.0,3,14.0,12.0,2.0,4.482758620689655,17,5,0.14942528735632182,0.3787,300,1.0,0.3787,14,900.0,0.4931333333333333,-456.18,Flow30,T11-T20
7,sell,301.93,2752.43,4.0,400.0,3,20.0,12.166666666666666,7.833333333333333,23.045454545454547,17,5,0.7681818181818182,0.754825,400,8.166666666666666,0.754825,14,4000.0,0.6881075,-1247.5700000000002,Flow30,T11-T20
8,sell,331.34,3197.34,3.0,400.0,3,6.322368421052632,5.322368421052632,1.0,5.796052631578948,17,5,0.19320175438596493,0.8283499999999999,400,2.322368421052632,0.8283499999999999,14,4400.0,0.7266681818181818,-1202.6599999999999,Flow30,T11-T20
1,buy,140.05,209.88,14.0,400.0,3,13.0,10.0,3.0,30.0,18,5,1.0,0.350125,200,1.0,0.70025,14,0.0,,209.88,Flow30,T11-T20
2,buy,279.69,556.63,16.0,300.0,3,13.566037735849056,12.037735849056604,1.528301886792453,29.132075471698112,18,5,0.9710691823899371,0.9323,300,2.433962264150944,0.9323,14,600.0,0.9277166666666666,-43.370000000000005,Flow30,T11-T20
3,buy,300.0,1100.98,17.0,300.0,3,13.755102040816327,10.775510204081632,2.979591836734694,29.755102040816325,18,5,0.9918367346938776,1.0,300,3.244897959183673,1.0,14,900.0,1.2233111111111112,200.98000000000002,Flow30,T11-T20
4,buy,171.65,685.66,17.0,300.0,3,14.727272727272727,0.4090909090909091,14.318181818181818,30.0,18,5,1.0,0.5721666666666667,300,2.2727272727272734,0.5721666666666667,14,900.0,0.7618444444444444,-214.34000000000003,Flow30,T11-T20
5,sell,25.48,19.87,14.0,400.0,3,18.92,14.64,4.28,14.0,18,5,0.4666666666666667,0.0637,0,0.6400000000000006,inf,14,0.0,,19.87,Flow30,T11-T20
6,sell,187.76,502.58,11.0,300.0,3,14.0,12.0,2.0,3.0,18,5,0.1,0.6258666666666667,300,1.0,0.6258666666666667,14,900.0,0.5584222222222222,-397.42,Flow30,T11-T20
7,sell,298.83,2783.55,4.0,400.0,3,20.0,12.27536231884058,7.72463768115942,26.47826086956522,18,5,0.8826086956521739,0.7470749999999999,400,8.27536231884058,0.7470749999999999,14,4000.0,0.6958875,-1216.4499999999998,Flow30,T11-T20
8,sell,394.0,4016.7,3.0,400.0,3,5.6440677966101696,4.6440677966101696,1.0,7.711864406779661,18,5,0.2570621468926554,0.985,400,1.6440677966101696,0.985,14,4400.0,0.9128863636363636,-383.3000000000002,Flow30,T11-T20
1,buy,127.32,284.29,14.0,400.0,3,12.0,11.0,1.0,30.0,19,5,1.0,0.31829999999999997,200,2.0,0.6365999999999999,14,0.0,,284.29,Flow30,T11-T20
2,buy,299.21,771.4,16.0,300.0,3,13.753846153846155,10.323076923076924,3.4307692307692306,21.96923076923077,19,5,0.7323076923076923,0.9973666666666666,300,2.2461538461538453,0.9973666666666666,14,600.0,1.2856666666666667,171.39999999999998,Flow30,T11-T20
3,buy,291.39,857.61,17.0,300.0,3,14.294117647058824,10.137254901960784,4.1568627450980395,30.0,19,5,1.0,0.9712999999999999,300,2.7058823529411757,0.9712999999999999,14,900.0,0.9529,-42.389999999999986,Flow30,T11-T20
4,buy,152.42,702.43,17.0,300.0,3,13.71111111111111,0.0,13.71111111111111,30.0,19,5,1.0,0.5080666666666667,300,3.2888888888888896,0.5080666666666667,14,900.0,0.7804777777777777,-197.57000000000005,Flow30,T11-T20
5,sell,43.53,15.79,14.0,400.0,3,17.254901960784313,14.0,3.2549019607843137,24.274509803921568,19,5,0.8091503267973856,0.108825,0,0.0,inf,14,0.0,,15.79,Flow30,T11-T20
6,sell,101.24,282.57,11.0,300.0,3,13.941176470588236,12.0,1.9411764705882353,2.235294117647059,19,5,0.07450980392156863,0.33746666666666664,300,1.0,0.33746666666666664,14,900.0,0.31396666666666667,-617.4300000000001,Flow30,T11-T20
7,sell,360.83,3321.3,4.0,400.0,3,20.0,11.514285714285714,8.485714285714286,30.0,19,5,1.0,0.902075,400,7.514285714285714,0.902075,14,4000.0,0.8303250000000001,-678.6999999999998,Flow30,T11-T20
8,sell,359.24,3577.57,3.0,400.0,3,6.3061224489795915,4.0272108843537415,2.2789115646258504,5.156462585034014,19,5,0.17188208616780046,0.8981,400,1.0272108843537415,0.8981,14,4400.0,0.813084090909091,-822.4299999999998,Flow30,T11-T20
1,buy,199.26,326.64,14.0,400.0,3,13.0,9.0,4.0,30.0,20,5,1.0,0.49815,200,1.0,0.9963,14,0.0,,326.64,Flow30,T11-T20
2,buy,300.0,815.18,16.0,300.0,3,13.0,10.0,3.0,24.0,20,5,0.8,1.0,300,3.0,1.0,14,600.0,1.3586333333333334,215.17999999999995,Flow30,T11-T20
3,buy,300.0,1251.79,17.0,300.0,3,16.054054054054053,0.7567567567567568,15.297297297297296,23.37837837837838,20,5,0.7792792792792793,1.0,300,0.9459459459459474,1.0,14,900.0,1.3908777777777777,351.78999999999996,Flow30,T11-T20
4,buy,179.41,769.49,17.0,300.0,3,14.0,2.417910447761194,11.582089552238806,30.0,20,5,1.0,0.5980333333333333,300,3.0,0.5980333333333333,14,900.0,0.8549888888888889,-130.51,Flow30,T11-T20
5,sell,4.51,0.67,14.0,400.0,3,18.0,14.0,4.0,20.20618556701031,20,5,0.6735395189003436,0.011275,0,0.0,inf,14,0.0,,0.67,Flow30,T11-T20
6,sell,153.9,345.86,11.0,300.0,3,13.0,12.0,1.0,2.0,20,5,0.06666666666666667,0.513,300,1.0,0.513,14,900.0,0.3842888888888889,-554.14,Flow30,T11-T20
7,sell,380.55,3374.86,4.0,400.0,3,20.0,10.953125,9.046875,30.0,20,5,1.0,0.9513750000000001,400,6.953125,0.9513750000000001,14,4000.0,0.843715,-625.1399999999999,Flow30,T11-T20
8,sell,400.0,3875.31,3.0,400.0,3,6.1875,5.1875,1.0,8.9453125,20,5,0.2981770833333333,1.0,400,2.1875,1.0,14,4400.0,0.8807522727272727,-524.69,Flow30,T11-T20
1,buy,57.41,396.66,17.0,300.0,4,10.214285714285714,7.285714285714286,2.9285714285714284,24.5,1,1,0.8166666666666667,0.19136666666666666,300,6.7857142857142865,0.19136666666666666,14,900.0,0.44073333333333337,-503.34,Flow30,T1-T10
2,buy,38.62,250.11,14.0,400.0,4,10.161073825503356,7.476510067114094,2.684563758389262,17.449664429530202,1,1,0.5816554809843401,0.09655,200,3.8389261744966436,0.1931,14,0.0,,250.11,Flow30,T1-T10
3,buy,250.0,1766.64,17.0,300.0,4,14.0,6.0,8.0,10.0,1,1,0.3333333333333333,0.8333333333333334,300,3.0,0.8333333333333334,14,900.0,1.9629333333333334,866.6400000000001,Flow30,T1-T10
4,buy,300.0,1633.17,16.0,300.0,4,11.615384615384615,8.884615384615385,2.730769230769231,15.346153846153847,1,1,0.5115384615384616,1.0,300,4.384615384615385,1.0,14,600.0,2.72195,1033.17,Flow30,T1-T10
5,sell,258.25,1814.76,3.0,400.0,4,14.838235294117647,8.647058823529411,6.1911764705882355,16.323529411764707,1,1,0.5441176470588236,0.645625,400,5.647058823529411,0.645625,14,4400.0,0.41244545454545456,-2585.24,Flow30,T1-T10
6,sell,400.0,2462.33,4.0,400.0,4,14.0,7.0,7.0,15.0,1,1,0.5,1.0,400,3.0,1.0,14,4000.0,0.6155825,-1537.67,Flow30,T1-T10
7,sell,0.0,0.0,14.0,400.0,4,20.0,14.0,6.0,9.0,1,1,0.3,0.0,0,0.0,,14,0.0,,0.0,Flow30,T1-T10
8,sell,0.0,0.0,11.0,300.0,4,20.0,12.183673469387756,7.816326530612245,2.183673469387755,1,1,0.0727891156462585,0.0,300,1.183673469387756,0.0,14,900.0,0.0,-900.0,Flow30,T1-T10
1,buy,223.12,1148.91,17.0,300.0,4,11.52,9.56,1.96,29.706666666666667,2,1,0.9902222222222222,0.7437333333333334,300,5.48,0.7437333333333334,14,900.0,1.2765666666666668,248.91000000000008,Flow30,T1-T10
2,buy,300.0,685.7,14.0,400.0,4,15.936936936936936,13.135135135135135,2.8018018018018016,18.55855855855856,2,1,0.6186186186186187,0.75,200,-1.9369369369369362,1.5,14,0.0,,685.7,Flow30,T1-T10
3,buy,82.68,447.82,17.0,300.0,4,14.0,6.0,8.0,8.0,2,1,0.26666666666666666,0.2756,300,3.0,0.2756,14,900.0,0.4975777777777778,-452.18,Flow30,T1-T10
4,buy,220.36,912.59,16.0,300.0,4,12.767441860465116,10.232558139534884,2.5348837209302326,17.72093023255814,2,1,0.5906976744186047,0.7345333333333334,300,3.232558139534884,0.7345333333333334,14,600.0,1.5209833333333334,312.59000000000003,Flow30,T1-T10
5,sell,400.0,3487.11,3.0,400.0,4,16.0,10.0,6.0,19.0,2,1,0.6333333333333333,1.0,400,7.0,1.0,14,4400.0,0.792525,-912.8899999999999,Flow30,T1-T10
6,sell,400.0,3072.78,4.0,400.0,4,13.555555555555555,7.111111111111111,6.444444444444445,14.555555555555555,2,1,0.48518518518518516,1.0,400,3.1111111111111107,1.0,14,4000.0,0.7681950000000001,-927.2199999999998,Flow30,T1-T10
7,sell,6.52,3.21,14.0,400.0,4,20.0,14.0,6.0,10.0,2,1,0.3333333333333333,0.0163,0,0.0,inf,14,0.0,,3.21,Flow30,T1-T10
8,sell,18.26,57.81,11.0,300.0,4,20.0,12.0,8.0,3.1636363636363636,2,1,0.10545454545454545,0.06086666666666667,300,1.0,0.06086666666666667,14,900.0,0.06423333333333334,-842.19,Flow30,T1-T10
1,buy,244.08,1303.15,17.0,300.0,4,11.921875,9.171875,2.75,30.0,3,1,1.0,0.8136,300,5.078125,0.8136,14,900.0,1.4479444444444445,403.1500000000001,Flow30,T1-T10
2,buy,276.35,910.26,14.0,400.0,4,13.18421052631579,10.361842105263158,2.8223684210526314,19.42105263157895,3,1,0.6473684210526316,0.690875,200,0.8157894736842106,1.38175,14,0.0,,910.26,Flow30,T1-T10
3,buy,164.84,1094.55,17.0,300.0,4,13.0,5.0,8.0,12.0,3,1,0.4,0.5494666666666667,300,4.0,0.5494666666666667,14,900.0,1.2161666666666666,194.54999999999995,Flow30,T1-T10
4,buy,210.94,805.44,16.0,300.0,4,12.017543859649123,10.43859649122807,1.5789473684210527,17.24561403508772,3,1,0.5748538011695906,0.7031333333333333,300,3.9824561403508767,0.7031333333333333,14,600.0,1.3424,205.44000000000005,Flow30,T1-T10
5,sell,400.0,3245.52,3.0,400.0,4,12.833333333333334,8.257575757575758,4.575757575757576,17.62121212121212,3,1,0.5873737373737373,1.0,400,5.257575757575758,1.0,14,4400.0,0.7376181818181818,-1154.48,Flow30,T1-T10
6,sell,399.24,2647.54,4.0,400.0,4,14.025641025641026,7.0,7.0256410256410255,20.05128205128205,3,1,0.6683760683760683,0.9981,400,3.0,0.9981,14,4000.0,0.661885,-1352.46,Flow30,T1-T10
7,sell,7.88,1.73,14.0,400.0,4,20.0,14.0,6.0,20.0,3,1,0.6666666666666666,0.0197,0,0.0,inf,14,0.0,,1.73,Flow30,T1-T10
8,sell,110.67,310.24,11.0,300.0,4,20.0,12.0,8.0,11.275862068965518,3,1,0.37586206896551727,0.3689,300,1.0,0.3689,14,900.0,0.34471111111111113,-589.76,Flow30,T1-T10
1,buy,295.96,1393.83,17.0,300.0,4,12.907407407407407,9.407407407407407,3.5,30.0,4,1,1.0,0.9865333333333333,300,4.0925925925925934,0.9865333333333333,14,900.0,1.5487,493.8299999999999,Flow30,T1-T10
2,buy,104.74,260.53,14.0,400.0,4,13.153846153846153,9.538461538461538,3.6153846153846154,20.384615384615383,4,1,0.6794871794871794,0.26184999999999997,200,0.8461538461538467,0.5236999999999999,14,0.0,,260.53,Flow30,T1-T10
3,buy,136.66,711.01,17.0,300.0,4,13.0,4.0,9.0,15.0,4,1,0.5,0.45553333333333335,300,4.0,0.45553333333333335,14,900.0,0.7900111111111111,-188.99,Flow30,T1-T10
4,buy,300.0,1049.83,16.0,300.0,4,13.357142857142858,11.642857142857142,1.7142857142857142,21.357142857142858,4,1,0.7119047619047619,1.0,300,2.6428571428571423,1.0,14,600.0,1.7497166666666666,449.8299999999999,Flow30,T1-T10
5,sell,378.06,3433.77,3.0,400.0,4,16.0,11.0,5.0,23.0,4,1,0.7666666666666667,0.94515,400,8.0,0.94515,14,4400.0,0.7804022727272727,-966.23,Flow30,T1-T10
6,sell,400.0,3262.93,4.0,400.0,4,16.0,10.0,6.0,20.0,4,1,0.6666666666666666,1.0,400,6.0,1.0,14,4000.0,0.8157325,-737.0700000000002,Flow30,T1-T10
7,sell,0.0,0.0,14.0,400.0,4,20.0,14.0,6.0,20.0,4,1,0.6666666666666666,0.0,0,0.0,,14,0.0,,0.0,Flow30,T1-T10
8,sell,71.53,146.32,11.0,300.0,4,20.0,12.0,8.0,19.087719298245613,4,1,0.6362573099415204,0.23843333333333333,300,1.0,0.23843333333333333,14,900.0,0.16257777777777777,-753.6800000000001,Flow30,T1-T10
1,buy,0.0,0.0,6.0,400.0,4,5.0,1.0,4.0,30.0,5,2,1.0,0.0,0,1.0,,6,0.0,,0.0,Flow30,T1-T10
2,buy,172.8,355.53,8.0,400.0,4,9.032894736842104,5.526315789473684,3.5065789473684212,16.86842105263158,5,2,0.5622807017543859,0.43200000000000005,400,-1.0328947368421044,0.43200000000000005,6,800.0,0.4444125,-444.47,Flow30,T1-T10
3,buy,400.0,3754.97,17.0,400.0,4,12.0,2.0,10.0,20.0,5,2,0.6666666666666666,1.0,400,5.0,1.0,6,4400.0,0.8534022727272726,-645.0300000000002,Flow30,T1-T10
4,buy,368.47,2526.25,15.0,400.0,4,8.359375,6.53125,1.828125,28.765625,5,2,0.9588541666666667,0.9211750000000001,400,6.640625,0.9211750000000001,6,3600.0,0.7017361111111111,-1073.75,Flow30,T1-T10
5,sell,384.08,1010.16,5.0,400.0,4,16.0,5.0,11.0,24.0,5,2,0.8,0.9601999999999999,400,0.0,0.9601999999999999,6,400.0,2.5254,610.16,Flow30,T1-T10
6,sell,75.93,149.43,6.0,400.0,4,15.692307692307692,6.384615384615385,9.307692307692308,11.076923076923077,5,2,0.3692307692307692,0.18982500000000002,200,0.384615384615385,0.37965000000000004,6,0.0,,149.43,Flow30,T1-T10
7,sell,264.83,899.43,4.0,300.0,4,16.075949367088608,4.0,12.075949367088608,13.924050632911392,5,2,0.4641350210970464,0.8827666666666666,300,0.0,0.8827666666666666,6,600.0,1.49905,299.42999999999995,Flow30,T1-T10
8,sell,222.31,958.36,3.0,300.0,4,20.0,4.0,16.0,19.17142857142857,5,2,0.639047619047619,0.7410333333333333,300,1.0,0.7410333333333333,6,900.0,1.0648444444444445,58.360000000000014,Flow30,T1-T10
1,buy,0.0,0.0,6.0,400.0,4,5.0,1.0,4.0,30.0,6,2,1.0,0.0,0,1.0,,6,0.0,,0.0,Flow30,T1-T10
2,buy,386.58,456.02,8.0,400.0,4,9.49390243902439,6.365853658536586,3.1280487804878048,16.926829268292682,6,2,0.5642276422764227,0.9664499999999999,400,-1.4939024390243905,0.9664499999999999,6,800.0,0.570025,-343.98,Flow30,T1-T10
3,buy,400.0,3843.91,17.0,400.0,4,14.0,2.0,12.0,20.0,6,2,0.6666666666666666,1.0,400,3.0,1.0,6,4400.0,0.873615909090909,-556.0900000000001,Flow30,T1-T10
4,buy,399.68,3059.09,15.0,400.0,4,7.681159420289855,6.246376811594203,1.434782608695652,26.347826086956523,6,2,0.8782608695652174,0.9992,400,7.318840579710145,0.9992,6,3600.0,0.8497472222222222,-540.9099999999999,Flow30,T1-T10
5,sell,336.06,752.65,5.0,400.0,4,12.0,6.0,6.0,20.0,6,2,0.6666666666666666,0.84015,400,1.0,0.84015,6,400.0,1.8816249999999999,352.65,Flow30,T1-T10
6,sell,364.19,456.75,6.0,400.0,4,13.095238095238095,6.095238095238095,7.0,30.0,6,2,1.0,0.910475,200,0.0952380952380949,1.82095,6,0.0,,456.75,Flow30,T1-T10
7,sell,206.0,637.25,4.0,300.0,4,19.760416666666668,4.0,15.760416666666666,11.197916666666666,6,2,0.3732638888888889,0.6866666666666666,300,0.0,0.6866666666666666,6,600.0,1.0620833333333333,37.25,Flow30,T1-T10
8,sell,300.0,1247.04,3.0,300.0,4,20.0,3.78125,16.21875,21.96875,6,2,0.7322916666666667,1.0,300,0.78125,1.0,6,900.0,1.3856,347.03999999999996,Flow30,T1-T10
1,buy,36.08,12.71,6.0,400.0,4,4.763440860215054,1.096774193548387,3.6666666666666665,30.0,7,2,1.0,0.0902,0,1.236559139784946,inf,6,0.0,,12.71,Flow30,T1-T10
2,buy,400.0,396.2,8.0,400.0,4,9.696969696969697,6.781818181818182,2.915151515151515,20.21212121212121,7,2,0.6737373737373737,1.0,400,-1.6969696969696972,1.0,6,800.0,0.49524999999999997,-403.8,Flow30,T1-T10
3,buy,400.0,3737.65,17.0,400.0,4,14.0,2.0,12.0,20.0,7,2,0.6666666666666666,1.0,400,3.0,1.0,6,4400.0,0.8494659090909091,-662.3499999999999,Flow30,T1-T10
4,buy,399.37,2889.77,15.0,400.0,4,8.045454545454545,7.0,1.0454545454545454,28.772727272727273,7,2,0.9590909090909091,0.998425,400,6.954545454545455,0.998425,6,3600.0,0.8027138888888888,-710.23,Flow30,T1-T10
5,sell,400.0,996.36,5.0,400.0,4,9.352941176470589,5.450980392156863,3.9019607843137254,26.58823529411765,7,2,0.8862745098039216,1.0,400,0.4509803921568629,1.0,6,400.0,2.4909,596.36,Flow30,T1-T10
6,sell,288.57,423.14,6.0,400.0,4,15.0,6.078651685393258,8.92134831460674,30.0,7,2,1.0,0.721425,200,0.0786516853932584,1.44285,6,0.0,,423.14,Flow30,T1-T10
7,sell,287.05,936.88,4.0,300.0,4,20.0,4.0,16.0,15.0,7,2,0.5,0.9568333333333334,300,0.0,0.9568333333333334,6,600.0,1.5614666666666666,336.88,Flow30,T1-T10
8,sell,252.23,1123.87,3.0,300.0,4,20.0,4.909090909090909,15.090909090909092,22.558441558441558,7,2,0.7519480519480519,0.8407666666666667,300,1.9090909090909092,0.8407666666666667,6,900.0,1.2487444444444442,223.8699999999999,Flow30,T1-T10
1,buy,0.0,0.0,6.0,400.0,4,5.0,1.0,4.0,30.0,8,2,1.0,0.0,0,1.0,,6,0.0,,0.0,Flow30,T1-T10
2,buy,172.21,101.75,8.0,400.0,4,7.9,6.21,1.69,18.88,8,2,0.6293333333333333,0.43052500000000005,400,0.09999999999999964,0.43052500000000005,6,800.0,0.1271875,-698.25,Flow30,T1-T10
3,buy,400.0,3791.75,17.0,400.0,4,11.0,2.0,9.0,20.0,8,2,0.6666666666666666,1.0,400,6.0,1.0,6,4400.0,0.8617613636363637,-608.25,Flow30,T1-T10
4,buy,399.56,2987.92,15.0,400.0,4,7.75,6.483333333333333,1.2666666666666666,30.0,8,2,1.0,0.9989,400,7.25,0.9989,6,3600.0,0.8299777777777778,-612.0799999999999,Flow30,T1-T10
5,sell,114.51,273.0,5.0,400.0,4,11.015384615384615,6.707692307692308,4.3076923076923075,14.123076923076923,8,2,0.4707692307692308,0.286275,400,1.7076923076923078,0.286275,6,400.0,0.6825,-127.0,Flow30,T1-T10
6,sell,357.28,616.87,6.0,400.0,4,16.0,6.0,10.0,22.0,8,2,0.7333333333333333,0.8931999999999999,200,0.0,1.7863999999999998,6,0.0,,616.87,Flow30,T1-T10
7,sell,299.89,949.74,4.0,300.0,4,10.654545454545454,4.0,6.654545454545454,10.8,8,2,0.36000000000000004,0.9996333333333333,300,0.0,0.9996333333333333,6,600.0,1.5829,349.74,Flow30,T1-T10
8,sell,200.0,936.56,3.0,300.0,4,20.0,4.0,16.0,9.771739130434783,8,2,0.32572463768115945,0.6666666666666666,300,1.0,0.6666666666666666,6,900.0,1.0406222222222221,36.559999999999945,Flow30,T1-T10
1,buy,299.25,1617.3,16.0,300.0,4,11.567567567567568,8.324324324324325,3.2432432432432434,30.0,9,3,1.0,0.9975,300,4.432432432432432,0.9975,9,2100.0,0.7701428571428571,-482.70000000000005,Flow30,T1-T10
2,buy,400.0,2199.69,15.0,400.0,4,13.193548387096774,8.63225806451613,4.561290322580645,23.070967741935483,9,3,0.7690322580645161,1.0,400,1.806451612903226,1.0,9,2400.0,0.9165375,-200.30999999999995,Flow30,T1-T10
3,buy,31.07,-4.13,10.0,400.0,4,8.206896551724139,3.7758620689655173,4.431034482758621,11.068965517241379,9,3,0.3689655172413793,0.077675,400,1.7931034482758612,0.077675,9,400.0,-0.010324999999999999,-404.13,Flow30,T1-T10
4,buy,399.77,1488.84,14.0,400.0,4,10.3,8.175,2.125,30.0,9,3,1.0,0.999425,400,3.6999999999999993,0.999425,9,2000.0,0.74442,-511.1600000000001,Flow30,T1-T10
5,sell,302.16,2124.5,3.0,400.0,4,14.26388888888889,8.472222222222221,5.791666666666667,24.84722222222222,9,3,0.8282407407407407,0.7554000000000001,400,5.472222222222221,0.7554000000000001,9,2400.0,0.8852083333333334,-275.5,Flow30,T1-T10
6,sell,323.13,1596.47,5.0,400.0,4,15.863636363636363,7.2727272727272725,8.590909090909092,18.696969696969695,9,3,0.6232323232323231,0.807825,400,2.2727272727272725,0.807825,9,1600.0,0.99779375,-3.5299999999999727,Flow30,T1-T10
7,sell,400.0,2418.67,4.0,400.0,4,14.0,4.0,10.0,12.0,9,3,0.4,1.0,400,0.0,1.0,9,2000.0,1.209335,418.6700000000001,Flow30,T1-T10
8,sell,132.78,354.01,8.0,300.0,4,20.0,9.197368421052632,10.802631578947368,19.25,9,3,0.6416666666666667,0.4426,300,1.1973684210526319,0.4426,9,300.0,1.1800333333333333,54.00999999999999,Flow30,T1-T10
1,buy,298.5,2039.18,16.0,300.0,4,14.953488372093023,8.627906976744185,6.325581395348837,18.697674418604652,10,3,0.6232558139534884,0.995,300,1.0465116279069768,0.995,9,2100.0,0.9710380952380953,-60.819999999999936,Flow30,T1-T10
2,buy,400.0,2645.9,15.0,400.0,4,12.53191489361702,10.170212765957446,2.3617021276595747,19.361702127659573,10,3,0.6453900709219857,1.0,400,2.468085106382979,1.0,9,2400.0,1.1024583333333333,245.9000000000001,Flow30,T1-T10
3,buy,82.34,243.15,10.0,400.0,4,8.0,4.0,4.0,12.0,10,3,0.4,0.20585,400,2.0,0.20585,9,400.0,0.607875,-156.85,Flow30,T1-T10
4,buy,399.42,2074.35,14.0,400.0,4,9.148936170212766,8.02127659574468,1.127659574468085,30.0,10,3,1.0,0.99855,400,4.851063829787234,0.99855,9,2000.0,1.037175,74.34999999999991,Flow30,T1-T10
5,sell,400.0,2216.66,3.0,400.0,4,14.0,5.0,9.0,24.0,10,3,0.8,1.0,400,2.0,1.0,9,2400.0,0.9236083333333333,-183.34000000000015,Flow30,T1-T10
6,sell,400.0,1572.9,5.0,400.0,4,12.155172413793103,6.155172413793103,6.0,24.982758620689655,10,3,0.8327586206896551,1.0,400,1.1551724137931032,1.0,9,1600.0,0.9830625000000001,-27.09999999999991,Flow30,T1-T10
7,sell,400.0,1774.05,4.0,400.0,4,14.0,4.0,10.0,10.0,10,3,0.3333333333333333,1.0,400,0.0,1.0,9,2000.0,0.887025,-225.95000000000005,Flow30,T1-T10
8,sell,1.75,6.87,8.0,300.0,4,19.348837209302324,9.55813953488372,9.790697674418604,11.604651162790697,10,3,0.3868217054263566,0.005833333333333334,300,1.5581395348837201,0.005833333333333334,9,300.0,0.0229,-293.13,Flow30,T1-T10
1,buy,299.08,2222.91,16.0,300.0,4,11.76,8.92,2.84,30.0,11,3,1.0,0.9969333333333332,300,4.24,0.9969333333333332,9,2100.0,1.0585285714285713,122.90999999999985,Flow30,T11-T20
2,buy,304.4,2293.26,15.0,400.0,4,14.17910447761194,10.0,4.17910447761194,17.970149253731343,11,3,0.5990049751243781,0.7609999999999999,400,0.8208955223880601,0.7609999999999999,9,2400.0,0.9555250000000001,-106.73999999999978,Flow30,T11-T20
3,buy,181.64,507.45,10.0,400.0,4,8.0,4.0,4.0,12.0,11,3,0.4,0.45409999999999995,400,2.0,0.45409999999999995,9,400.0,1.268625,107.44999999999999,Flow30,T11-T20
4,buy,400.0,2593.98,14.0,400.0,4,9.46938775510204,7.816326530612245,1.653061224489796,30.0,11,3,1.0,1.0,400,4.530612244897959,1.0,9,2000.0,1.29699,593.98,Flow30,T11-T20
5,sell,399.73,1785.75,3.0,400.0,4,11.584905660377359,4.245283018867925,7.339622641509434,27.88679245283019,11,3,0.929559748427673,0.999325,400,1.2452830188679247,0.999325,9,2400.0,0.7440625,-614.25,Flow30,T11-T20
6,sell,388.83,1153.53,5.0,400.0,4,16.0,6.0,10.0,23.0,11,3,0.7666666666666667,0.9720749999999999,400,1.0,0.9720749999999999,9,1600.0,0.72095625,-446.47,Flow30,T11-T20
7,sell,400.0,1483.19,4.0,400.0,4,9.428571428571429,2.857142857142857,6.571428571428571,13.571428571428571,11,3,0.4523809523809524,1.0,400,-1.1428571428571428,1.0,9,2000.0,0.741595,-516.81,Flow30,T11-T20
8,sell,12.72,26.65,8.0,300.0,4,16.934782608695652,9.130434782608695,7.804347826086956,16.0,11,3,0.5333333333333333,0.0424,300,1.1304347826086953,0.0424,9,300.0,0.08883333333333333,-273.35,Flow30,T11-T20
1,buy,258.62,1912.27,16.0,300.0,4,13.69047619047619,10.928571428571429,2.761904761904762,30.0,12,3,1.0,0.8620666666666666,300,2.30952380952381,0.8620666666666666,9,2100.0,0.9106047619047619,-187.73000000000002,Flow30,T11-T20
2,buy,66.59,495.08,15.0,400.0,4,8.073170731707316,4.987804878048781,3.0853658536585367,15.731707317073171,12,3,0.524390243902439,0.166475,400,6.926829268292684,0.166475,9,2400.0,0.20628333333333332,-1904.92,Flow30,T11-T20
3,buy,400.0,1197.13,10.0,400.0,4,9.0,2.0,7.0,20.0,12,3,0.6666666666666666,1.0,400,1.0,1.0,9,400.0,2.9928250000000003,797.1300000000001,Flow30,T11-T20
4,buy,252.74,1669.04,14.0,400.0,4,7.36231884057971,6.36231884057971,1.0,30.0,12,3,1.0,0.63185,400,6.63768115942029,0.63185,9,2000.0,0.8345199999999999,-330.96000000000004,Flow30,T11-T20
5,sell,399.95,1661.5,3.0,400.0,4,14.6875,5.34375,9.34375,29.5625,12,3,0.9854166666666667,0.999875,400,2.34375,0.999875,9,2400.0,0.6922916666666666,-738.5,Flow30,T11-T20
6,sell,182.27,568.9,5.0,400.0,4,15.771739130434783,6.543478260869565,9.228260869565217,15.206521739130435,12,3,0.5068840579710145,0.45567500000000005,400,1.5434782608695654,0.45567500000000005,9,1600.0,0.3555625,-1031.1,Flow30,T11-T20
7,sell,400.0,1497.73,4.0,400.0,4,8.592233009708737,2.4854368932038833,6.106796116504855,13.106796116504855,12,3,0.4368932038834952,1.0,400,-1.5145631067961167,1.0,9,2000.0,0.748865,-502.27,Flow30,T11-T20
8,sell,1.54,1.83,8.0,300.0,4,17.727272727272727,9.0,8.727272727272727,9.590909090909092,12,3,0.3196969696969697,0.0051333333333333335,300,1.0,0.0051333333333333335,9,300.0,0.0061,-298.17,Flow30,T11-T20
1,buy,400.0,3952.84,17.0,400.0,4,9.064516129032258,5.0,4.064516129032258,30.0,13,4,1.0,1.0,400,7.935483870967742,1.0,6,4400.0,0.8983727272727273,-447.15999999999985,Flow30,T11-T20
2,buy,276.16,2269.99,15.0,400.0,4,9.411764705882353,5.201680672268908,4.2100840336134455,20.33613445378151,13,4,0.6778711484593837,0.6904,400,5.588235294117647,0.6904,6,3600.0,0.6305527777777777,-1330.0100000000002,Flow30,T11-T20
3,buy,246.14,455.73,8.0,400.0,4,7.0,2.0,5.0,20.0,13,4,0.6666666666666666,0.61535,400,1.0,0.61535,6,800.0,0.5696625000000001,-344.27,Flow30,T11-T20
4,buy,0.86,6.63,6.0,400.0,4,5.65625,4.09375,1.5625,27.46875,13,4,0.915625,0.00215,0,0.34375,inf,6,0.0,,6.63,Flow30,T11-T20
5,sell,126.99,84.41,6.0,400.0,4,10.5,6.3,4.2,22.3,13,4,0.7433333333333334,0.317475,200,0.2999999999999998,0.63495,6,0.0,,84.41,Flow30,T11-T20
6,sell,299.44,1228.29,3.0,300.0,4,12.80952380952381,5.412698412698413,7.396825396825397,29.476190476190474,13,4,0.9825396825396825,0.9981333333333333,300,2.412698412698413,0.9981333333333333,6,900.0,1.3647666666666667,328.28999999999996,Flow30,T11-T20
7,sell,306.23,434.98,5.0,400.0,4,11.949367088607595,5.455696202531645,6.493670886075949,19.265822784810126,13,4,0.6421940928270042,0.765575,400,0.45569620253164533,0.765575,6,400.0,1.08745,34.98000000000002,Flow30,T11-T20
8,sell,193.67,553.12,4.0,300.0,4,19.0,5.0,14.0,18.0,13,4,0.6,0.6455666666666666,300,1.0,0.6455666666666666,6,600.0,0.9218666666666667,-46.879999999999995,Flow30,T11-T20
1,buy,371.78,3556.06,17.0,400.0,4,7.954545454545454,5.5,2.4545454545454546,30.0,14,4,1.0,0.9294499999999999,400,9.045454545454547,0.9294499999999999,6,4400.0,0.8081954545454545,-843.94,Flow30,T11-T20
2,buy,400.0,3091.12,15.0,400.0,4,11.912621359223301,8.29126213592233,3.621359223300971,19.59223300970874,14,4,0.6530744336569579,1.0,400,3.0873786407766985,1.0,6,3600.0,0.8586444444444444,-508.8800000000001,Flow30,T11-T20
3,buy,177.3,255.86,8.0,400.0,4,7.0,5.0,2.0,18.0,14,4,0.6,0.44325000000000003,400,1.0,0.44325000000000003,6,800.0,0.319825,-544.14,Flow30,T11-T20
4,buy,0.0,0.0,6.0,400.0,4,4.35,3.35,1.0,30.0,14,4,1.0,0.0,0,1.6500000000000004,,6,0.0,,0.0,Flow30,T11-T20
5,sell,191.78,214.2,6.0,400.0,4,18.0,6.0,12.0,30.0,14,4,1.0,0.47945,200,0.0,0.9589,6,0.0,,214.2,Flow30,T11-T20
6,sell,299.92,1274.89,3.0,300.0,4,11.976190476190476,5.4523809523809526,6.523809523809524,30.0,14,4,1.0,0.9997333333333334,300,2.4523809523809526,0.9997333333333334,6,900.0,1.4165444444444446,374.8900000000001,Flow30,T11-T20
7,sell,400.0,877.32,5.0,400.0,4,8.457446808510639,3.4574468085106385,5.0,16.54255319148936,14,4,0.551418439716312,1.0,400,-1.5425531914893615,1.0,6,400.0,2.1933000000000002,477.32000000000005,Flow30,T11-T20
8,sell,45.91,152.1,4.0,300.0,4,19.761904761904763,6.107142857142857,13.654761904761905,12.583333333333334,14,4,0.41944444444444445,0.15303333333333333,300,2.1071428571428568,0.15303333333333333,6,600.0,0.2535,-447.9,Flow30,T11-T20
1,buy,399.76,3839.57,17.0,400.0,4,7.909090909090909,4.709090909090909,3.2,30.0,15,4,1.0,0.9994,400,9.09090909090909,0.9994,6,4400.0,0.8726295454545455,-560.4299999999998,Flow30,T11-T20
2,buy,397.67,3253.25,15.0,400.0,4,10.961538461538462,6.467948717948718,4.493589743589744,20.0,15,4,0.6666666666666666,0.994175,400,4.038461538461538,0.994175,6,3600.0,0.9036805555555556,-346.75,Flow30,T11-T20
3,buy,282.36,366.63,8.0,400.0,4,7.0,6.0,1.0,20.0,15,4,0.6666666666666666,0.7059000000000001,400,1.0,0.7059000000000001,6,800.0,0.4582875,-433.37,Flow30,T11-T20
4,buy,12.94,-16.5,6.0,400.0,4,7.183333333333334,6.033333333333333,1.15,30.0,15,4,1.0,0.03235,0,-1.1833333333333336,inf,6,0.0,,-16.5,Flow30,T11-T20
5,sell,326.07,463.07,6.0,400.0,4,7.684615384615385,4.346153846153846,3.3384615384615386,15.653846153846153,15,4,0.5217948717948718,0.815175,200,-1.6538461538461542,1.63035,6,0.0,,463.07,Flow30,T11-T20
6,sell,286.39,1086.19,3.0,300.0,4,13.589285714285714,4.5,9.089285714285714,27.5,15,4,0.9166666666666666,0.9546333333333333,300,1.5,0.9546333333333333,6,900.0,1.206877777777778,186.19000000000005,Flow30,T11-T20
7,sell,400.0,780.2,5.0,400.0,4,10.0,5.0,5.0,15.0,15,4,0.5,1.0,400,0.0,1.0,6,400.0,1.9505000000000001,380.20000000000005,Flow30,T11-T20
8,sell,108.31,313.05,4.0,300.0,4,20.0,5.0,15.0,9.23157894736842,15,4,0.307719298245614,0.3610333333333333,300,1.0,0.3610333333333333,6,600.0,0.52175,-286.95,Flow30,T11-T20
1,buy,399.63,3148.38,17.0,400.0,4,14.96774193548387,6.645161290322581,8.32258064516129,30.0,16,4,1.0,0.9990749999999999,400,2.03225806451613,0.9990749999999999,6,4400.0,0.7155409090909091,-1251.62,Flow30,T11-T20
2,buy,311.18,2542.79,15.0,400.0,4,9.927927927927929,6.198198198198198,3.72972972972973,17.333333333333332,16,4,0.5777777777777777,0.77795,400,5.072072072072071,0.77795,6,3600.0,0.7063305555555556,-1057.21,Flow30,T11-T20
3,buy,321.77,440.87,8.0,400.0,4,7.0,6.0,1.0,20.0,16,4,0.6666666666666666,0.804425,400,1.0,0.804425,6,800.0,0.5510875,-359.13,Flow30,T11-T20
4,buy,0.93,-28.35,6.0,400.0,4,7.2,6.0,1.2,30.0,16,4,1.0,0.0023250000000000002,0,-1.2000000000000002,inf,6,0.0,,-28.35,Flow30,T11-T20
5,sell,274.1,546.12,6.0,400.0,4,14.0,6.0,8.0,18.0,16,4,0.6,0.68525,200,0.0,1.3705,6,0.0,,546.12,Flow30,T11-T20
6,sell,300.0,1350.6,3.0,300.0,4,16.17808219178082,5.726027397260274,10.452054794520548,30.0,16,4,1.0,1.0,300,2.7260273972602738,1.0,6,900.0,1.5006666666666666,450.5999999999999,Flow30,T11-T20
7,sell,398.67,968.32,5.0,400.0,4,13.551724137931034,5.0,8.551724137931034,15.206896551724139,16,4,0.506896551724138,0.9966750000000001,400,0.0,0.9966750000000001,6,400.0,2.4208000000000003,568.32,Flow30,T11-T20
8,sell,76.22,362.21,4.0,300.0,4,20.0,5.0,15.0,4.633663366336633,16,4,0.15445544554455445,0.25406666666666666,300,1.0,0.25406666666666666,6,600.0,0.6036833333333333,-237.79000000000002,Flow30,T11-T20
1,buy,399.89,853.93,14.0,400.0,4,14.741935483870968,9.064516129032258,5.67741935483871,30.0,17,5,1.0,0.999725,200,-0.741935483870968,1.99945,14,0.0,,853.93,Flow30,T11-T20
2,buy,221.68,1302.05,16.0,300.0,4,13.582089552238806,7.955223880597015,5.626865671641791,20.007462686567163,17,5,0.666915422885572,0.7389333333333333,300,2.4179104477611943,0.7389333333333333,14,600.0,2.1700833333333334,702.05,Flow30,T11-T20
3,buy,300.0,1916.28,17.0,300.0,4,15.584905660377359,7.962264150943396,7.622641509433962,18.452830188679247,17,5,0.6150943396226416,1.0,300,1.415094339622641,1.0,14,900.0,2.1292,1016.28,Flow30,T11-T20
4,buy,299.72,1784.87,17.0,300.0,4,10.829268292682928,9.121951219512194,1.7073170731707317,30.0,17,5,1.0,0.9990666666666668,300,6.170731707317072,0.9990666666666668,14,900.0,1.9831888888888887,884.8699999999999,Flow30,T11-T20
5,sell,273.77,-794.6,14.0,400.0,4,15.56338028169014,10.52112676056338,5.042253521126761,30.0,17,5,1.0,0.684425,0,-3.47887323943662,inf,14,0.0,,-794.6,Flow30,T11-T20
6,sell,156.11,108.23,11.0,300.0,4,15.494623655913978,11.0,4.494623655913978,30.0,17,5,1.0,0.5203666666666668,300,0.0,0.5203666666666668,14,900.0,0.12025555555555556,-791.77,Flow30,T11-T20
7,sell,400.0,2712.97,4.0,400.0,4,15.0,4.0,11.0,15.0,17,5,0.5,1.0,400,0.0,1.0,14,4000.0,0.6782425,-1287.0300000000002,Flow30,T11-T20
8,sell,400.0,3213.01,3.0,400.0,4,20.0,5.684931506849315,14.315068493150685,16.10958904109589,17,5,0.536986301369863,1.0,400,2.684931506849315,1.0,14,4400.0,0.7302295454545455,-1186.9899999999998,Flow30,T11-T20
1,buy,189.6,362.58,14.0,400.0,4,9.517241379310345,4.431034482758621,5.086206896551724,18.362068965517242,18,5,0.6120689655172414,0.474,200,4.482758620689655,0.948,14,0.0,,362.58,Flow30,T11-T20
2,buy,222.38,1318.64,16.0,300.0,4,13.757142857142858,6.635714285714286,7.121428571428571,19.17142857142857,18,5,0.639047619047619,0.7412666666666666,300,2.242857142857142,0.7412666666666666,14,600.0,2.1977333333333333,718.6400000000001,Flow30,T11-T20
3,buy,300.0,1789.0,17.0,300.0,4,14.0,4.0,10.0,25.0,18,5,0.8333333333333334,1.0,300,3.0,1.0,14,900.0,1.9877777777777779,889.0,Flow30,T11-T20
4,buy,299.03,1787.66,17.0,300.0,4,11.285714285714286,10.285714285714286,1.0,30.0,18,5,1.0,0.9967666666666666,300,5.7142857142857135,0.9967666666666666,14,900.0,1.986288888888889,887.6600000000001,Flow30,T11-T20
5,sell,0.0,0.0,14.0,400.0,4,18.103092783505154,15.206185567010309,2.8969072164948453,22.65979381443299,18,5,0.7553264604810997,0.0,0,1.2061855670103085,,14,0.0,,0.0,Flow30,T11-T20
6,sell,228.36,241.48,11.0,300.0,4,16.0,11.0,5.0,30.0,18,5,1.0,0.7612000000000001,300,0.0,0.7612000000000001,14,900.0,0.2683111111111111,-658.52,Flow30,T11-T20
7,sell,399.18,2677.16,4.0,400.0,4,12.613636363636363,4.0,8.613636363636363,11.545454545454545,18,5,0.38484848484848483,0.99795,400,0.0,0.99795,14,4000.0,0.6692899999999999,-1322.8400000000001,Flow30,T11-T20
8,sell,400.0,3116.2,3.0,400.0,4,17.850746268656717,4.358208955223881,13.492537313432836,19.134328358208954,18,5,0.6378109452736318,1.0,400,1.3582089552238807,1.0,14,4400.0,0.7082272727272727,-1283.8000000000002,Flow30,T11-T20
1,buy,191.47,242.81,14.0,400.0,4,15.44,9.76,5.68,23.52,19,5,0.784,0.478675,200,-1.4399999999999995,0.95735,14,0.0,,242.81,Flow30,T11-T20
2,buy,180.47,1003.45,16.0,300.0,4,13.452380952380953,7.904761904761905,5.5476190476190474,18.726190476190474,19,5,0.6242063492063491,0.6015666666666667,300,2.5476190476190474,0.6015666666666667,14,600.0,1.6724166666666667,403.45000000000005,Flow30,T11-T20
3,buy,238.53,1371.88,17.0,300.0,4,14.0,4.0,10.0,10.0,19,5,0.3333333333333333,0.7951,300,3.0,0.7951,14,900.0,1.5243111111111112,471.8800000000001,Flow30,T11-T20
4,buy,225.9,1463.96,17.0,300.0,4,10.909090909090908,9.818181818181818,1.0909090909090908,30.0,19,5,1.0,0.753,300,6.090909090909092,0.753,14,900.0,1.6266222222222222,563.96,Flow30,T11-T20
5,sell,0.0,0.0,14.0,400.0,4,19.0,15.75,3.25,7.965909090909091,19,5,0.265530303030303,0.0,0,1.75,,14,0.0,,0.0,Flow30,T11-T20
6,sell,27.06,67.0,11.0,300.0,4,17.0,13.0,4.0,30.0,19,5,1.0,0.0902,300,2.0,0.0902,14,900.0,0.07444444444444444,-833.0,Flow30,T11-T20
7,sell,400.0,2841.96,4.0,400.0,4,13.0,4.0,9.0,10.0,19,5,0.3333333333333333,1.0,400,0.0,1.0,14,4000.0,0.71049,-1158.04,Flow30,T11-T20
8,sell,400.0,3281.27,3.0,400.0,4,19.155844155844157,9.376623376623376,9.779220779220779,30.0,19,5,1.0,1.0,400,6.376623376623376,1.0,14,4400.0,0.7457431818181818,-1118.73,Flow30,T11-T20
1,buy,400.0,694.1,14.0,400.0,4,20.0,9.75,10.25,30.0,20,5,1.0,1.0,200,-6.0,2.0,14,0.0,,694.1,Flow30,T11-T20
2,buy,296.42,1392.12,16.0,300.0,4,13.619718309859154,8.47887323943662,5.140845070422535,19.549295774647888,20,5,0.651643192488263,0.9880666666666668,300,2.380281690140846,0.9880666666666668,14,600.0,2.3202,792.1199999999999,Flow30,T11-T20
3,buy,297.36,1617.38,17.0,300.0,4,14.8,10.866666666666667,3.933333333333333,9.066666666666666,20,5,0.3022222222222222,0.9912000000000001,300,2.1999999999999993,0.9912000000000001,14,900.0,1.797088888888889,717.3800000000001,Flow30,T11-T20
4,buy,116.7,717.95,17.0,300.0,4,11.25301204819277,10.25301204819277,1.0,30.0,20,5,1.0,0.389,300,5.746987951807229,0.389,14,900.0,0.7977222222222222,-182.04999999999995,Flow30,T11-T20
5,sell,0.0,0.0,14.0,400.0,4,18.0,14.0,4.0,16.0,20,5,0.5333333333333333,0.0,0,0.0,,14,0.0,,0.0,Flow30,T11-T20
6,sell,300.0,304.64,11.0,300.0,4,15.0,11.0,4.0,30.0,20,5,1.0,1.0,300,0.0,1.0,14,900.0,0.3384888888888889,-595.36,Flow30,T11-T20
7,sell,400.0,3107.45,4.0,400.0,4,13.0,8.0,5.0,15.0,20,5,0.5,1.0,400,4.0,1.0,14,4000.0,0.7768624999999999,-892.5500000000002,Flow30,T11-T20
8,sell,400.0,3330.56,3.0,400.0,4,17.896551724137932,6.4655172413793105,11.431034482758621,30.0,20,5,1.0,1.0,400,3.4655172413793105,1.0,14,4400.0,0.7569454545454546,-1069.44,Flow30,T11-T20
1,buy,100.0,677.27,17.0,300.0,5,11.362068965517242,0.15517241379310345,11.206896551724139,12.844827586206897,1,1,0.4281609195402299,0.3333333333333333,300,5.637931034482758,0.3333333333333333,14,900.0,0.7525222222222222,-222.73000000000002,Flow30,T1-T10
2,buy,117.1,472.19,14.0,400.0,5,11.53012048192771,7.530120481927711,4.0,11.060240963855422,1,1,0.3686746987951807,0.29275,200,2.4698795180722897,0.5855,14,0.0,,472.19,Flow30,T1-T10
3,buy,215.23,1238.98,17.0,300.0,5,13.882352941176471,6.014705882352941,7.867647058823529,11.441176470588236,1,1,0.3813725490196079,0.7174333333333333,300,3.117647058823529,0.7174333333333333,14,900.0,1.3766444444444446,338.98,Flow30,T1-T10
4,buy,58.92,305.18,16.0,300.0,5,13.298245614035087,0.0,13.298245614035087,6.649122807017544,1,1,0.2216374269005848,0.19640000000000002,300,2.7017543859649127,0.19640000000000002,14,600.0,0.5086333333333334,-294.82,Flow30,T1-T10
5,sell,400.0,2863.84,3.0,400.0,5,18.0,8.0,10.0,30.0,1,1,1.0,1.0,400,5.0,1.0,14,4400.0,0.6508727272727273,-1536.1599999999999,Flow30,T1-T10
6,sell,0.0,0.0,4.0,400.0,5,20.0,17.0,3.0,3.0,1,1,0.1,0.0,400,13.0,0.0,14,4000.0,0.0,-4000.0,Flow30,T1-T10
7,sell,9.75,-9.9,14.0,400.0,5,20.0,13.507246376811594,6.492753623188406,4.6231884057971016,1,1,0.15410628019323672,0.024375,0,-0.4927536231884062,inf,14,0.0,,-9.9,Flow30,T1-T10
8,sell,74.88,159.79,11.0,300.0,5,20.0,12.0,8.0,16.0,1,1,0.5333333333333333,0.2496,300,1.0,0.2496,14,900.0,0.17754444444444445,-740.21,Flow30,T1-T10
1,buy,100.0,712.45,17.0,300.0,5,10.093023255813954,0.0,10.093023255813954,10.209302325581396,2,1,0.34031007751937986,0.3333333333333333,300,6.906976744186046,0.3333333333333333,14,900.0,0.7916111111111112,-187.54999999999995,Flow30,T1-T10
2,buy,120.66,493.86,14.0,400.0,5,11.359550561797754,6.719101123595506,4.640449438202247,8.0,2,1,0.26666666666666666,0.30165,200,2.6404494382022463,0.6033,14,0.0,,493.86,Flow30,T1-T10
3,buy,275.24,1733.86,17.0,300.0,5,14.223529411764705,4.447058823529412,9.776470588235295,9.788235294117648,2,1,0.3262745098039216,0.9174666666666667,300,2.776470588235295,0.9174666666666667,14,900.0,1.926511111111111,833.8599999999999,Flow30,T1-T10
4,buy,119.49,662.64,16.0,300.0,5,14.183908045977011,0.0,14.183908045977011,5.735632183908046,2,1,0.19118773946360154,0.3983,300,1.8160919540229887,0.3983,14,600.0,1.1044,62.639999999999986,Flow30,T1-T10
5,sell,400.0,2815.29,3.0,400.0,5,18.0,8.0,10.0,30.0,2,1,1.0,1.0,400,5.0,1.0,14,4400.0,0.6398386363636364,-1584.71,Flow30,T1-T10
6,sell,100.0,524.24,4.0,400.0,5,16.84426229508197,14.19672131147541,2.6475409836065573,11.319672131147541,2,1,0.3773224043715847,0.25,400,10.19672131147541,0.25,14,4000.0,0.13106,-3475.76,Flow30,T1-T10
7,sell,0.0,0.0,14.0,400.0,5,19.75,15.828125,3.921875,5.125,2,1,0.17083333333333334,0.0,0,1.828125,,14,0.0,,0.0,Flow30,T1-T10
8,sell,110.51,179.42,11.0,300.0,5,20.0,11.0,9.0,20.0,2,1,0.6666666666666666,0.3683666666666667,300,0.0,0.3683666666666667,14,900.0,0.19935555555555554,-720.58,Flow30,T1-T10
1,buy,205.37,1463.92,17.0,300.0,5,12.907407407407407,0.0,12.907407407407407,16.88888888888889,3,1,0.562962962962963,0.6845666666666667,300,4.0925925925925934,0.6845666666666667,14,900.0,1.626577777777778,563.9200000000001,Flow30,T1-T10
2,buy,124.57,452.59,14.0,400.0,5,11.627118644067796,5.779661016949152,5.8474576271186445,15.796610169491526,3,1,0.5265536723163842,0.311425,200,2.372881355932204,0.62285,14,0.0,,452.59,Flow30,T1-T10
3,buy,256.08,1626.43,17.0,300.0,5,14.708333333333334,7.458333333333333,7.25,20.0,3,1,0.6666666666666666,0.8535999999999999,300,2.291666666666666,0.8535999999999999,14,900.0,1.8071444444444444,726.4300000000001,Flow30,T1-T10
4,buy,83.39,459.54,16.0,300.0,5,14.0,0.0,14.0,6.0,3,1,0.2,0.2779666666666667,300,2.0,0.2779666666666667,14,600.0,0.7659,-140.45999999999998,Flow30,T1-T10
5,sell,400.0,2966.79,3.0,400.0,5,18.0,6.0,12.0,30.0,3,1,1.0,1.0,400,3.0,1.0,14,4400.0,0.6742704545454545,-1433.21,Flow30,T1-T10
6,sell,221.44,1313.29,4.0,400.0,5,19.718309859154928,9.23943661971831,10.47887323943662,25.43661971830986,3,1,0.847887323943662,0.5536,400,5.23943661971831,0.5536,14,4000.0,0.3283225,-2686.71,Flow30,T1-T10
7,sell,0.0,0.0,14.0,400.0,5,20.0,15.0,5.0,24.958333333333332,3,1,0.8319444444444444,0.0,0,1.0,,14,0.0,,0.0,Flow30,T1-T10
8,sell,48.59,38.73,11.0,300.0,5,20.0,11.0,9.0,30.0,3,1,1.0,0.16196666666666668,300,0.0,0.16196666666666668,14,900.0,0.04303333333333333,-861.27,Flow30,T1-T10
1,buy,147.14,928.89,17.0,300.0,5,12.46236559139785,0.0,12.46236559139785,12.46236559139785,4,1,0.4154121863799283,0.4904666666666666,300,4.53763440860215,0.4904666666666666,14,900.0,1.0321,28.889999999999986,Flow30,T1-T10
2,buy,200.0,562.64,14.0,400.0,5,8.826086956521738,5.913043478260869,2.9130434782608696,12.043478260869565,4,1,0.40144927536231884,0.5,200,5.173913043478262,1.0,14,0.0,,562.64,Flow30,T1-T10
3,buy,277.85,1730.33,17.0,300.0,5,14.458333333333334,8.0625,6.395833333333333,14.625,4,1,0.4875,0.9261666666666667,300,2.541666666666666,0.9261666666666667,14,900.0,1.922588888888889,830.3299999999999,Flow30,T1-T10
4,buy,79.81,377.9,16.0,300.0,5,15.232558139534884,0.0,15.232558139534884,7.3023255813953485,4,1,0.24341085271317828,0.26603333333333334,300,0.7674418604651159,0.26603333333333334,14,600.0,0.6298333333333332,-222.10000000000002,Flow30,T1-T10
5,sell,400.0,3090.05,3.0,400.0,5,19.0,7.0,12.0,30.0,4,1,1.0,1.0,400,4.0,1.0,14,4400.0,0.7022840909090909,-1309.9499999999998,Flow30,T1-T10
6,sell,208.57,1466.72,4.0,400.0,5,18.820224719101123,10.168539325842696,8.651685393258427,30.0,4,1,1.0,0.521425,400,6.168539325842696,0.521425,14,4000.0,0.36668,-2533.2799999999997,Flow30,T1-T10
7,sell,0.0,0.0,14.0,400.0,5,20.0,15.841584158415841,4.158415841584159,23.762376237623762,4,1,0.7920792079207921,0.0,0,1.8415841584158414,,14,0.0,,0.0,Flow30,T1-T10
8,sell,105.24,56.03,11.0,300.0,5,13.050955414012739,7.426751592356688,5.624203821656051,25.452229299363058,4,1,0.8484076433121019,0.3508,300,-3.5732484076433124,0.3508,14,900.0,0.06225555555555556,-843.97,Flow30,T1-T10
1,buy,0.0,0.0,6.0,400.0,5,4.5,0.0,4.5,6.625,5,2,0.22083333333333333,0.0,0,1.5,,6,0.0,,0.0,Flow30,T1-T10
2,buy,238.07,419.13,8.0,400.0,5,7.728395061728395,4.135802469135802,3.5925925925925926,10.864197530864198,5,2,0.36213991769547327,0.595175,400,0.27160493827160526,0.595175,6,800.0,0.5239125,-380.87,Flow30,T1-T10
3,buy,400.0,3659.43,17.0,400.0,5,14.898876404494382,11.202247191011235,3.696629213483146,14.292134831460674,5,2,0.4764044943820224,1.0,400,2.1011235955056176,1.0,6,4400.0,0.8316886363636363,-740.5700000000002,Flow30,T1-T10
4,buy,153.18,1230.61,15.0,400.0,5,12.368421052631579,0.0,12.368421052631579,6.508771929824562,5,2,0.21695906432748538,0.38295,400,2.6315789473684212,0.38295,6,3600.0,0.34183611111111106,-2369.3900000000003,Flow30,T1-T10
5,sell,75.72,161.81,5.0,400.0,5,17.476923076923075,7.046153846153846,10.430769230769231,30.0,5,2,1.0,0.1893,400,2.046153846153846,0.1893,6,400.0,0.404525,-238.19,Flow30,T1-T10
6,sell,397.15,566.46,6.0,400.0,5,13.655737704918034,6.049180327868853,7.60655737704918,30.0,5,2,1.0,0.992875,200,0.049180327868852736,1.98575,6,0.0,,566.46,Flow30,T1-T10
7,sell,38.06,159.14,4.0,300.0,5,19.029850746268657,10.074626865671641,8.955223880597014,24.044776119402986,5,2,0.8014925373134328,0.12686666666666668,300,6.074626865671641,0.12686666666666668,6,600.0,0.2652333333333333,-440.86,Flow30,T1-T10
8,sell,298.11,1142.21,3.0,300.0,5,10.982142857142858,6.589285714285714,4.392857142857143,30.0,5,2,1.0,0.9937,300,3.5892857142857144,0.9937,6,900.0,1.2691222222222223,242.21000000000004,Flow30,T1-T10
1,buy,6.44,9.04,6.0,400.0,5,5.0,0.17582417582417584,4.824175824175824,8.395604395604396,6,2,0.27985347985347986,0.0161,0,1.0,inf,6,0.0,,9.04,Flow30,T1-T10
2,buy,255.0,315.38,8.0,400.0,5,7.278688524590164,5.245901639344262,2.0327868852459017,9.573770491803279,6,2,0.3191256830601093,0.6375,400,0.721311475409836,0.6375,6,800.0,0.394225,-484.62,Flow30,T1-T10
3,buy,400.0,4003.85,17.0,400.0,5,16.244604316546763,12.661870503597122,3.58273381294964,7.58273381294964,6,2,0.252757793764988,1.0,400,0.7553956834532372,1.0,6,4400.0,0.909965909090909,-396.1500000000001,Flow30,T1-T10
4,buy,400.0,3401.38,15.0,400.0,5,13.0,0.0,13.0,8.0,6,2,0.26666666666666666,1.0,400,2.0,1.0,6,3600.0,0.9448277777777778,-198.6199999999999,Flow30,T1-T10
5,sell,179.69,381.17,5.0,400.0,5,18.0,6.0,12.0,30.0,6,2,1.0,0.449225,400,1.0,0.449225,6,400.0,0.952925,-18.829999999999984,Flow30,T1-T10
6,sell,384.99,128.77,6.0,400.0,5,9.942307692307692,6.769230769230769,3.173076923076923,26.365384615384617,6,2,0.8788461538461539,0.962475,200,0.7692307692307692,1.92495,6,0.0,,128.77,Flow30,T1-T10
7,sell,214.89,617.32,4.0,300.0,5,19.278350515463917,5.556701030927835,13.721649484536082,29.278350515463917,6,2,0.9759450171821306,0.7162999999999999,300,1.5567010309278349,0.7162999999999999,6,600.0,1.0288666666666668,17.32000000000005,Flow30,T1-T10
8,sell,294.2,1155.88,3.0,300.0,5,10.442857142857143,4.357142857142857,6.085714285714285,16.585714285714285,6,2,0.5528571428571428,0.9806666666666666,300,1.3571428571428568,0.9806666666666666,6,900.0,1.2843111111111112,255.8800000000001,Flow30,T1-T10
1,buy,0.0,0.0,6.0,400.0,5,5.0,0.0,5.0,6.581632653061225,7,2,0.2193877551020408,0.0,0,1.0,,6,0.0,,0.0,Flow30,T1-T10
2,buy,205.44,324.25,8.0,400.0,5,11.746575342465754,7.308219178082192,4.438356164383562,12.095890410958905,7,2,0.4031963470319635,0.5136,400,-3.7465753424657535,0.5136,6,800.0,0.4053125,-475.75,Flow30,T1-T10
3,buy,399.23,4145.9,17.0,400.0,5,9.777777777777779,4.622222222222222,5.155555555555556,15.955555555555556,7,2,0.5318518518518519,0.998075,400,7.222222222222221,0.998075,6,4400.0,0.9422499999999999,-254.10000000000036,Flow30,T1-T10
4,buy,368.98,3117.75,15.0,400.0,5,13.0,0.0,13.0,7.0,7,2,0.23333333333333334,0.92245,400,2.0,0.92245,6,3600.0,0.8660416666666667,-482.25,Flow30,T1-T10
5,sell,78.5,112.11,5.0,400.0,5,18.504950495049506,7.257425742574258,11.247524752475247,30.0,7,2,1.0,0.19625,400,2.2574257425742577,0.19625,6,400.0,0.280275,-287.89,Flow30,T1-T10
6,sell,357.72,116.66,6.0,400.0,5,8.484848484848484,5.454545454545454,3.0303030303030303,30.0,7,2,1.0,0.8943000000000001,200,-0.5454545454545459,1.7886000000000002,6,0.0,,116.66,Flow30,T1-T10
7,sell,255.7,674.67,4.0,300.0,5,20.0,4.9523809523809526,15.047619047619047,30.0,7,2,1.0,0.8523333333333333,300,0.9523809523809526,0.8523333333333333,6,600.0,1.12445,74.66999999999996,Flow30,T1-T10
8,sell,298.34,1131.32,3.0,300.0,5,7.542857142857143,4.0285714285714285,3.5142857142857142,9.6,7,2,0.32,0.9944666666666666,300,1.0285714285714285,0.9944666666666666,6,900.0,1.257022222222222,231.31999999999994,Flow30,T1-T10
1,buy,23.2,38.03,6.0,400.0,5,5.0,0.0,5.0,7.361702127659575,8,2,0.2453900709219858,0.057999999999999996,0,1.0,inf,6,0.0,,38.03,Flow30,T1-T10
2,buy,196.3,301.83,8.0,400.0,5,8.846153846153847,5.596153846153846,3.25,18.423076923076923,8,2,0.6141025641025641,0.49075,400,-0.8461538461538467,0.49075,6,800.0,0.3772875,-498.17,Flow30,T1-T10
3,buy,400.0,4134.55,17.0,400.0,5,13.476635514018692,10.05607476635514,3.4205607476635516,15.551401869158878,8,2,0.518380062305296,1.0,400,3.5233644859813076,1.0,6,4400.0,0.9396704545454546,-265.4499999999998,Flow30,T1-T10
4,buy,295.7,2611.87,15.0,400.0,5,13.426829268292684,0.0,13.426829268292684,6.780487804878049,8,2,0.22601626016260162,0.73925,400,1.5731707317073162,0.73925,6,3600.0,0.7255194444444444,-988.1300000000001,Flow30,T1-T10
5,sell,277.25,427.14,5.0,400.0,5,18.0,5.0,13.0,30.0,8,2,1.0,0.693125,400,0.0,0.693125,6,400.0,1.06785,27.139999999999986,Flow30,T1-T10
6,sell,305.24,154.38,6.0,400.0,5,14.583333333333334,4.523809523809524,10.05952380952381,27.428571428571427,8,2,0.9142857142857143,0.7631,200,-1.4761904761904763,1.5262,6,0.0,,154.38,Flow30,T1-T10
7,sell,152.39,364.33,4.0,300.0,5,18.043956043956044,5.0,13.043956043956044,22.978021978021978,8,2,0.765934065934066,0.5079666666666666,300,1.0,0.5079666666666666,6,600.0,0.6072166666666666,-235.67000000000002,Flow30,T1-T10
8,sell,187.62,569.91,3.0,300.0,5,8.53012048192771,5.445783132530121,3.0843373493975905,14.373493975903614,8,2,0.4791164658634538,0.6254000000000001,300,2.4457831325301207,0.6254000000000001,6,900.0,0.6332333333333333,-330.09000000000003,Flow30,T1-T10
1,buy,257.93,2139.5,16.0,300.0,5,11.075949367088608,0.0,11.075949367088608,11.0,9,3,0.36666666666666664,0.8597666666666667,300,4.924050632911392,0.8597666666666667,9,2100.0,1.0188095238095238,39.5,Flow30,T1-T10
2,buy,400.0,2841.93,15.0,400.0,5,9.818181818181818,6.363636363636363,3.4545454545454546,14.454545454545455,9,3,0.4818181818181818,1.0,400,5.181818181818182,1.0,9,2400.0,1.1841374999999998,441.92999999999984,Flow30,T1-T10
3,buy,379.31,1001.27,10.0,400.0,5,9.117647058823529,4.676470588235294,4.4411764705882355,18.176470588235293,9,3,0.6058823529411764,0.948275,400,0.882352941176471,0.948275,9,400.0,2.503175,601.27,Flow30,T1-T10
4,buy,222.33,1427.4,14.0,400.0,5,11.612244897959183,0.0,11.612244897959183,6.612244897959184,9,3,0.22040816326530613,0.555825,400,2.387755102040817,0.555825,9,2000.0,0.7137,-572.5999999999999,Flow30,T1-T10
5,sell,400.0,1922.01,3.0,400.0,5,18.0,6.0,12.0,30.0,9,3,1.0,1.0,400,3.0,1.0,9,2400.0,0.8008375,-477.99,Flow30,T1-T10
6,sell,397.57,1014.7,5.0,400.0,5,14.6,6.75,7.85,26.4,9,3,0.88,0.993925,400,1.75,0.993925,9,1600.0,0.6341875,-585.3,Flow30,T1-T10
7,sell,400.0,1371.73,4.0,400.0,5,13.0,5.0,8.0,30.0,9,3,1.0,1.0,400,1.0,1.0,9,2000.0,0.6858650000000001,-628.27,Flow30,T1-T10
8,sell,67.64,38.44,8.0,300.0,5,9.232704402515724,5.232704402515723,4.0,27.38364779874214,9,3,0.9127882599580713,0.22546666666666668,300,-2.767295597484277,0.22546666666666668,9,300.0,0.12813333333333332,-261.56,Flow30,T1-T10
1,buy,267.2,2571.36,16.0,300.0,5,10.426666666666666,0.0,10.426666666666666,10.96,10,3,0.36533333333333334,0.8906666666666666,300,5.573333333333334,0.8906666666666666,9,2100.0,1.224457142857143,471.3600000000001,Flow30,T1-T10
2,buy,400.0,3557.54,15.0,400.0,5,9.363636363636363,4.318181818181818,5.045454545454546,16.363636363636363,10,3,0.5454545454545454,1.0,400,5.636363636363637,1.0,9,2400.0,1.4823083333333333,1157.54,Flow30,T1-T10
3,buy,383.36,1456.2,10.0,400.0,5,8.037974683544304,3.2911392405063293,4.746835443037975,17.11392405063291,10,3,0.570464135021097,0.9584,400,1.962025316455696,0.9584,9,400.0,3.6405000000000003,1056.2,Flow30,T1-T10
4,buy,250.63,1907.67,14.0,400.0,5,13.0,0.0,13.0,5.0,10,3,0.16666666666666666,0.626575,400,1.0,0.626575,9,2000.0,0.953835,-92.32999999999993,Flow30,T1-T10
5,sell,400.0,1311.32,3.0,400.0,5,15.886363636363637,3.6818181818181817,12.204545454545455,29.204545454545453,10,3,0.9734848484848484,1.0,400,0.6818181818181817,1.0,9,2400.0,0.5463833333333333,-1088.68,Flow30,T1-T10
6,sell,400.0,325.71,5.0,400.0,5,7.2368421052631575,5.0,2.236842105263158,30.0,10,3,1.0,1.0,400,0.0,1.0,9,1600.0,0.20356875,-1274.29,Flow30,T1-T10
7,sell,400.0,830.96,4.0,400.0,5,9.0,5.0,4.0,30.0,10,3,1.0,1.0,400,1.0,1.0,9,2000.0,0.41548,-1169.04,Flow30,T1-T10
8,sell,100.0,39.78,8.0,300.0,5,10.0,8.0,2.0,30.0,10,3,1.0,0.3333333333333333,300,0.0,0.3333333333333333,9,300.0,0.1326,-260.22,Flow30,T1-T10
1,buy,300.0,2806.36,16.0,300.0,5,10.838709677419354,0.0,10.838709677419354,13.0,11,3,0.43333333333333335,1.0,300,5.161290322580646,1.0,9,2100.0,1.3363619047619049,706.3600000000001,Flow30,T11-T20
2,buy,400.0,3305.04,15.0,400.0,5,8.636363636363637,4.409090909090909,4.2272727272727275,23.954545454545453,11,3,0.7984848484848485,1.0,400,6.363636363636363,1.0,9,2400.0,1.3771,905.04,Flow30,T11-T20
3,buy,323.45,1093.77,10.0,400.0,5,8.082191780821917,3.287671232876712,4.794520547945205,16.246575342465754,11,3,0.5415525114155251,0.8086249999999999,400,1.9178082191780828,0.8086249999999999,9,400.0,2.734425,693.77,Flow30,T11-T20
4,buy,227.63,1674.11,14.0,400.0,5,12.0,0.0,12.0,5.0,11,3,0.16666666666666666,0.569075,400,2.0,0.569075,9,2000.0,0.837055,-325.8900000000001,Flow30,T11-T20
5,sell,400.0,1635.05,3.0,400.0,5,18.0,5.0,13.0,30.0,11,3,1.0,1.0,400,2.0,1.0,9,2400.0,0.6812708333333333,-764.95,Flow30,T11-T20
6,sell,399.41,444.54,5.0,400.0,5,11.105263157894736,3.736842105263158,7.368421052631579,30.0,11,3,1.0,0.9985250000000001,400,-1.263157894736842,0.9985250000000001,9,1600.0,0.2778375,-1155.46,Flow30,T11-T20
7,sell,400.0,1044.9,4.0,400.0,5,11.0,5.0,6.0,30.0,11,3,1.0,1.0,400,1.0,1.0,9,2000.0,0.5224500000000001,-955.0999999999999,Flow30,T11-T20
8,sell,49.32,11.1,8.0,300.0,5,10.0,8.0,2.0,30.0,11,3,1.0,0.1644,300,0.0,0.1644,9,300.0,0.037,-288.9,Flow30,T11-T20
1,buy,300.0,2680.18,16.0,300.0,5,10.909090909090908,0.0,10.909090909090908,12.220779220779221,12,3,0.40735930735930737,1.0,300,5.090909090909092,1.0,9,2100.0,1.2762761904761903,580.1799999999998,Flow30,T11-T20
2,buy,291.22,2326.08,15.0,400.0,5,7.742857142857143,4.928571428571429,2.8142857142857145,22.114285714285714,12,3,0.7371428571428571,0.7280500000000001,400,7.257142857142857,0.7280500000000001,9,2400.0,0.9692,-73.92000000000007,Flow30,T11-T20
3,buy,333.37,1086.05,10.0,400.0,5,8.0,4.0,4.0,16.0,12,3,0.5333333333333333,0.833425,400,2.0,0.833425,9,400.0,2.715125,686.05,Flow30,T11-T20
4,buy,261.53,1908.89,14.0,400.0,5,12.129032258064516,0.0,12.129032258064516,6.741935483870968,12,3,0.22473118279569892,0.6538249999999999,400,1.870967741935484,0.6538249999999999,9,2000.0,0.9544450000000001,-91.1099999999999,Flow30,T11-T20
5,sell,400.0,1620.52,3.0,400.0,5,17.0,4.0,13.0,30.0,12,3,1.0,1.0,400,1.0,1.0,9,2400.0,0.6752166666666667,-779.48,Flow30,T11-T20
6,sell,370.02,543.45,5.0,400.0,5,11.883720930232558,1.813953488372093,10.069767441860465,15.023255813953488,12,3,0.5007751937984496,0.9250499999999999,400,-3.1860465116279073,0.9250499999999999,9,1600.0,0.33965625000000005,-1056.55,Flow30,T11-T20
7,sell,400.0,1236.07,4.0,400.0,5,9.0,5.0,4.0,23.0,12,3,0.7666666666666667,1.0,400,1.0,1.0,9,2000.0,0.618035,-763.9300000000001,Flow30,T11-T20
8,sell,8.98,1.3800000000000001,8.0,300.0,5,10.0,8.0,2.0,30.0,12,3,1.0,0.029933333333333336,300,0.0,0.029933333333333336,9,300.0,0.004600000000000001,-298.62,Flow30,T11-T20
1,buy,400.0,4121.7,17.0,400.0,5,13.0,0.0,13.0,13.7,13,4,0.45666666666666667,1.0,400,4.0,1.0,6,4400.0,0.93675,-278.3000000000002,Flow30,T11-T20
2,buy,400.0,3242.35,15.0,400.0,5,8.553191489361701,4.617021276595745,3.9361702127659575,20.97872340425532,13,4,0.699290780141844,1.0,400,6.446808510638299,1.0,6,3600.0,0.9006527777777777,-357.6500000000001,Flow30,T11-T20
3,buy,348.11,649.03,8.0,400.0,5,6.75,4.0,2.75,28.97826086956522,13,4,0.9659420289855073,0.870275,400,1.25,0.870275,6,800.0,0.8112874999999999,-150.97000000000003,Flow30,T11-T20
4,buy,8.82,-0.85,6.0,400.0,5,5.518518518518518,0.0,5.518518518518518,3.7222222222222223,13,4,0.12407407407407407,0.02205,0,0.48148148148148184,inf,6,0.0,,-0.85,Flow30,T11-T20
5,sell,232.84,324.08,6.0,400.0,5,18.0,6.0,12.0,30.0,13,4,1.0,0.5821000000000001,200,0.0,1.1642000000000001,6,0.0,,324.08,Flow30,T11-T20
6,sell,300.0,798.6,3.0,300.0,5,9.217391304347826,3.217391304347826,6.0,29.608695652173914,13,4,0.9869565217391305,1.0,300,0.21739130434782616,1.0,6,900.0,0.8873333333333333,-101.39999999999998,Flow30,T11-T20
7,sell,345.4,817.81,5.0,400.0,5,11.0,6.0,5.0,20.0,13,4,0.6666666666666666,0.8634999999999999,400,1.0,0.8634999999999999,6,400.0,2.0445249999999997,417.80999999999995,Flow30,T11-T20
8,sell,299.45,606.1,4.0,300.0,5,7.097560975609756,5.0,2.097560975609756,19.414634146341463,13,4,0.6471544715447154,0.9981666666666666,300,1.0,0.9981666666666666,6,600.0,1.0101666666666667,6.100000000000023,Flow30,T11-T20
1,buy,366.92,3743.95,17.0,400.0,5,12.742424242424242,0.0,12.742424242424242,11.712121212121213,14,4,0.3904040404040404,0.9173,400,4.257575757575758,0.9173,6,4400.0,0.8508977272727273,-656.0500000000002,Flow30,T11-T20
2,buy,400.0,3244.24,15.0,400.0,5,8.266666666666667,4.766666666666667,3.5,19.9,14,4,0.6633333333333333,1.0,400,6.7333333333333325,1.0,6,3600.0,0.9011777777777777,-355.7600000000002,Flow30,T11-T20
3,buy,213.78,319.14,8.0,400.0,5,7.023255813953488,3.953488372093023,3.0697674418604652,29.906976744186046,14,4,0.9968992248062015,0.53445,400,0.9767441860465116,0.53445,6,800.0,0.398925,-480.86,Flow30,T11-T20
4,buy,41.02,-29.12,6.0,400.0,5,6.511111111111111,0.0,6.511111111111111,2.6666666666666665,14,4,0.08888888888888888,0.10255,0,-0.5111111111111111,inf,6,0.0,,-29.12,Flow30,T11-T20
5,sell,213.64,189.01,6.0,400.0,5,17.0,6.0,11.0,30.0,14,4,1.0,0.5341,200,0.0,1.0682,6,0.0,,189.01,Flow30,T11-T20
6,sell,165.85,577.88,3.0,300.0,5,11.985714285714286,2.8,9.185714285714285,5.4714285714285715,14,4,0.1823809523809524,0.5528333333333333,300,-0.20000000000000018,0.5528333333333333,6,900.0,0.6420888888888889,-322.12,Flow30,T11-T20
7,sell,358.86,625.36,5.0,400.0,5,9.385542168674698,6.0,3.3855421686746987,25.373493975903614,14,4,0.8457831325301205,0.89715,400,1.0,0.89715,6,400.0,1.5634000000000001,225.36,Flow30,T11-T20
8,sell,297.69,857.6,4.0,300.0,5,7.8352941176470585,5.5058823529411764,2.3294117647058825,9.670588235294117,14,4,0.32235294117647056,0.9923,300,1.5058823529411764,0.9923,6,600.0,1.4293333333333333,257.6,Flow30,T11-T20
1,buy,400.0,3840.51,17.0,400.0,5,12.753246753246753,0.0,12.753246753246753,12.12987012987013,15,4,0.4043290043290043,1.0,400,4.246753246753247,1.0,6,4400.0,0.8728431818181819,-559.4899999999998,Flow30,T11-T20
2,buy,400.0,3001.05,15.0,400.0,5,9.181818181818182,5.621212121212121,3.5606060606060606,12.106060606060606,15,4,0.4035353535353535,1.0,400,5.818181818181818,1.0,6,3600.0,0.8336250000000001,-598.9499999999998,Flow30,T11-T20
3,buy,400.0,280.71,8.0,400.0,5,10.176,6.176,4.0,29.456,15,4,0.9818666666666667,1.0,400,-2.176,1.0,6,800.0,0.35088749999999996,-519.29,Flow30,T11-T20
4,buy,9.0,16.2,6.0,400.0,5,5.634408602150538,0.0,5.634408602150538,2.6344086021505375,15,4,0.08781362007168458,0.0225,0,0.36559139784946204,inf,6,0.0,,16.2,Flow30,T11-T20
5,sell,342.55,505.47,6.0,400.0,5,18.0,6.0,12.0,30.0,15,4,1.0,0.856375,200,0.0,1.71275,6,0.0,,505.47,Flow30,T11-T20
6,sell,270.08,1095.48,3.0,300.0,5,13.14864864864865,3.418918918918919,9.72972972972973,8.72972972972973,15,4,0.290990990990991,0.9002666666666667,300,0.41891891891891886,0.9002666666666667,6,900.0,1.2172,195.48000000000002,Flow30,T11-T20
7,sell,303.2,767.09,5.0,400.0,5,11.0,7.0,4.0,30.0,15,4,1.0,0.758,400,2.0,0.758,6,400.0,1.9177250000000001,367.09000000000003,Flow30,T11-T20
8,sell,299.68,1026.32,4.0,300.0,5,8.528571428571428,6.5285714285714285,2.0,10.0,15,4,0.3333333333333333,0.9989333333333333,300,2.5285714285714285,0.9989333333333333,6,600.0,1.7105333333333332,426.31999999999994,Flow30,T11-T20
1,buy,400.0,4012.11,17.0,400.0,5,12.333333333333334,0.0,12.333333333333334,13.0,16,4,0.43333333333333335,1.0,400,4.666666666666666,1.0,6,4400.0,0.9118431818181818,-387.8899999999999,Flow30,T11-T20
2,buy,400.0,3117.14,15.0,400.0,5,8.35064935064935,5.532467532467533,2.8181818181818183,15.727272727272727,16,4,0.5242424242424242,1.0,400,6.64935064935065,1.0,6,3600.0,0.8658722222222222,-482.8600000000001,Flow30,T11-T20
3,buy,400.0,367.58,8.0,400.0,5,8.0,3.392405063291139,4.6075949367088604,30.0,16,4,1.0,1.0,400,0.0,1.0,6,800.0,0.45947499999999997,-432.42,Flow30,T11-T20
4,buy,46.17,-45.57,6.0,400.0,5,8.470588235294118,0.6176470588235294,7.852941176470588,4.0,16,4,0.13333333333333333,0.115425,0,-2.4705882352941178,inf,6,0.0,,-45.57,Flow30,T11-T20
5,sell,327.92,448.09,6.0,400.0,5,17.0,6.0,11.0,30.0,16,4,1.0,0.8198000000000001,200,0.0,1.6396000000000002,6,0.0,,448.09,Flow30,T11-T20
6,sell,242.57,883.71,3.0,300.0,5,15.217948717948717,2.076923076923077,13.14102564102564,7.089743589743589,16,4,0.23632478632478632,0.8085666666666667,300,-0.9230769230769229,0.8085666666666667,6,900.0,0.9819,-16.289999999999964,Flow30,T11-T20
7,sell,399.24,873.17,5.0,400.0,5,10.075471698113208,6.037735849056604,4.037735849056604,30.0,16,4,1.0,0.9981,400,1.0377358490566042,0.9981,6,400.0,2.182925,473.16999999999996,Flow30,T11-T20
8,sell,294.98,879.19,4.0,300.0,5,8.74025974025974,6.740259740259741,2.0,15.194805194805195,16,4,0.5064935064935064,0.9832666666666667,300,2.7402597402597406,0.9832666666666667,6,600.0,1.4653166666666668,279.19000000000005,Flow30,T11-T20
1,buy,77.01,463.16,14.0,400.0,5,10.666666666666666,0.0,10.666666666666666,9.049382716049383,17,5,0.3016460905349794,0.192525,200,3.333333333333334,0.38505,14,0.0,,463.16,Flow30,T11-T20
2,buy,231.17,1831.1,16.0,300.0,5,10.975609756097562,7.597560975609756,3.3780487804878048,9.121951219512194,17,5,0.30406504065040646,0.7705666666666666,300,5.024390243902438,0.7705666666666666,14,600.0,3.051833333333333,1231.1,Flow30,T11-T20
3,buy,299.57,2714.31,17.0,300.0,5,12.15,6.15,6.0,19.275,17,5,0.6425,0.9985666666666666,300,4.85,0.9985666666666666,14,900.0,3.0159,1814.31,Flow30,T11-T20
4,buy,300.0,2362.0,17.0,300.0,5,15.0,0.0,15.0,9.0,17,5,0.3,1.0,300,2.0,1.0,14,900.0,2.6244444444444444,1462.0,Flow30,T11-T20
5,sell,6.67,0.45,14.0,400.0,5,18.0,14.0,4.0,30.0,17,5,1.0,0.016675,0,0.0,inf,14,0.0,,0.45,Flow30,T11-T20
6,sell,102.23,-48.41,11.0,300.0,5,18.50980392156863,10.72549019607843,7.784313725490196,17.176470588235293,17,5,0.5725490196078431,0.34076666666666666,300,-0.27450980392156943,0.34076666666666666,14,900.0,-0.053788888888888886,-948.41,Flow30,T11-T20
7,sell,400.0,1364.42,4.0,400.0,5,9.0,5.0,4.0,30.0,17,5,1.0,1.0,400,1.0,1.0,14,4000.0,0.341105,-2635.58,Flow30,T11-T20
8,sell,399.39,2272.05,3.0,400.0,5,9.218181818181819,7.4363636363636365,1.7818181818181817,15.127272727272727,17,5,0.5042424242424243,0.998475,400,4.4363636363636365,0.998475,14,4400.0,0.516375,-2127.95,Flow30,T11-T20
1,buy,116.74,613.91,14.0,400.0,5,11.74736842105263,0.0,11.74736842105263,9.494736842105263,18,5,0.31649122807017543,0.29185,200,2.252631578947369,0.5837,14,0.0,,613.91,Flow30,T11-T20
2,buy,235.93,1440.66,16.0,300.0,5,11.397435897435898,7.102564102564102,4.294871794871795,16.23076923076923,18,5,0.541025641025641,0.7864333333333333,300,4.602564102564102,0.7864333333333333,14,600.0,2.4011,840.6600000000001,Flow30,T11-T20
3,buy,299.49,2211.19,17.0,300.0,5,13.048387096774194,8.870967741935484,4.17741935483871,21.741935483870968,18,5,0.7247311827956989,0.9983000000000001,300,3.951612903225806,0.9983000000000001,14,900.0,2.4568777777777777,1311.19,Flow30,T11-T20
4,buy,244.22,1852.86,17.0,300.0,5,15.0,0.0,15.0,7.0,18,5,0.23333333333333334,0.8140666666666667,300,2.0,0.8140666666666667,14,900.0,2.058733333333333,952.8599999999999,Flow30,T11-T20
5,sell,1.73,0.15,14.0,400.0,5,19.0,14.0,5.0,30.0,18,5,1.0,0.004325,0,0.0,inf,14,0.0,,0.15,Flow30,T11-T20
6,sell,82.17,1.71,11.0,300.0,5,13.09433962264151,10.81132075471698,2.2830188679245285,29.056603773584907,18,5,0.9685534591194969,0.27390000000000003,300,-0.18867924528301927,0.27390000000000003,14,900.0,0.0019,-898.29,Flow30,T11-T20
7,sell,380.0,1373.43,4.0,400.0,5,13.162162162162161,9.54054054054054,3.6216216216216215,19.783783783783782,18,5,0.6594594594594594,0.95,400,5.54054054054054,0.95,14,4000.0,0.34335750000000004,-2626.5699999999997,Flow30,T11-T20
8,sell,400.0,3233.97,3.0,400.0,5,12.0,10.0,2.0,12.0,18,5,0.4,1.0,400,7.0,1.0,14,4400.0,0.7349931818181817,-1166.0300000000002,Flow30,T11-T20
1,buy,105.47,580.76,14.0,400.0,5,11.0,0.0,11.0,10.689320388349515,19,5,0.35631067961165047,0.263675,200,3.0,0.52735,14,0.0,,580.76,Flow30,T11-T20
2,buy,288.92,1873.09,16.0,300.0,5,12.102941176470589,7.014705882352941,5.088235294117647,18.485294117647058,19,5,0.6161764705882352,0.9630666666666667,300,3.8970588235294112,0.9630666666666667,14,600.0,3.1218166666666667,1273.09,Flow30,T11-T20
3,buy,300.0,2559.48,17.0,300.0,5,15.710843373493976,11.46987951807229,4.240963855421687,26.602409638554217,19,5,0.8867469879518073,1.0,300,1.2891566265060241,1.0,14,900.0,2.8438666666666665,1659.48,Flow30,T11-T20
4,buy,181.1,1549.47,17.0,300.0,5,14.0,0.0,14.0,6.795918367346939,19,5,0.22653061224489796,0.6036666666666667,300,3.0,0.6036666666666667,14,900.0,1.7216333333333333,649.47,Flow30,T11-T20
5,sell,6.62,1.84,14.0,400.0,5,19.0,14.0,5.0,30.0,19,5,1.0,0.01655,0,0.0,inf,14,0.0,,1.84,Flow30,T11-T20
6,sell,56.69,-10.02,11.0,300.0,5,16.0,6.857142857142857,9.142857142857142,22.0,19,5,0.7333333333333333,0.18896666666666667,300,-4.142857142857143,0.18896666666666667,14,900.0,-0.011133333333333334,-910.02,Flow30,T11-T20
7,sell,400.0,1350.29,4.0,400.0,5,8.0,5.0,3.0,30.0,19,5,1.0,1.0,400,1.0,1.0,14,4000.0,0.3375725,-2649.71,Flow30,T11-T20
8,sell,399.46,2748.38,3.0,400.0,5,10.942857142857143,7.485714285714286,3.4571428571428573,10.542857142857143,19,5,0.3514285714285714,0.9986499999999999,400,4.485714285714286,0.9986499999999999,14,4400.0,0.6246318181818182,-1651.62,Flow30,T11-T20
1,buy,121.33,760.3,14.0,400.0,5,11.741573033707866,0.0,11.741573033707866,7.370786516853933,20,5,0.24569288389513108,0.303325,200,2.2584269662921344,0.60665,14,0.0,,760.3,Flow30,T11-T20
2,buy,223.76,1492.54,16.0,300.0,5,12.194444444444445,4.819444444444445,7.375,13.875,20,5,0.4625,0.7458666666666667,300,3.8055555555555554,0.7458666666666667,14,600.0,2.4875666666666665,892.54,Flow30,T11-T20
3,buy,300.0,2328.47,17.0,300.0,5,16.73643410852713,13.589147286821705,3.147286821705426,30.0,20,5,1.0,1.0,300,0.2635658914728687,1.0,14,900.0,2.5871888888888885,1428.4699999999998,Flow30,T11-T20
4,buy,167.54,1084.19,17.0,300.0,5,15.0,0.0,15.0,6.78021978021978,20,5,0.226007326007326,0.5584666666666667,300,2.0,0.5584666666666667,14,900.0,1.2046555555555556,184.19000000000005,Flow30,T11-T20
5,sell,2.56,0.23,14.0,400.0,5,20.0,14.0,6.0,30.0,20,5,1.0,0.0064,0,0.0,inf,14,0.0,,0.23,Flow30,T11-T20
6,sell,26.11,-50.6,11.0,300.0,5,19.0,5.833333333333333,13.166666666666666,16.333333333333332,20,5,0.5444444444444444,0.08703333333333334,300,-5.166666666666667,0.08703333333333334,14,900.0,-0.05622222222222222,-950.6,Flow30,T11-T20
7,sell,400.0,1476.88,4.0,400.0,5,9.0,5.0,4.0,30.0,20,5,1.0,1.0,400,1.0,1.0,14,4000.0,0.36922000000000005,-2523.12,Flow30,T11-T20
8,sell,390.01,3121.5,3.0,400.0,5,12.087378640776699,9.912621359223301,2.174757281553398,10.524271844660195,20,5,0.35080906148867314,0.975025,400,6.9126213592233015,0.975025,14,4400.0,0.7094318181818182,-1278.5,Flow30,T11-T20
1,buy,215.0,1038.97,17.0,300.0,6,18.272727272727273,15.795454545454545,2.477272727272727,18.181818181818183,1,1,0.30303030303030304,0.7166666666666667,300,-1.2727272727272734,0.7166666666666667,14,900.0,1.154411111111111,138.97000000000003,Flow60,T1-T10
2,buy,138.14,490.6,14.0,400.0,6,13.413333333333334,6.92,6.493333333333333,55.266666666666666,1,1,0.9211111111111111,0.34535,200,0.586666666666666,0.6907,14,0.0,,490.6,Flow60,T1-T10
3,buy,201.56,1235.66,17.0,300.0,6,14.64655172413793,9.03448275862069,5.612068965517241,37.5948275862069,1,1,0.6265804597701149,0.6718666666666667,300,2.3534482758620694,0.6718666666666667,14,900.0,1.3729555555555557,335.6600000000001,Flow60,T1-T10
4,buy,300.0,1855.47,16.0,300.0,6,13.0,0.0,13.0,60.0,1,1,1.0,1.0,300,3.0,1.0,14,600.0,3.09245,1255.47,Flow60,T1-T10
5,sell,400.0,2893.71,3.0,400.0,6,12.0,7.0,5.0,17.0,1,1,0.2833333333333333,1.0,400,4.0,1.0,14,4400.0,0.6576613636363636,-1506.29,Flow60,T1-T10
6,sell,300.44,1766.72,4.0,400.0,6,6.620253164556962,3.2911392405063293,3.329113924050633,14.91139240506329,1,1,0.24852320675105485,0.7511,400,-0.7088607594936707,0.7511,14,4000.0,0.44168,-2233.2799999999997,Flow60,T1-T10
7,sell,0.0,0.0,14.0,400.0,6,19.183673469387756,15.408163265306122,3.7755102040816326,19.3265306122449,1,1,0.322108843537415,0.0,0,1.408163265306122,,14,0.0,,0.0,Flow60,T1-T10
8,sell,168.16,405.88,11.0,300.0,6,15.532846715328468,8.992700729927007,6.54014598540146,36.481751824817515,1,1,0.6080291970802919,0.5605333333333333,300,-2.007299270072993,0.5605333333333333,14,900.0,0.45097777777777776,-494.12,Flow60,T1-T10
1,buy,300.0,1376.65,17.0,300.0,6,16.076923076923077,12.615384615384615,3.4615384615384617,10.923076923076923,2,1,0.18205128205128204,1.0,300,0.9230769230769234,1.0,14,900.0,1.5296111111111113,476.6500000000001,Flow60,T1-T10
2,buy,194.25,542.38,14.0,400.0,6,11.346666666666666,4.866666666666666,6.48,54.18666666666667,2,1,0.9031111111111111,0.485625,200,2.653333333333334,0.97125,14,0.0,,542.38,Flow60,T1-T10
3,buy,100.07,597.79,17.0,300.0,6,13.784090909090908,1.375,12.409090909090908,12.727272727272727,2,1,0.2121212121212121,0.3335666666666666,300,3.2159090909090917,0.3335666666666666,14,900.0,0.6642111111111111,-302.21000000000004,Flow60,T1-T10
4,buy,110.62,607.81,16.0,300.0,6,10.9875,0.1125,10.875,58.5,2,1,0.975,0.36873333333333336,300,5.012499999999999,0.36873333333333336,14,600.0,1.0130166666666667,7.809999999999945,Flow60,T1-T10
5,sell,154.05,1291.87,3.0,400.0,6,17.457142857142856,9.6,7.857142857142857,8.314285714285715,2,1,0.1385714285714286,0.38512500000000005,400,6.6,0.38512500000000005,14,4400.0,0.29360681818181816,-3108.13,Flow60,T1-T10
6,sell,322.78,2268.21,4.0,400.0,6,11.283783783783784,3.560810810810811,7.722972972972973,14.858108108108109,2,1,0.24763513513513516,0.80695,400,-0.43918918918918903,0.80695,14,4000.0,0.5670525,-1731.79,Flow60,T1-T10
7,sell,0.0,0.0,14.0,400.0,6,16.0,15.0,1.0,7.865168539325842,2,1,0.13108614232209737,0.0,0,1.0,,14,0.0,,0.0,Flow60,T1-T10
8,sell,230.75,345.05,11.0,300.0,6,15.227272727272727,11.318181818181818,3.909090909090909,42.59090909090909,2,1,0.7098484848484848,0.7691666666666667,300,0.31818181818181834,0.7691666666666667,14,900.0,0.3833888888888889,-554.95,Flow60,T1-T10
1,buy,300.0,1492.83,17.0,300.0,6,18.452380952380953,15.214285714285714,3.238095238095238,9.785714285714286,3,1,0.1630952380952381,1.0,300,-1.4523809523809526,1.0,14,900.0,1.6586999999999998,592.8299999999999,Flow60,T1-T10
2,buy,340.14,499.95,14.0,400.0,6,12.591549295774648,11.366197183098592,1.2253521126760563,56.61971830985915,3,1,0.9436619718309859,0.8503499999999999,200,1.408450704225352,1.7006999999999999,14,0.0,,499.95,Flow60,T1-T10
3,buy,294.01,1463.45,17.0,300.0,6,16.25409836065574,6.778688524590164,9.475409836065573,35.80327868852459,3,1,0.5967213114754099,0.9800333333333333,300,0.745901639344261,0.9800333333333333,14,900.0,1.6260555555555556,563.45,Flow60,T1-T10
4,buy,169.35,699.17,16.0,300.0,6,12.793478260869565,0.0,12.793478260869565,46.51086956521739,3,1,0.7751811594202899,0.5645,300,3.2065217391304355,0.5645,14,600.0,1.1652833333333332,99.16999999999996,Flow60,T1-T10
5,sell,399.71,3578.15,3.0,400.0,6,14.125,9.125,5.0,16.3125,3,1,0.271875,0.9992749999999999,400,6.125,0.9992749999999999,14,4400.0,0.8132159090909091,-821.8499999999999,Flow60,T1-T10
6,sell,397.35,3242.59,4.0,400.0,6,10.341176470588236,2.9176470588235293,7.423529411764706,20.50588235294118,3,1,0.34176470588235297,0.993375,400,-1.0823529411764707,0.993375,14,4000.0,0.8106475000000001,-757.4099999999999,Flow60,T1-T10
7,sell,10.92,11.05,14.0,400.0,6,15.662921348314606,14.662921348314606,1.0,60.0,3,1,1.0,0.0273,0,0.6629213483146064,inf,14,0.0,,11.05,Flow60,T1-T10
8,sell,300.0,395.32,11.0,300.0,6,11.805970149253731,8.604477611940299,3.201492537313433,47.53731343283582,3,1,0.7922885572139304,1.0,300,-2.3955223880597014,1.0,14,900.0,0.43924444444444444,-504.68,Flow60,T1-T10
1,buy,300.0,1245.19,17.0,300.0,6,16.574257425742573,13.673267326732674,2.900990099009901,13.722772277227723,4,1,0.22871287128712872,1.0,300,0.425742574257427,1.0,14,900.0,1.3835444444444445,345.19000000000005,Flow60,T1-T10
2,buy,367.89,426.67,14.0,400.0,6,13.345454545454546,12.090909090909092,1.2545454545454546,54.3,4,1,0.9049999999999999,0.919725,200,0.6545454545454543,1.83945,14,0.0,,426.67,Flow60,T1-T10
3,buy,247.01,953.74,17.0,300.0,6,17.16176470588235,7.411764705882353,9.75,34.63235294117647,4,1,0.5772058823529412,0.8233666666666667,300,-0.16176470588235148,0.8233666666666667,14,900.0,1.059711111111111,53.74000000000001,Flow60,T1-T10
4,buy,147.64,453.16,16.0,300.0,6,13.036585365853659,0.0,13.036585365853659,60.0,4,1,1.0,0.4921333333333333,300,2.963414634146341,0.4921333333333333,14,600.0,0.7552666666666668,-146.83999999999997,Flow60,T1-T10
5,sell,352.08,3403.14,3.0,400.0,6,18.528735632183906,8.218390804597702,10.310344827586206,7.540229885057471,4,1,0.12567049808429118,0.8802,400,5.218390804597702,0.8802,14,4400.0,0.773440909090909,-996.8600000000001,Flow60,T1-T10
6,sell,400.0,3615.29,4.0,400.0,6,10.385135135135135,3.8513513513513513,6.533783783783784,17.89189189189189,4,1,0.2981981981981982,1.0,400,-0.14864864864864868,1.0,14,4000.0,0.9038225,-384.71000000000004,Flow60,T1-T10
7,sell,0.0,0.0,14.0,400.0,6,16.0,15.0,1.0,60.0,4,1,1.0,0.0,0,1.0,,14,0.0,,0.0,Flow60,T1-T10
8,sell,300.0,632.6,11.0,300.0,6,15.16260162601626,9.105691056910569,6.056910569105691,26.15447154471545,4,1,0.4359078590785908,1.0,300,-1.894308943089431,1.0,14,900.0,0.7028888888888889,-267.4,Flow60,T1-T10
1,buy,0.0,0.0,6.0,400.0,6,3.6865671641791047,2.1044776119402986,1.5820895522388059,9.328358208955224,5,2,0.1554726368159204,0.0,0,2.3134328358208953,,6,0.0,,0.0,Flow60,T1-T10
2,buy,0.0,0.0,8.0,400.0,6,6.428571428571429,4.5064935064935066,1.922077922077922,54.0,5,2,0.9,0.0,400,1.5714285714285712,0.0,6,800.0,0.0,-800.0,Flow60,T1-T10
3,buy,399.34,2510.92,17.0,400.0,6,14.813186813186814,5.824175824175824,8.989010989010989,27.98901098901099,5,2,0.4664835164835165,0.99835,400,2.186813186813186,0.99835,6,4400.0,0.5706636363636364,-1889.08,Flow60,T1-T10
4,buy,400.0,1745.15,15.0,400.0,6,12.0,0.0,12.0,60.0,5,2,1.0,1.0,400,3.0,1.0,6,3600.0,0.48476388888888894,-1854.85,Flow60,T1-T10
5,sell,215.09,1247.11,5.0,400.0,6,17.414634146341463,9.0,8.414634146341463,15.987804878048781,5,2,0.26646341463414636,0.537725,400,4.0,0.537725,6,400.0,3.117775,847.1099999999999,Flow60,T1-T10
6,sell,196.33,963.2,6.0,400.0,6,12.042424242424243,5.430303030303031,6.612121212121212,29.775757575757577,5,2,0.4962626262626263,0.490825,200,-0.5696969696969694,0.98165,6,0.0,,963.2,Flow60,T1-T10
7,sell,96.13,650.57,4.0,300.0,6,12.074074074074074,10.648148148148149,1.4259259259259258,59.96296296296296,5,2,0.9993827160493827,0.3204333333333333,300,6.648148148148149,0.3204333333333333,6,600.0,1.0842833333333335,50.57000000000005,Flow60,T1-T10
8,sell,300.0,2216.45,3.0,300.0,6,6.02020202020202,1.8585858585858586,4.161616161616162,56.282828282828284,5,2,0.938047138047138,1.0,300,-1.1414141414141414,1.0,6,900.0,2.462722222222222,1316.4499999999998,Flow60,T1-T10
1,buy,1.2,-2.57,6.0,400.0,6,5.681818181818182,3.227272727272727,2.4545454545454546,7.863636363636363,6,2,0.13106060606060604,0.003,0,0.31818181818181834,inf,6,0.0,,-2.57,Flow60,T1-T10
2,buy,400.0,138.09,8.0,400.0,6,7.790322580645161,6.370967741935484,1.4193548387096775,60.0,6,2,1.0,1.0,400,0.20967741935483897,1.0,6,800.0,0.1726125,-661.91,Flow60,T1-T10
3,buy,400.0,3483.9,17.0,400.0,6,10.463414634146341,6.536585365853658,3.926829268292683,54.390243902439025,6,2,0.9065040650406504,1.0,400,6.536585365853659,1.0,6,4400.0,0.7917954545454545,-916.0999999999999,Flow60,T1-T10
4,buy,400.0,2783.74,15.0,400.0,6,9.0,0.9484536082474226,8.051546391752577,51.4639175257732,6,2,0.8577319587628867,1.0,400,6.0,1.0,6,3600.0,0.7732611111111111,-816.2600000000002,Flow60,T1-T10
5,sell,331.49,1050.58,5.0,400.0,6,12.310344827586206,7.120689655172414,5.189655172413793,38.46551724137931,6,2,0.6410919540229885,0.828725,400,2.1206896551724137,0.828725,6,400.0,2.6264499999999997,650.5799999999999,Flow60,T1-T10
6,sell,269.51,544.48,6.0,400.0,6,12.6878612716763,6.109826589595376,6.578034682080925,35.982658959537574,6,2,0.5997109826589596,0.673775,200,0.10982658959537606,1.34755,6,0.0,,544.48,Flow60,T1-T10
7,sell,300.0,1257.88,4.0,300.0,6,9.48076923076923,8.48076923076923,1.0,60.0,6,2,1.0,1.0,300,4.48076923076923,1.0,6,600.0,2.0964666666666667,657.8800000000001,Flow60,T1-T10
8,sell,300.0,1371.34,3.0,300.0,6,4.739130434782608,2.4347826086956523,2.3043478260869565,60.0,6,2,1.0,1.0,300,-0.5652173913043477,1.0,6,900.0,1.523711111111111,471.3399999999999,Flow60,T1-T10
1,buy,0.61,-0.62,6.0,400.0,6,4.5227272727272725,2.9318181818181817,1.5909090909090908,15.522727272727273,7,2,0.2587121212121212,0.0015249999999999999,0,1.4772727272727275,inf,6,0.0,,-0.62,Flow60,T1-T10
2,buy,175.16,247.94,8.0,400.0,6,7.236363636363636,2.981818181818182,4.254545454545455,51.4,7,2,0.8566666666666667,0.4379,400,0.7636363636363637,0.4379,6,800.0,0.309925,-552.06,Flow60,T1-T10
3,buy,400.0,2809.17,17.0,400.0,6,15.788135593220339,9.796610169491526,5.991525423728813,49.847457627118644,7,2,0.8307909604519774,1.0,400,1.211864406779661,1.0,6,4400.0,0.6384477272727273,-1590.83,Flow60,T1-T10
4,buy,400.0,2127.28,15.0,400.0,6,12.0,0.0,12.0,60.0,7,2,1.0,1.0,400,3.0,1.0,6,3600.0,0.5909111111111112,-1472.7199999999998,Flow60,T1-T10
5,sell,228.47,1012.04,5.0,400.0,6,15.6,7.517647058823529,8.08235294117647,17.658823529411766,7,2,0.2943137254901961,0.571175,400,2.5176470588235293,0.571175,6,400.0,2.5301,612.04,Flow60,T1-T10
6,sell,249.35,805.56,6.0,400.0,6,10.783132530120483,4.9397590361445785,5.843373493975903,18.63855421686747,7,2,0.31064257028112446,0.623375,200,-1.0602409638554215,1.24675,6,0.0,,805.56,Flow60,T1-T10
7,sell,208.75,913.67,4.0,300.0,6,10.708333333333334,8.833333333333334,1.875,60.0,7,2,1.0,0.6958333333333333,300,4.833333333333334,0.6958333333333333,6,600.0,1.5227833333333332,313.66999999999996,Flow60,T1-T10
8,sell,300.0,2026.91,3.0,300.0,6,5.2894736842105265,2.960526315789474,2.3289473684210527,59.671052631578945,7,2,0.9945175438596491,1.0,300,-0.039473684210526105,1.0,6,900.0,2.2521222222222224,1126.91,Flow60,T1-T10
1,buy,0.0,0.0,6.0,400.0,6,5.083333333333333,3.0833333333333335,2.0,15.116666666666667,8,2,0.25194444444444447,0.0,0,0.916666666666667,,6,0.0,,0.0,Flow60,T1-T10
2,buy,309.12,357.53,8.0,400.0,6,7.225806451612903,6.225806451612903,1.0,60.0,8,2,1.0,0.7728,400,0.774193548387097,0.7728,6,800.0,0.4469125,-442.47,Flow60,T1-T10
3,buy,399.99,3710.44,17.0,400.0,6,12.305970149253731,6.746268656716418,5.559701492537314,46.365671641791046,8,2,0.7727611940298508,0.9999750000000001,400,4.6940298507462686,0.9999750000000001,6,4400.0,0.8432818181818182,-689.56,Flow60,T1-T10
4,buy,400.0,2374.3,15.0,400.0,6,11.0,0.0,11.0,60.0,8,2,1.0,1.0,400,4.0,1.0,6,3600.0,0.6595277777777778,-1225.6999999999998,Flow60,T1-T10
5,sell,247.9,700.39,5.0,400.0,6,13.493975903614459,7.168674698795181,6.325301204819277,19.626506024096386,8,2,0.32710843373493975,0.61975,400,2.168674698795181,0.61975,6,400.0,1.750975,300.39,Flow60,T1-T10
6,sell,309.87,736.95,6.0,400.0,6,12.126903553299492,5.096446700507614,7.030456852791878,17.548223350253807,8,2,0.2924703891708968,0.774675,200,-0.903553299492386,1.54935,6,0.0,,736.95,Flow60,T1-T10
7,sell,298.99,1257.69,4.0,300.0,6,9.892857142857142,8.678571428571429,1.2142857142857142,60.0,8,2,1.0,0.9966333333333334,300,4.678571428571429,0.9966333333333334,6,600.0,2.09615,657.69,Flow60,T1-T10
8,sell,254.63,1105.98,3.0,300.0,6,12.833333333333334,7.407407407407407,5.425925925925926,58.5,8,2,0.975,0.8487666666666667,300,4.407407407407407,0.8487666666666667,6,900.0,1.2288666666666668,205.98000000000002,Flow60,T1-T10
1,buy,300.0,2307.12,16.0,300.0,6,17.140845070422536,15.225352112676056,1.9154929577464788,16.732394366197184,9,3,0.27887323943661974,1.0,300,-1.140845070422536,1.0,9,2100.0,1.0986285714285713,207.1199999999999,Flow60,T1-T10
2,buy,399.25,2516.89,15.0,400.0,6,8.704918032786885,7.704918032786885,1.0,60.0,9,3,1.0,0.998125,400,6.295081967213115,0.998125,9,2400.0,1.0487041666666665,116.88999999999987,Flow60,T1-T10
3,buy,360.76,465.25,10.0,400.0,6,9.53968253968254,2.8095238095238093,6.73015873015873,45.3968253968254,9,3,0.7566137566137566,0.9018999999999999,400,0.46031746031746046,0.9018999999999999,9,400.0,1.163125,65.25,Flow60,T1-T10
4,buy,398.61,2238.18,14.0,400.0,6,9.717647058823529,0.0,9.717647058823529,49.27058823529412,9,3,0.8211764705882353,0.996525,400,4.282352941176471,0.996525,9,2000.0,1.11909,238.17999999999984,Flow60,T1-T10
5,sell,400.0,2248.0,3.0,400.0,6,15.0,6.0,9.0,22.0,9,3,0.36666666666666664,1.0,400,3.0,1.0,9,2400.0,0.9366666666666666,-152.0,Flow60,T1-T10
6,sell,394.01,1456.12,5.0,400.0,6,17.0,5.0,12.0,13.0,9,3,0.21666666666666667,0.9850249999999999,400,0.0,0.9850249999999999,9,1600.0,0.910075,-143.8800000000001,Flow60,T1-T10
7,sell,400.0,1757.22,4.0,400.0,6,7.8,6.8,1.0,60.0,9,3,1.0,1.0,400,2.8,1.0,9,2000.0,0.87861,-242.77999999999997,Flow60,T1-T10
8,sell,289.78,117.89,8.0,300.0,6,11.232558139534884,7.872093023255814,3.36046511627907,59.06976744186046,9,3,0.9844961240310077,0.9659333333333332,300,-0.12790697674418627,0.9659333333333332,9,300.0,0.3929666666666667,-182.11,Flow60,T1-T10
1,buy,300.0,2031.62,16.0,300.0,6,14.733333333333333,10.666666666666666,4.066666666666666,13.4,10,3,0.22333333333333333,1.0,300,1.2666666666666675,1.0,9,2100.0,0.9674380952380952,-68.38000000000011,Flow60,T1-T10
2,buy,327.05,1877.27,15.0,400.0,6,9.123287671232877,7.684931506849315,1.4383561643835616,59.45205479452055,10,3,0.9908675799086758,0.817625,400,5.876712328767123,0.817625,9,2400.0,0.7821958333333333,-522.73,Flow60,T1-T10
3,buy,334.73,399.21,10.0,400.0,6,12.880503144654089,7.50314465408805,5.377358490566038,46.119496855345915,10,3,0.7686582809224319,0.836825,400,-2.8805031446540887,0.836825,9,400.0,0.9980249999999999,-0.7900000000000205,Flow60,T1-T10
4,buy,400.0,2184.36,14.0,400.0,6,10.0,0.0,10.0,60.0,10,3,1.0,1.0,400,4.0,1.0,9,2000.0,1.0921800000000002,184.36000000000013,Flow60,T1-T10
5,sell,311.09,1936.45,3.0,400.0,6,15.71264367816092,7.632183908045977,8.080459770114942,18.724137931034484,10,3,0.3120689655172414,0.7777249999999999,400,4.632183908045977,0.7777249999999999,9,2400.0,0.8068541666666667,-463.54999999999995,Flow60,T1-T10
6,sell,333.92,1315.23,5.0,400.0,6,11.855555555555556,4.122222222222222,7.733333333333333,32.577777777777776,10,3,0.542962962962963,0.8348,400,-0.8777777777777782,0.8348,9,1600.0,0.82201875,-284.77,Flow60,T1-T10
7,sell,400.0,1730.42,4.0,400.0,6,9.0,8.0,1.0,60.0,10,3,1.0,1.0,400,4.0,1.0,9,2000.0,0.86521,-269.5799999999999,Flow60,T1-T10
8,sell,300.0,413.85,8.0,300.0,6,11.733333333333333,8.786666666666667,2.9466666666666668,59.946666666666665,10,3,0.9991111111111111,1.0,300,0.7866666666666671,1.0,9,300.0,1.3795000000000002,113.85000000000002,Flow60,T1-T10
1,buy,300.0,2230.47,16.0,300.0,6,15.418604651162791,12.325581395348838,3.0930232558139537,11.081395348837209,11,3,0.18468992248062013,1.0,300,0.5813953488372086,1.0,9,2100.0,1.0621285714285713,130.4699999999998,Flow60,T11-T20
2,buy,164.27,1060.31,15.0,400.0,6,6.9,4.614285714285714,2.2857142857142856,41.042857142857144,11,3,0.6840476190476191,0.410675,400,8.1,0.410675,9,2400.0,0.44179583333333333,-1339.69,Flow60,T11-T20
3,buy,396.82,544.8,10.0,400.0,6,11.030674846625766,7.0,4.030674846625767,43.52760736196319,11,3,0.7254601226993865,0.99205,400,-1.0306748466257662,0.99205,9,400.0,1.3619999999999999,144.79999999999995,Flow60,T11-T20
4,buy,399.05,2125.19,14.0,400.0,6,9.464285714285714,0.0,9.464285714285714,54.57142857142857,11,3,0.9095238095238095,0.997625,400,4.5357142857142865,0.997625,9,2000.0,1.062595,125.19000000000005,Flow60,T11-T20
5,sell,378.2,2115.29,3.0,400.0,6,16.0,6.340425531914893,9.659574468085106,16.30851063829787,11,3,0.27180851063829786,0.9455,400,3.340425531914893,0.9455,9,2400.0,0.8813708333333333,-284.71000000000004,Flow60,T11-T20
6,sell,394.47,1498.75,5.0,400.0,6,12.577319587628866,5.082474226804123,7.494845360824742,37.2680412371134,11,3,0.6211340206185567,0.986175,400,0.08247422680412342,0.986175,9,1600.0,0.93671875,-101.25,Flow60,T11-T20
7,sell,400.0,1718.9,4.0,400.0,6,9.0,8.0,1.0,60.0,11,3,1.0,1.0,400,4.0,1.0,9,2000.0,0.85945,-281.0999999999999,Flow60,T11-T20
8,sell,100.32,128.38,8.0,300.0,6,13.011494252873563,9.137931034482758,3.8735632183908044,58.04597701149425,11,3,0.9674329501915708,0.3344,300,1.137931034482758,0.3344,9,300.0,0.42793333333333333,-171.62,Flow60,T11-T20
1,buy,232.29,1616.88,16.0,300.0,6,16.173333333333332,11.92,4.253333333333333,8.906666666666666,12,3,0.14844444444444443,0.7743,300,-0.173333333333332,0.7743,9,2100.0,0.7699428571428572,-483.1199999999999,Flow60,T11-T20
2,buy,399.26,2481.41,15.0,400.0,6,10.235294117647058,7.823529411764706,2.411764705882353,60.0,12,3,1.0,0.99815,400,4.764705882352942,0.99815,9,2400.0,1.0339208333333332,81.40999999999985,Flow60,T11-T20
3,buy,399.5,612.1,10.0,400.0,6,11.53061224489796,6.605442176870748,4.925170068027211,44.59863945578231,12,3,0.7433106575963718,0.99875,400,-1.5306122448979593,0.99875,9,400.0,1.53025,212.10000000000002,Flow60,T11-T20
4,buy,399.36,2088.17,14.0,400.0,6,9.753086419753087,0.0,9.753086419753087,58.4320987654321,12,3,0.9738683127572016,0.9984000000000001,400,4.246913580246913,0.9984000000000001,9,2000.0,1.044085,88.17000000000007,Flow60,T11-T20
5,sell,400.0,2336.86,3.0,400.0,6,16.024390243902438,6.658536585365853,9.365853658536585,25.048780487804876,12,3,0.4174796747967479,1.0,400,3.6585365853658534,1.0,9,2400.0,0.9736916666666667,-63.13999999999987,Flow60,T11-T20
6,sell,400.0,1566.11,5.0,400.0,6,11.464864864864865,4.994594594594594,6.47027027027027,40.108108108108105,12,3,0.6684684684684684,1.0,400,-0.005405405405405794,1.0,9,1600.0,0.97881875,-33.8900000000001,Flow60,T11-T20
7,sell,400.0,1813.53,4.0,400.0,6,9.0,8.0,1.0,60.0,12,3,1.0,1.0,400,4.0,1.0,9,2000.0,0.9067649999999999,-186.47000000000003,Flow60,T11-T20
8,sell,241.61,144.81,8.0,300.0,6,9.461538461538462,8.153846153846153,1.3076923076923077,58.989010989010985,12,3,0.9831501831501831,0.8053666666666667,300,0.1538461538461533,0.8053666666666667,9,300.0,0.4827,-155.19,Flow60,T11-T20
1,buy,400.0,3754.51,17.0,400.0,6,15.676470588235293,11.715686274509803,3.9607843137254903,7.323529411764706,13,4,0.12205882352941176,1.0,400,1.3235294117647065,1.0,6,4400.0,0.8532977272727273,-645.4899999999998,Flow60,T11-T20
2,buy,399.05,2968.21,15.0,400.0,6,7.923076923076923,5.961538461538462,1.9615384615384615,59.82692307692308,13,4,0.9971153846153846,0.997625,400,7.076923076923077,0.997625,6,3600.0,0.8245027777777778,-631.79,Flow60,T11-T20
3,buy,276.56,252.32,8.0,400.0,6,10.615384615384615,4.661538461538462,5.953846153846154,53.83076923076923,13,4,0.8971794871794871,0.6914,400,-2.615384615384615,0.6914,6,800.0,0.3154,-547.6800000000001,Flow60,T11-T20
4,buy,67.34,-76.45,6.0,400.0,6,5.405797101449275,0.0,5.405797101449275,60.0,13,4,1.0,0.16835,0,0.5942028985507246,inf,6,0.0,,-76.45,Flow60,T11-T20
5,sell,322.89,429.01,6.0,400.0,6,13.837209302325581,5.441860465116279,8.395348837209303,21.72093023255814,13,4,0.362015503875969,0.807225,200,-0.558139534883721,1.61445,6,0.0,,429.01,Flow60,T11-T20
6,sell,139.53,592.77,3.0,300.0,6,11.88888888888889,3.111111111111111,8.777777777777779,26.22222222222222,13,4,0.437037037037037,0.4651,300,0.11111111111111116,0.4651,6,900.0,0.6586333333333333,-307.23,Flow60,T11-T20
7,sell,400.0,918.85,5.0,400.0,6,8.470588235294118,7.470588235294118,1.0,60.0,13,4,1.0,1.0,400,2.4705882352941178,1.0,6,400.0,2.297125,518.85,Flow60,T11-T20
8,sell,300.0,1145.79,4.0,300.0,6,6.563106796116505,2.4466019417475726,4.116504854368932,60.0,13,4,1.0,1.0,300,-1.5533980582524274,1.0,6,600.0,1.9096499999999998,545.79,Flow60,T11-T20
1,buy,400.0,3888.44,17.0,400.0,6,13.105960264900663,9.927152317880795,3.1788079470198674,15.516556291390728,14,4,0.2586092715231788,1.0,400,3.894039735099337,1.0,6,4400.0,0.8837363636363637,-511.55999999999995,Flow60,T11-T20
2,buy,399.94,3039.85,15.0,400.0,6,7.4,6.285714285714286,1.1142857142857143,59.42857142857143,14,4,0.9904761904761905,0.99985,400,7.6,0.99985,6,3600.0,0.8444027777777777,-560.1500000000001,Flow60,T11-T20
3,buy,304.25,221.59,8.0,400.0,6,7.69620253164557,4.189873417721519,3.5063291139240507,59.08860759493671,14,4,0.9848101265822785,0.760625,400,0.3037974683544302,0.760625,6,800.0,0.2769875,-578.41,Flow60,T11-T20
4,buy,0.0,0.0,6.0,400.0,6,3.0,0.0,3.0,60.0,14,4,1.0,0.0,0,3.0,,6,0.0,,0.0,Flow60,T11-T20
5,sell,114.99,207.23,6.0,400.0,6,15.0,7.0,8.0,22.0,14,4,0.36666666666666664,0.287475,200,1.0,0.57495,6,0.0,,207.23,Flow60,T11-T20
6,sell,300.0,1233.92,3.0,300.0,6,9.634146341463415,2.8292682926829267,6.804878048780488,42.65853658536585,14,4,0.7109756097560975,1.0,300,-0.17073170731707332,1.0,6,900.0,1.3710222222222224,333.9200000000001,Flow60,T11-T20
7,sell,400.0,917.65,5.0,400.0,6,7.287671232876712,6.287671232876712,1.0,60.0,14,4,1.0,1.0,400,1.2876712328767121,1.0,6,400.0,2.2941249999999997,517.65,Flow60,T11-T20
8,sell,296.31,1007.01,4.0,300.0,6,9.830985915492958,7.0,2.8309859154929575,60.0,14,4,1.0,0.9877,300,3.0,0.9877,6,600.0,1.67835,407.01,Flow60,T11-T20
1,buy,396.37,3859.75,17.0,400.0,6,9.0,5.0,4.0,10.0,15,4,0.16666666666666666,0.9909250000000001,400,8.0,0.9909250000000001,6,4400.0,0.8772159090909091,-540.25,Flow60,T11-T20
2,buy,399.57,3098.32,15.0,400.0,6,6.35,4.6,1.75,60.0,15,4,1.0,0.998925,400,8.65,0.998925,6,3600.0,0.8606444444444445,-501.67999999999984,Flow60,T11-T20
3,buy,395.74,295.57,8.0,400.0,6,9.73939393939394,5.872727272727273,3.8666666666666667,51.412121212121214,15,4,0.8568686868686869,0.9893500000000001,400,-1.7393939393939402,0.9893500000000001,6,800.0,0.36946249999999997,-504.43,Flow60,T11-T20
4,buy,0.0,0.0,6.0,400.0,6,6.0,0.0,6.0,60.0,15,4,1.0,0.0,0,0.0,,6,0.0,,0.0,Flow60,T11-T20
5,sell,196.24,335.38,6.0,400.0,6,14.171052631578947,7.157894736842105,7.0131578947368425,41.44736842105263,15,4,0.6907894736842105,0.49060000000000004,200,1.1578947368421053,0.9812000000000001,6,0.0,,335.38,Flow60,T11-T20
6,sell,300.0,1257.02,3.0,300.0,6,11.048484848484849,3.006060606060606,8.042424242424243,26.939393939393938,15,4,0.44898989898989894,1.0,300,0.006060606060605878,1.0,6,900.0,1.3966888888888889,357.02,Flow60,T11-T20
7,sell,400.0,887.68,5.0,400.0,6,8.0,7.0,1.0,60.0,15,4,1.0,1.0,400,2.0,1.0,6,400.0,2.2192,487.67999999999995,Flow60,T11-T20
8,sell,299.13,915.52,4.0,300.0,6,9.191780821917808,6.260273972602739,2.9315068493150687,60.0,15,4,1.0,0.9971,300,2.2602739726027394,0.9971,6,600.0,1.5258666666666667,315.52,Flow60,T11-T20
1,buy,318.83,3123.06,17.0,400.0,6,10.753623188405797,8.304347826086957,2.449275362318841,13.55072463768116,16,4,0.22584541062801933,0.797075,400,6.246376811594203,0.797075,6,4400.0,0.7097863636363636,-1276.94,Flow60,T11-T20
2,buy,400.0,3117.31,15.0,400.0,6,11.1,7.333333333333333,3.7666666666666666,60.0,16,4,1.0,1.0,400,3.9000000000000004,1.0,6,3600.0,0.8659194444444445,-482.69000000000005,Flow60,T11-T20
3,buy,399.95,300.7,8.0,400.0,6,9.136752136752136,4.777777777777778,4.358974358974359,50.495726495726494,16,4,0.8415954415954415,0.999875,400,-1.1367521367521363,0.999875,6,800.0,0.37587499999999996,-499.3,Flow60,T11-T20
4,buy,0.73,0.16,6.0,400.0,6,12.474226804123711,3.1752577319587627,9.29896907216495,32.96907216494845,16,4,0.5494845360824742,0.001825,0,-6.474226804123711,inf,6,0.0,,0.16,Flow60,T11-T20
5,sell,129.19,184.72,6.0,400.0,6,16.0,7.0,9.0,44.0,16,4,0.7333333333333333,0.322975,200,1.0,0.64595,6,0.0,,184.72,Flow60,T11-T20
6,sell,300.0,1273.36,3.0,300.0,6,18.7979797979798,3.8585858585858586,14.93939393939394,19.11111111111111,16,4,0.31851851851851853,1.0,300,0.8585858585858586,1.0,6,900.0,1.4148444444444443,373.3599999999999,Flow60,T11-T20
7,sell,400.0,873.58,5.0,400.0,6,8.0,7.0,1.0,60.0,16,4,1.0,1.0,400,2.0,1.0,6,400.0,2.1839500000000003,473.58000000000004,Flow60,T11-T20
8,sell,300.0,949.96,4.0,300.0,6,5.892156862745098,4.049019607843137,1.8431372549019607,60.0,16,4,1.0,1.0,300,0.04901960784313708,1.0,6,600.0,1.5832666666666668,349.96000000000004,Flow60,T11-T20
1,buy,216.87,1335.89,14.0,400.0,6,9.012195121951219,5.024390243902439,3.9878048780487805,9.975609756097562,17,5,0.16626016260162604,0.542175,200,4.987804878048781,1.08435,14,0.0,,1335.89,Flow60,T11-T20
2,buy,200.25,1564.51,16.0,300.0,6,8.071428571428571,6.142857142857143,1.9285714285714286,57.589285714285715,17,5,0.9598214285714286,0.6675,300,7.928571428571429,0.6675,14,600.0,2.6075166666666667,964.51,Flow60,T11-T20
3,buy,207.64,1746.48,17.0,300.0,6,10.569620253164556,7.493670886075949,3.0759493670886076,59.20253164556962,17,5,0.9867088607594937,0.6921333333333333,300,6.4303797468354436,0.6921333333333333,14,900.0,1.9405333333333334,846.48,Flow60,T11-T20
4,buy,299.72,2744.15,17.0,300.0,6,8.581818181818182,0.0,8.581818181818182,60.0,17,5,1.0,0.9990666666666668,300,8.418181818181818,0.9990666666666668,14,900.0,3.049055555555556,1844.15,Flow60,T11-T20
5,sell,99.98,-599.86,14.0,400.0,6,15.5,10.35,5.15,43.475,17,5,0.7245833333333334,0.24995,0,-3.6500000000000004,inf,14,0.0,,-599.86,Flow60,T11-T20
6,sell,18.59,28.51,11.0,300.0,6,17.641304347826086,12.0,5.641304347826087,30.934782608695652,17,5,0.5155797101449275,0.06196666666666666,300,1.0,0.06196666666666666,14,900.0,0.03167777777777778,-871.49,Flow60,T11-T20
7,sell,400.0,1670.57,4.0,400.0,6,9.0,8.0,1.0,60.0,17,5,1.0,1.0,400,4.0,1.0,14,4000.0,0.41764249999999997,-2329.4300000000003,Flow60,T11-T20
8,sell,400.0,1926.98,3.0,400.0,6,4.73469387755102,2.0714285714285716,2.663265306122449,19.867346938775512,17,5,0.33112244897959187,1.0,400,-0.9285714285714284,1.0,14,4400.0,0.43795,-2473.02,Flow60,T11-T20
1,buy,86.75,544.28,14.0,400.0,6,9.084745762711865,5.338983050847458,3.7457627118644066,8.779661016949152,18,5,0.14632768361581922,0.216875,200,4.915254237288135,0.43375,14,0.0,,544.28,Flow60,T11-T20
2,buy,152.96,985.95,16.0,300.0,6,9.360655737704919,6.868852459016393,2.4918032786885247,58.83606557377049,18,5,0.9806010928961748,0.5098666666666667,300,6.639344262295081,0.5098666666666667,14,600.0,1.64325,385.95000000000005,Flow60,T11-T20
3,buy,299.88,2573.69,17.0,300.0,6,11.561643835616438,3.1780821917808217,8.383561643835616,38.178082191780824,18,5,0.6363013698630138,0.9995999999999999,300,5.438356164383562,0.9995999999999999,14,900.0,2.8596555555555554,1673.69,Flow60,T11-T20
4,buy,299.45,2481.97,17.0,300.0,6,10.838709677419354,0.0,10.838709677419354,60.0,18,5,1.0,0.9981666666666666,300,6.161290322580646,0.9981666666666666,14,900.0,2.757744444444444,1581.9699999999998,Flow60,T11-T20
5,sell,0.0,0.0,14.0,400.0,6,17.0,15.0,2.0,38.0,18,5,0.6333333333333333,0.0,0,1.0,,14,0.0,,0.0,Flow60,T11-T20
6,sell,99.76,236.61,11.0,300.0,6,13.133333333333333,9.2,3.933333333333333,24.6,18,5,0.41000000000000003,0.33253333333333335,300,-1.8000000000000007,0.33253333333333335,14,900.0,0.2629,-663.39,Flow60,T11-T20
7,sell,400.0,1794.99,4.0,400.0,6,9.636363636363637,8.636363636363637,1.0,60.0,18,5,1.0,1.0,400,4.636363636363637,1.0,14,4000.0,0.4487475,-2205.01,Flow60,T11-T20
8,sell,400.0,1841.53,3.0,400.0,6,4.553398058252427,2.174757281553398,2.378640776699029,60.0,18,5,1.0,1.0,400,-0.825242718446602,1.0,14,4400.0,0.41852954545454546,-2558.4700000000003,Flow60,T11-T20
1,buy,51.75,260.18,14.0,400.0,6,10.5,6.764705882352941,3.735294117647059,10.205882352941176,19,5,0.17009803921568625,0.129375,200,3.5,0.25875,14,0.0,,260.18,Flow60,T11-T20
2,buy,300.0,2388.82,16.0,300.0,6,13.08,9.893333333333333,3.1866666666666665,60.0,19,5,1.0,1.0,300,2.92,1.0,14,600.0,3.9813666666666667,1788.8200000000002,Flow60,T11-T20
3,buy,298.49,2400.73,17.0,300.0,6,12.429752066115702,4.87603305785124,7.553719008264463,41.35537190082645,19,5,0.6892561983471075,0.9949666666666667,300,4.570247933884298,0.9949666666666667,14,900.0,2.6674777777777776,1500.73,Flow60,T11-T20
4,buy,297.53,2703.91,17.0,300.0,6,11.098039215686274,0.0,11.098039215686274,47.705882352941174,19,5,0.7950980392156862,0.9917666666666666,300,5.901960784313726,0.9917666666666666,14,900.0,3.0043444444444445,1803.9099999999999,Flow60,T11-T20
5,sell,0.0,0.0,14.0,400.0,6,17.0,15.0,2.0,30.0,19,5,0.5,0.0,0,1.0,,14,0.0,,0.0,Flow60,T11-T20
6,sell,171.05,-179.32,11.0,300.0,6,12.931297709923664,8.961832061068701,3.969465648854962,34.01526717557252,19,5,0.5669211195928753,0.5701666666666667,300,-2.0381679389312986,0.5701666666666667,14,900.0,-0.19924444444444445,-1079.32,Flow60,T11-T20
7,sell,400.0,1781.35,4.0,400.0,6,9.0,8.0,1.0,60.0,19,5,1.0,1.0,400,4.0,1.0,14,4000.0,0.4453375,-2218.65,Flow60,T11-T20
8,sell,400.0,1809.76,3.0,400.0,6,8.0,7.0,1.0,60.0,19,5,1.0,1.0,400,4.0,1.0,14,4400.0,0.4113090909090909,-2590.24,Flow60,T11-T20
1,buy,116.37,592.12,14.0,400.0,6,12.056818181818182,7.7272727272727275,4.329545454545454,8.272727272727273,20,5,0.13787878787878788,0.290925,200,1.9431818181818183,0.58185,14,0.0,,592.12,Flow60,T11-T20
2,buy,300.0,1954.41,16.0,300.0,6,9.6,8.6,1.0,60.0,20,5,1.0,1.0,300,6.4,1.0,14,600.0,3.25735,1354.41,Flow60,T11-T20
3,buy,269.69,2125.16,17.0,300.0,6,10.646153846153846,4.7846153846153845,5.861538461538461,48.50769230769231,20,5,0.8084615384615385,0.8989666666666667,300,6.353846153846154,0.8989666666666667,14,900.0,2.3612888888888888,1225.1599999999999,Flow60,T11-T20
4,buy,297.1,1945.0,17.0,300.0,6,11.067796610169491,0.0,11.067796610169491,60.0,20,5,1.0,0.9903333333333334,300,5.932203389830509,0.9903333333333334,14,900.0,2.161111111111111,1045.0,Flow60,T11-T20
5,sell,0.0,0.0,14.0,400.0,6,16.0,15.0,1.0,35.0,20,5,0.5833333333333334,0.0,0,1.0,,14,0.0,,0.0,Flow60,T11-T20
6,sell,154.65,392.37,11.0,300.0,6,17.0,12.0,5.0,37.0,20,5,0.6166666666666667,0.5155000000000001,300,1.0,0.5155000000000001,14,900.0,0.43596666666666667,-507.63,Flow60,T11-T20
7,sell,400.0,2178.54,4.0,400.0,6,10.0,9.0,1.0,60.0,20,5,1.0,1.0,400,5.0,1.0,14,4000.0,0.544635,-1821.46,Flow60,T11-T20
8,sell,400.0,2172.2,3.0,400.0,6,8.0,7.0,1.0,60.0,20,5,1.0,1.0,400,4.0,1.0,14,4400.0,0.49368181818181817,-2227.8,Flow60,T11-T20
1,buy,278.19,1715.39,17.0,300.0,7,14.766666666666667,10.544444444444444,4.222222222222222,43.65,1,1,0.7274999999999999,0.9273,300,2.2333333333333325,0.9273,14,900.0,1.905988888888889,815.3900000000001,Flow60,T1-T10
2,buy,74.74,245.52,14.0,400.0,7,11.321428571428571,0.5357142857142857,10.785714285714286,46.57142857142857,1,1,0.7761904761904762,0.18685,200,2.678571428571429,0.3737,14,0.0,,245.52,Flow60,T1-T10
3,buy,300.0,1773.09,17.0,300.0,7,15.0,3.0,12.0,27.0,1,1,0.45,1.0,300,2.0,1.0,14,900.0,1.9701,873.0899999999999,Flow60,T1-T10
4,buy,122.22,635.1,16.0,300.0,7,12.0,2.0,10.0,32.0,1,1,0.5333333333333333,0.4074,300,4.0,0.4074,14,600.0,1.0585,35.10000000000002,Flow60,T1-T10
5,sell,400.0,3228.99,3.0,400.0,7,8.0,6.0,2.0,14.0,1,1,0.23333333333333334,1.0,400,3.0,1.0,14,4400.0,0.7338613636363636,-1171.0100000000002,Flow60,T1-T10
6,sell,357.71,2417.03,4.0,400.0,7,10.948717948717949,5.846153846153846,5.102564102564102,39.82051282051282,1,1,0.6636752136752136,0.8942749999999999,400,1.8461538461538458,0.8942749999999999,14,4000.0,0.6042575,-1582.9699999999998,Flow60,T1-T10
7,sell,0.0,0.0,14.0,400.0,7,16.469135802469136,15.0,1.4691358024691359,29.567901234567902,1,1,0.492798353909465,0.0,0,1.0,,14,0.0,,0.0,Flow60,T1-T10
8,sell,0.0,0.0,11.0,300.0,7,14.285714285714286,12.285714285714286,2.0,33.42857142857143,1,1,0.5571428571428572,0.0,300,1.2857142857142865,0.0,14,900.0,0.0,-900.0,Flow60,T1-T10
1,buy,279.79,2134.74,17.0,300.0,7,13.973451327433628,8.061946902654867,5.911504424778761,37.610619469026545,2,1,0.626843657817109,0.9326333333333334,300,3.0265486725663724,0.9326333333333334,14,900.0,2.3719333333333332,1234.7399999999998,Flow60,T1-T10
2,buy,315.49,1565.52,14.0,400.0,7,10.204545454545455,1.6363636363636365,8.568181818181818,54.10227272727273,2,1,0.9017045454545455,0.788725,200,3.795454545454545,1.57745,14,0.0,,1565.52,Flow60,T1-T10
3,buy,183.71,1326.87,17.0,300.0,7,10.737704918032787,3.459016393442623,7.278688524590164,26.737704918032787,2,1,0.4456284153005464,0.6123666666666667,300,6.262295081967213,0.6123666666666667,14,900.0,1.4743,426.8699999999999,Flow60,T1-T10
4,buy,299.35,1974.77,16.0,300.0,7,11.96774193548387,1.064516129032258,10.903225806451612,36.96774193548387,2,1,0.6161290322580645,0.9978333333333335,300,4.03225806451613,0.9978333333333335,14,600.0,3.2912833333333333,1374.77,Flow60,T1-T10
5,sell,400.0,2522.71,3.0,400.0,7,13.0,8.0,5.0,24.0,2,1,0.4,1.0,400,5.0,1.0,14,4400.0,0.5733431818181818,-1877.29,Flow60,T1-T10
6,sell,397.28,2084.05,4.0,400.0,7,7.158415841584159,3.485148514851485,3.6732673267326734,26.95049504950495,2,1,0.4491749174917492,0.9932,400,-0.5148514851485149,0.9932,14,4000.0,0.5210125000000001,-1915.9499999999998,Flow60,T1-T10
7,sell,200.0,-872.36,14.0,400.0,7,11.08955223880597,8.0,3.08955223880597,6.597014925373134,2,1,0.10995024875621891,0.5,0,-6.0,inf,14,0.0,,-872.36,Flow60,T1-T10
8,sell,78.62,-127.5,11.0,300.0,7,11.872727272727273,9.872727272727273,2.0,40.27272727272727,2,1,0.6712121212121213,0.26206666666666667,300,-1.127272727272727,0.26206666666666667,14,900.0,-0.14166666666666666,-1027.5,Flow60,T1-T10
1,buy,286.58,2250.72,17.0,300.0,7,12.625954198473282,6.679389312977099,5.9465648854961835,41.19083969465649,3,1,0.6865139949109414,0.9552666666666666,300,4.374045801526718,0.9552666666666666,14,900.0,2.5008,1350.7199999999998,Flow60,T1-T10
2,buy,367.82,1802.23,14.0,400.0,7,10.907407407407407,1.4074074074074074,9.5,58.888888888888886,3,1,0.9814814814814814,0.91955,200,3.0925925925925934,1.8391,14,0.0,,1802.23,Flow60,T1-T10
3,buy,300.0,2268.15,17.0,300.0,7,14.352941176470589,5.0,9.352941176470589,33.11764705882353,3,1,0.5519607843137255,1.0,300,2.6470588235294112,1.0,14,900.0,2.520166666666667,1368.15,Flow60,T1-T10
4,buy,111.04,817.13,16.0,300.0,7,10.591836734693878,2.7142857142857144,7.877551020408164,30.93877551020408,3,1,0.5156462585034014,0.37013333333333337,300,5.408163265306122,0.37013333333333337,14,600.0,1.3618833333333333,217.13,Flow60,T1-T10
5,sell,399.9,2529.7,3.0,400.0,7,12.46,8.9,3.56,23.04,3,1,0.384,0.9997499999999999,400,5.9,0.9997499999999999,14,4400.0,0.5749318181818182,-1870.3000000000002,Flow60,T1-T10
6,sell,310.54,1686.89,4.0,400.0,7,8.398373983739837,3.747967479674797,4.650406504065041,26.829268292682926,3,1,0.44715447154471544,0.7763500000000001,400,-0.2520325203252032,0.7763500000000001,14,4000.0,0.4217225,-2313.1099999999997,Flow60,T1-T10
7,sell,23.29,-7.74,14.0,400.0,7,15.511904761904763,14.035714285714286,1.4761904761904763,45.595238095238095,3,1,0.7599206349206349,0.058225,0,0.035714285714286476,inf,14,0.0,,-7.74,Flow60,T1-T10
8,sell,300.0,-798.49,11.0,300.0,7,9.527777777777779,6.194444444444445,3.3333333333333335,26.166666666666668,3,1,0.4361111111111111,1.0,300,-4.805555555555555,1.0,14,900.0,-0.8872111111111112,-1698.49,Flow60,T1-T10
1,buy,231.41,1804.15,17.0,300.0,7,13.537878787878787,9.871212121212121,3.6666666666666665,48.21212121212121,4,1,0.8035353535353535,0.7713666666666666,300,3.462121212121213,0.7713666666666666,14,900.0,2.004611111111111,904.1500000000001,Flow60,T1-T10
2,buy,128.6,616.01,14.0,400.0,7,10.95774647887324,0.0,10.95774647887324,58.80281690140845,4,1,0.9800469483568075,0.3215,200,3.04225352112676,0.643,14,0.0,,616.01,Flow60,T1-T10
3,buy,300.0,2319.12,17.0,300.0,7,13.0,2.0,11.0,31.0,4,1,0.5166666666666667,1.0,300,4.0,1.0,14,900.0,2.5768,1419.12,Flow60,T1-T10
4,buy,256.55,1684.35,16.0,300.0,7,11.287671232876713,5.205479452054795,6.082191780821918,36.47945205479452,4,1,0.6079908675799087,0.8551666666666667,300,4.712328767123287,0.8551666666666667,14,600.0,2.80725,1084.35,Flow60,T1-T10
5,sell,400.0,2485.94,3.0,400.0,7,4.909090909090909,2.1818181818181817,2.727272727272727,17.636363636363637,4,1,0.29393939393939394,1.0,400,-0.8181818181818183,1.0,14,4400.0,0.5649863636363637,-1914.06,Flow60,T1-T10
6,sell,400.0,2127.54,4.0,400.0,7,9.428571428571429,3.978021978021978,5.450549450549451,35.46153846153846,4,1,0.591025641025641,1.0,400,-0.0219780219780219,1.0,14,4000.0,0.5318849999999999,-1872.46,Flow60,T1-T10
7,sell,0.0,0.0,14.0,400.0,7,20.0,17.0,3.0,28.0,4,1,0.4666666666666667,0.0,0,3.0,,14,0.0,,0.0,Flow60,T1-T10
8,sell,100.0,-155.64,11.0,300.0,7,7.368421052631579,6.368421052631579,1.0,23.526315789473685,4,1,0.39210526315789473,0.3333333333333333,300,-4.631578947368421,0.3333333333333333,14,900.0,-0.17293333333333333,-1055.6399999999999,Flow60,T1-T10
1,buy,43.28,-53.06,6.0,400.0,7,10.107438016528926,3.5950413223140494,6.512396694214876,47.247933884297524,5,2,0.7874655647382921,0.1082,0,-4.107438016528926,inf,6,0.0,,-53.06,Flow60,T1-T10
2,buy,177.8,224.76,8.0,400.0,7,6.880597014925373,0.6865671641791045,6.1940298507462686,59.014925373134325,5,2,0.9835820895522388,0.4445,400,1.1194029850746272,0.4445,6,800.0,0.28095,-575.24,Flow60,T1-T10
3,buy,400.0,3768.2,17.0,400.0,7,12.0,3.0,9.0,30.0,5,2,0.5,1.0,400,5.0,1.0,6,4400.0,0.8564090909090909,-631.8000000000002,Flow60,T1-T10
4,buy,399.61,2888.53,15.0,400.0,7,10.695652173913043,4.173913043478261,6.521739130434782,37.30434782608695,5,2,0.6217391304347826,0.999025,400,4.304347826086957,0.999025,6,3600.0,0.8023694444444445,-711.4699999999998,Flow60,T1-T10
5,sell,254.74,656.15,5.0,400.0,7,7.734104046242774,3.7745664739884393,3.959537572254335,28.115606936416185,5,2,0.4685934489402698,0.63685,400,-1.2254335260115607,0.63685,6,400.0,1.640375,256.15,Flow60,T1-T10
6,sell,400.0,756.85,6.0,400.0,7,8.258426966292134,3.752808988764045,4.50561797752809,43.8876404494382,5,2,0.7314606741573033,1.0,200,-2.247191011235955,2.0,6,0.0,,756.85,Flow60,T1-T10
7,sell,68.65,219.78,4.0,300.0,7,11.03076923076923,7.3538461538461535,3.6769230769230767,34.276923076923076,5,2,0.5712820512820512,0.22883333333333336,300,3.3538461538461535,0.22883333333333336,6,600.0,0.3663,-380.22,Flow60,T1-T10
8,sell,300.0,1183.86,3.0,300.0,7,3.6724137931034484,1.396551724137931,2.2758620689655173,19.844827586206897,5,2,0.3307471264367816,1.0,300,-1.603448275862069,1.0,6,900.0,1.3154,283.8599999999999,Flow60,T1-T10
1,buy,0.0,0.0,6.0,400.0,7,5.087719298245614,2.5789473684210527,2.508771929824561,42.07017543859649,6,2,0.7011695906432749,0.0,0,0.9122807017543861,,6,0.0,,0.0,Flow60,T1-T10
2,buy,256.87,482.17,8.0,400.0,7,7.0,4.0,3.0,60.0,6,2,1.0,0.642175,400,1.0,0.642175,6,800.0,0.6027125,-317.83,Flow60,T1-T10
3,buy,400.0,3511.65,17.0,400.0,7,11.5,3.28125,8.21875,29.875,6,2,0.4979166666666667,1.0,400,5.5,1.0,6,4400.0,0.7981022727272727,-888.3499999999999,Flow60,T1-T10
4,buy,400.0,3106.24,15.0,400.0,7,9.0,0.0,9.0,44.0,6,2,0.7333333333333333,1.0,400,6.0,1.0,6,3600.0,0.8628444444444444,-493.7600000000002,Flow60,T1-T10
5,sell,354.28,1002.22,5.0,400.0,7,12.090909090909092,6.5227272727272725,5.568181818181818,22.25,6,2,0.37083333333333335,0.8856999999999999,400,1.5227272727272725,0.8856999999999999,6,400.0,2.50555,602.22,Flow60,T1-T10
6,sell,381.9,820.56,6.0,400.0,7,11.732824427480915,5.358778625954199,6.374045801526718,41.152671755725194,6,2,0.6858778625954199,0.95475,200,-0.6412213740458013,1.9095,6,0.0,,820.56,Flow60,T1-T10
7,sell,0.0,0.0,4.0,300.0,7,11.912280701754385,10.157894736842104,1.7543859649122806,56.0,6,2,0.9333333333333333,0.0,300,6.157894736842104,0.0,6,600.0,0.0,-600.0,Flow60,T1-T10
8,sell,300.0,871.88,3.0,300.0,7,9.25,7.5625,1.6875,26.46875,6,2,0.44114583333333335,1.0,300,4.5625,1.0,6,900.0,0.9687555555555556,-28.120000000000005,Flow60,T1-T10
1,buy,6.99,-57.72,6.0,400.0,7,8.443037974683545,3.2658227848101267,5.177215189873418,35.607594936708864,7,2,0.5934599156118144,0.017475,0,-2.443037974683545,inf,6,0.0,,-57.72,Flow60,T1-T10
2,buy,251.48,326.56,8.0,400.0,7,7.0,4.0,3.0,60.0,7,2,1.0,0.6286999999999999,400,1.0,0.6286999999999999,6,800.0,0.4082,-473.44,Flow60,T1-T10
3,buy,400.0,3776.84,17.0,400.0,7,11.0,2.0,9.0,29.0,7,2,0.48333333333333334,1.0,400,6.0,1.0,6,4400.0,0.8583727272727273,-623.1599999999999,Flow60,T1-T10
4,buy,400.0,3085.08,15.0,400.0,7,9.0,6.0,3.0,27.0,7,2,0.45,1.0,400,6.0,1.0,6,3600.0,0.8569666666666667,-514.9200000000001,Flow60,T1-T10
5,sell,146.46,409.89,5.0,400.0,7,15.802197802197803,6.0989010989010985,9.703296703296703,15.296703296703297,7,2,0.254945054945055,0.36615000000000003,400,1.0989010989010985,0.36615000000000003,6,400.0,1.0247249999999999,9.889999999999986,Flow60,T1-T10
6,sell,400.0,623.56,6.0,400.0,7,6.5,4.0,2.5,37.5,7,2,0.625,1.0,200,-2.0,2.0,6,0.0,,623.56,Flow60,T1-T10
7,sell,200.0,609.8,4.0,300.0,7,11.140350877192983,6.666666666666667,4.473684210526316,60.0,7,2,1.0,0.6666666666666666,300,2.666666666666667,0.6666666666666666,6,600.0,1.0163333333333333,9.799999999999955,Flow60,T1-T10
8,sell,273.24,1072.68,3.0,300.0,7,5.3076923076923075,2.730769230769231,2.576923076923077,24.115384615384617,7,2,0.40192307692307694,0.9108,300,-0.26923076923076916,0.9108,6,900.0,1.1918666666666666,172.68000000000006,Flow60,T1-T10
1,buy,13.98,2.86,6.0,400.0,7,6.290322580645161,1.0161290322580645,5.274193548387097,46.193548387096776,8,2,0.7698924731182796,0.03495,0,-0.29032258064516103,inf,6,0.0,,2.86,Flow60,T1-T10
2,buy,400.0,687.89,8.0,400.0,7,7.0,3.3389830508474576,3.6610169491525424,60.0,8,2,1.0,1.0,400,1.0,1.0,6,800.0,0.8598625,-112.11000000000001,Flow60,T1-T10
3,buy,400.0,4205.68,17.0,400.0,7,8.0,2.0,6.0,30.0,8,2,0.5,1.0,400,9.0,1.0,6,4400.0,0.9558363636363637,-194.3199999999997,Flow60,T1-T10
4,buy,400.0,3280.9,15.0,400.0,7,9.0,3.0,6.0,27.0,8,2,0.45,1.0,400,6.0,1.0,6,3600.0,0.9113611111111112,-319.0999999999999,Flow60,T1-T10
5,sell,334.16,538.4,5.0,400.0,7,7.194444444444445,4.944444444444445,2.25,29.953703703703702,8,2,0.4992283950617284,0.8354,400,-0.05555555555555536,0.8354,6,400.0,1.3459999999999999,138.39999999999998,Flow60,T1-T10
6,sell,400.0,338.46,6.0,400.0,7,16.0,5.0,11.0,54.0,8,2,0.9,1.0,200,-1.0,2.0,6,0.0,,338.46,Flow60,T1-T10
7,sell,146.74,375.68,4.0,300.0,7,9.814814814814815,5.814814814814815,4.0,40.648148148148145,8,2,0.677469135802469,0.48913333333333336,300,1.8148148148148149,0.48913333333333336,6,600.0,0.6261333333333333,-224.32,Flow60,T1-T10
8,sell,300.0,892.14,3.0,300.0,7,4.0,1.2,2.8,21.7,8,2,0.36166666666666664,1.0,300,-1.8,1.0,6,900.0,0.9912666666666666,-7.860000000000014,Flow60,T1-T10
1,buy,299.51,2320.4,16.0,300.0,7,10.0,2.5945945945945947,7.405405405405405,42.2972972972973,9,3,0.704954954954955,0.9983666666666666,300,6.0,0.9983666666666666,9,2100.0,1.104952380952381,220.4000000000001,Flow60,T1-T10
2,buy,400.0,2472.21,15.0,400.0,7,10.75,6.375,4.375,58.125,9,3,0.96875,1.0,400,4.25,1.0,9,2400.0,1.0300875,72.21000000000004,Flow60,T1-T10
3,buy,90.99,163.66,10.0,400.0,7,8.69047619047619,3.0476190476190474,5.642857142857143,41.26190476190476,9,3,0.6876984126984127,0.22747499999999998,400,1.3095238095238102,0.22747499999999998,9,400.0,0.40915,-236.34,Flow60,T1-T10
4,buy,389.51,2774.93,14.0,400.0,7,9.0,3.0,6.0,30.0,9,3,0.5,0.973775,400,5.0,0.973775,9,2000.0,1.387465,774.9299999999998,Flow60,T1-T10
5,sell,400.0,2263.43,3.0,400.0,7,14.076923076923077,6.0,8.076923076923077,51.76923076923077,9,3,0.8628205128205128,1.0,400,3.0,1.0,9,2400.0,0.9430958333333332,-136.57000000000016,Flow60,T1-T10
6,sell,400.0,1403.63,5.0,400.0,7,11.0,5.076923076923077,5.923076923076923,32.30769230769231,9,3,0.5384615384615384,1.0,400,0.07692307692307665,1.0,9,1600.0,0.87726875,-196.3699999999999,Flow60,T1-T10
7,sell,60.96,332.83,4.0,400.0,7,13.3125,6.890625,6.421875,5.609375,9,3,0.09348958333333333,0.1524,400,2.890625,0.1524,9,2000.0,0.16641499999999998,-1667.17,Flow60,T1-T10
8,sell,300.0,-499.43,8.0,300.0,7,7.4,4.1,3.3,26.9,9,3,0.4483333333333333,1.0,300,-3.9000000000000004,1.0,9,300.0,-1.6647666666666667,-799.4300000000001,Flow60,T1-T10
1,buy,254.23,1810.78,16.0,300.0,7,11.03225806451613,4.548387096774194,6.483870967741935,39.04032258064516,10,3,0.6506720430107527,0.8474333333333333,300,4.96774193548387,0.8474333333333333,9,2100.0,0.8622761904761904,-289.22,Flow60,T1-T10
2,buy,400.0,2300.27,15.0,400.0,7,15.352941176470589,10.808823529411764,4.544117647058823,28.61764705882353,10,3,0.47696078431372546,1.0,400,-0.35294117647058876,1.0,9,2400.0,0.9584458333333333,-99.73000000000002,Flow60,T1-T10
3,buy,400.0,485.41,10.0,400.0,7,9.384615384615385,7.6923076923076925,1.6923076923076923,36.92307692307692,10,3,0.6153846153846153,1.0,400,0.615384615384615,1.0,9,400.0,1.213525,85.41000000000003,Flow60,T1-T10
4,buy,343.15,1755.74,14.0,400.0,7,9.872340425531915,3.872340425531915,6.0,38.851063829787236,10,3,0.6475177304964539,0.8578749999999999,400,4.127659574468085,0.8578749999999999,9,2000.0,0.87787,-244.26,Flow60,T1-T10
5,sell,400.0,2443.7,3.0,400.0,7,15.228571428571428,6.385714285714286,8.842857142857143,18.857142857142858,10,3,0.3142857142857143,1.0,400,3.385714285714286,1.0,9,2400.0,1.0182083333333332,43.69999999999982,Flow60,T1-T10
6,sell,400.0,1679.15,5.0,400.0,7,15.333333333333334,6.111111111111111,9.222222222222221,47.06666666666667,10,3,0.7844444444444445,1.0,400,1.1111111111111107,1.0,9,1600.0,1.04946875,79.15000000000009,Flow60,T1-T10
7,sell,300.0,1421.5,4.0,400.0,7,6.96,5.48,1.48,31.68,10,3,0.528,0.75,400,1.4800000000000004,0.75,9,2000.0,0.71075,-578.5,Flow60,T1-T10
8,sell,259.0,157.49,8.0,300.0,7,7.0,4.076923076923077,2.923076923076923,39.42307692307692,10,3,0.657051282051282,0.8633333333333333,300,-3.9230769230769234,0.8633333333333333,9,300.0,0.5249666666666667,-142.51,Flow60,T1-T10
1,buy,300.0,2216.21,16.0,300.0,7,11.794871794871796,8.05982905982906,3.735042735042735,39.63247863247863,11,3,0.6605413105413105,1.0,300,4.205128205128204,1.0,9,2100.0,1.0553380952380953,116.21000000000004,Flow60,T11-T20
2,buy,400.0,2630.14,15.0,400.0,7,9.0,5.0,4.0,60.0,11,3,1.0,1.0,400,6.0,1.0,9,2400.0,1.0958916666666667,230.13999999999987,Flow60,T11-T20
3,buy,399.93,635.7,10.0,400.0,7,9.0,6.092307692307692,2.9076923076923076,51.61538461538461,11,3,0.8602564102564102,0.999825,400,1.0,0.999825,9,400.0,1.58925,235.70000000000005,Flow60,T11-T20
4,buy,327.85,1780.91,14.0,400.0,7,9.441176470588236,3.6176470588235294,5.823529411764706,35.76470588235294,11,3,0.596078431372549,0.819625,400,4.5588235294117645,0.819625,9,2000.0,0.890455,-219.08999999999992,Flow60,T11-T20
5,sell,374.36,2124.27,3.0,400.0,7,13.392156862745098,7.392156862745098,6.0,21.96078431372549,11,3,0.3660130718954248,0.9359000000000001,400,4.392156862745098,0.9359000000000001,9,2400.0,0.8851125,-275.73,Flow60,T11-T20
6,sell,354.37,1336.11,5.0,400.0,7,12.745562130177515,5.834319526627219,6.911242603550296,45.64497041420118,11,3,0.7607495069033531,0.885925,400,0.834319526627219,0.885925,9,1600.0,0.8350687499999999,-263.8900000000001,Flow60,T11-T20
7,sell,383.75,1704.95,4.0,400.0,7,10.166666666666666,8.083333333333334,2.0833333333333335,47.5,11,3,0.7916666666666666,0.959375,400,4.083333333333334,0.959375,9,2000.0,0.852475,-295.04999999999995,Flow60,T11-T20
8,sell,300.0,4.94,8.0,300.0,7,7.6909090909090905,5.5636363636363635,2.1272727272727274,38.03636363636364,11,3,0.633939393939394,1.0,300,-2.4363636363636365,1.0,9,300.0,0.016466666666666668,-295.06,Flow60,T11-T20
1,buy,299.31,2324.15,16.0,300.0,7,10.685714285714285,8.028571428571428,2.657142857142857,49.042857142857144,12,3,0.8173809523809524,0.9977,300,5.314285714285715,0.9977,9,2100.0,1.1067380952380952,224.1500000000001,Flow60,T11-T20
2,buy,397.76,2795.06,15.0,400.0,7,8.926829268292684,4.0,4.926829268292683,60.0,12,3,1.0,0.9944,400,6.073170731707316,0.9944,9,2400.0,1.1646083333333332,395.05999999999995,Flow60,T11-T20
3,buy,182.24,297.92,10.0,400.0,7,8.796875,5.234375,3.5625,43.921875,12,3,0.73203125,0.4556,400,1.203125,0.4556,9,400.0,0.7448,-102.07999999999998,Flow60,T11-T20
4,buy,399.71,2181.15,14.0,400.0,7,10.30232558139535,3.86046511627907,6.441860465116279,40.41860465116279,12,3,0.6736434108527132,0.9992749999999999,400,3.6976744186046506,0.9992749999999999,9,2000.0,1.090575,181.1500000000001,Flow60,T11-T20
5,sell,400.0,2251.89,3.0,400.0,7,15.410526315789474,6.0,9.410526315789474,14.947368421052632,12,3,0.24912280701754386,1.0,400,3.0,1.0,9,2400.0,0.9382874999999999,-148.11000000000013,Flow60,T11-T20
6,sell,400.0,1559.12,5.0,400.0,7,14.0,8.0,6.0,45.0,12,3,0.75,1.0,400,3.0,1.0,9,1600.0,0.9744499999999999,-40.88000000000011,Flow60,T11-T20
7,sell,395.17,1776.23,4.0,400.0,7,11.46875,7.96875,3.5,49.03125,12,3,0.8171875,0.987925,400,3.96875,0.987925,9,2000.0,0.888115,-223.76999999999998,Flow60,T11-T20
8,sell,129.08,-467.25,8.0,300.0,7,8.470588235294118,4.294117647058823,4.176470588235294,40.294117647058826,12,3,0.6715686274509804,0.4302666666666667,300,-3.7058823529411766,0.4302666666666667,9,300.0,-1.5575,-767.25,Flow60,T11-T20
1,buy,400.0,3660.26,17.0,400.0,7,12.122641509433961,8.179245283018869,3.943396226415094,41.886792452830186,13,4,0.6981132075471698,1.0,400,4.8773584905660385,1.0,6,4400.0,0.8318772727272727,-739.7399999999998,Flow60,T11-T20
2,buy,394.36,2831.23,15.0,400.0,7,8.649122807017545,4.087719298245614,4.56140350877193,60.0,13,4,1.0,0.9859,400,6.3508771929824555,0.9859,6,3600.0,0.7864527777777778,-768.77,Flow60,T11-T20
3,buy,242.53,151.22,8.0,400.0,7,8.0,7.0,1.0,36.61643835616438,13,4,0.6102739726027396,0.606325,400,0.0,0.606325,6,800.0,0.189025,-648.78,Flow60,T11-T20
4,buy,0.0,0.0,6.0,400.0,7,5.0,0.23333333333333334,4.766666666666667,53.7,13,4,0.895,0.0,0,1.0,,6,0.0,,0.0,Flow60,T11-T20
5,sell,249.8,572.99,6.0,400.0,7,15.0,7.0,8.0,21.0,13,4,0.35,0.6245,200,1.0,1.249,6,0.0,,572.99,Flow60,T11-T20
6,sell,299.79,1496.09,3.0,300.0,7,16.8,6.2,10.6,38.48571428571429,13,4,0.6414285714285715,0.9993000000000001,300,3.2,0.9993000000000001,6,900.0,1.662322222222222,596.0899999999999,Flow60,T11-T20
7,sell,149.23,484.5,5.0,400.0,7,10.320512820512821,8.64102564102564,1.6794871794871795,60.0,13,4,1.0,0.373075,400,3.6410256410256405,0.373075,6,400.0,1.21125,84.5,Flow60,T11-T20
8,sell,300.0,871.7,4.0,300.0,7,4.65,2.4,2.25,38.5,13,4,0.6416666666666667,1.0,300,-1.6,1.0,6,600.0,1.4528333333333334,271.70000000000005,Flow60,T11-T20
1,buy,399.53,3797.94,17.0,400.0,7,8.868131868131869,4.043956043956044,4.824175824175824,50.494505494505496,14,4,0.8415750915750916,0.998825,400,8.131868131868131,0.998825,6,4400.0,0.8631681818181818,-602.06,Flow60,T11-T20
2,buy,385.05,2978.23,15.0,400.0,7,8.0,3.9405940594059405,4.0594059405940595,60.0,14,4,1.0,0.9626250000000001,400,7.0,0.9626250000000001,6,3600.0,0.8272861111111112,-621.77,Flow60,T11-T20
3,buy,400.0,163.66,8.0,400.0,7,8.0,7.0,1.0,52.0,14,4,0.8666666666666667,1.0,400,0.0,1.0,6,800.0,0.204575,-636.34,Flow60,T11-T20
4,buy,0.0,0.0,6.0,400.0,7,5.0,0.0,5.0,60.0,14,4,1.0,0.0,0,1.0,,6,0.0,,0.0,Flow60,T11-T20
5,sell,214.27,389.56,6.0,400.0,7,13.793103448275861,7.206896551724138,6.586206896551724,27.620689655172413,14,4,0.4603448275862069,0.535675,200,1.206896551724138,1.07135,6,0.0,,389.56,Flow60,T11-T20
6,sell,292.25,1408.62,3.0,300.0,7,14.017543859649123,6.701754385964913,7.315789473684211,38.526315789473685,14,4,0.6421052631578947,0.9741666666666666,300,3.7017543859649127,0.9741666666666666,6,900.0,1.5651333333333333,508.6199999999999,Flow60,T11-T20
7,sell,315.48,774.15,5.0,400.0,7,10.342105263157896,7.671052631578948,2.6710526315789473,60.0,14,4,1.0,0.7887000000000001,400,2.671052631578948,0.7887000000000001,6,400.0,1.9353749999999998,374.15,Flow60,T11-T20
8,sell,300.0,864.41,4.0,300.0,7,3.076923076923077,0.9230769230769231,2.1538461538461537,28.076923076923077,14,4,0.46794871794871795,1.0,300,-3.0769230769230766,1.0,6,600.0,1.4406833333333333,264.40999999999997,Flow60,T11-T20
1,buy,400.0,3757.13,17.0,400.0,7,12.9125,9.0875,3.825,45.4125,15,4,0.7568750000000001,1.0,400,4.0875,1.0,6,4400.0,0.8538931818181819,-642.8699999999999,Flow60,T11-T20
2,buy,400.0,2965.7,15.0,400.0,7,8.0,5.0,3.0,60.0,15,4,1.0,1.0,400,7.0,1.0,6,3600.0,0.8238055555555555,-634.3000000000002,Flow60,T11-T20
3,buy,400.0,169.66,8.0,400.0,7,8.0,6.0,2.0,46.0,15,4,0.7666666666666667,1.0,400,0.0,1.0,6,800.0,0.21207499999999999,-630.34,Flow60,T11-T20
4,buy,93.48,166.66,6.0,400.0,7,5.0,0.0,5.0,60.0,15,4,1.0,0.23370000000000002,0,1.0,inf,6,0.0,,166.66,Flow60,T11-T20
5,sell,393.48,661.38,6.0,400.0,7,6.935483870967742,3.3870967741935485,3.5483870967741935,25.93548387096774,15,4,0.432258064516129,0.9837,200,-2.6129032258064515,1.9674,6,0.0,,661.38,Flow60,T11-T20
6,sell,299.87,1372.11,3.0,300.0,7,12.0,5.25,6.75,46.05555555555556,15,4,0.7675925925925926,0.9995666666666667,300,2.25,0.9995666666666667,6,900.0,1.5245666666666666,472.1099999999999,Flow60,T11-T20
7,sell,284.01,725.94,5.0,400.0,7,10.0,7.315789473684211,2.6842105263157894,42.0,15,4,0.7,0.710025,400,2.3157894736842106,0.710025,6,400.0,1.81485,325.94000000000005,Flow60,T11-T20
8,sell,300.0,740.48,4.0,300.0,7,3.0,0.5151515151515151,2.484848484848485,8.545454545454545,15,4,0.14242424242424243,1.0,300,-3.484848484848485,1.0,6,600.0,1.2341333333333333,140.48000000000002,Flow60,T11-T20
1,buy,400.0,3765.67,17.0,400.0,7,10.470588235294118,6.431372549019608,4.03921568627451,44.745098039215684,16,4,0.745751633986928,1.0,400,6.529411764705882,1.0,6,4400.0,0.8558340909090909,-634.3299999999999,Flow60,T11-T20
2,buy,400.0,2997.93,15.0,400.0,7,8.0,5.0,3.0,60.0,16,4,1.0,1.0,400,7.0,1.0,6,3600.0,0.8327583333333333,-602.0700000000002,Flow60,T11-T20
3,buy,400.0,608.83,8.0,400.0,7,8.0,3.0,5.0,50.0,16,4,0.8333333333333334,1.0,400,0.0,1.0,6,800.0,0.7610375,-191.16999999999996,Flow60,T11-T20
4,buy,29.14,46.88,6.0,400.0,7,5.0,0.0,5.0,60.0,16,4,1.0,0.07285,0,1.0,inf,6,0.0,,46.88,Flow60,T11-T20
5,sell,259.09,519.73,6.0,400.0,7,8.034682080924856,4.2485549132947975,3.786127167630058,20.895953757225435,16,4,0.34826589595375723,0.6477249999999999,200,-1.7514450867052025,1.2954499999999998,6,0.0,,519.73,Flow60,T11-T20
6,sell,300.0,1361.13,3.0,300.0,7,18.0,5.0,13.0,39.0,16,4,0.65,1.0,300,2.0,1.0,6,900.0,1.5123666666666669,461.1300000000001,Flow60,T11-T20
7,sell,400.0,980.42,5.0,400.0,7,4.96969696969697,3.5454545454545454,1.4242424242424243,29.484848484848484,16,4,0.4914141414141414,1.0,400,-1.4545454545454546,1.0,6,400.0,2.45105,580.42,Flow60,T11-T20
8,sell,275.61,332.87,4.0,300.0,7,4.822222222222222,2.466666666666667,2.3555555555555556,6.977777777777778,16,4,0.1162962962962963,0.9187000000000001,300,-1.5333333333333332,0.9187000000000001,6,600.0,0.5547833333333333,-267.13,Flow60,T11-T20
1,buy,72.22,705.44,14.0,400.0,7,10.10135135135135,4.614864864864865,5.486486486486487,40.804054054054056,17,5,0.6800675675675676,0.18055,200,3.898648648648649,0.3611,14,0.0,,705.44,Flow60,T11-T20
2,buy,300.0,2514.39,16.0,300.0,7,8.0,6.0,2.0,60.0,17,5,1.0,1.0,300,8.0,1.0,14,600.0,4.19065,1914.3899999999999,Flow60,T11-T20
3,buy,240.36,1518.94,17.0,300.0,7,10.0,6.0,4.0,43.0,17,5,0.7166666666666667,0.8012,300,7.0,0.8012,14,900.0,1.6877111111111112,618.94,Flow60,T11-T20
4,buy,300.0,2752.29,17.0,300.0,7,9.0,1.0,8.0,48.0,17,5,0.8,1.0,300,8.0,1.0,14,900.0,3.0581,1852.29,Flow60,T11-T20
5,sell,3.9,-174.91,14.0,400.0,7,14.95890410958904,8.013698630136986,6.945205479452055,43.26027397260274,17,5,0.7210045662100456,0.00975,0,-5.986301369863014,inf,14,0.0,,-174.91,Flow60,T11-T20
6,sell,77.68,68.63,11.0,300.0,7,18.428571428571427,11.482142857142858,6.946428571428571,27.75,17,5,0.4625,0.25893333333333335,300,0.48214285714285765,0.25893333333333335,14,900.0,0.07625555555555555,-831.37,Flow60,T11-T20
7,sell,400.0,1466.06,4.0,400.0,7,6.702702702702703,5.162162162162162,1.5405405405405406,34.270270270270274,17,5,0.5711711711711712,1.0,400,1.1621621621621623,1.0,14,4000.0,0.366515,-2533.94,Flow60,T11-T20
8,sell,400.0,2181.97,3.0,400.0,7,5.2926829268292686,2.975609756097561,2.317073170731707,10.536585365853659,17,5,0.175609756097561,1.0,400,-0.024390243902439046,1.0,14,4400.0,0.49590227272727266,-2218.03,Flow60,T11-T20
1,buy,353.83,1327.43,14.0,400.0,7,13.022727272727273,3.106060606060606,9.916666666666666,43.946969696969695,18,5,0.732449494949495,0.884575,200,0.9772727272727266,1.76915,14,0.0,,1327.43,Flow60,T11-T20
2,buy,59.5,236.81,16.0,300.0,7,10.125,0.0,10.125,60.0,18,5,1.0,0.19833333333333333,300,5.875,0.19833333333333333,14,600.0,0.39468333333333333,-363.19,Flow60,T11-T20
3,buy,300.0,2168.0,17.0,300.0,7,11.0,4.0,7.0,59.0,18,5,0.9833333333333333,1.0,300,6.0,1.0,14,900.0,2.408888888888889,1268.0,Flow60,T11-T20
4,buy,129.21,712.08,17.0,300.0,7,10.793103448275861,3.1264367816091956,7.666666666666667,46.6551724137931,18,5,0.7775862068965517,0.4307,300,6.206896551724139,0.4307,14,900.0,0.7912,-187.91999999999996,Flow60,T11-T20
5,sell,0.2,-6.86,14.0,400.0,7,15.457831325301205,12.939759036144578,2.5180722891566263,34.144578313253014,18,5,0.5690763052208836,0.0005,0,-1.0602409638554224,inf,14,0.0,,-6.86,Flow60,T11-T20
6,sell,45.93,72.01,11.0,300.0,7,20.0,11.795698924731182,8.204301075268818,31.311827956989248,18,5,0.5218637992831542,0.15309999999999999,300,0.7956989247311821,0.15309999999999999,14,900.0,0.08001111111111112,-827.99,Flow60,T11-T20
7,sell,393.21,2216.8,4.0,400.0,7,12.863636363636363,8.272727272727273,4.590909090909091,60.0,18,5,1.0,0.9830249999999999,400,4.272727272727273,0.9830249999999999,14,4000.0,0.5542,-1783.1999999999998,Flow60,T11-T20
8,sell,400.0,3168.75,3.0,400.0,7,3.0,0.2413793103448276,2.7586206896551726,6.5344827586206895,18,5,0.1089080459770115,1.0,400,-2.7586206896551726,1.0,14,4400.0,0.7201704545454546,-1231.25,Flow60,T11-T20
1,buy,86.14,344.79,14.0,400.0,7,11.675438596491228,2.4649122807017543,9.210526315789474,31.31578947368421,19,5,0.5219298245614035,0.21535,200,2.3245614035087723,0.4307,14,0.0,,344.79,Flow60,T11-T20
2,buy,262.15,1530.62,16.0,300.0,7,10.944444444444445,0.0,10.944444444444445,60.0,19,5,1.0,0.8738333333333332,300,5.055555555555555,0.8738333333333332,14,600.0,2.5510333333333333,930.6199999999999,Flow60,T11-T20
3,buy,180.34,1324.72,17.0,300.0,7,10.453125,6.875,3.578125,44.859375,19,5,0.74765625,0.6011333333333333,300,6.546875,0.6011333333333333,14,900.0,1.4719111111111112,424.72,Flow60,T11-T20
4,buy,300.0,2060.26,17.0,300.0,7,13.0,3.0,10.0,48.0,19,5,0.8,1.0,300,4.0,1.0,14,900.0,2.289177777777778,1160.2600000000002,Flow60,T11-T20
5,sell,0.8,-93.89,14.0,400.0,7,13.0,4.829268292682927,8.170731707317072,51.951219512195124,19,5,0.8658536585365854,0.002,0,-9.170731707317074,inf,14,0.0,,-93.89,Flow60,T11-T20
6,sell,5.8,9.46,11.0,300.0,7,15.705263157894738,12.0,3.705263157894737,5.147368421052631,19,5,0.08578947368421051,0.019333333333333334,300,1.0,0.019333333333333334,14,900.0,0.010511111111111112,-890.54,Flow60,T11-T20
7,sell,400.0,2477.05,4.0,400.0,7,12.075,9.825,2.25,59.925,19,5,0.9987499999999999,1.0,400,5.824999999999999,1.0,14,4000.0,0.6192625,-1522.9499999999998,Flow60,T11-T20
8,sell,400.0,2833.21,3.0,400.0,7,3.0,0.43636363636363634,2.5636363636363635,6.9818181818181815,19,5,0.11636363636363636,1.0,400,-2.5636363636363635,1.0,14,4400.0,0.6439113636363637,-1566.79,Flow60,T11-T20
1,buy,290.3,985.64,14.0,400.0,7,13.506172839506172,7.160493827160494,6.345679012345679,48.84567901234568,20,5,0.8140946502057613,0.72575,200,0.4938271604938276,1.4515,14,0.0,,985.64,Flow60,T11-T20
2,buy,258.02,1160.65,16.0,300.0,7,12.13978494623656,0.0,12.13978494623656,60.0,20,5,1.0,0.8600666666666666,300,3.86021505376344,0.8600666666666666,14,600.0,1.934416666666667,560.6500000000001,Flow60,T11-T20
3,buy,300.0,1723.09,17.0,300.0,7,13.0,6.0,7.0,46.0,20,5,0.7666666666666667,1.0,300,4.0,1.0,14,900.0,1.9145444444444444,823.0899999999999,Flow60,T11-T20
4,buy,300.0,1714.54,17.0,300.0,7,13.0,3.0,10.0,44.0,20,5,0.7333333333333333,1.0,300,4.0,1.0,14,900.0,1.9050444444444443,814.54,Flow60,T11-T20
5,sell,130.6,-759.6,14.0,400.0,7,13.178947368421053,2.1578947368421053,11.021052631578947,60.0,20,5,1.0,0.3265,0,-11.842105263157894,inf,14,0.0,,-759.6,Flow60,T11-T20
6,sell,278.65,281.95,11.0,300.0,7,14.938271604938272,11.604938271604938,3.3333333333333335,46.7037037037037,20,5,0.778395061728395,0.9288333333333333,300,0.6049382716049383,0.9288333333333333,14,900.0,0.31327777777777777,-618.05,Flow60,T11-T20
7,sell,400.0,2941.79,4.0,400.0,7,13.0,11.0,2.0,60.0,20,5,1.0,1.0,400,7.0,1.0,14,4000.0,0.7354475,-1058.21,Flow60,T11-T20
8,sell,300.0,2546.98,3.0,400.0,7,2.4716981132075473,1.2641509433962264,1.2075471698113207,5.90566037735849,20,5,0.09842767295597483,0.75,400,-1.7358490566037736,0.75,14,4400.0,0.5788590909090909,-1853.02,Flow60,T11-T20
1,buy,300.0,2160.8,17.0,300.0,8,12.0,0.0,12.0,51.0,1,1,0.85,1.0,300,5.0,1.0,14,900.0,2.4008888888888893,1260.8000000000002,Flow60,T1-T10
2,buy,102.55,626.12,14.0,400.0,8,10.046153846153846,0.0,10.046153846153846,29.953846153846154,1,1,0.49923076923076926,0.256375,200,3.953846153846154,0.51275,14,0.0,,626.12,Flow60,T1-T10
3,buy,0.0,0.0,17.0,300.0,8,3.4814814814814814,1.4444444444444444,2.037037037037037,8.296296296296296,1,1,0.1382716049382716,0.0,300,13.518518518518519,0.0,14,900.0,0.0,-900.0,Flow60,T1-T10
4,buy,283.27,1175.88,16.0,300.0,8,13.761904761904763,1.880952380952381,11.880952380952381,47.357142857142854,1,1,0.7892857142857143,0.9442333333333333,300,2.2380952380952372,0.9442333333333333,14,600.0,1.9598000000000002,575.8800000000001,Flow60,T1-T10
5,sell,264.67,2226.05,3.0,400.0,8,20.0,7.258823529411765,12.741176470588234,11.117647058823529,1,1,0.1852941176470588,0.661675,400,4.258823529411765,0.661675,14,4400.0,0.5059204545454545,-2173.95,Flow60,T1-T10
6,sell,340.43,1685.0,4.0,400.0,8,20.0,7.068965517241379,12.931034482758621,50.172413793103445,1,1,0.8362068965517241,0.851075,400,3.068965517241379,0.851075,14,4000.0,0.42125,-2315.0,Flow60,T1-T10
7,sell,0.0,0.0,14.0,400.0,8,17.329113924050635,16.329113924050635,1.0,47.949367088607595,1,1,0.7991561181434599,0.0,0,2.3291139240506347,,14,0.0,,0.0,Flow60,T1-T10
8,sell,116.1,84.61,11.0,300.0,8,13.4,7.8,5.6,18.0,1,1,0.3,0.38699999999999996,300,-3.2,0.38699999999999996,14,900.0,0.09401111111111111,-815.39,Flow60,T1-T10
1,buy,300.0,2237.83,17.0,300.0,8,12.64,7.6,5.04,37.4,2,1,0.6233333333333333,1.0,300,4.359999999999999,1.0,14,900.0,2.4864777777777776,1337.83,Flow60,T1-T10
2,buy,300.0,2076.38,14.0,400.0,8,8.168831168831169,0.0,8.168831168831169,35.98701298701299,2,1,0.5997835497835499,0.75,200,5.8311688311688314,1.5,14,0.0,,2076.38,Flow60,T1-T10
3,buy,0.0,0.0,17.0,300.0,8,3.75,0.0,3.75,3.0,2,1,0.05,0.0,300,13.25,0.0,14,900.0,0.0,-900.0,Flow60,T1-T10
4,buy,295.89,2427.04,16.0,300.0,8,8.244444444444444,4.866666666666666,3.3777777777777778,47.93333333333333,2,1,0.7988888888888889,0.9863,300,7.755555555555556,0.9863,14,600.0,4.045066666666667,1827.04,Flow60,T1-T10
5,sell,368.32,1509.23,3.0,400.0,8,17.307692307692307,5.423076923076923,11.884615384615385,27.384615384615383,2,1,0.4564102564102564,0.9208,400,2.4230769230769234,0.9208,14,4400.0,0.34300681818181816,-2890.77,Flow60,T1-T10
6,sell,400.0,1952.16,4.0,400.0,8,10.41025641025641,2.1794871794871793,8.23076923076923,22.05128205128205,2,1,0.3675213675213675,1.0,400,-1.8205128205128207,1.0,14,4000.0,0.48804000000000003,-2047.84,Flow60,T1-T10
7,sell,0.0,0.0,14.0,400.0,8,17.19148936170213,12.702127659574469,4.48936170212766,40.829787234042556,2,1,0.6804964539007092,0.0,0,-1.2978723404255312,,14,0.0,,0.0,Flow60,T1-T10
8,sell,177.51,-395.66,11.0,300.0,8,13.246376811594203,8.028985507246377,5.217391304347826,18.6231884057971,2,1,0.3103864734299517,0.5917,300,-2.971014492753623,0.5917,14,900.0,-0.43962222222222225,-1295.66,Flow60,T1-T10
1,buy,300.0,2401.13,17.0,300.0,8,10.0,6.0,4.0,60.0,3,1,1.0,1.0,300,7.0,1.0,14,900.0,2.6679222222222223,1501.13,Flow60,T1-T10
2,buy,197.88,1200.91,14.0,400.0,8,8.518518518518519,0.0,8.518518518518519,40.51851851851852,3,1,0.6753086419753086,0.4947,200,5.481481481481481,0.9894,14,0.0,,1200.91,Flow60,T1-T10
3,buy,2.81,31.58,17.0,300.0,8,11.740157480314961,8.338582677165354,3.4015748031496065,6.68503937007874,3,1,0.11141732283464566,0.009366666666666667,300,5.259842519685039,0.009366666666666667,14,900.0,0.035088888888888885,-868.42,Flow60,T1-T10
4,buy,300.0,2227.61,16.0,300.0,8,11.116279069767442,5.372093023255814,5.744186046511628,40.27906976744186,3,1,0.6713178294573644,1.0,300,4.883720930232558,1.0,14,600.0,3.7126833333333336,1627.6100000000001,Flow60,T1-T10
5,sell,400.0,2351.22,3.0,400.0,8,14.0,6.0,8.0,60.0,3,1,1.0,1.0,400,3.0,1.0,14,4400.0,0.5343681818181818,-2048.78,Flow60,T1-T10
6,sell,400.0,1710.84,4.0,400.0,8,8.138157894736842,2.335526315789474,5.802631578947368,47.38815789473684,3,1,0.7898026315789474,1.0,400,-1.664473684210526,1.0,14,4000.0,0.42771,-2289.16,Flow60,T1-T10
7,sell,0.0,0.0,14.0,400.0,8,16.016666666666666,14.1,1.9166666666666667,30.533333333333335,3,1,0.508888888888889,0.0,0,0.09999999999999964,,14,0.0,,0.0,Flow60,T1-T10
8,sell,0.0,0.0,11.0,300.0,8,14.0,12.0,2.0,8.0,3,1,0.13333333333333333,0.0,300,1.0,0.0,14,900.0,0.0,-900.0,Flow60,T1-T10
1,buy,300.0,1667.13,17.0,300.0,8,14.0,10.0,4.0,60.0,4,1,1.0,1.0,300,3.0,1.0,14,900.0,1.8523666666666667,767.1300000000001,Flow60,T1-T10
2,buy,341.05,1620.14,14.0,400.0,8,11.25974025974026,0.0,11.25974025974026,43.311688311688314,4,1,0.7218614718614719,0.8526250000000001,200,2.7402597402597397,1.7052500000000002,14,0.0,,1620.14,Flow60,T1-T10
3,buy,0.0,0.0,17.0,300.0,8,4.089285714285714,2.8035714285714284,1.2857142857142858,10.910714285714286,4,1,0.18184523809523812,0.0,300,12.910714285714285,0.0,14,900.0,0.0,-900.0,Flow60,T1-T10
4,buy,300.0,1764.48,16.0,300.0,8,14.042553191489361,8.659574468085106,5.382978723404255,47.42553191489362,4,1,0.7904255319148936,1.0,300,1.957446808510639,1.0,14,600.0,2.9408,1164.48,Flow60,T1-T10
5,sell,399.5,2755.53,3.0,400.0,8,14.36,8.88,5.48,57.12,4,1,0.952,0.99875,400,5.880000000000001,0.99875,14,4400.0,0.6262568181818182,-1644.4699999999998,Flow60,T1-T10
6,sell,400.0,2693.01,4.0,400.0,8,6.5064935064935066,2.4545454545454546,4.0519480519480515,53.688311688311686,4,1,0.8948051948051947,1.0,400,-1.5454545454545454,1.0,14,4000.0,0.6732525,-1306.9899999999998,Flow60,T1-T10
7,sell,15.56,-37.44,14.0,400.0,8,19.0,15.029411764705882,3.9705882352941178,36.69117647058823,4,1,0.6115196078431372,0.038900000000000004,0,1.0294117647058822,inf,14,0.0,,-37.44,Flow60,T1-T10
8,sell,127.48,-181.6,11.0,300.0,8,14.821428571428571,11.714285714285714,3.107142857142857,6.732142857142857,4,1,0.11220238095238094,0.42493333333333333,300,0.7142857142857135,0.42493333333333333,14,900.0,-0.20177777777777778,-1081.6,Flow60,T1-T10
1,buy,0.25,-0.54,6.0,400.0,8,4.5,1.206896551724138,3.293103448275862,49.189655172413794,5,2,0.8198275862068966,0.000625,0,1.5,inf,6,0.0,,-0.54,Flow60,T1-T10
2,buy,128.61,179.41,8.0,400.0,8,7.344827586206897,0.0,7.344827586206897,22.873563218390803,5,2,0.38122605363984674,0.32152500000000006,400,0.6551724137931032,0.32152500000000006,6,800.0,0.2242625,-620.59,Flow60,T1-T10
3,buy,400.0,3374.63,17.0,400.0,8,12.424242424242424,6.909090909090909,5.515151515151516,15.151515151515152,5,2,0.25252525252525254,1.0,400,4.575757575757576,1.0,6,4400.0,0.7669613636363637,-1025.37,Flow60,T1-T10
4,buy,350.0,2230.18,15.0,400.0,8,12.787234042553191,4.085106382978723,8.702127659574469,52.02127659574468,5,2,0.8670212765957447,0.875,400,2.212765957446809,0.875,6,3600.0,0.6194944444444443,-1369.8200000000002,Flow60,T1-T10
5,sell,361.43,1197.27,5.0,400.0,8,12.953846153846154,7.523076923076923,5.430769230769231,57.8,5,2,0.9633333333333333,0.903575,400,2.523076923076923,0.903575,6,400.0,2.993175,797.27,Flow60,T1-T10
6,sell,137.25,384.99,6.0,400.0,8,17.635135135135137,8.662162162162161,8.972972972972974,60.0,5,2,1.0,0.343125,200,2.6621621621621614,0.68625,6,0.0,,384.99,Flow60,T1-T10
7,sell,300.0,1235.78,4.0,300.0,8,10.393939393939394,6.606060606060606,3.787878787878788,26.515151515151516,5,2,0.44191919191919193,1.0,300,2.6060606060606064,1.0,6,600.0,2.059633333333333,635.78,Flow60,T1-T10
8,sell,95.37,502.49,3.0,300.0,8,7.014705882352941,5.5588235294117645,1.4558823529411764,14.514705882352942,5,2,0.24191176470588235,0.3179,300,2.5588235294117645,0.3179,6,900.0,0.5583222222222223,-397.51,Flow60,T1-T10
1,buy,146.86,222.41,6.0,400.0,8,5.473684210526316,0.0,5.473684210526316,60.0,6,2,1.0,0.36715000000000003,0,0.5263157894736841,inf,6,0.0,,222.41,Flow60,T1-T10
2,buy,200.0,555.47,8.0,400.0,8,6.467391304347826,0.0,6.467391304347826,40.33695652173913,6,2,0.6722826086956523,0.5,400,1.5326086956521738,0.5,6,800.0,0.6943375,-244.52999999999997,Flow60,T1-T10
3,buy,317.78,3178.12,17.0,400.0,8,7.771428571428571,2.6,5.171428571428572,23.571428571428573,6,2,0.3928571428571429,0.7944499999999999,400,9.228571428571428,0.7944499999999999,6,4400.0,0.7222999999999999,-1221.88,Flow60,T1-T10
4,buy,356.41,2891.52,15.0,400.0,8,10.27027027027027,4.0,6.27027027027027,55.945945945945944,6,2,0.9324324324324323,0.8910250000000001,400,4.72972972972973,0.8910250000000001,6,3600.0,0.8032,-708.48,Flow60,T1-T10
5,sell,399.83,670.8,5.0,400.0,8,14.4375,5.609375,8.828125,60.0,6,2,1.0,0.999575,400,0.609375,0.999575,6,400.0,1.6769999999999998,270.79999999999995,Flow60,T1-T10
6,sell,53.68,90.17,6.0,400.0,8,11.39240506329114,7.0,4.3924050632911396,39.81012658227848,6,2,0.6635021097046413,0.13419999999999999,200,1.0,0.26839999999999997,6,0.0,,90.17,Flow60,T1-T10
7,sell,300.0,688.59,4.0,300.0,8,6.645161290322581,5.064516129032258,1.5806451612903225,24.06451612903226,6,2,0.40107526881720434,1.0,300,1.064516129032258,1.0,6,600.0,1.14765,88.59000000000003,Flow60,T1-T10
8,sell,276.01,692.24,3.0,300.0,8,11.986486486486486,6.04054054054054,5.945945945945946,17.62162162162162,6,2,0.2936936936936937,0.9200333333333333,300,3.0405405405405403,0.9200333333333333,6,900.0,0.7691555555555556,-207.76,Flow60,T1-T10
1,buy,68.22,53.58,6.0,400.0,8,6.0,0.0,6.0,51.766666666666666,7,2,0.8627777777777778,0.17055,0,0.0,inf,6,0.0,,53.58,Flow60,T1-T10
2,buy,300.0,486.27,8.0,400.0,8,7.194444444444445,0.0,7.194444444444445,47.75,7,2,0.7958333333333333,0.75,400,0.8055555555555554,0.75,6,800.0,0.6078375,-313.73,Flow60,T1-T10
3,buy,400.0,3884.51,17.0,400.0,8,10.61111111111111,4.833333333333333,5.777777777777778,19.63888888888889,7,2,0.32731481481481484,1.0,400,6.388888888888889,1.0,6,4400.0,0.8828431818181819,-515.4899999999998,Flow60,T1-T10
4,buy,400.0,2794.14,15.0,400.0,8,13.027027027027026,3.7837837837837838,9.243243243243244,43.24324324324324,7,2,0.7207207207207207,1.0,400,1.9729729729729737,1.0,6,3600.0,0.77615,-805.8600000000001,Flow60,T1-T10
5,sell,278.25,441.12,5.0,400.0,8,11.411764705882353,6.882352941176471,4.529411764705882,46.529411764705884,7,2,0.7754901960784314,0.695625,400,1.882352941176471,0.695625,6,400.0,1.1028,41.120000000000005,Flow60,T1-T10
6,sell,322.06,628.19,6.0,400.0,8,9.636363636363637,5.409090909090909,4.2272727272727275,60.0,7,2,1.0,0.80515,200,-0.5909090909090908,1.6103,6,0.0,,628.19,Flow60,T1-T10
7,sell,299.84,822.39,4.0,300.0,8,7.2631578947368425,6.2631578947368425,1.0,45.526315789473685,7,2,0.7587719298245614,0.9994666666666666,300,2.2631578947368425,0.9994666666666666,6,600.0,1.37065,222.39,Flow60,T1-T10
8,sell,297.87,1301.09,3.0,300.0,8,9.88,4.82,5.06,18.96,7,2,0.316,0.9929,300,1.8200000000000003,0.9929,6,900.0,1.4456555555555555,401.0899999999999,Flow60,T1-T10
1,buy,60.37,31.49,6.0,400.0,8,5.848484848484849,0.0,5.848484848484849,54.24242424242424,8,2,0.9040404040404041,0.150925,0,0.15151515151515138,inf,6,0.0,,31.49,Flow60,T1-T10
2,buy,266.41,278.64,8.0,400.0,8,7.450549450549451,0.0,7.450549450549451,39.62637362637363,8,2,0.6604395604395604,0.6660250000000001,400,0.5494505494505493,0.6660250000000001,6,800.0,0.3483,-521.36,Flow60,T1-T10
3,buy,400.0,4028.42,17.0,400.0,8,11.0625,4.703125,6.359375,16.359375,8,2,0.27265625,1.0,400,5.9375,1.0,6,4400.0,0.91555,-371.5799999999999,Flow60,T1-T10
4,buy,400.0,2915.43,15.0,400.0,8,16.02777777777778,3.2777777777777777,12.75,46.666666666666664,8,2,0.7777777777777778,1.0,400,-1.0277777777777786,1.0,6,3600.0,0.8098416666666666,-684.5700000000002,Flow60,T1-T10
5,sell,376.26,927.49,5.0,400.0,8,10.698412698412698,6.841269841269841,3.857142857142857,60.0,8,2,1.0,0.94065,400,1.841269841269841,0.94065,6,400.0,2.318725,527.49,Flow60,T1-T10
6,sell,168.27,225.17,6.0,400.0,8,7.890510948905109,3.678832116788321,4.211678832116788,52.11678832116788,8,2,0.8686131386861313,0.420675,200,-2.321167883211679,0.84135,6,0.0,,225.17,Flow60,T1-T10
7,sell,299.24,864.37,4.0,300.0,8,7.333333333333333,6.333333333333333,1.0,25.523809523809526,8,2,0.42539682539682544,0.9974666666666667,300,2.333333333333333,0.9974666666666667,6,600.0,1.4406166666666667,264.37,Flow60,T1-T10
8,sell,300.0,1183.14,3.0,300.0,8,9.0,5.0,4.0,17.595744680851062,8,2,0.2932624113475177,1.0,300,2.0,1.0,6,900.0,1.3146000000000002,283.1400000000001,Flow60,T1-T10
1,buy,152.56,1302.67,16.0,300.0,8,15.542857142857143,6.0,9.542857142857143,3.0,9,3,0.05,0.5085333333333334,300,0.4571428571428573,0.5085333333333334,9,2100.0,0.6203190476190477,-797.3299999999999,Flow60,T1-T10
2,buy,400.0,3099.56,15.0,400.0,8,10.0,0.0,10.0,28.661290322580644,9,3,0.47768817204301073,1.0,400,5.0,1.0,9,2400.0,1.2914833333333333,699.56,Flow60,T1-T10
3,buy,345.24,1067.41,10.0,400.0,8,10.884057971014492,6.0,4.884057971014493,15.695652173913043,9,3,0.26159420289855073,0.8631,400,-0.8840579710144922,0.8631,9,400.0,2.6685250000000003,667.4100000000001,Flow60,T1-T10
4,buy,399.96,2244.16,14.0,400.0,8,10.15625,4.1875,5.96875,58.125,9,3,0.96875,0.9998999999999999,400,3.84375,0.9998999999999999,9,2000.0,1.12208,244.15999999999985,Flow60,T1-T10
5,sell,399.07,1936.18,3.0,400.0,8,9.884615384615385,6.884615384615385,3.0,60.0,9,3,1.0,0.997675,400,3.884615384615385,0.997675,9,2400.0,0.8067416666666667,-463.81999999999994,Flow60,T1-T10
6,sell,400.0,985.72,5.0,400.0,8,5.457943925233645,1.4579439252336448,4.0,57.570093457943926,9,3,0.9595015576323987,1.0,400,-3.5420560747663554,1.0,9,1600.0,0.616075,-614.28,Flow60,T1-T10
7,sell,378.64,1291.49,4.0,400.0,8,11.10344827586207,6.517241379310345,4.586206896551724,20.74137931034483,9,3,0.34568965517241385,0.9466,400,2.517241379310345,0.9466,9,2000.0,0.645745,-708.51,Flow60,T1-T10
8,sell,130.8,17.37,8.0,300.0,8,9.879310344827585,8.379310344827585,1.5,17.137931034482758,9,3,0.28563218390804596,0.43600000000000005,300,0.3793103448275854,0.43600000000000005,9,300.0,0.0579,-282.63,Flow60,T1-T10
1,buy,198.25,1792.49,16.0,300.0,8,16.0,2.480769230769231,13.51923076923077,3.0,10,3,0.05,0.6608333333333334,300,0.0,0.6608333333333334,9,2100.0,0.8535666666666667,-307.51,Flow60,T1-T10
2,buy,300.0,2228.26,15.0,400.0,8,10.680851063829786,0.6808510638297872,10.0,27.127659574468087,10,3,0.4521276595744681,0.75,400,4.319148936170214,0.75,9,2400.0,0.9284416666666667,-171.73999999999978,Flow60,T1-T10
3,buy,307.96,916.78,10.0,400.0,8,8.49090909090909,4.4,4.090909090909091,18.527272727272727,10,3,0.3087878787878788,0.7698999999999999,400,1.5090909090909097,0.7698999999999999,9,400.0,2.29195,516.78,Flow60,T1-T10
4,buy,399.72,2079.13,14.0,400.0,8,11.5,3.3636363636363638,8.136363636363637,59.04545454545455,10,3,0.9840909090909091,0.9993000000000001,400,2.5,0.9993000000000001,9,2000.0,1.039565,79.13000000000011,Flow60,T1-T10
5,sell,278.3,1231.19,3.0,400.0,8,9.702127659574469,6.851063829787234,2.851063829787234,60.0,10,3,1.0,0.69575,400,3.8510638297872344,0.69575,9,2400.0,0.5129958333333333,-1168.81,Flow60,T1-T10
6,sell,397.29,1133.17,5.0,400.0,8,5.346534653465347,1.881188118811881,3.4653465346534653,19.366336633663366,10,3,0.3227722772277228,0.993225,400,-3.118811881188119,0.993225,9,1600.0,0.7082312500000001,-466.8299999999999,Flow60,T1-T10
7,sell,400.0,1412.11,4.0,400.0,8,7.739130434782608,6.739130434782608,1.0,33.82608695652174,10,3,0.563768115942029,1.0,400,2.7391304347826084,1.0,9,2000.0,0.706055,-587.8900000000001,Flow60,T1-T10
8,sell,222.06,195.64,8.0,300.0,8,9.0,7.8061224489795915,1.1938775510204083,16.806122448979593,10,3,0.28010204081632656,0.7402,300,-0.1938775510204085,0.7402,9,300.0,0.6521333333333333,-104.36000000000001,Flow60,T1-T10
1,buy,261.47,1987.98,16.0,300.0,8,12.0,1.7755102040816326,10.224489795918368,12.612244897959183,11,3,0.21020408163265306,0.8715666666666667,300,4.0,0.8715666666666667,9,2100.0,0.9466571428571429,-112.01999999999998,Flow60,T11-T20
2,buy,400.0,3030.75,15.0,400.0,8,12.7,3.6,9.1,31.2,11,3,0.52,1.0,400,2.3000000000000007,1.0,9,2400.0,1.2628125,630.75,Flow60,T11-T20
3,buy,394.82,912.0,10.0,400.0,8,10.833333333333334,3.3333333333333335,7.5,18.5,11,3,0.30833333333333335,0.98705,400,-0.8333333333333339,0.98705,9,400.0,2.28,512.0,Flow60,T11-T20
4,buy,397.02,1861.94,14.0,400.0,8,13.75,5.4375,8.3125,60.0,11,3,1.0,0.9925499999999999,400,0.25,0.9925499999999999,9,2000.0,0.9309700000000001,-138.05999999999995,Flow60,T11-T20
5,sell,399.25,2246.58,3.0,400.0,8,9.0,8.0,1.0,60.0,11,3,1.0,0.998125,400,5.0,0.998125,9,2400.0,0.936075,-153.42000000000007,Flow60,T11-T20
6,sell,400.0,1020.44,5.0,400.0,8,6.3478260869565215,2.217391304347826,4.130434782608695,60.0,11,3,1.0,1.0,400,-2.782608695652174,1.0,9,1600.0,0.637775,-579.56,Flow60,T11-T20
7,sell,399.16,1386.76,4.0,400.0,8,8.0,7.0,1.0,46.333333333333336,11,3,0.7722222222222223,0.9979,400,3.0,0.9979,9,2000.0,0.69338,-613.24,Flow60,T11-T20
8,sell,235.75,478.51,8.0,300.0,8,12.516483516483516,7.4945054945054945,5.021978021978022,11.989010989010989,11,3,0.19981684981684983,0.7858333333333334,300,-0.5054945054945055,0.7858333333333334,9,300.0,1.5950333333333333,178.51,Flow60,T11-T20
1,buy,299.14,2231.78,16.0,300.0,8,13.205882352941176,1.1029411764705883,12.102941176470589,12.308823529411764,12,3,0.2051470588235294,0.9971333333333333,300,2.7941176470588243,0.9971333333333333,9,2100.0,1.0627523809523811,131.7800000000002,Flow60,T11-T20
2,buy,355.08,2613.3,15.0,400.0,8,13.829787234042554,4.680851063829787,9.148936170212766,24.46808510638298,12,3,0.40780141843971635,0.8876999999999999,400,1.1702127659574462,0.8876999999999999,9,2400.0,1.088875,213.30000000000018,Flow60,T11-T20
3,buy,250.75,412.16,10.0,400.0,8,10.916666666666666,3.35,7.566666666666666,15.016666666666667,12,3,0.25027777777777777,0.626875,400,-0.9166666666666661,0.626875,9,400.0,1.0304,12.160000000000025,Flow60,T11-T20
4,buy,399.3,1460.39,14.0,400.0,8,14.538461538461538,6.0,8.538461538461538,48.23076923076923,12,3,0.8038461538461539,0.9982500000000001,400,-0.5384615384615383,0.9982500000000001,9,2000.0,0.730195,-539.6099999999999,Flow60,T11-T20
5,sell,241.41,1391.91,3.0,400.0,8,10.047619047619047,8.825396825396826,1.2222222222222223,60.0,12,3,1.0,0.603525,400,5.825396825396826,0.603525,9,2400.0,0.5799625,-1008.0899999999999,Flow60,T11-T20
6,sell,400.0,1271.88,5.0,400.0,8,13.333333333333334,9.27450980392157,4.0588235294117645,60.0,12,3,1.0,1.0,400,4.274509803921569,1.0,9,1600.0,0.7949250000000001,-328.1199999999999,Flow60,T11-T20
7,sell,400.0,1814.3,4.0,400.0,8,9.217391304347826,7.782608695652174,1.434782608695652,55.26086956521739,12,3,0.9210144927536231,1.0,400,3.782608695652174,1.0,9,2000.0,0.90715,-185.70000000000005,Flow60,T11-T20
8,sell,200.99,580.2,8.0,300.0,8,15.0,8.0,7.0,13.0,12,3,0.21666666666666667,0.6699666666666667,300,0.0,0.6699666666666667,9,300.0,1.9340000000000002,280.20000000000005,Flow60,T11-T20
1,buy,400.0,3842.51,17.0,400.0,8,13.0,1.542857142857143,11.457142857142857,12.457142857142857,13,4,0.20761904761904762,1.0,400,4.0,1.0,6,4400.0,0.8732977272727274,-557.4899999999998,Flow60,T11-T20
2,buy,298.33,2537.98,15.0,400.0,8,12.050632911392405,4.689873417721519,7.360759493670886,21.29746835443038,13,4,0.35495780590717296,0.745825,400,2.9493670886075947,0.745825,6,3600.0,0.7049944444444445,-1062.02,Flow60,T11-T20
3,buy,239.0,48.07,8.0,400.0,8,8.969696969696969,3.212121212121212,5.757575757575758,14.121212121212121,13,4,0.23535353535353534,0.5975,400,-0.9696969696969688,0.5975,6,800.0,0.0600875,-751.93,Flow60,T11-T20
4,buy,400.0,-1913.36,6.0,400.0,8,14.0,4.928571428571429,9.071428571428571,60.0,13,4,1.0,1.0,0,-8.0,inf,6,0.0,,-1913.36,Flow60,T11-T20
5,sell,399.48,1203.74,6.0,400.0,8,11.114285714285714,8.114285714285714,3.0,60.0,13,4,1.0,0.9987,200,2.114285714285714,1.9974,6,0.0,,1203.74,Flow60,T11-T20
6,sell,300.0,1557.1,3.0,300.0,8,6.956896551724138,1.1637931034482758,5.793103448275862,60.0,13,4,1.0,1.0,300,-1.8362068965517242,1.0,6,900.0,1.730111111111111,657.0999999999999,Flow60,T11-T20
7,sell,357.07,1178.55,5.0,400.0,8,9.34375,7.65625,1.6875,55.6875,13,4,0.928125,0.892675,400,2.65625,0.892675,6,400.0,2.9463749999999997,778.55,Flow60,T11-T20
8,sell,300.0,1051.42,4.0,300.0,8,6.526315789473684,2.1052631578947367,4.421052631578948,16.94736842105263,13,4,0.2824561403508772,1.0,300,-1.8947368421052633,1.0,6,600.0,1.7523666666666669,451.4200000000001,Flow60,T11-T20
1,buy,395.93,3947.25,17.0,400.0,8,13.04109589041096,1.9726027397260273,11.068493150684931,10.438356164383562,14,4,0.17397260273972603,0.9898250000000001,400,3.9589041095890405,0.9898250000000001,6,4400.0,0.8971022727272727,-452.75,Flow60,T11-T20
2,buy,400.0,3029.98,15.0,400.0,8,12.857142857142858,6.247619047619048,6.609523809523809,22.723809523809525,14,4,0.37873015873015875,1.0,400,2.1428571428571423,1.0,6,3600.0,0.8416611111111111,-570.02,Flow60,T11-T20
3,buy,400.0,376.82,8.0,400.0,8,9.444444444444445,4.296296296296297,5.148148148148148,16.037037037037038,14,4,0.267283950617284,1.0,400,-1.4444444444444446,1.0,6,800.0,0.47102499999999997,-423.18,Flow60,T11-T20
4,buy,110.03,-28.43,6.0,400.0,8,6.428571428571429,3.7142857142857144,2.7142857142857144,57.214285714285715,14,4,0.9535714285714286,0.275075,0,-0.4285714285714288,inf,6,0.0,,-28.43,Flow60,T11-T20
5,sell,399.21,640.19,6.0,400.0,8,9.617647058823529,7.617647058823529,2.0,60.0,14,4,1.0,0.9980249999999999,200,1.617647058823529,1.9960499999999999,6,0.0,,640.19,Flow60,T11-T20
6,sell,295.26,908.49,3.0,300.0,8,11.63888888888889,6.611111111111111,5.027777777777778,46.84722222222222,14,4,0.780787037037037,0.9842,300,3.6111111111111107,0.9842,6,900.0,1.0094333333333334,8.490000000000009,Flow60,T11-T20
7,sell,350.88,796.9,5.0,400.0,8,8.7375,7.0,1.7375,53.8375,14,4,0.8972916666666666,0.8772,400,2.0,0.8772,6,400.0,1.9922499999999999,396.9,Flow60,T11-T20
8,sell,272.55,897.71,4.0,300.0,8,13.683544303797468,7.139240506329114,6.544303797468355,28.0,14,4,0.4666666666666667,0.9085000000000001,300,3.1392405063291138,0.9085000000000001,6,600.0,1.4961833333333334,297.71000000000004,Flow60,T11-T20
1,buy,400.0,3579.97,17.0,400.0,8,12.0,2.0,10.0,10.690721649484535,15,4,0.17817869415807558,1.0,400,5.0,1.0,6,4400.0,0.8136295454545454,-820.0300000000002,Flow60,T11-T20
2,buy,398.05,2820.66,15.0,400.0,8,12.333333333333334,5.055555555555555,7.277777777777778,20.319444444444443,15,4,0.3386574074074074,0.995125,400,2.666666666666666,0.995125,6,3600.0,0.7835166666666666,-779.3400000000001,Flow60,T11-T20
3,buy,353.43,81.75,8.0,400.0,8,13.9375,10.208333333333334,3.7291666666666665,12.208333333333334,15,4,0.20347222222222222,0.883575,400,-5.9375,0.883575,6,800.0,0.1021875,-718.25,Flow60,T11-T20
4,buy,0.0,0.0,6.0,400.0,8,6.0,4.0,2.0,60.0,15,4,1.0,0.0,0,0.0,,6,0.0,,0.0,Flow60,T11-T20
5,sell,195.82,454.49,6.0,400.0,8,10.545454545454545,8.242424242424242,2.303030303030303,55.75757575757576,15,4,0.9292929292929293,0.48955,200,2.242424242424242,0.9791,6,0.0,,454.49,Flow60,T11-T20
6,sell,300.0,1538.94,3.0,300.0,8,10.9375,7.78125,3.15625,60.0,15,4,1.0,1.0,300,4.78125,1.0,6,900.0,1.7099333333333333,638.94,Flow60,T11-T20
7,sell,357.64,783.92,5.0,400.0,8,10.868421052631579,7.052631578947368,3.8157894736842106,39.473684210526315,15,4,0.6578947368421052,0.8941,400,2.052631578947368,0.8941,6,400.0,1.9598,383.91999999999996,Flow60,T11-T20
8,sell,245.41,1083.59,4.0,300.0,8,14.0,7.0,7.0,16.0,15,4,0.26666666666666666,0.8180333333333333,300,3.0,0.8180333333333333,6,600.0,1.8059833333333333,483.5899999999999,Flow60,T11-T20
1,buy,400.0,3687.18,17.0,400.0,8,13.0,3.0602409638554215,9.939759036144578,10.46987951807229,16,4,0.1744979919678715,1.0,400,4.0,1.0,6,4400.0,0.8379954545454545,-712.8200000000002,Flow60,T11-T20
2,buy,400.0,3069.96,15.0,400.0,8,9.0,0.0,9.0,31.0,16,4,0.5166666666666667,1.0,400,6.0,1.0,6,3600.0,0.8527666666666667,-530.04,Flow60,T11-T20
3,buy,337.1,136.29,8.0,400.0,8,14.170454545454545,10.954545454545455,3.215909090909091,9.886363636363637,16,4,0.16477272727272727,0.8427500000000001,400,-6.170454545454545,0.8427500000000001,6,800.0,0.1703625,-663.71,Flow60,T11-T20
4,buy,0.91,-200.79,6.0,400.0,8,6.2592592592592595,2.074074074074074,4.185185185185185,60.0,16,4,1.0,0.002275,0,-0.2592592592592595,inf,6,0.0,,-200.79,Flow60,T11-T20
5,sell,232.29,452.19,6.0,400.0,8,10.112676056338028,8.43661971830986,1.676056338028169,60.0,16,4,1.0,0.5807249999999999,200,2.43661971830986,1.1614499999999999,6,0.0,,452.19,Flow60,T11-T20
6,sell,300.0,1584.71,3.0,300.0,8,9.082191780821917,6.109589041095891,2.9726027397260273,59.52054794520548,16,4,0.9920091324200914,1.0,300,3.109589041095891,1.0,6,900.0,1.760788888888889,684.71,Flow60,T11-T20
7,sell,400.0,955.0,5.0,400.0,8,9.365853658536585,7.195121951219512,2.1707317073170733,59.75609756097561,16,4,0.9959349593495935,1.0,400,2.1951219512195124,1.0,6,400.0,2.3875,555.0,Flow60,T11-T20
8,sell,141.91,527.2,4.0,300.0,8,16.786516853932586,7.359550561797753,9.426966292134832,27.359550561797754,16,4,0.4559925093632959,0.4730333333333333,300,3.359550561797753,0.4730333333333333,6,600.0,0.8786666666666667,-72.79999999999995,Flow60,T11-T20
1,buy,132.56,788.14,14.0,400.0,8,12.0,2.0388349514563107,9.96116504854369,25.339805825242717,17,5,0.4223300970873786,0.33140000000000003,200,2.0,0.6628000000000001,14,0.0,,788.14,Flow60,T11-T20
2,buy,122.89,1013.26,16.0,300.0,8,10.0,0.0,10.0,51.0,17,5,0.85,0.40963333333333335,300,6.0,0.40963333333333335,14,600.0,1.6887666666666667,413.26,Flow60,T11-T20
3,buy,289.36,2231.28,17.0,300.0,8,11.268292682926829,7.170731707317073,4.097560975609756,18.0,17,5,0.3,0.9645333333333334,300,5.731707317073171,0.9645333333333334,14,900.0,2.4792,1331.2800000000002,Flow60,T11-T20
4,buy,300.0,2048.0,17.0,300.0,8,13.0,4.0,9.0,60.0,17,5,1.0,1.0,300,4.0,1.0,14,900.0,2.2755555555555556,1148.0,Flow60,T11-T20
5,sell,0.0,0.0,14.0,400.0,8,16.673076923076923,14.0,2.673076923076923,41.03846153846154,17,5,0.683974358974359,0.0,0,0.0,,14,0.0,,0.0,Flow60,T11-T20
6,sell,23.43,32.69,11.0,300.0,8,14.156862745098039,10.117647058823529,4.03921568627451,58.86274509803921,17,5,0.9810457516339869,0.0781,300,-0.882352941176471,0.0781,14,900.0,0.03632222222222222,-867.31,Flow60,T11-T20
7,sell,400.0,1756.19,4.0,400.0,8,11.08695652173913,7.0,4.086956521739131,60.0,17,5,1.0,1.0,400,3.0,1.0,14,4000.0,0.43904750000000003,-2243.81,Flow60,T11-T20
8,sell,399.57,2726.49,3.0,400.0,8,10.40677966101695,3.2711864406779663,7.135593220338983,15.033898305084746,17,5,0.2505649717514124,0.998925,400,0.27118644067796627,0.998925,14,4400.0,0.6196568181818182,-1673.5100000000002,Flow60,T11-T20
1,buy,185.2,745.63,14.0,400.0,8,12.0,3.0,9.0,13.0,18,5,0.21666666666666667,0.46299999999999997,200,2.0,0.9259999999999999,14,0.0,,745.63,Flow60,T11-T20
2,buy,300.0,1865.9,16.0,300.0,8,13.72,6.0,7.72,27.0,18,5,0.45,1.0,300,2.2799999999999994,1.0,14,600.0,3.1098333333333334,1265.9,Flow60,T11-T20
3,buy,298.72,2116.95,17.0,300.0,8,13.581395348837209,4.953488372093023,8.627906976744185,20.627906976744185,18,5,0.3437984496124031,0.9957333333333335,300,3.4186046511627914,0.9957333333333335,14,900.0,2.3521666666666663,1216.9499999999998,Flow60,T11-T20
4,buy,299.83,2022.64,17.0,300.0,8,10.21505376344086,5.129032258064516,5.086021505376344,60.0,18,5,1.0,0.9994333333333333,300,6.78494623655914,0.9994333333333333,14,900.0,2.247377777777778,1122.64,Flow60,T11-T20
5,sell,0.0,0.0,14.0,400.0,8,16.30666666666667,14.373333333333333,1.9333333333333333,58.48,18,5,0.9746666666666666,0.0,0,0.3733333333333331,,14,0.0,,0.0,Flow60,T11-T20
6,sell,223.89,105.01,11.0,300.0,8,12.47787610619469,9.29203539823009,3.185840707964602,53.68141592920354,18,5,0.8946902654867256,0.7463,300,-1.7079646017699108,0.7463,14,900.0,0.11667777777777778,-794.99,Flow60,T11-T20
7,sell,400.0,2069.77,4.0,400.0,8,10.866666666666667,8.133333333333333,2.7333333333333334,59.666666666666664,18,5,0.9944444444444444,1.0,400,4.133333333333333,1.0,14,4000.0,0.5174425,-1930.23,Flow60,T11-T20
8,sell,399.5,2872.69,3.0,400.0,8,14.0,3.5,10.5,19.0,18,5,0.31666666666666665,0.99875,400,0.5,0.99875,14,4400.0,0.6528840909090909,-1527.31,Flow60,T11-T20
1,buy,268.95,1109.11,14.0,400.0,8,12.0,1.3888888888888888,10.61111111111111,33.611111111111114,19,5,0.5601851851851852,0.672375,200,2.0,1.34475,14,0.0,,1109.11,Flow60,T11-T20
2,buy,200.0,1184.04,16.0,300.0,8,14.829931972789115,4.9523809523809526,9.877551020408163,23.163265306122447,19,5,0.38605442176870747,0.6666666666666666,300,1.1700680272108848,0.6666666666666666,14,600.0,1.9734,584.04,Flow60,T11-T20
3,buy,264.12,1645.01,17.0,300.0,8,14.326086956521738,7.239130434782608,7.086956521739131,19.347826086956523,19,5,0.3224637681159421,0.8804,300,2.6739130434782616,0.8804,14,900.0,1.827788888888889,745.01,Flow60,T11-T20
4,buy,300.0,1889.96,17.0,300.0,8,17.149425287356323,10.793103448275861,6.35632183908046,60.0,19,5,1.0,1.0,300,-0.14942528735632266,1.0,14,900.0,2.099955555555556,989.96,Flow60,T11-T20
5,sell,0.0,0.0,14.0,400.0,8,15.808219178082192,14.808219178082192,1.0,45.397260273972606,19,5,0.7566210045662101,0.0,0,0.8082191780821919,,14,0.0,,0.0,Flow60,T11-T20
6,sell,191.3,41.05,11.0,300.0,8,11.968503937007874,7.110236220472441,4.858267716535433,58.653543307086615,19,5,0.9775590551181103,0.6376666666666667,300,-3.8897637795275593,0.6376666666666667,14,900.0,0.04561111111111111,-858.95,Flow60,T11-T20
7,sell,400.0,2312.44,4.0,400.0,8,11.235294117647058,9.294117647058824,1.9411764705882353,59.588235294117645,19,5,0.9931372549019607,1.0,400,5.294117647058824,1.0,14,4000.0,0.57811,-1687.56,Flow60,T11-T20
8,sell,400.0,3118.9,3.0,400.0,8,16.0,4.0,12.0,20.0,19,5,0.3333333333333333,1.0,400,1.0,1.0,14,4400.0,0.7088409090909091,-1281.1,Flow60,T11-T20
1,buy,266.51,1062.05,14.0,400.0,8,12.0,1.0285714285714285,10.971428571428572,23.97142857142857,20,5,0.3995238095238095,0.666275,200,2.0,1.33255,14,0.0,,1062.05,Flow60,T11-T20
2,buy,291.2,1903.52,16.0,300.0,8,16.0,5.962962962962963,10.037037037037036,23.26851851851852,20,5,0.3878086419753087,0.9706666666666667,300,0.0,0.9706666666666667,14,600.0,3.1725333333333334,1303.52,Flow60,T11-T20
3,buy,281.46,1932.59,17.0,300.0,8,13.303030303030303,7.636363636363637,5.666666666666667,17.666666666666668,20,5,0.29444444444444445,0.9381999999999999,300,3.6969696969696972,0.9381999999999999,14,900.0,2.147322222222222,1032.59,Flow60,T11-T20
4,buy,289.38,1750.68,17.0,300.0,8,10.678571428571429,5.130952380952381,5.5476190476190474,60.0,20,5,1.0,0.9646,300,6.321428571428571,0.9646,14,900.0,1.9452,850.6800000000001,Flow60,T11-T20
5,sell,1.0,-8.92,14.0,400.0,8,16.0,15.0,1.0,60.0,20,5,1.0,0.0025,0,1.0,inf,14,0.0,,-8.92,Flow60,T11-T20
6,sell,270.0,179.59,11.0,300.0,8,11.8,6.6,5.2,60.0,20,5,1.0,0.9,300,-4.4,0.9,14,900.0,0.19954444444444444,-720.41,Flow60,T11-T20
7,sell,400.0,2249.85,4.0,400.0,8,11.68,9.0,2.68,60.0,20,5,1.0,1.0,400,5.0,1.0,14,4000.0,0.5624625,-1750.15,Flow60,T11-T20
8,sell,400.0,2865.18,3.0,400.0,8,16.0,3.0,13.0,19.0,20,5,0.31666666666666665,1.0,400,0.0,1.0,14,4400.0,0.6511772727272727,-1534.8200000000002,Flow60,T11-T20
1,buy,200.0,736.36,17.0,300.0,9,17.34375,16.125,1.21875,24.53125,1,1,0.4088541666666667,0.6666666666666666,300,-0.34375,0.6666666666666666,14,900.0,0.8181777777777778,-163.64,Flow60,T1-T10
2,buy,400.0,1297.4,14.0,400.0,9,14.241758241758241,11.362637362637363,2.879120879120879,49.68131868131868,1,1,0.828021978021978,1.0,200,-0.2417582417582409,2.0,14,0.0,,1297.4,Flow60,T1-T10
3,buy,299.69,1510.51,17.0,300.0,9,12.920634920634921,3.6825396825396823,9.238095238095237,38.15873015873016,1,1,0.635978835978836,0.9989666666666667,300,4.079365079365079,0.9989666666666667,14,900.0,1.6783444444444444,610.51,Flow60,T1-T10
4,buy,154.85,804.18,16.0,300.0,9,14.123188405797102,9.594202898550725,4.528985507246377,24.746376811594203,1,1,0.41243961352657005,0.5161666666666667,300,1.8768115942028984,0.5161666666666667,14,600.0,1.3402999999999998,204.17999999999995,Flow60,T1-T10
5,sell,400.0,3017.29,3.0,400.0,9,7.469387755102041,1.9183673469387754,5.551020408163265,15.73469387755102,1,1,0.26224489795918365,1.0,400,-1.0816326530612246,1.0,14,4400.0,0.6857477272727273,-1382.71,Flow60,T1-T10
6,sell,400.0,3239.29,4.0,400.0,9,14.0,10.695652173913043,3.3043478260869565,26.08695652173913,1,1,0.43478260869565216,1.0,400,6.695652173913043,1.0,14,4000.0,0.8098225,-760.71,Flow60,T1-T10
7,sell,257.32,-388.11,14.0,400.0,9,17.07246376811594,8.652173913043478,8.420289855072463,9.869565217391305,1,1,0.1644927536231884,0.6433,0,-5.3478260869565215,inf,14,0.0,,-388.11,Flow60,T1-T10
8,sell,0.0,0.0,11.0,300.0,9,20.0,15.507936507936508,4.492063492063492,5.936507936507937,1,1,0.09894179894179894,0.0,300,4.507936507936508,0.0,14,900.0,0.0,-900.0,Flow60,T1-T10
1,buy,200.52,706.43,17.0,300.0,9,16.145454545454545,14.527272727272727,1.6181818181818182,13.418181818181818,2,1,0.22363636363636363,0.6684,300,0.8545454545454554,0.6684,14,900.0,0.7849222222222222,-193.57000000000005,Flow60,T1-T10
2,buy,0.22,32.89,14.0,400.0,9,12.116279069767442,6.883720930232558,5.232558139534884,53.25581395348837,2,1,0.8875968992248062,0.00055,200,1.883720930232558,0.0011,14,0.0,,32.89,Flow60,T1-T10
3,buy,215.89,920.46,17.0,300.0,9,11.926470588235293,10.205882352941176,1.7205882352941178,57.10294117647059,2,1,0.9517156862745098,0.7196333333333332,300,5.0735294117647065,0.7196333333333332,14,900.0,1.0227333333333333,20.460000000000036,Flow60,T1-T10
4,buy,287.18,1186.25,16.0,300.0,9,16.65625,7.625,9.03125,13.34375,2,1,0.22239583333333332,0.9572666666666667,300,-0.65625,0.9572666666666667,14,600.0,1.9770833333333333,586.25,Flow60,T1-T10
5,sell,274.77,2673.42,3.0,400.0,9,10.027397260273972,3.643835616438356,6.383561643835616,7.493150684931507,2,1,0.12488584474885846,0.686925,400,0.6438356164383561,0.686925,14,4400.0,0.6075954545454546,-1726.58,Flow60,T1-T10
6,sell,394.04,3273.3,4.0,400.0,9,14.208333333333334,9.791666666666666,4.416666666666667,22.4375,2,1,0.37395833333333334,0.9851000000000001,400,5.791666666666666,0.9851000000000001,14,4000.0,0.8183250000000001,-726.6999999999998,Flow60,T1-T10
7,sell,13.63,7.84,14.0,400.0,9,19.448275862068964,14.10344827586207,5.344827586206897,21.689655172413794,2,1,0.36149425287356324,0.034075,0,0.1034482758620694,inf,14,0.0,,7.84,Flow60,T1-T10
8,sell,1.47,-1.07,11.0,300.0,9,20.0,12.5,7.5,4.928571428571429,2,1,0.08214285714285714,0.0049,300,1.5,0.0049,14,900.0,-0.0011888888888888889,-901.07,Flow60,T1-T10
1,buy,69.0,282.08,17.0,300.0,9,16.916666666666668,15.833333333333334,1.0833333333333333,20.25,3,1,0.3375,0.23,300,0.08333333333333215,0.23,14,900.0,0.3134222222222222,-617.9200000000001,Flow60,T1-T10
2,buy,135.67,329.42,14.0,400.0,9,13.694915254237289,10.542372881355933,3.152542372881356,51.0,3,1,0.85,0.33917499999999995,200,0.30508474576271105,0.6783499999999999,14,0.0,,329.42,Flow60,T1-T10
3,buy,262.49,1022.07,17.0,300.0,9,13.025641025641026,6.9743589743589745,6.051282051282051,55.91025641025641,3,1,0.9318376068376069,0.8749666666666667,300,3.9743589743589745,0.8749666666666667,14,900.0,1.1356333333333335,122.07000000000005,Flow60,T1-T10
4,buy,300.0,1235.86,16.0,300.0,9,15.0,8.0,7.0,38.0,3,1,0.6333333333333333,1.0,300,1.0,1.0,14,600.0,2.0597666666666665,635.8599999999999,Flow60,T1-T10
5,sell,217.64,2157.13,3.0,400.0,9,13.925675675675675,7.405405405405405,6.52027027027027,11.68918918918919,3,1,0.19481981981981983,0.5440999999999999,400,4.405405405405405,0.5440999999999999,14,4400.0,0.4902568181818182,-2242.87,Flow60,T1-T10
6,sell,400.0,3124.25,4.0,400.0,9,14.208333333333334,9.208333333333334,5.0,35.125,3,1,0.5854166666666667,1.0,400,5.208333333333334,1.0,14,4000.0,0.7810625,-875.75,Flow60,T1-T10
7,sell,54.72,-54.72,14.0,400.0,9,19.708333333333332,12.708333333333334,7.0,26.854166666666668,3,1,0.44756944444444446,0.1368,0,-1.291666666666666,inf,14,0.0,,-54.72,Flow60,T1-T10
8,sell,80.0,182.78,11.0,300.0,9,18.17543859649123,12.912280701754385,5.2631578947368425,10.052631578947368,3,1,0.1675438596491228,0.26666666666666666,300,1.9122807017543852,0.26666666666666666,14,900.0,0.2030888888888889,-717.22,Flow60,T1-T10
1,buy,200.0,561.73,17.0,300.0,9,17.454545454545453,16.324675324675326,1.12987012987013,6.922077922077922,4,1,0.11536796536796537,0.6666666666666666,300,-0.45454545454545325,0.6666666666666666,14,900.0,0.6241444444444445,-338.27,Flow60,T1-T10
2,buy,201.42,273.19,14.0,400.0,9,13.160377358490566,10.075471698113208,3.0849056603773586,54.62264150943396,4,1,0.910377358490566,0.5035499999999999,200,0.8396226415094343,1.0070999999999999,14,0.0,,273.19,Flow60,T1-T10
3,buy,299.72,1208.0,17.0,300.0,9,13.19277108433735,8.0,5.192771084337349,56.28915662650602,4,1,0.938152610441767,0.9990666666666668,300,3.80722891566265,0.9990666666666668,14,900.0,1.3422222222222222,308.0,Flow60,T1-T10
4,buy,300.0,981.93,16.0,300.0,9,14.076923076923077,9.092307692307692,4.984615384615385,19.892307692307693,4,1,0.33153846153846156,1.0,300,1.9230769230769234,1.0,14,600.0,1.63655,381.92999999999995,Flow60,T1-T10
5,sell,179.01,1742.55,3.0,400.0,9,14.758620689655173,5.612068965517241,9.14655172413793,13.267241379310345,4,1,0.22112068965517243,0.44752499999999995,400,2.612068965517241,0.44752499999999995,14,4400.0,0.3960340909090909,-2657.45,Flow60,T1-T10
6,sell,400.0,3617.35,4.0,400.0,9,13.247706422018348,9.247706422018348,4.0,27.495412844036696,4,1,0.45825688073394494,1.0,400,5.247706422018348,1.0,14,4000.0,0.9043375,-382.6500000000001,Flow60,T1-T10
7,sell,207.8,-77.85,14.0,400.0,9,17.964601769911503,13.36283185840708,4.601769911504425,10.336283185840708,4,1,0.17227138643067846,0.5195000000000001,0,-0.6371681415929196,inf,14,0.0,,-77.85,Flow60,T1-T10
8,sell,241.23,489.48,11.0,300.0,9,16.629213483146067,11.51685393258427,5.112359550561798,8.55056179775281,4,1,0.14250936329588015,0.8040999999999999,300,0.5168539325842705,0.8040999999999999,14,900.0,0.5438666666666667,-410.52,Flow60,T1-T10
1,buy,0.0,0.0,6.0,400.0,9,5.0,4.0,1.0,29.0,5,2,0.48333333333333334,0.0,0,1.0,,6,0.0,,0.0,Flow60,T1-T10
2,buy,0.0,0.0,8.0,400.0,9,6.0,4.0,2.0,54.0,5,2,0.9,0.0,400,2.0,0.0,6,800.0,0.0,-800.0,Flow60,T1-T10
3,buy,400.0,1905.23,17.0,400.0,9,13.0,6.0,7.0,57.0,5,2,0.95,1.0,400,4.0,1.0,6,4400.0,0.4330068181818182,-2494.77,Flow60,T1-T10
4,buy,400.0,881.98,15.0,400.0,9,16.56382978723404,13.127659574468085,3.4361702127659575,19.95744680851064,5,2,0.33262411347517734,1.0,400,-1.5638297872340416,1.0,6,3600.0,0.24499444444444446,-2718.02,Flow60,T1-T10
5,sell,199.72,1552.65,5.0,400.0,9,15.74436090225564,6.225563909774436,9.518796992481203,16.984962406015036,5,2,0.28308270676691727,0.4993,400,1.2255639097744364,0.4993,6,400.0,3.881625,1152.65,Flow60,T1-T10
6,sell,243.01,1551.48,6.0,400.0,9,16.732394366197184,11.19718309859155,5.535211267605634,38.19718309859155,5,2,0.6366197183098592,0.607525,200,5.19718309859155,1.21505,6,0.0,,1551.48,Flow60,T1-T10
7,sell,103.12,883.56,4.0,300.0,9,17.10144927536232,11.898550724637682,5.202898550724638,15.289855072463768,5,2,0.2548309178743961,0.34373333333333334,300,7.898550724637682,0.34373333333333334,6,600.0,1.4726,283.55999999999995,Flow60,T1-T10
8,sell,262.75,2466.95,3.0,300.0,9,18.0,9.216494845360824,8.783505154639176,9.092783505154639,5,2,0.1515463917525773,0.8758333333333334,300,6.216494845360824,0.8758333333333334,6,900.0,2.741055555555555,1566.9499999999998,Flow60,T1-T10
1,buy,16.24,-60.65,6.0,400.0,9,6.2388059701492535,5.2388059701492535,1.0,26.01492537313433,6,2,0.4335820895522388,0.0406,0,-0.23880597014925353,inf,6,0.0,,-60.65,Flow60,T1-T10
2,buy,2.54,64.83,8.0,400.0,9,7.481132075471698,3.2452830188679247,4.235849056603773,56.301886792452834,6,2,0.9383647798742139,0.00635,400,0.5188679245283021,0.00635,6,800.0,0.0810375,-735.17,Flow60,T1-T10
3,buy,400.0,2206.41,17.0,400.0,9,16.677419354838708,11.67741935483871,5.0,45.354838709677416,6,2,0.7559139784946236,1.0,400,0.3225806451612918,1.0,6,4400.0,0.5014568181818182,-2193.59,Flow60,T1-T10
4,buy,380.56,1538.12,15.0,400.0,9,13.67605633802817,8.985915492957746,4.690140845070423,21.591549295774648,6,2,0.3598591549295775,0.9514,400,1.32394366197183,0.9514,6,3600.0,0.4272555555555555,-2061.88,Flow60,T1-T10
5,sell,232.52,1129.39,5.0,400.0,9,12.8,4.307142857142857,8.492857142857142,14.935714285714285,6,2,0.24892857142857142,0.5813,400,-0.6928571428571431,0.5813,6,400.0,2.823475,729.3900000000001,Flow60,T1-T10
6,sell,319.95,2083.95,6.0,400.0,9,12.064935064935066,8.38961038961039,3.675324675324675,23.766233766233768,6,2,0.3961038961038961,0.799875,200,2.3896103896103895,1.59975,6,0.0,,2083.95,Flow60,T1-T10
7,sell,92.38,574.83,4.0,300.0,9,14.38888888888889,9.37037037037037,5.018518518518518,17.055555555555557,6,2,0.28425925925925927,0.30793333333333334,300,5.37037037037037,0.30793333333333334,6,600.0,0.9580500000000001,-25.16999999999996,Flow60,T1-T10
8,sell,152.59,1171.76,3.0,300.0,9,14.108695652173912,7.826086956521739,6.282608695652174,6.173913043478261,6,2,0.10289855072463767,0.5086333333333334,300,4.826086956521739,0.5086333333333334,6,900.0,1.3019555555555555,271.76,Flow60,T1-T10
1,buy,300.0,-1542.29,6.0,400.0,9,11.224719101123595,9.629213483146067,1.595505617977528,26.96629213483146,7,2,0.449438202247191,0.75,0,-5.224719101123595,inf,6,0.0,,-1542.29,Flow60,T1-T10
2,buy,32.75,18.25,8.0,400.0,9,8.547008547008547,4.3418803418803416,4.205128205128205,54.0,7,2,0.9,0.081875,400,-0.5470085470085468,0.081875,6,800.0,0.0228125,-781.75,Flow60,T1-T10
3,buy,399.27,2446.98,17.0,400.0,9,10.852941176470589,6.852941176470588,4.0,59.5735294117647,7,2,0.992892156862745,0.9981749999999999,400,6.147058823529411,0.9981749999999999,6,4400.0,0.5561318181818182,-1953.02,Flow60,T1-T10
4,buy,274.07,1439.61,15.0,400.0,9,12.204819277108435,5.903614457831325,6.301204819277109,13.783132530120483,7,2,0.22971887550200804,0.685175,400,2.7951807228915655,0.685175,6,3600.0,0.39989166666666665,-2160.3900000000003,Flow60,T1-T10
5,sell,355.71,2096.47,5.0,400.0,9,14.303030303030303,5.159090909090909,9.143939393939394,25.136363636363637,7,2,0.41893939393939394,0.8892749999999999,400,0.15909090909090917,0.8892749999999999,6,400.0,5.241174999999999,1696.4699999999998,Flow60,T1-T10
6,sell,280.28,1166.13,6.0,400.0,9,13.91139240506329,9.69620253164557,4.215189873417722,28.82278481012658,7,2,0.48037974683544304,0.7006999999999999,200,3.6962025316455698,1.4013999999999998,6,0.0,,1166.13,Flow60,T1-T10
7,sell,144.06,866.37,4.0,300.0,9,15.160714285714286,9.625,5.535714285714286,26.428571428571427,7,2,0.44047619047619047,0.4802,300,5.625,0.4802,6,600.0,1.44395,266.37,Flow60,T1-T10
8,sell,235.19,1820.08,3.0,300.0,9,14.0,9.0,5.0,10.0,7,2,0.16666666666666666,0.7839666666666667,300,6.0,0.7839666666666667,6,900.0,2.022311111111111,920.0799999999999,Flow60,T1-T10
1,buy,12.4,-24.25,6.0,400.0,9,6.682926829268292,5.682926829268292,1.0,28.902439024390244,8,2,0.4817073170731707,0.031,0,-0.6829268292682924,inf,6,0.0,,-24.25,Flow60,T1-T10
2,buy,56.54,-70.72,8.0,400.0,9,10.441176470588236,6.019607843137255,4.421568627450981,54.029411764705884,8,2,0.9004901960784314,0.14135,400,-2.4411764705882355,0.14135,6,800.0,-0.08839999999999999,-870.72,Flow60,T1-T10
3,buy,397.57,2845.81,17.0,400.0,9,8.973684210526315,5.4868421052631575,3.486842105263158,59.171052631578945,8,2,0.9861842105263158,0.993925,400,8.026315789473685,0.993925,6,4400.0,0.646775,-1554.19,Flow60,T1-T10
4,buy,325.79,2065.5,15.0,400.0,9,12.79020979020979,7.391608391608392,5.398601398601398,15.538461538461538,8,2,0.258974358974359,0.8144750000000001,400,2.20979020979021,0.8144750000000001,6,3600.0,0.57375,-1534.5,Flow60,T1-T10
5,sell,246.78,1170.46,5.0,400.0,9,14.0,4.534722222222222,9.465277777777779,25.51388888888889,8,2,0.4252314814814815,0.61695,400,-0.4652777777777777,0.61695,6,400.0,2.9261500000000003,770.46,Flow60,T1-T10
6,sell,180.01,674.77,6.0,400.0,9,12.718181818181819,7.836363636363636,4.881818181818182,31.581818181818182,8,2,0.5263636363636364,0.45002499999999995,200,1.836363636363636,0.9000499999999999,6,0.0,,674.77,Flow60,T1-T10
7,sell,110.79,534.62,4.0,300.0,9,15.541666666666666,7.802083333333333,7.739583333333333,37.510416666666664,8,2,0.625173611111111,0.3693,300,3.802083333333333,0.3693,6,600.0,0.8910333333333333,-65.38,Flow60,T1-T10
8,sell,300.0,1732.46,3.0,300.0,9,8.0,6.0,2.0,4.0,8,2,0.06666666666666667,1.0,300,3.0,1.0,6,900.0,1.9249555555555555,832.46,Flow60,T1-T10
1,buy,256.65,1193.87,16.0,300.0,9,13.341463414634147,11.959349593495935,1.3821138211382114,29.88617886178862,9,3,0.4981029810298103,0.8554999999999999,300,2.6585365853658534,0.8554999999999999,9,2100.0,0.5685095238095238,-906.1300000000001,Flow60,T1-T10
2,buy,400.0,1580.36,15.0,400.0,9,16.020408163265305,10.714285714285714,5.3061224489795915,53.02040816326531,9,3,0.8836734693877552,1.0,400,-1.020408163265305,1.0,9,2400.0,0.6584833333333333,-819.6400000000001,Flow60,T1-T10
3,buy,109.83,-111.31,10.0,400.0,9,10.871428571428572,7.585714285714285,3.2857142857142856,56.385714285714286,9,3,0.9397619047619048,0.274575,400,-0.8714285714285719,0.274575,9,400.0,-0.278275,-511.31,Flow60,T1-T10
4,buy,393.25,1311.7,14.0,400.0,9,14.338235294117647,8.875,5.463235294117647,13.632352941176471,9,3,0.22720588235294117,0.983125,400,-0.33823529411764675,0.983125,9,2000.0,0.65585,-688.3,Flow60,T1-T10
5,sell,241.23,1957.42,3.0,400.0,9,12.026315789473685,4.671052631578948,7.355263157894737,19.907894736842106,9,3,0.3317982456140351,0.603075,400,1.6710526315789478,0.603075,9,2400.0,0.8155916666666667,-442.5799999999999,Flow60,T1-T10
6,sell,373.29,2317.66,5.0,400.0,9,10.6875,8.0,2.6875,22.03125,9,3,0.3671875,0.9332250000000001,400,3.0,0.9332250000000001,9,1600.0,1.4485374999999998,717.6599999999999,Flow60,T1-T10
7,sell,317.41,2183.87,4.0,400.0,9,16.59259259259259,9.703703703703704,6.888888888888889,47.129629629629626,9,3,0.7854938271604938,0.793525,400,5.703703703703704,0.793525,9,2000.0,1.0919349999999999,183.8699999999999,Flow60,T1-T10
8,sell,239.0,638.61,8.0,300.0,9,9.46,8.12,1.34,5.24,9,3,0.08733333333333333,0.7966666666666666,300,0.11999999999999922,0.7966666666666666,9,300.0,2.1287000000000003,338.61,Flow60,T1-T10
1,buy,300.0,1134.29,16.0,300.0,9,14.815384615384616,13.4,1.4153846153846155,27.50769230769231,10,3,0.4584615384615385,1.0,300,1.184615384615384,1.0,9,2100.0,0.5401380952380952,-965.71,Flow60,T1-T10
2,buy,400.0,1892.62,15.0,400.0,9,14.333333333333334,11.25,3.0833333333333335,51.833333333333336,10,3,0.8638888888888889,1.0,400,0.6666666666666661,1.0,9,2400.0,0.7885916666666666,-507.3800000000001,Flow60,T1-T10
3,buy,170.03,227.2,10.0,400.0,9,8.45360824742268,6.0,2.4536082474226806,60.0,10,3,1.0,0.425075,400,1.5463917525773194,0.425075,9,400.0,0.568,-172.8,Flow60,T1-T10
4,buy,318.05,1257.15,14.0,400.0,9,13.161971830985916,8.147887323943662,5.014084507042254,10.71830985915493,10,3,0.17863849765258216,0.7951250000000001,400,0.8380281690140841,0.7951250000000001,9,2000.0,0.628575,-742.8499999999999,Flow60,T1-T10
5,sell,132.78,1347.15,3.0,400.0,9,15.039106145251397,5.776536312849162,9.262569832402235,22.3463687150838,10,3,0.37243947858473,0.33195,400,2.776536312849162,0.33195,9,2400.0,0.5613125,-1052.85,Flow60,T1-T10
6,sell,363.3,2063.98,5.0,400.0,9,14.794520547945206,8.972602739726028,5.821917808219178,35.56164383561644,10,3,0.5926940639269406,0.90825,400,3.972602739726028,0.90825,9,1600.0,1.2899875,463.98,Flow60,T1-T10
7,sell,390.69,2125.29,4.0,400.0,9,17.54385964912281,8.12280701754386,9.421052631578947,53.89473684210526,10,3,0.8982456140350876,0.976725,400,4.12280701754386,0.976725,9,2000.0,1.062645,125.28999999999996,Flow60,T1-T10
8,sell,300.0,715.85,8.0,300.0,9,10.0,8.0,2.0,5.0,10,3,0.08333333333333333,1.0,300,0.0,1.0,9,300.0,2.3861666666666665,415.85,Flow60,T1-T10
1,buy,300.0,1516.31,16.0,300.0,9,14.112359550561798,12.96629213483146,1.146067415730337,27.43820224719101,11,3,0.45730337078651684,1.0,300,1.8876404494382015,1.0,9,2100.0,0.7220523809523809,-583.69,Flow60,T11-T20
2,buy,400.0,2143.14,15.0,400.0,9,14.87378640776699,11.902912621359222,2.970873786407767,54.0,11,3,0.9,1.0,400,0.1262135922330092,1.0,9,2400.0,0.892975,-256.8600000000001,Flow60,T11-T20
3,buy,73.2,105.38,10.0,400.0,9,8.627906976744185,5.8604651162790695,2.7674418604651163,60.0,11,3,1.0,0.183,400,1.3720930232558146,0.183,9,400.0,0.26344999999999996,-294.62,Flow60,T11-T20
4,buy,269.52,1088.84,14.0,400.0,9,12.88679245283019,6.367924528301887,6.518867924528302,10.849056603773585,11,3,0.18081761006289307,0.6738,400,1.1132075471698109,0.6738,9,2000.0,0.5444199999999999,-911.1600000000001,Flow60,T11-T20
5,sell,188.08,1584.05,3.0,400.0,9,13.62962962962963,4.691358024691358,8.938271604938272,30.34567901234568,11,3,0.505761316872428,0.4702,400,1.6913580246913584,0.4702,9,2400.0,0.6600208333333333,-815.95,Flow60,T11-T20
6,sell,400.0,1723.54,5.0,400.0,9,13.382352941176471,7.1911764705882355,6.1911764705882355,25.323529411764707,11,3,0.42205882352941176,1.0,400,2.1911764705882355,1.0,9,1600.0,1.0772125,123.53999999999996,Flow60,T11-T20
7,sell,400.0,2346.54,4.0,400.0,9,11.68,7.16,4.52,48.32,11,3,0.8053333333333333,1.0,400,3.16,1.0,9,2000.0,1.17327,346.53999999999996,Flow60,T11-T20
8,sell,80.72,273.51,8.0,300.0,9,13.203389830508474,10.084745762711865,3.1186440677966103,6.864406779661017,11,3,0.11440677966101695,0.2690666666666667,300,2.084745762711865,0.2690666666666667,9,300.0,0.9117,-26.49000000000001,Flow60,T11-T20
1,buy,300.0,1388.24,16.0,300.0,9,15.0,13.126315789473685,1.8736842105263158,25.74736842105263,12,3,0.42912280701754385,1.0,300,1.0,1.0,9,2100.0,0.6610666666666667,-711.76,Flow60,T11-T20
2,buy,399.48,1781.11,15.0,400.0,9,11.597560975609756,2.0,9.597560975609756,53.30487804878049,12,3,0.8884146341463415,0.9987,400,3.402439024390244,0.9987,9,2400.0,0.7421291666666666,-618.8900000000001,Flow60,T11-T20
3,buy,22.15,4.37,10.0,400.0,9,10.0,5.47191011235955,4.52808988764045,60.0,12,3,1.0,0.055374999999999994,400,0.0,0.055374999999999994,9,400.0,0.010925,-395.63,Flow60,T11-T20
4,buy,343.45,1197.21,14.0,400.0,9,13.596330275229358,6.954128440366972,6.6422018348623855,11.036697247706423,12,3,0.1839449541284404,0.858625,400,0.40366972477064245,0.858625,9,2000.0,0.598605,-802.79,Flow60,T11-T20
5,sell,116.28,970.8,3.0,400.0,9,13.562962962962963,4.37037037037037,9.192592592592593,27.57777777777778,12,3,0.45962962962962967,0.2907,400,1.3703703703703702,0.2907,9,2400.0,0.40449999999999997,-1429.2,Flow60,T11-T20
6,sell,400.0,2249.45,5.0,400.0,9,16.0,9.0,7.0,39.0,12,3,0.65,1.0,400,4.0,1.0,9,1600.0,1.40590625,649.4499999999998,Flow60,T11-T20
7,sell,400.0,2581.4,4.0,400.0,9,14.0,8.0,6.0,16.0,12,3,0.26666666666666666,1.0,400,4.0,1.0,9,2000.0,1.2907,581.4000000000001,Flow60,T11-T20
8,sell,166.94,571.71,8.0,300.0,9,12.969696969696969,10.666666666666666,2.303030303030303,8.909090909090908,12,3,0.14848484848484847,0.5564666666666667,300,2.666666666666666,0.5564666666666667,9,300.0,1.9057000000000002,271.71000000000004,Flow60,T11-T20
1,buy,400.0,1952.92,17.0,400.0,9,17.735849056603772,16.735849056603772,1.0,32.20754716981132,13,4,0.5367924528301887,1.0,400,-0.7358490566037723,1.0,6,4400.0,0.44384545454545454,-2447.08,Flow60,T11-T20
2,buy,400.0,2104.52,15.0,400.0,9,13.72,7.59,6.13,56.58,13,4,0.943,1.0,400,1.2799999999999994,1.0,6,3600.0,0.5845888888888889,-1495.48,Flow60,T11-T20
3,buy,185.01,134.83,8.0,400.0,9,8.0,5.0,3.0,60.0,13,4,1.0,0.46252499999999996,400,0.0,0.46252499999999996,6,800.0,0.1685375,-665.17,Flow60,T11-T20
4,buy,0.65,-62.19,6.0,400.0,9,14.071428571428571,8.071428571428571,6.0,16.904761904761905,13,4,0.28174603174603174,0.0016250000000000001,0,-8.071428571428571,inf,6,0.0,,-62.19,Flow60,T11-T20
5,sell,30.11,166.74,6.0,400.0,9,14.886363636363637,6.1893939393939394,8.696969696969697,30.901515151515152,13,4,0.5150252525252526,0.075275,200,0.18939393939393945,0.15055,6,0.0,,166.74,Flow60,T11-T20
6,sell,299.72,2334.6,3.0,300.0,9,15.74,9.8,5.94,30.04,13,4,0.5006666666666667,0.9990666666666668,300,6.800000000000001,0.9990666666666668,6,900.0,2.594,1434.6,Flow60,T11-T20
7,sell,329.99,1631.91,5.0,400.0,9,15.674418604651162,8.255813953488373,7.4186046511627906,40.83720930232558,13,4,0.6806201550387597,0.824975,400,3.2558139534883725,0.824975,6,400.0,4.079775000000001,1231.91,Flow60,T11-T20
8,sell,300.0,1940.39,4.0,300.0,9,11.446428571428571,6.553571428571429,4.892857142857143,10.107142857142858,13,4,0.16845238095238096,1.0,300,2.553571428571429,1.0,6,600.0,3.2339833333333337,1340.39,Flow60,T11-T20
1,buy,400.0,1963.71,17.0,400.0,9,17.641025641025642,16.641025641025642,1.0,27.0,14,4,0.45,1.0,400,-0.6410256410256423,1.0,6,4400.0,0.44629772727272726,-2436.29,Flow60,T11-T20
2,buy,400.0,1869.62,15.0,400.0,9,14.412844036697248,9.935779816513762,4.477064220183486,60.0,14,4,1.0,1.0,400,0.5871559633027523,1.0,6,3600.0,0.5193388888888889,-1730.38,Flow60,T11-T20
3,buy,336.69,-184.21,8.0,400.0,9,11.125,7.4375,3.6875,59.390625,14,4,0.98984375,0.841725,400,-3.125,0.841725,6,800.0,-0.2302625,-984.21,Flow60,T11-T20
4,buy,0.0,0.0,6.0,400.0,9,4.526315789473684,2.526315789473684,2.0,8.947368421052632,14,4,0.14912280701754385,0.0,0,1.473684210526316,,6,0.0,,0.0,Flow60,T11-T20
5,sell,162.52,1082.66,6.0,400.0,9,13.496598639455783,5.170068027210885,8.326530612244898,31.224489795918366,14,4,0.5204081632653061,0.40630000000000005,200,-0.8299319727891152,0.8126000000000001,6,0.0,,1082.66,Flow60,T11-T20
6,sell,300.0,1995.32,3.0,300.0,9,12.80952380952381,7.357142857142857,5.4523809523809526,54.88095238095238,14,4,0.9146825396825397,1.0,300,4.357142857142857,1.0,6,900.0,2.217022222222222,1095.32,Flow60,T11-T20
7,sell,378.68,1975.61,5.0,400.0,9,16.88235294117647,8.205882352941176,8.676470588235293,49.088235294117645,14,4,0.8181372549019608,0.9467,400,3.2058823529411757,0.9467,6,400.0,4.939025,1575.61,Flow60,T11-T20
8,sell,300.0,1990.94,4.0,300.0,9,13.363636363636363,6.0,7.363636363636363,9.0,14,4,0.15,1.0,300,2.0,1.0,6,600.0,3.3182333333333336,1390.94,Flow60,T11-T20
1,buy,400.0,2536.64,17.0,400.0,9,16.405405405405407,15.202702702702704,1.2027027027027026,22.945945945945947,15,4,0.38243243243243247,1.0,400,0.594594594594593,1.0,6,4400.0,0.5765090909090909,-1863.3600000000001,Flow60,T11-T20
2,buy,400.0,1921.35,15.0,400.0,9,16.11764705882353,11.5,4.617647058823529,34.05882352941177,15,4,0.5676470588235295,1.0,400,-1.117647058823529,1.0,6,3600.0,0.5337083333333333,-1678.65,Flow60,T11-T20
3,buy,400.0,-144.31,8.0,400.0,9,12.419117647058824,8.772058823529411,3.6470588235294117,51.61764705882353,15,4,0.8602941176470588,1.0,400,-4.419117647058824,1.0,6,800.0,-0.1803875,-944.31,Flow60,T11-T20
4,buy,18.49,13.46,6.0,400.0,9,6.602739726027397,4.205479452054795,2.3972602739726026,7.273972602739726,15,4,0.12123287671232877,0.046224999999999995,0,-0.602739726027397,inf,6,0.0,,13.46,Flow60,T11-T20
5,sell,361.74,1703.85,6.0,400.0,9,11.35897435897436,2.641025641025641,8.717948717948717,32.0,15,4,0.5333333333333333,0.90435,200,-3.358974358974359,1.8087,6,0.0,,1703.85,Flow60,T11-T20
6,sell,280.0,2135.98,3.0,300.0,9,12.603174603174603,8.301587301587302,4.301587301587301,33.142857142857146,15,4,0.5523809523809524,0.9333333333333333,300,5.301587301587302,0.9333333333333333,6,900.0,2.373311111111111,1235.98,Flow60,T11-T20
7,sell,311.63,1085.47,5.0,400.0,9,12.533333333333333,7.8,4.733333333333333,49.4,15,4,0.8233333333333334,0.779075,400,2.8,0.779075,6,400.0,2.7136750000000003,685.47,Flow60,T11-T20
8,sell,289.21,1354.19,4.0,300.0,9,8.551724137931034,6.551724137931035,2.0,6.827586206896552,15,4,0.11379310344827585,0.9640333333333333,300,2.5517241379310347,0.9640333333333333,6,600.0,2.2569833333333333,754.19,Flow60,T11-T20
1,buy,400.0,1946.37,17.0,400.0,9,16.088607594936708,14.810126582278482,1.2784810126582278,23.39240506329114,16,4,0.389873417721519,1.0,400,0.9113924050632924,1.0,6,4400.0,0.44235681818181816,-2453.63,Flow60,T11-T20
2,buy,348.46,1935.32,15.0,400.0,9,10.106796116504855,3.1359223300970873,6.970873786407767,37.61165048543689,16,4,0.6268608414239482,0.87115,400,4.893203883495145,0.87115,6,3600.0,0.5375888888888889,-1664.68,Flow60,T11-T20
3,buy,186.43,162.86,8.0,400.0,9,6.752475247524752,4.0,2.7524752475247523,60.0,16,4,1.0,0.466075,400,1.2475247524752477,0.466075,6,800.0,0.203575,-637.14,Flow60,T11-T20
4,buy,0.0,-11.82,6.0,400.0,9,10.222222222222221,7.333333333333333,2.888888888888889,9.555555555555555,16,4,0.15925925925925927,0.0,0,-4.222222222222221,,6,0.0,,-11.82,Flow60,T11-T20
5,sell,210.8,1076.48,6.0,400.0,9,12.70414201183432,4.112426035502959,8.591715976331361,28.0,16,4,0.4666666666666667,0.527,200,-1.887573964497041,1.054,6,0.0,,1076.48,Flow60,T11-T20
6,sell,291.99,1497.4,3.0,300.0,9,12.291666666666666,8.75,3.5416666666666665,49.875,16,4,0.83125,0.9733,300,5.75,0.9733,6,900.0,1.6637777777777778,597.4000000000001,Flow60,T11-T20
7,sell,121.07,771.16,5.0,400.0,9,15.956043956043956,9.967032967032967,5.989010989010989,40.08791208791209,16,4,0.6681318681318681,0.30267499999999997,400,4.967032967032967,0.30267499999999997,6,400.0,1.9279,371.15999999999997,Flow60,T11-T20
8,sell,298.44,2120.21,4.0,300.0,9,10.51063829787234,6.0212765957446805,4.48936170212766,9.446808510638299,16,4,0.1574468085106383,0.9948,300,2.0212765957446805,0.9948,6,600.0,3.5336833333333333,1520.21,Flow60,T11-T20
1,buy,254.65,1096.52,14.0,400.0,9,12.805194805194805,11.805194805194805,1.0,26.805194805194805,17,5,0.44675324675324674,0.636625,200,1.1948051948051948,1.27325,14,0.0,,1096.52,Flow60,T11-T20
2,buy,254.48,1271.71,16.0,300.0,9,11.935064935064934,1.948051948051948,9.987012987012987,48.5974025974026,17,5,0.80995670995671,0.8482666666666666,300,4.0649350649350655,0.8482666666666666,14,600.0,2.1195166666666667,671.71,Flow60,T11-T20
3,buy,299.53,1848.82,17.0,300.0,9,10.675,7.7125,2.9625,60.0,17,5,1.0,0.9984333333333333,300,6.324999999999999,0.9984333333333333,14,900.0,2.0542444444444445,948.8199999999999,Flow60,T11-T20
4,buy,294.58,1761.71,17.0,300.0,9,13.761904761904763,5.214285714285714,8.547619047619047,14.107142857142858,17,5,0.23511904761904762,0.9819333333333333,300,3.2380952380952372,0.9819333333333333,14,900.0,1.9574555555555555,861.71,Flow60,T11-T20
5,sell,0.38,-1.8900000000000001,14.0,400.0,9,16.68032786885246,10.491803278688524,6.188524590163935,49.704918032786885,17,5,0.8284153005464481,0.00095,0,-3.508196721311476,inf,14,0.0,,-1.8900000000000001,Flow60,T11-T20
6,sell,300.0,-130.0,11.0,300.0,9,14.149253731343284,11.791044776119403,2.3582089552238807,39.582089552238806,17,5,0.6597014925373135,1.0,300,0.7910447761194028,1.0,14,900.0,-0.14444444444444443,-1030.0,Flow60,T11-T20
7,sell,398.41,2665.1,4.0,400.0,9,13.75,7.75,6.0,47.0,17,5,0.7833333333333333,0.996025,400,3.75,0.996025,14,4000.0,0.666275,-1334.9,Flow60,T11-T20
8,sell,400.0,3109.13,3.0,400.0,9,9.787234042553191,8.382978723404255,1.4042553191489362,9.404255319148936,17,5,0.15673758865248227,1.0,400,5.382978723404255,1.0,14,4400.0,0.7066204545454545,-1290.87,Flow60,T11-T20
1,buy,393.68,1114.61,14.0,400.0,9,12.266666666666667,9.444444444444445,2.8222222222222224,24.0,18,5,0.4,0.9842,200,1.7333333333333325,1.9684,14,0.0,,1114.61,Flow60,T11-T20
2,buy,300.0,1407.94,16.0,300.0,9,14.986301369863014,7.383561643835616,7.602739726027397,48.273972602739725,18,5,0.8045662100456621,1.0,300,1.013698630136986,1.0,14,600.0,2.346566666666667,807.94,Flow60,T11-T20
3,buy,242.35,1335.46,17.0,300.0,9,11.363636363636363,8.988636363636363,2.375,60.0,18,5,1.0,0.8078333333333333,300,5.636363636363637,0.8078333333333333,14,900.0,1.4838444444444445,435.46000000000004,Flow60,T11-T20
4,buy,300.0,1531.11,17.0,300.0,9,14.0,7.48,6.52,44.08,18,5,0.7346666666666667,1.0,300,3.0,1.0,14,900.0,1.7012333333333332,631.1099999999999,Flow60,T11-T20
5,sell,131.21,-338.47,14.0,400.0,9,16.916666666666668,8.055555555555555,8.86111111111111,52.611111111111114,18,5,0.8768518518518519,0.328025,0,-5.944444444444445,inf,14,0.0,,-338.47,Flow60,T11-T20
6,sell,300.0,157.35,11.0,300.0,9,14.485714285714286,11.728571428571428,2.757142857142857,36.05714285714286,18,5,0.6009523809523809,1.0,300,0.7285714285714278,1.0,14,900.0,0.17483333333333334,-742.65,Flow60,T11-T20
7,sell,400.0,2975.49,4.0,400.0,9,17.0,10.0,7.0,55.0,18,5,0.9166666666666666,1.0,400,6.0,1.0,14,4000.0,0.7438724999999999,-1024.5100000000002,Flow60,T11-T20
8,sell,400.0,3362.29,3.0,400.0,9,10.782608695652174,7.565217391304348,3.217391304347826,10.91304347826087,18,5,0.18188405797101448,1.0,400,4.565217391304348,1.0,14,4400.0,0.7641568181818181,-1037.71,Flow60,T11-T20
1,buy,243.79,616.47,14.0,400.0,9,11.872340425531915,10.0,1.872340425531915,21.127659574468087,19,5,0.3521276595744681,0.609475,200,2.127659574468085,1.21895,14,0.0,,616.47,Flow60,T11-T20
2,buy,300.0,1308.69,16.0,300.0,9,14.904761904761905,7.333333333333333,7.571428571428571,43.42857142857143,19,5,0.7238095238095238,1.0,300,1.095238095238095,1.0,14,600.0,2.18115,708.69,Flow60,T11-T20
3,buy,300.0,1366.52,17.0,300.0,9,11.430769230769231,8.953846153846154,2.476923076923077,60.0,19,5,1.0,1.0,300,5.569230769230769,1.0,14,900.0,1.5183555555555555,466.52,Flow60,T11-T20
4,buy,299.65,1496.28,17.0,300.0,9,14.153846153846153,7.769230769230769,6.384615384615385,30.46153846153846,19,5,0.5076923076923077,0.9988333333333332,300,2.8461538461538467,0.9988333333333332,14,900.0,1.6625333333333332,596.28,Flow60,T11-T20
5,sell,183.89,-463.02,14.0,400.0,9,16.412213740458014,7.473282442748092,8.938931297709924,50.595419847328245,19,5,0.8432569974554708,0.45972499999999994,0,-6.526717557251908,inf,14,0.0,,-463.02,Flow60,T11-T20
6,sell,192.42,283.26,11.0,300.0,9,15.05813953488372,12.0,3.058139534883721,36.48837209302326,19,5,0.608139534883721,0.6414,300,1.0,0.6414,14,900.0,0.3147333333333333,-616.74,Flow60,T11-T20
7,sell,400.0,3163.86,4.0,400.0,9,16.0,11.0,5.0,58.0,19,5,0.9666666666666667,1.0,400,7.0,1.0,14,4000.0,0.790965,-836.1399999999999,Flow60,T11-T20
8,sell,400.0,3544.86,3.0,400.0,9,12.0,7.580645161290323,4.419354838709677,7.741935483870968,19,5,0.12903225806451613,1.0,400,4.580645161290323,1.0,14,4400.0,0.80565,-855.1399999999999,Flow60,T11-T20
1,buy,305.84,557.4,14.0,400.0,9,13.585106382978724,12.170212765957446,1.4148936170212767,43.755319148936174,20,5,0.7292553191489363,0.7646,200,0.41489361702127603,1.5292,14,0.0,,557.4,Flow60,T11-T20
2,buy,300.0,1147.17,16.0,300.0,9,14.505050505050505,5.252525252525253,9.252525252525253,40.21212121212121,20,5,0.6702020202020201,1.0,300,1.4949494949494948,1.0,14,600.0,1.91195,547.1700000000001,Flow60,T11-T20
3,buy,297.97,1355.77,17.0,300.0,9,12.420454545454545,8.897727272727273,3.522727272727273,60.0,20,5,1.0,0.9932333333333334,300,4.579545454545455,0.9932333333333334,14,900.0,1.5064111111111111,455.77,Flow60,T11-T20
4,buy,300.0,1293.26,17.0,300.0,9,14.5,6.75,7.75,30.8,20,5,0.5133333333333333,1.0,300,2.5,1.0,14,900.0,1.4369555555555555,393.26,Flow60,T11-T20
5,sell,108.7,-106.29,14.0,400.0,9,17.160714285714285,8.821428571428571,8.339285714285714,57.535714285714285,20,5,0.9589285714285715,0.27175,0,-5.178571428571429,inf,14,0.0,,-106.29,Flow60,T11-T20
6,sell,300.0,414.98,11.0,300.0,9,11.875,10.875,1.0,40.5,20,5,0.675,1.0,300,-0.125,1.0,14,900.0,0.4610888888888889,-485.02,Flow60,T11-T20
7,sell,400.0,3371.43,4.0,400.0,9,16.0,11.0,5.0,52.0,20,5,0.8666666666666667,1.0,400,7.0,1.0,14,4000.0,0.8428574999999999,-628.5700000000002,Flow60,T11-T20
8,sell,400.0,3664.49,3.0,400.0,9,8.709090909090909,5.909090909090909,2.8,7.109090909090909,20,5,0.11848484848484848,1.0,400,2.909090909090909,1.0,14,4400.0,0.8328386363636363,-735.5100000000002,Flow60,T11-T20
1,buy,296.51,1597.86,17.0,300.0,10,15.930232558139535,3.2093023255813953,12.720930232558139,24.162790697674417,1,1,0.4027131782945736,0.9883666666666666,300,1.0697674418604652,0.9883666666666666,14,900.0,1.7753999999999999,697.8599999999999,Flow60,T1-T10
2,buy,265.61,1294.39,14.0,400.0,10,11.564102564102564,9.128205128205128,2.4358974358974357,16.871794871794872,1,1,0.2811965811965812,0.6640250000000001,200,2.435897435897436,1.3280500000000002,14,0.0,,1294.39,Flow60,T1-T10
3,buy,290.54,1499.57,17.0,300.0,10,13.863636363636363,9.030303030303031,4.833333333333333,9.636363636363637,1,1,0.1606060606060606,0.9684666666666667,300,3.1363636363636367,0.9684666666666667,14,900.0,1.6661888888888887,599.5699999999999,Flow60,T1-T10
4,buy,250.0,1016.1,16.0,300.0,10,16.931818181818183,12.704545454545455,4.2272727272727275,6.068181818181818,1,1,0.10113636363636364,0.8333333333333334,300,-0.9318181818181834,0.8333333333333334,14,600.0,1.6935,416.1,Flow60,T1-T10
5,sell,206.29,1827.07,3.0,400.0,10,10.74074074074074,7.548148148148148,3.1925925925925926,23.977777777777778,1,1,0.3996296296296296,0.515725,400,4.548148148148148,0.515725,14,4400.0,0.4152431818181818,-2572.9300000000003,Flow60,T1-T10
6,sell,200.0,1530.99,4.0,400.0,10,18.0,11.478260869565217,6.521739130434782,53.608695652173914,1,1,0.8934782608695653,0.5,400,7.478260869565217,0.5,14,4000.0,0.3827475,-2469.01,Flow60,T1-T10
7,sell,399.83,-1735.58,14.0,400.0,10,7.523809523809524,4.285714285714286,3.238095238095238,20.571428571428573,1,1,0.34285714285714286,0.999575,0,-9.714285714285715,inf,14,0.0,,-1735.58,Flow60,T1-T10
8,sell,300.0,403.5,11.0,300.0,10,14.0,12.0,2.0,43.0,1,1,0.7166666666666667,1.0,300,1.0,1.0,14,900.0,0.4483333333333333,-496.5,Flow60,T1-T10
1,buy,102.92,643.39,17.0,300.0,10,15.068627450980392,5.411764705882353,9.656862745098039,24.49019607843137,2,1,0.40816993464052287,0.3430666666666667,300,1.931372549019608,0.3430666666666667,14,900.0,0.7148777777777777,-256.61,Flow60,T1-T10
2,buy,378.81,1294.57,14.0,400.0,10,12.0,10.0,2.0,18.125,2,1,0.3020833333333333,0.947025,200,2.0,1.89405,14,0.0,,1294.57,Flow60,T1-T10
3,buy,292.93,1760.86,17.0,300.0,10,12.069444444444445,9.36111111111111,2.7083333333333335,7.722222222222222,2,1,0.1287037037037037,0.9764333333333334,300,4.930555555555555,0.9764333333333334,14,900.0,1.956511111111111,860.8599999999999,Flow60,T1-T10
4,buy,300.0,1252.24,16.0,300.0,10,16.063492063492063,11.825396825396826,4.238095238095238,11.555555555555555,2,1,0.1925925925925926,1.0,300,-0.06349206349206327,1.0,14,600.0,2.087066666666667,652.24,Flow60,T1-T10
5,sell,298.35,2533.44,3.0,400.0,10,9.904761904761905,6.714285714285714,3.1904761904761907,29.246031746031747,2,1,0.48743386243386244,0.7458750000000001,400,3.7142857142857144,0.7458750000000001,14,4400.0,0.5757818181818182,-1866.56,Flow60,T1-T10
6,sell,386.22,2524.4,4.0,400.0,10,10.642857142857142,2.865079365079365,7.777777777777778,27.238095238095237,2,1,0.45396825396825397,0.96555,400,-1.1349206349206349,0.96555,14,4000.0,0.6311,-1475.6,Flow60,T1-T10
7,sell,217.39,-599.67,14.0,400.0,10,7.033333333333333,2.7,4.333333333333333,8.566666666666666,2,1,0.14277777777777778,0.5434749999999999,0,-11.3,inf,14,0.0,,-599.67,Flow60,T1-T10
8,sell,149.99,32.18,11.0,300.0,10,17.08108108108108,13.297297297297296,3.7837837837837838,60.0,2,1,1.0,0.49996666666666667,300,2.2972972972972965,0.49996666666666667,14,900.0,0.035755555555555554,-867.82,Flow60,T1-T10
1,buy,296.55,1693.13,17.0,300.0,10,17.23913043478261,8.858695652173912,8.380434782608695,19.630434782608695,3,1,0.32717391304347826,0.9885,300,-0.2391304347826093,0.9885,14,900.0,1.8812555555555557,793.1300000000001,Flow60,T1-T10
2,buy,275.27,871.94,14.0,400.0,10,14.939759036144578,12.795180722891565,2.144578313253012,13.120481927710843,3,1,0.21867469879518073,0.688175,200,-0.9397590361445776,1.37635,14,0.0,,871.94,Flow60,T1-T10
3,buy,137.96,742.34,17.0,300.0,10,13.628205128205128,11.705128205128204,1.9230769230769231,7.884615384615385,3,1,0.13141025641025642,0.4598666666666667,300,3.3717948717948723,0.4598666666666667,14,900.0,0.8248222222222222,-157.65999999999997,Flow60,T1-T10
4,buy,300.0,1236.39,16.0,300.0,10,17.233766233766232,14.922077922077921,2.311688311688312,20.116883116883116,3,1,0.3352813852813853,1.0,300,-1.2337662337662323,1.0,14,600.0,2.0606500000000003,636.3900000000001,Flow60,T1-T10
5,sell,400.0,3086.77,3.0,400.0,10,8.666666666666666,4.607843137254902,4.0588235294117645,27.313725490196077,3,1,0.45522875816993463,1.0,400,1.6078431372549016,1.0,14,4400.0,0.7015386363636363,-1313.23,Flow60,T1-T10
6,sell,198.9,1399.19,4.0,400.0,10,11.015625,6.390625,4.625,26.296875,3,1,0.43828125,0.49725,400,2.390625,0.49725,14,4000.0,0.34979750000000004,-2600.81,Flow60,T1-T10
7,sell,119.77,-215.14,14.0,400.0,10,13.5,9.833333333333334,3.6666666666666665,6.583333333333333,3,1,0.10972222222222222,0.299425,0,-4.166666666666666,inf,14,0.0,,-215.14,Flow60,T1-T10
8,sell,262.0,389.76,11.0,300.0,10,14.727272727272727,12.493506493506494,2.2337662337662336,51.45454545454545,3,1,0.8575757575757575,0.8733333333333333,300,1.4935064935064943,0.8733333333333333,14,900.0,0.43306666666666666,-510.24,Flow60,T1-T10
1,buy,300.0,1708.8,17.0,300.0,10,16.71232876712329,8.136986301369863,8.575342465753424,18.73972602739726,4,1,0.31232876712328766,1.0,300,0.28767123287671126,1.0,14,900.0,1.8986666666666667,808.8,Flow60,T1-T10
2,buy,193.73,517.43,14.0,400.0,10,9.698795180722891,8.120481927710843,1.5783132530120483,15.433734939759036,4,1,0.2572289156626506,0.48432499999999995,200,4.301204819277109,0.9686499999999999,14,0.0,,517.43,Flow60,T1-T10
3,buy,274.05,1474.51,17.0,300.0,10,13.0375,9.1625,3.875,10.425,4,1,0.17375000000000002,0.9135000000000001,300,3.9625000000000004,0.9135000000000001,14,900.0,1.6383444444444444,574.51,Flow60,T1-T10
4,buy,300.0,1246.99,16.0,300.0,10,14.678571428571429,12.892857142857142,1.7857142857142858,25.178571428571427,4,1,0.4196428571428571,1.0,300,1.3214285714285712,1.0,14,600.0,2.078316666666667,646.99,Flow60,T1-T10
5,sell,301.52,2484.47,3.0,400.0,10,12.5,7.60377358490566,4.89622641509434,32.490566037735846,4,1,0.5415094339622641,0.7537999999999999,400,4.60377358490566,0.7537999999999999,14,4400.0,0.5646522727272727,-1915.5300000000002,Flow60,T1-T10
6,sell,368.23,2681.78,4.0,400.0,10,9.064814814814815,3.314814814814815,5.75,25.703703703703702,4,1,0.42839506172839503,0.920575,400,-0.6851851851851851,0.920575,14,4000.0,0.6704450000000001,-1318.2199999999998,Flow60,T1-T10
7,sell,63.37,-143.29,14.0,400.0,10,18.08108108108108,11.891891891891891,6.1891891891891895,20.62162162162162,4,1,0.3436936936936937,0.15842499999999998,0,-2.108108108108109,inf,14,0.0,,-143.29,Flow60,T1-T10
8,sell,300.0,342.57,11.0,300.0,10,13.0,12.0,1.0,60.0,4,1,1.0,1.0,300,1.0,1.0,14,900.0,0.3806333333333333,-557.4300000000001,Flow60,T1-T10
1,buy,10.0,-14.13,6.0,400.0,10,7.586206896551724,3.5344827586206895,4.051724137931035,14.189655172413794,5,2,0.23649425287356324,0.025,0,-1.5862068965517242,inf,6,0.0,,-14.13,Flow60,T1-T10
2,buy,0.0,0.0,8.0,400.0,10,5.903614457831325,4.542168674698795,1.3614457831325302,13.674698795180722,5,2,0.22791164658634538,0.0,400,2.096385542168675,0.0,6,800.0,0.0,-800.0,Flow60,T1-T10
3,buy,394.74,2902.17,17.0,400.0,10,13.09433962264151,10.358490566037736,2.7358490566037736,9.415094339622641,5,2,0.15691823899371068,0.98685,400,3.9056603773584904,0.98685,6,4400.0,0.659584090909091,-1497.83,Flow60,T1-T10
4,buy,352.22,1883.22,15.0,400.0,10,15.681818181818182,13.590909090909092,2.090909090909091,22.136363636363637,5,2,0.36893939393939396,0.88055,400,-0.6818181818181817,0.88055,6,3600.0,0.5231166666666667,-1716.78,Flow60,T1-T10
5,sell,156.65,741.87,5.0,400.0,10,12.628318584070797,7.495575221238938,5.132743362831858,33.150442477876105,5,2,0.5525073746312684,0.391625,400,2.495575221238938,0.391625,6,400.0,1.854675,341.87,Flow60,T1-T10
6,sell,288.95,1062.87,6.0,400.0,10,12.446808510638299,5.872340425531915,6.574468085106383,39.56382978723404,5,2,0.6593971631205674,0.722375,200,-0.12765957446808507,1.44475,6,0.0,,1062.87,Flow60,T1-T10
7,sell,112.56,530.57,4.0,300.0,10,14.12,9.46,4.66,15.58,5,2,0.25966666666666666,0.37520000000000003,300,5.460000000000001,0.37520000000000003,6,600.0,0.8842833333333334,-69.42999999999995,Flow60,T1-T10
8,sell,204.65,1416.32,3.0,300.0,10,13.301587301587302,9.873015873015873,3.4285714285714284,59.523809523809526,5,2,0.9920634920634921,0.6821666666666667,300,6.8730158730158735,0.6821666666666667,6,900.0,1.573688888888889,516.3199999999999,Flow60,T1-T10
1,buy,40.0,-73.01,6.0,400.0,10,13.98360655737705,8.836065573770492,5.147540983606557,11.524590163934427,6,2,0.19207650273224045,0.1,0,-7.983606557377049,inf,6,0.0,,-73.01,Flow60,T1-T10
2,buy,120.84,44.5,8.0,400.0,10,8.108108108108109,6.702702702702703,1.4054054054054055,11.608108108108109,6,2,0.1934684684684685,0.30210000000000004,400,-0.10810810810810878,0.30210000000000004,6,800.0,0.055625,-755.5,Flow60,T1-T10
3,buy,400.0,3314.88,17.0,400.0,10,12.219178082191782,9.753424657534246,2.4657534246575343,8.945205479452055,6,2,0.14908675799086757,1.0,400,4.780821917808218,1.0,6,4400.0,0.7533818181818182,-1085.12,Flow60,T1-T10
4,buy,400.0,2232.51,15.0,400.0,10,15.74468085106383,13.404255319148936,2.3404255319148937,9.340425531914894,6,2,0.15567375886524823,1.0,400,-0.7446808510638299,1.0,6,3600.0,0.6201416666666667,-1367.4899999999998,Flow60,T1-T10
5,sell,184.6,715.86,5.0,400.0,10,10.728,7.128,3.6,38.304,6,2,0.6384000000000001,0.46149999999999997,400,2.128,0.46149999999999997,6,400.0,1.78965,315.86,Flow60,T1-T10
6,sell,219.33,623.56,6.0,400.0,10,12.755555555555556,8.444444444444445,4.311111111111111,49.77777777777778,6,2,0.8296296296296296,0.5483250000000001,200,2.4444444444444446,1.0966500000000001,6,0.0,,623.56,Flow60,T1-T10
7,sell,300.0,1190.22,4.0,300.0,10,12.022727272727273,7.181818181818182,4.840909090909091,32.52272727272727,6,2,0.5420454545454546,1.0,300,3.1818181818181817,1.0,6,600.0,1.9837,590.22,Flow60,T1-T10
8,sell,277.33,1851.17,3.0,300.0,10,13.906976744186046,8.755813953488373,5.151162790697675,59.651162790697676,6,2,0.9941860465116279,0.9244333333333333,300,5.7558139534883725,0.9244333333333333,6,900.0,2.0568555555555554,951.1700000000001,Flow60,T1-T10
1,buy,5.0,8.13,6.0,400.0,10,5.535211267605634,2.9295774647887325,2.6056338028169015,9.126760563380282,7,2,0.15211267605633802,0.0125,0,0.464788732394366,inf,6,0.0,,8.13,Flow60,T1-T10
2,buy,225.19,147.33,8.0,400.0,10,7.986666666666666,5.986666666666666,2.0,21.133333333333333,7,2,0.3522222222222222,0.562975,400,0.013333333333333641,0.562975,6,800.0,0.1841625,-652.67,Flow60,T1-T10
3,buy,400.0,3671.38,17.0,400.0,10,12.0,8.714285714285714,3.2857142857142856,8.844155844155845,7,2,0.1474025974025974,1.0,400,5.0,1.0,6,4400.0,0.8344045454545455,-728.6199999999999,Flow60,T1-T10
4,buy,400.0,2822.65,15.0,400.0,10,14.137931034482758,12.137931034482758,2.0,13.344827586206897,7,2,0.22241379310344828,1.0,400,0.862068965517242,1.0,6,3600.0,0.7840694444444445,-777.3499999999999,Flow60,T1-T10
5,sell,400.0,1113.49,5.0,400.0,10,10.486486486486486,4.972972972972973,5.513513513513513,44.6036036036036,7,2,0.7433933933933934,1.0,400,-0.027027027027027195,1.0,6,400.0,2.783725,713.49,Flow60,T1-T10
6,sell,97.44,421.5,6.0,400.0,10,8.753623188405797,3.63768115942029,5.115942028985507,29.985507246376812,7,2,0.4997584541062802,0.24359999999999998,200,-2.36231884057971,0.48719999999999997,6,0.0,,421.5,Flow60,T1-T10
7,sell,235.97,714.05,4.0,300.0,10,13.186666666666667,6.64,6.546666666666667,29.186666666666667,7,2,0.48644444444444446,0.7865666666666666,300,2.6399999999999997,0.7865666666666666,6,600.0,1.1900833333333332,114.04999999999995,Flow60,T1-T10
8,sell,296.98,1348.52,3.0,300.0,10,9.383720930232558,8.046511627906977,1.3372093023255813,60.0,7,2,1.0,0.9899333333333334,300,5.046511627906977,0.9899333333333334,6,900.0,1.4983555555555554,448.52,Flow60,T1-T10
1,buy,0.0,0.0,6.0,400.0,10,5.0,4.0,1.0,40.5,8,2,0.675,0.0,0,1.0,,6,0.0,,0.0,Flow60,T1-T10
2,buy,295.5,-123.05,8.0,400.0,10,9.210526315789474,5.421052631578948,3.789473684210526,17.736842105263158,8,2,0.2956140350877193,0.73875,400,-1.2105263157894743,0.73875,6,800.0,-0.1538125,-923.05,Flow60,T1-T10
3,buy,399.83,3400.4,17.0,400.0,10,10.526315789473685,8.087719298245615,2.43859649122807,8.614035087719298,8,2,0.1435672514619883,0.999575,400,6.473684210526315,0.999575,6,4400.0,0.7728181818181818,-999.5999999999999,Flow60,T1-T10
4,buy,400.0,2524.44,15.0,400.0,10,14.0,12.037037037037036,1.962962962962963,13.851851851851851,8,2,0.23086419753086418,1.0,400,1.0,1.0,6,3600.0,0.7012333333333334,-1075.56,Flow60,T1-T10
5,sell,209.34,719.83,5.0,400.0,10,9.168141592920353,6.8584070796460175,2.309734513274336,35.610619469026545,8,2,0.5935103244837757,0.52335,400,1.8584070796460175,0.52335,6,400.0,1.7995750000000001,319.83000000000004,Flow60,T1-T10
6,sell,300.0,650.52,6.0,400.0,10,9.127659574468085,5.382978723404255,3.74468085106383,34.755319148936174,8,2,0.5792553191489362,0.75,200,-0.6170212765957448,1.5,6,0.0,,650.52,Flow60,T1-T10
7,sell,300.0,1420.09,4.0,300.0,10,11.68,8.0,3.68,29.426666666666666,8,2,0.4904444444444444,1.0,300,4.0,1.0,6,600.0,2.3668166666666663,820.0899999999999,Flow60,T1-T10
8,sell,300.0,1766.51,3.0,300.0,10,12.0,8.0,4.0,60.0,8,2,1.0,1.0,300,5.0,1.0,6,900.0,1.962788888888889,866.51,Flow60,T1-T10
1,buy,300.0,1674.81,16.0,300.0,10,16.476190476190474,11.428571428571429,5.0476190476190474,14.095238095238095,9,3,0.23492063492063492,1.0,300,-0.4761904761904745,1.0,9,2100.0,0.7975285714285714,-425.19000000000005,Flow60,T1-T10
2,buy,400.0,1907.6,15.0,400.0,10,12.0,5.0,7.0,24.0,9,3,0.4,1.0,400,3.0,1.0,9,2400.0,0.7948333333333333,-492.4000000000001,Flow60,T1-T10
3,buy,125.83,153.99,10.0,400.0,10,10.65,5.95,4.7,8.1,9,3,0.13499999999999998,0.314575,400,-0.6500000000000004,0.314575,9,400.0,0.384975,-246.01,Flow60,T1-T10
4,buy,400.0,1344.52,14.0,400.0,10,15.64102564102564,14.051282051282051,1.5897435897435896,15.384615384615385,9,3,0.25641025641025644,1.0,400,-1.6410256410256405,1.0,9,2000.0,0.67226,-655.48,Flow60,T1-T10
5,sell,372.87,2840.01,3.0,400.0,10,10.025641025641026,6.803418803418803,3.2222222222222223,26.299145299145298,9,3,0.4383190883190883,0.932175,400,3.8034188034188032,0.932175,9,2400.0,1.1833375000000002,440.0100000000002,Flow60,T1-T10
6,sell,200.0,1016.27,5.0,400.0,10,14.64406779661017,9.067796610169491,5.576271186440678,41.20338983050848,9,3,0.686723163841808,0.5,400,4.067796610169491,0.5,9,1600.0,0.63516875,-583.73,Flow60,T1-T10
7,sell,339.19,2015.18,4.0,400.0,10,12.985074626865671,9.955223880597014,3.029850746268657,28.791044776119403,9,3,0.4798507462686567,0.847975,400,5.955223880597014,0.847975,9,2000.0,1.00759,15.180000000000064,Flow60,T1-T10
8,sell,299.91,723.03,8.0,300.0,10,12.048780487804878,11.048780487804878,1.0,60.0,9,3,1.0,0.9997,300,3.048780487804878,0.9997,9,300.0,2.4101,423.03,Flow60,T1-T10
1,buy,299.36,1917.86,16.0,300.0,10,9.984848484848484,8.863636363636363,1.121212121212121,59.13636363636363,10,3,0.9856060606060606,0.9978666666666667,300,6.015151515151516,0.9978666666666667,9,2100.0,0.9132666666666667,-182.1400000000001,Flow60,T1-T10
2,buy,400.0,1994.1,15.0,400.0,10,12.0,9.0,3.0,22.0,10,3,0.36666666666666664,1.0,400,3.0,1.0,9,2400.0,0.8308749999999999,-405.9000000000001,Flow60,T1-T10
3,buy,281.28,534.39,10.0,400.0,10,11.483870967741936,9.440860215053764,2.043010752688172,12.56989247311828,10,3,0.20949820788530465,0.7031999999999999,400,-1.483870967741936,0.7031999999999999,9,400.0,1.335975,134.39,Flow60,T1-T10
4,buy,400.0,1537.37,14.0,400.0,10,16.818181818181817,15.818181818181818,1.0,6.9818181818181815,10,3,0.11636363636363636,1.0,400,-2.8181818181818166,1.0,9,2000.0,0.768685,-462.6300000000001,Flow60,T1-T10
5,sell,296.75,1998.22,3.0,400.0,10,9.795180722891565,6.337349397590361,3.4578313253012047,27.02409638554217,10,3,0.4504016064257028,0.741875,400,3.337349397590361,0.741875,9,2400.0,0.8325916666666667,-401.78,Flow60,T1-T10
6,sell,398.91,1905.97,5.0,400.0,10,8.48936170212766,2.893617021276596,5.595744680851064,26.70212765957447,10,3,0.4450354609929078,0.997275,400,-2.106382978723404,0.997275,9,1600.0,1.19123125,305.97,Flow60,T1-T10
7,sell,399.53,1892.29,4.0,400.0,10,13.117647058823529,8.735294117647058,4.382352941176471,44.19117647058823,10,3,0.7365196078431372,0.998825,400,4.735294117647058,0.998825,9,2000.0,0.946145,-107.71000000000004,Flow60,T1-T10
8,sell,300.0,703.15,8.0,300.0,10,11.0,10.0,1.0,60.0,10,3,1.0,1.0,300,2.0,1.0,9,300.0,2.3438333333333334,403.15,Flow60,T1-T10
1,buy,299.54,1913.09,16.0,300.0,10,13.678571428571429,11.535714285714286,2.142857142857143,34.285714285714285,11,3,0.5714285714285714,0.9984666666666667,300,2.321428571428571,0.9984666666666667,9,2100.0,0.9109952380952381,-186.91000000000008,Flow60,T11-T20
2,buy,400.0,2203.07,15.0,400.0,10,12.0,5.0,7.0,20.0,11,3,0.3333333333333333,1.0,400,3.0,1.0,9,2400.0,0.9179458333333333,-196.92999999999984,Flow60,T11-T20
3,buy,393.18,233.4,10.0,400.0,10,11.39080459770115,10.022988505747126,1.367816091954023,15.574712643678161,11,3,0.2595785440613027,0.98295,400,-1.39080459770115,0.98295,9,400.0,0.5835,-166.6,Flow60,T11-T20
4,buy,400.0,1787.57,14.0,400.0,10,13.0,12.0,1.0,5.27027027027027,11,3,0.08783783783783784,1.0,400,1.0,1.0,9,2000.0,0.8937849999999999,-212.43000000000006,Flow60,T11-T20
5,sell,390.27,2547.24,3.0,400.0,10,8.461538461538462,6.171597633136095,2.289940828402367,25.57396449704142,11,3,0.42623274161735697,0.975675,400,3.171597633136095,0.975675,9,2400.0,1.06135,147.23999999999978,Flow60,T11-T20
6,sell,395.9,1691.23,5.0,400.0,10,12.105263157894736,8.526315789473685,3.5789473684210527,38.1578947368421,11,3,0.6359649122807017,0.9897499999999999,400,3.526315789473685,0.9897499999999999,9,1600.0,1.0570187500000001,91.23000000000002,Flow60,T11-T20
7,sell,400.0,2242.75,4.0,400.0,10,13.573170731707316,9.0,4.573170731707317,56.58536585365854,11,3,0.943089430894309,1.0,400,5.0,1.0,9,2000.0,1.121375,242.75,Flow60,T11-T20
8,sell,300.0,486.75,8.0,300.0,10,11.567567567567568,9.567567567567568,2.0,60.0,11,3,1.0,1.0,300,1.5675675675675684,1.0,9,300.0,1.6225,186.75,Flow60,T11-T20
1,buy,284.39,1710.89,16.0,300.0,10,15.574193548387097,13.258064516129032,2.3161290322580643,8.116129032258064,12,3,0.13526881720430106,0.9479666666666666,300,0.4258064516129032,0.9479666666666666,9,2100.0,0.8147095238095239,-389.1099999999999,Flow60,T11-T20
2,buy,307.99,1576.69,15.0,400.0,10,11.0,5.0,6.0,19.0,12,3,0.31666666666666665,0.7699750000000001,400,4.0,0.7699750000000001,9,2400.0,0.6569541666666667,-823.31,Flow60,T11-T20
3,buy,119.8,26.14,10.0,400.0,10,9.985507246376812,8.478260869565217,1.5072463768115942,13.884057971014492,12,3,0.23140096618357486,0.2995,400,0.014492753623187582,0.2995,9,400.0,0.06535,-373.86,Flow60,T11-T20
4,buy,400.0,1494.78,14.0,400.0,10,13.266666666666667,11.733333333333333,1.5333333333333334,6.433333333333334,12,3,0.10722222222222223,1.0,400,0.7333333333333325,1.0,9,2000.0,0.74739,-505.22,Flow60,T11-T20
5,sell,276.49,1923.35,3.0,400.0,10,10.32934131736527,7.0,3.3293413173652695,37.19760479041916,12,3,0.6199600798403194,0.691225,400,4.0,0.691225,9,2400.0,0.8013958333333333,-476.6500000000001,Flow60,T11-T20
6,sell,304.09,1426.74,5.0,400.0,10,16.83783783783784,9.756756756756756,7.081081081081081,54.63513513513514,12,3,0.9105855855855857,0.7602249999999999,400,4.756756756756756,0.7602249999999999,9,1600.0,0.8917125,-173.26,Flow60,T11-T20
7,sell,306.3,1910.65,4.0,400.0,10,12.404255319148936,10.0,2.404255319148936,50.5531914893617,12,3,0.8425531914893617,0.76575,400,6.0,0.76575,9,2000.0,0.9553250000000001,-89.34999999999991,Flow60,T11-T20
8,sell,237.29,571.39,8.0,300.0,10,11.158415841584159,10.158415841584159,1.0,11.128712871287128,12,3,0.18547854785478546,0.7909666666666666,300,2.1584158415841586,0.7909666666666666,9,300.0,1.9046333333333332,271.39,Flow60,T11-T20
1,buy,399.04,3489.75,17.0,400.0,10,15.464566929133857,11.173228346456693,4.291338582677166,7.291338582677166,13,4,0.1215223097112861,0.9976,400,1.5354330708661426,0.9976,6,4400.0,0.793125,-910.25,Flow60,T11-T20
2,buy,400.0,2819.82,15.0,400.0,10,10.0,5.0,5.0,21.0,13,4,0.35,1.0,400,5.0,1.0,6,3600.0,0.7832833333333333,-780.1799999999998,Flow60,T11-T20
3,buy,191.7,70.05,8.0,400.0,10,7.0,4.833333333333333,2.1666666666666665,13.6875,13,4,0.228125,0.47924999999999995,400,1.0,0.47924999999999995,6,800.0,0.0875625,-729.95,Flow60,T11-T20
4,buy,13.99,-15.67,6.0,400.0,10,6.604651162790698,5.046511627906977,1.558139534883721,13.279069767441861,13,4,0.22131782945736436,0.034975,0,-0.6046511627906979,inf,6,0.0,,-15.67,Flow60,T11-T20
5,sell,262.12,512.51,6.0,400.0,10,9.257142857142858,5.7,3.557142857142857,43.05714285714286,13,4,0.7176190476190476,0.6553,200,-0.2999999999999998,1.3106,6,0.0,,512.51,Flow60,T11-T20
6,sell,300.0,1512.27,3.0,300.0,10,16.627450980392158,6.901960784313726,9.72549019607843,55.21568627450981,13,4,0.9202614379084968,1.0,300,3.901960784313726,1.0,6,900.0,1.6803,612.27,Flow60,T11-T20
7,sell,151.41,199.43,5.0,400.0,10,12.315068493150685,8.232876712328768,4.082191780821918,46.41095890410959,13,4,0.7735159817351599,0.378525,400,3.2328767123287676,0.378525,6,400.0,0.498575,-200.57,Flow60,T11-T20
8,sell,300.0,1448.89,4.0,300.0,10,9.0,8.0,1.0,15.0,13,4,0.25,1.0,300,4.0,1.0,6,600.0,2.414816666666667,848.8900000000001,Flow60,T11-T20
1,buy,400.0,3551.26,17.0,400.0,10,13.847058823529412,12.435294117647059,1.411764705882353,24.32941176470588,14,4,0.40549019607843134,1.0,400,3.1529411764705877,1.0,6,4400.0,0.8071045454545455,-848.7399999999998,Flow60,T11-T20
2,buy,367.08,2503.0,15.0,400.0,10,9.980392156862745,5.0,4.980392156862745,19.980392156862745,14,4,0.3330065359477124,0.9177,400,5.019607843137255,0.9177,6,3600.0,0.6952777777777778,-1097.0,Flow60,T11-T20
3,buy,214.76,74.44,8.0,400.0,10,8.394736842105264,7.0,1.394736842105263,23.460526315789473,14,4,0.39100877192982453,0.5368999999999999,400,-0.3947368421052637,0.5368999999999999,6,800.0,0.09305,-725.56,Flow60,T11-T20
4,buy,0.0,0.0,6.0,400.0,10,5.065217391304348,0.1956521739130435,4.869565217391305,3.260869565217391,14,4,0.05434782608695652,0.0,0,0.9347826086956523,,6,0.0,,0.0,Flow60,T11-T20
5,sell,221.18,425.12,6.0,400.0,10,6.791443850267379,4.786096256684492,2.0053475935828877,30.593582887700535,14,4,0.5098930481283422,0.55295,200,-1.213903743315508,1.1059,6,0.0,,425.12,Flow60,T11-T20
6,sell,300.0,1472.97,3.0,300.0,10,11.097222222222221,5.416666666666667,5.680555555555555,48.09722222222222,14,4,0.8016203703703704,1.0,300,2.416666666666667,1.0,6,900.0,1.6366333333333334,572.97,Flow60,T11-T20
7,sell,162.96,513.88,5.0,400.0,10,10.588235294117647,8.0,2.588235294117647,60.0,14,4,1.0,0.40740000000000004,400,3.0,0.40740000000000004,6,400.0,1.2847,113.88,Flow60,T11-T20
8,sell,282.01,1190.82,4.0,300.0,10,10.186915887850468,8.186915887850468,2.0,58.78504672897196,14,4,0.9797507788161994,0.9400333333333333,300,4.186915887850468,0.9400333333333333,6,600.0,1.9847,590.8199999999999,Flow60,T11-T20
1,buy,399.98,3560.99,17.0,400.0,10,8.575757575757576,7.2727272727272725,1.303030303030303,10.606060606060606,15,4,0.17676767676767677,0.99995,400,8.424242424242424,0.99995,6,4400.0,0.809315909090909,-839.0100000000002,Flow60,T11-T20
2,buy,400.0,2891.9,15.0,400.0,10,9.0,5.0,4.0,19.0,15,4,0.31666666666666665,1.0,400,6.0,1.0,6,3600.0,0.8033055555555556,-708.0999999999999,Flow60,T11-T20
3,buy,312.73,192.83,8.0,400.0,10,8.930434782608696,7.452173913043478,1.4782608695652173,19.321739130434782,15,4,0.32202898550724635,0.781825,400,-0.930434782608696,0.781825,6,800.0,0.24103750000000002,-607.17,Flow60,T11-T20
4,buy,0.0,0.0,6.0,400.0,10,4.892857142857143,1.0892857142857142,3.8035714285714284,34.017857142857146,15,4,0.5669642857142858,0.0,0,1.1071428571428568,,6,0.0,,0.0,Flow60,T11-T20
5,sell,117.19,246.88,6.0,400.0,10,10.06857142857143,5.845714285714286,4.222857142857142,38.65714285714286,15,4,0.6442857142857144,0.292975,200,-0.15428571428571392,0.58595,6,0.0,,246.88,Flow60,T11-T20
6,sell,281.93,1281.6,3.0,300.0,10,10.862385321100918,4.064220183486238,6.798165137614679,40.559633027522935,15,4,0.6759938837920489,0.9397666666666666,300,1.0642201834862384,0.9397666666666666,6,900.0,1.424,381.5999999999999,Flow60,T11-T20
7,sell,399.11,1216.29,5.0,400.0,10,11.157894736842104,7.526315789473684,3.6315789473684212,60.0,15,4,1.0,0.9977750000000001,400,2.526315789473684,0.9977750000000001,6,400.0,3.040725,816.29,Flow60,T11-T20
8,sell,299.4,1091.7,4.0,300.0,10,11.075471698113208,7.30188679245283,3.7735849056603774,43.735849056603776,15,4,0.728930817610063,0.9979999999999999,300,3.30188679245283,0.9979999999999999,6,600.0,1.8195000000000001,491.70000000000005,Flow60,T11-T20
1,buy,400.0,3972.03,17.0,400.0,10,9.0,7.0,2.0,10.0,16,4,0.16666666666666666,1.0,400,8.0,1.0,6,4400.0,0.902734090909091,-427.9699999999998,Flow60,T11-T20
2,buy,400.0,3087.98,15.0,400.0,10,9.0,5.0,4.0,20.0,16,4,0.3333333333333333,1.0,400,6.0,1.0,6,3600.0,0.8577722222222223,-512.02,Flow60,T11-T20
3,buy,398.19,186.0,8.0,400.0,10,9.1,7.933333333333334,1.1666666666666667,28.358333333333334,16,4,0.4726388888888889,0.995475,400,-1.0999999999999996,0.995475,6,800.0,0.2325,-614.0,Flow60,T11-T20
4,buy,95.68,-142.09,6.0,400.0,10,11.224489795918368,7.530612244897959,3.693877551020408,10.36734693877551,16,4,0.1727891156462585,0.23920000000000002,0,-5.224489795918368,inf,6,0.0,,-142.09,Flow60,T11-T20
5,sell,382.32,701.86,6.0,400.0,10,8.887179487179488,5.553846153846154,3.3333333333333335,38.54871794871795,16,4,0.6424786324786325,0.9558,200,-0.44615384615384635,1.9116,6,0.0,,701.86,Flow60,T11-T20
6,sell,207.27,906.7,3.0,300.0,10,12.128205128205128,4.264957264957265,7.863247863247863,41.22222222222222,16,4,0.687037037037037,0.6909000000000001,300,1.264957264957265,0.6909000000000001,6,900.0,1.0074444444444446,6.7000000000000455,Flow60,T11-T20
7,sell,399.85,641.79,5.0,400.0,10,8.0,4.551724137931035,3.4482758620689653,46.96551724137931,16,4,0.7827586206896552,0.9996250000000001,400,-0.4482758620689653,0.9996250000000001,6,400.0,1.6044749999999999,241.78999999999996,Flow60,T11-T20
8,sell,300.0,1067.64,4.0,300.0,10,8.607843137254902,7.607843137254902,1.0,33.333333333333336,16,4,0.5555555555555556,1.0,300,3.6078431372549016,1.0,6,600.0,1.7794,467.6400000000001,Flow60,T11-T20
1,buy,266.31,985.71,14.0,400.0,10,10.777777777777779,8.523809523809524,2.253968253968254,12.793650793650794,17,5,0.21322751322751324,0.665775,200,3.2222222222222214,1.33155,14,0.0,,985.71,Flow60,T11-T20
2,buy,96.71,502.3,16.0,300.0,10,11.096774193548388,6.096774193548387,5.0,17.548387096774192,17,5,0.29247311827956984,0.32236666666666663,300,4.903225806451612,0.32236666666666663,14,600.0,0.8371666666666667,-97.69999999999999,Flow60,T11-T20
3,buy,274.76,2080.53,17.0,300.0,10,12.678571428571429,10.589285714285714,2.0892857142857144,13.464285714285714,17,5,0.22440476190476188,0.9158666666666666,300,4.321428571428571,0.9158666666666666,14,900.0,2.3117,1180.5300000000002,Flow60,T11-T20
4,buy,300.0,2240.17,17.0,300.0,10,16.0,14.0,2.0,6.0,17,5,0.1,1.0,300,1.0,1.0,14,900.0,2.4890777777777777,1340.17,Flow60,T11-T20
5,sell,51.54,-274.55,14.0,400.0,10,14.0,11.127659574468085,2.872340425531915,33.138297872340424,17,5,0.552304964539007,0.12885,0,-2.872340425531915,inf,14,0.0,,-274.55,Flow60,T11-T20
6,sell,206.04,110.83,11.0,300.0,10,16.617977528089888,12.393258426966293,4.224719101123595,55.19101123595506,17,5,0.9198501872659176,0.6868,300,1.3932584269662929,0.6868,14,900.0,0.12314444444444445,-789.17,Flow60,T11-T20
7,sell,400.0,1993.54,4.0,400.0,10,10.0,8.0,2.0,59.0,17,5,0.9833333333333333,1.0,400,4.0,1.0,14,4000.0,0.49838499999999997,-2006.46,Flow60,T11-T20
8,sell,300.0,2113.26,3.0,400.0,10,16.0,9.0,7.0,60.0,17,5,1.0,0.75,400,6.0,0.75,14,4400.0,0.4802863636363637,-2286.74,Flow60,T11-T20
1,buy,358.87,909.46,14.0,400.0,10,12.0,8.91304347826087,3.0869565217391304,16.32608695652174,18,5,0.2721014492753623,0.8971750000000001,200,2.0,1.7943500000000001,14,0.0,,909.46,Flow60,T11-T20
2,buy,183.49,928.13,16.0,300.0,10,12.0,5.0,7.0,21.0,18,5,0.35,0.6116333333333334,300,4.0,0.6116333333333334,14,600.0,1.5468833333333334,328.13,Flow60,T11-T20
3,buy,284.73,1581.7,17.0,300.0,10,12.211538461538462,10.51923076923077,1.6923076923076923,15.134615384615385,18,5,0.25224358974358974,0.9491,300,4.788461538461538,0.9491,14,900.0,1.7574444444444446,681.7,Flow60,T11-T20
4,buy,300.0,1654.27,17.0,300.0,10,15.75,13.983333333333333,1.7666666666666666,4.85,18,5,0.08083333333333333,1.0,300,1.25,1.0,14,900.0,1.8380777777777777,754.27,Flow60,T11-T20
5,sell,125.13,-381.28,14.0,400.0,10,11.36231884057971,8.91304347826087,2.449275362318841,39.73913043478261,18,5,0.6623188405797101,0.31282499999999996,0,-5.086956521739131,inf,14,0.0,,-381.28,Flow60,T11-T20
6,sell,300.0,246.46,11.0,300.0,10,20.0,11.107142857142858,8.892857142857142,60.0,18,5,1.0,1.0,300,0.10714285714285765,1.0,14,900.0,0.27384444444444445,-653.54,Flow60,T11-T20
7,sell,399.47,2766.97,4.0,400.0,10,14.32876712328767,11.027397260273972,3.3013698630136985,60.0,18,5,1.0,0.9986750000000001,400,7.027397260273972,0.9986750000000001,14,4000.0,0.6917424999999999,-1233.0300000000002,Flow60,T11-T20
8,sell,299.26,2600.92,3.0,400.0,10,12.0,10.845238095238095,1.1547619047619047,28.452380952380953,18,5,0.4742063492063492,0.74815,400,7.845238095238095,0.74815,14,4400.0,0.5911181818181819,-1799.08,Flow60,T11-T20
1,buy,179.0,497.09,14.0,400.0,10,11.7125,9.4875,2.225,18.8375,19,5,0.3139583333333333,0.4475,200,2.2874999999999996,0.895,14,0.0,,497.09,Flow60,T11-T20
2,buy,178.28,874.08,16.0,300.0,10,12.0,5.0,7.0,21.0,19,5,0.35,0.5942666666666667,300,4.0,0.5942666666666667,14,600.0,1.4568,274.08000000000004,Flow60,T11-T20
3,buy,251.65,1344.11,17.0,300.0,10,12.234375,11.125,1.109375,11.328125,19,5,0.18880208333333334,0.8388333333333333,300,4.765625,0.8388333333333333,14,900.0,1.4934555555555555,444.1099999999999,Flow60,T11-T20
4,buy,300.0,1611.33,17.0,300.0,10,15.144736842105264,13.578947368421053,1.5657894736842106,4.894736842105263,19,5,0.08157894736842104,1.0,300,1.8552631578947363,1.0,14,900.0,1.7903666666666667,711.3299999999999,Flow60,T11-T20
5,sell,4.69,-95.45,14.0,400.0,10,15.466666666666667,13.5,1.9666666666666666,43.733333333333334,19,5,0.7288888888888889,0.011725000000000001,0,-0.5,inf,14,0.0,,-95.45,Flow60,T11-T20
6,sell,216.46,272.31,11.0,300.0,10,16.132075471698112,9.40566037735849,6.726415094339623,58.34905660377358,19,5,0.9724842767295597,0.7215333333333334,300,-1.5943396226415096,0.7215333333333334,14,900.0,0.30256666666666665,-627.69,Flow60,T11-T20
7,sell,400.0,2822.93,4.0,400.0,10,14.933333333333334,10.466666666666667,4.466666666666667,60.0,19,5,1.0,1.0,400,6.466666666666667,1.0,14,4000.0,0.7057325,-1177.0700000000002,Flow60,T11-T20
8,sell,300.0,2611.38,3.0,400.0,10,12.0,11.0,1.0,12.0,19,5,0.2,0.75,400,8.0,0.75,14,4400.0,0.5934954545454546,-1788.62,Flow60,T11-T20
1,buy,302.22,629.6,14.0,400.0,10,16.52173913043478,12.478260869565217,4.043478260869565,42.91304347826087,20,5,0.7152173913043478,0.75555,200,-2.5217391304347814,1.5111,14,0.0,,629.6,Flow60,T11-T20
2,buy,173.28,686.39,16.0,300.0,10,13.0,5.0,8.0,21.0,20,5,0.35,0.5776,300,3.0,0.5776,14,600.0,1.1439833333333334,86.38999999999999,Flow60,T11-T20
3,buy,281.9,1455.43,17.0,300.0,10,12.927536231884059,11.652173913043478,1.2753623188405796,15.18840579710145,20,5,0.2531400966183575,0.9396666666666665,300,4.0724637681159415,0.9396666666666665,14,900.0,1.6171444444444445,555.4300000000001,Flow60,T11-T20
4,buy,300.0,1277.87,17.0,300.0,10,16.142857142857142,15.142857142857142,1.0,4.246753246753247,20,5,0.07077922077922079,1.0,300,0.8571428571428577,1.0,14,900.0,1.4198555555555554,377.8699999999999,Flow60,T11-T20
5,sell,60.45,-509.75,14.0,400.0,10,14.849315068493151,8.150684931506849,6.698630136986301,27.068493150684933,20,5,0.4511415525114156,0.151125,0,-5.849315068493151,inf,14,0.0,,-509.75,Flow60,T11-T20
6,sell,299.6,536.3,11.0,300.0,10,18.0,12.0,6.0,56.4,20,5,0.94,0.9986666666666667,300,1.0,0.9986666666666667,14,900.0,0.5958888888888888,-363.70000000000005,Flow60,T11-T20
7,sell,400.0,3409.01,4.0,400.0,10,15.846153846153847,12.0,3.8461538461538463,60.0,20,5,1.0,1.0,400,8.0,1.0,14,4000.0,0.8522525000000001,-590.9899999999998,Flow60,T11-T20
8,sell,300.0,2857.74,3.0,400.0,10,13.0,12.0,1.0,13.0,20,5,0.21666666666666667,0.75,400,9.0,0.75,14,4400.0,0.6494863636363636,-1542.2600000000002,Flow60,T11-T20
