interval,quantity,weighted_price,price_change_int,period,group,block,format,price_change,ce_price,ce_quantity,cum_volume,%cumsum,price_deviation,block_1,block_2,block_3,block_4,block_5,group_id,format_num,price_deviation_log,price_change_log,log_wprice,change_log_wprice,ppi
1,0.0,8.5,0.0,1,CDA1,1,CDA,,14,1100,0.0,0.0,5.5,True,False,False,False,False,1,0,1.7047480922384253,,2.1400661634962708,,2.0
2,400.0,8.5,-2.5974025974025974,1,CDA1,1,CDA,0.0,14,1100,400.0,0.36363636363636365,5.5,True,False,False,False,False,1,0,1.7047480922384253,-6.907755278982137,2.1400661634962708,0.0,12.0
3,0.0,8.5,0.0,1,CDA1,1,CDA,0.0,14,1100,400.0,0.36363636363636365,5.5,True,False,False,False,False,1,0,1.7047480922384253,-6.907755278982137,2.1400661634962708,0.0,2.0
4,117.0,9.0,0.0,1,CDA1,1,CDA,0.5,14,1100,517.0,0.47,5.0,True,False,False,False,False,1,0,1.6094379124341003,-0.6931471805599453,2.1972245773362196,0.057158413839948796,5.0
5,0.0,9.0,0.0,1,CDA1,1,CDA,0.0,14,1100,517.0,0.47,5.0,True,False,False,False,False,1,0,1.6094379124341003,-6.907755278982137,2.1972245773362196,0.0,13.0
6,0.0,9.0,0.0,1,CDA1,1,CDA,0.0,14,1100,517.0,0.47,5.0,True,False,False,False,False,1,0,1.6094379124341003,-6.907755278982137,2.1972245773362196,0.0,6.0
7,100.0,9.0,0.0,1,CDA1,1,CDA,0.0,14,1100,617.0,0.5609090909090909,5.0,True,False,False,False,False,1,0,1.6094379124341003,-6.907755278982137,2.1972245773362196,0.0,1.0
8,0.0,9.0,0.0,1,CDA1,1,CDA,0.0,14,1100,617.0,0.5609090909090909,5.0,True,False,False,False,False,1,0,1.6094379124341003,-6.907755278982137,2.1972245773362196,0.0,1.0
9,153.0,9.0,0.0,1,CDA1,1,CDA,0.0,14,1100,770.0,0.7,5.0,True,False,False,False,False,1,0,1.6094379124341003,-6.907755278982137,2.1972245773362196,0.0,3.0
10,0.0,9.0,0.0,1,CDA1,1,CDA,0.0,14,1100,770.0,0.7,5.0,True,False,False,False,False,1,0,1.6094379124341003,-6.907755278982137,2.1972245773362196,0.0,1.0
11,0.0,9.0,0.0,1,CDA1,1,CDA,0.0,14,1100,770.0,0.7,5.0,True,False,False,False,False,1,0,1.6094379124341003,-6.907755278982137,2.1972245773362196,0.0,5.0
12,0.0,9.0,0.0,1,CDA1,1,CDA,0.0,14,1100,770.0,0.7,5.0,True,False,False,False,False,1,0,1.6094379124341003,-6.907755278982137,2.1972245773362196,0.0,2.0
1,49.0,14.0,0.0,2,CDA1,1,CDA,,14,1100,49.0,0.04454545454545455,0.0,True,False,False,False,False,1,0,-6.907755278982137,,2.6390573296152584,,6.0
2,362.0,8.685082872928177,1.9871912168344008,2,CDA1,1,CDA,-5.314917127071823,14,1100,411.0,0.37363636363636366,5.314917127071823,True,False,False,False,False,1,0,1.6705174193998806,1.6705174193998806,2.1616069417233263,-0.47745038789193206,6.0
3,247.0,8.817813765182187,-1.807868252516011,2,CDA1,1,CDA,0.1327308922540098,14,1100,658.0,0.5981818181818181,5.182186234817813,True,False,False,False,False,1,0,1.6452270202856856,-2.019431567043033,2.176773966864929,0.015167025141602508,4.0
4,69.0,4.0,0.3787740164684355,2,CDA1,1,CDA,-4.817813765182187,14,1100,727.0,0.6609090909090909,10.0,True,False,False,False,False,1,0,2.302585092994046,1.572320249477598,1.3862943611198906,-0.7904796057450383,7.0
5,150.0,10.0,-0.41171088746569073,2,CDA1,1,CDA,6.0,14,1100,877.0,0.7972727272727272,4.0,True,False,False,False,False,1,0,1.3862943611198906,1.791759469228055,2.302585092994046,0.9162907318741553,5.0
6,0.0,10.0,0.0,2,CDA1,1,CDA,0.0,14,1100,877.0,0.7972727272727272,4.0,True,False,False,False,False,1,0,1.3862943611198906,-6.907755278982137,2.302585092994046,0.0,5.0
7,0.0,10.0,0.0,2,CDA1,1,CDA,0.0,14,1100,877.0,0.7972727272727272,4.0,True,False,False,False,False,1,0,1.3862943611198906,-6.907755278982137,2.302585092994046,0.0,1.0
8,0.0,10.0,0.0,2,CDA1,1,CDA,0.0,14,1100,877.0,0.7972727272727272,4.0,True,False,False,False,False,1,0,1.3862943611198906,-6.907755278982137,2.302585092994046,0.0,1.0
9,95.0,7.0,0.08691674290942361,2,CDA1,1,CDA,-3.0,14,1100,972.0,0.8836363636363637,7.0,True,False,False,False,False,1,0,1.9459101490553132,1.0986122886681098,1.9459101490553132,-0.35667494393873267,2.0
10,56.0,8.0,-0.05123513266239707,2,CDA1,1,CDA,1.0,14,1100,1028.0,0.9345454545454546,6.0,True,False,False,False,False,1,0,1.791759469228055,0.0,2.0794415416798357,0.13353139262452252,7.9
11,0.0,8.0,0.0,2,CDA1,1,CDA,0.0,14,1100,1028.0,0.9345454545454546,6.0,True,False,False,False,False,1,0,1.791759469228055,-6.907755278982137,2.0794415416798357,0.0,2.0
12,65.0,7.0,0.0,2,CDA1,1,CDA,-1.0,14,1100,1093.0,0.9936363636363637,7.0,True,False,False,False,False,1,0,1.9459101490553132,0.0,1.9459101490553132,-0.13353139262452252,1.0
1,157.0,12.0,0.2704565030146425,3,CDA1,1,CDA,,14,1100,157.0,0.14272727272727273,2.0,True,False,False,False,False,1,0,0.6931471805599453,,2.4849066497880004,,6.0
2,400.0,9.4675,-0.6890611541774333,3,CDA1,1,CDA,-2.5325000000000006,14,1100,557.0,0.5063636363636363,4.532500000000001,True,False,False,False,False,1,0,1.511273663646869,0.9292069571407017,2.247864880793813,-0.2370417689941875,5.0
3,110.0,11.545454545454545,-0.7579672695951766,3,CDA1,1,CDA,2.0779545454545456,14,1100,667.0,0.6063636363636363,2.454545454545455,True,False,False,False,False,1,0,0.8979415932059587,0.7313840182580741,2.4462918136602205,0.19842693286640767,4.0
4,190.0,4.0,0.9819121447028424,3,CDA1,1,CDA,-7.545454545454545,14,1100,857.0,0.7790909090909091,10.0,True,False,False,False,False,1,0,2.302585092994046,2.020945334998227,1.3862943611198906,-1.05999745254033,4.0
5,0.0,4.0,0.0,3,CDA1,1,CDA,0.0,14,1100,857.0,0.7790909090909091,10.0,True,False,False,False,False,1,0,2.302585092994046,-6.907755278982137,1.3862943611198906,0.0,9.95
6,136.0,10.0,0.0,3,CDA1,1,CDA,6.0,14,1100,993.0,0.9027272727272727,4.0,True,False,False,False,False,1,0,1.3862943611198906,1.791759469228055,2.302585092994046,0.9162907318741553,2.0
7,0.0,10.0,0.0,3,CDA1,1,CDA,0.0,14,1100,993.0,0.9027272727272727,4.0,True,False,False,False,False,1,0,1.3862943611198906,-6.907755278982137,2.302585092994046,0.0,2.0
8,58.0,10.0,-0.19982773471145565,3,CDA1,1,CDA,0.0,14,1100,1051.0,0.9554545454545454,4.0,True,False,False,False,False,1,0,1.3862943611198906,-6.907755278982137,2.302585092994046,0.0,8.0
9,0.0,10.0,0.0,3,CDA1,1,CDA,0.0,14,1100,1051.0,0.9554545454545454,4.0,True,False,False,False,False,1,0,1.3862943611198906,-6.907755278982137,2.302585092994046,0.0,4.0
10,101.0,6.0,0.0,3,CDA1,1,CDA,-4.0,14,1100,1152.0,1.0472727272727274,8.0,True,False,False,False,False,1,0,2.0794415416798357,1.3862943611198906,1.791759469228055,-0.5108256237659909,2.3000000000000007
11,9.0,6.0,0.0,3,CDA1,1,CDA,0.0,14,1100,1161.0,1.0554545454545454,8.0,True,False,False,False,False,1,0,2.0794415416798357,-6.907755278982137,1.791759469228055,0.0,4.0
12,0.0,6.0,0.0,3,CDA1,1,CDA,0.0,14,1100,1161.0,1.0554545454545454,8.0,True,False,False,False,False,1,0,2.0794415416798357,-6.907755278982137,1.791759469228055,0.0,3.0
1,189.0,13.0,0.0,4,CDA1,1,CDA,,14,1100,189.0,0.17181818181818181,1.0,True,False,False,False,False,1,0,0.0,,2.5649493574615367,,1.0
2,377.0,10.305039787798409,2.263293310463122,4,CDA1,1,CDA,-2.6949602122015914,14,1100,566.0,0.5145454545454545,3.6949602122015914,True,False,False,False,False,1,0,1.3069697863317948,0.9913834406904164,2.332633075353737,-0.23231628210779975,3.0
3,200.0,8.85,-1.2006861063464838,4,CDA1,1,CDA,-1.455039787798409,14,1100,766.0,0.6963636363636364,5.15,True,False,False,False,False,1,0,1.6389967146756448,0.37503324581548947,2.180417459019838,-0.15221561633389902,7.0
4,0.0,8.85,0.0,4,CDA1,1,CDA,0.0,14,1100,766.0,0.6963636363636364,5.15,True,False,False,False,False,1,0,1.6389967146756448,-6.907755278982137,2.180417459019838,0.0,2.0
5,30.0,6.0,0.0,4,CDA1,1,CDA,-2.8499999999999996,14,1100,796.0,0.7236363636363636,8.0,True,False,False,False,False,1,0,2.0794415416798357,1.047318994280559,1.791759469228055,-0.388657989791783,3.0
6,60.0,6.0,0.2058319039451115,4,CDA1,1,CDA,0.0,14,1100,856.0,0.7781818181818182,8.0,True,False,False,False,False,1,0,2.0794415416798357,-6.907755278982137,1.791759469228055,0.0,3.0
7,61.0,10.0,0.0,4,CDA1,1,CDA,4.0,14,1100,917.0,0.8336363636363636,4.0,True,False,False,False,False,1,0,1.3862943611198906,1.3862943611198906,2.302585092994046,0.5108256237659909,10.0
8,62.0,10.0,-0.2658662092624357,4,CDA1,1,CDA,0.0,14,1100,979.0,0.89,4.0,True,False,False,False,False,1,0,1.3862943611198906,-6.907755278982137,2.302585092994046,0.0,6.0
9,91.0,8.032967032967033,0.31217838765008576,4,CDA1,1,CDA,-1.9670329670329672,14,1100,1070.0,0.9727272727272728,5.967032967032967,True,False,False,False,False,1,0,1.7862498134170854,0.6765262993239051,2.0835539532329284,-0.21903113976111754,9.0
10,0.0,8.032967032967033,0.0,4,CDA1,1,CDA,0.0,14,1100,1070.0,0.9727272727272728,5.967032967032967,True,False,False,False,False,1,0,1.7862498134170854,-6.907755278982137,2.0835539532329284,0.0,7.95
11,47.0,9.0,-0.04030874785591767,4,CDA1,1,CDA,0.9670329670329672,14,1100,1117.0,1.0154545454545454,5.0,True,False,False,False,False,1,0,1.6094379124341003,-0.03352269203864345,2.1972245773362196,0.1136706241032912,8.95
12,49.0,8.0,0.0,4,CDA1,1,CDA,-1.0,14,1100,1166.0,1.06,6.0,True,False,False,False,False,1,0,1.791759469228055,0.0,2.0794415416798357,-0.11778303565638382,1.0
1,200.0,7.68,-0.1597444089456869,5,CDA1,2,CDA,,6,1200,200.0,0.16666666666666666,1.6799999999999997,False,True,False,False,False,1,0,0.5187937934151674,,2.038619547159581,,2.0
2,200.0,6.0,0.0,5,CDA1,2,CDA,-1.6799999999999997,6,1200,400.0,0.3333333333333333,0.0,False,True,False,False,False,1,0,-6.907755278982137,0.5187937934151674,1.791759469228055,-0.24686007793152598,1.0
3,0.0,6.0,0.0,5,CDA1,2,CDA,0.0,6,1200,400.0,0.3333333333333333,0.0,False,True,False,False,False,1,0,-6.907755278982137,-6.907755278982137,1.791759469228055,0.0,2.0
4,0.0,6.0,0.0,5,CDA1,2,CDA,0.0,6,1200,400.0,0.3333333333333333,0.0,False,True,False,False,False,1,0,-6.907755278982137,-6.907755278982137,1.791759469228055,0.0,2.0
5,238.0,6.495798319327731,-0.3801916932907348,5,CDA1,2,CDA,0.4957983193277311,6,1200,638.0,0.5316666666666666,0.4957983193277311,False,True,False,False,False,1,0,-0.7015860492058099,-0.7015860492058099,1.8711555554758925,0.07939608624783756,6.0
6,81.0,4.0,0.06469648562300319,5,CDA1,2,CDA,-2.495798319327731,6,1200,719.0,0.5991666666666666,2.0,False,True,False,False,False,1,0,0.6931471805599453,0.9146086456911703,1.3862943611198906,-0.48486119435600195,1.0
7,99.0,5.0,0.07907348242811502,5,CDA1,2,CDA,1.0,6,1200,818.0,0.6816666666666666,1.0,False,True,False,False,False,1,0,0.0,0.0,1.6094379124341003,0.2231435513142097,1.0
8,119.0,6.0,-0.0950479233226837,5,CDA1,2,CDA,1.0,6,1200,937.0,0.7808333333333334,0.0,False,True,False,False,False,1,0,-6.907755278982137,0.0,1.791759469228055,0.18232155679395468,1.0
9,228.0,5.0,0.0,5,CDA1,2,CDA,-1.0,6,1200,1165.0,0.9708333333333333,1.0,False,True,False,False,False,1,0,0.0,0.0,1.6094379124341003,-0.18232155679395468,3.0
10,0.0,5.0,0.0,5,CDA1,2,CDA,0.0,6,1200,1165.0,0.9708333333333333,1.0,False,True,False,False,False,1,0,0.0,-6.907755278982137,1.6094379124341003,0.0,1.0
11,27.0,5.0,0.02156549520766773,5,CDA1,2,CDA,0.0,6,1200,1192.0,0.9933333333333333,1.0,False,True,False,False,False,1,0,0.0,-6.907755278982137,1.6094379124341003,0.0,6.25
12,60.0,6.0,0.0,5,CDA1,2,CDA,1.0,6,1200,1252.0,1.0433333333333332,0.0,False,True,False,False,False,1,0,-6.907755278982137,0.0,1.791759469228055,0.18232155679395468,1.0
1,106.0,10.0,0.0,6,CDA1,2,CDA,,6,1200,106.0,0.08833333333333333,4.0,False,True,False,False,False,1,0,1.3862943611198906,,2.302585092994046,,10.0
2,275.0,7.912727272727273,-0.42735042735042733,6,CDA1,2,CDA,-2.087272727272727,6,1200,381.0,0.3175,1.912727272727273,False,True,False,False,False,1,0,0.6485301150711388,0.735858298652995,2.068472510309262,-0.23411258268478408,12.0
3,103.0,6.310679611650485,-0.16006216006216006,6,CDA1,2,CDA,-1.6020476610767878,6,1200,484.0,0.4033333333333333,0.3106796116504853,False,True,False,False,False,1,0,-1.1689930854299098,0.47128259918787774,1.842243374660047,-0.22622913564921476,1.0
4,57.0,5.473684210526316,-0.04428904428904429,6,CDA1,2,CDA,-0.8369954011241694,6,1200,541.0,0.4508333333333333,0.5263157894736841,False,True,False,False,False,1,0,-0.641853886172395,-0.17793670298306183,1.6999519199749322,-0.14229145468511484,2.0
5,0.0,5.473684210526316,0.0,6,CDA1,2,CDA,0.0,6,1200,541.0,0.4508333333333333,0.5263157894736841,False,True,False,False,False,1,0,-0.641853886172395,-6.907755278982137,1.6999519199749322,0.0,1.0
6,0.0,5.473684210526316,0.0,6,CDA1,2,CDA,0.0,6,1200,541.0,0.4508333333333333,0.5263157894736841,False,True,False,False,False,1,0,-0.641853886172395,-6.907755278982137,1.6999519199749322,0.0,2.0
7,200.0,5.0,0.1554001554001554,6,CDA1,2,CDA,-0.47368421052631593,6,1200,741.0,0.6175,1.0,False,True,False,False,False,1,0,0.0,-0.7472144018302208,1.6094379124341003,-0.09051400754083194,1.0
8,239.0,5.7447698744769875,0.0,6,CDA1,2,CDA,0.7447698744769875,6,1200,980.0,0.8166666666666667,0.2552301255230125,False,True,False,False,False,1,0,-1.3655896877581997,-0.2946800016394254,1.7482898538364604,0.13885194140236012,1.0
9,32.0,6.0,-0.024864024864024864,6,CDA1,2,CDA,0.2552301255230125,6,1200,1012.0,0.8433333333333334,0.0,False,True,False,False,False,1,0,-6.907755278982137,-1.3655896877581997,1.791759469228055,0.04346961539159455,8.0
10,80.0,5.0,0.0,6,CDA1,2,CDA,-1.0,6,1200,1092.0,0.91,1.0,False,True,False,False,False,1,0,0.0,0.0,1.6094379124341003,-0.18232155679395468,3.0
11,189.0,5.0,0.0,6,CDA1,2,CDA,0.0,6,1200,1281.0,1.0675,1.0,False,True,False,False,False,1,0,0.0,-6.907755278982137,1.6094379124341003,0.0,4.95
12,6.0,5.0,0.0,6,CDA1,2,CDA,0.0,6,1200,1287.0,1.0725,1.0,False,True,False,False,False,1,0,0.0,-6.907755278982137,1.6094379124341003,0.0,5.0
1,200.0,8.0,0.0,7,CDA1,2,CDA,,6,1200,200.0,0.16666666666666666,2.0,False,True,False,False,False,1,0,0.6931471805599453,,2.0794415416798357,,2.0
2,200.0,8.0,-0.27137042062415195,7,CDA1,2,CDA,0.0,6,1200,400.0,0.3333333333333333,2.0,False,True,False,False,False,1,0,0.6931471805599453,-6.907755278982137,2.0794415416798357,0.0,1.0
3,0.0,8.0,0.0,7,CDA1,2,CDA,0.0,6,1200,400.0,0.3333333333333333,2.0,False,True,False,False,False,1,0,0.6931471805599453,-6.907755278982137,2.0794415416798357,0.0,6.0
4,151.0,6.0,0.0,7,CDA1,2,CDA,-2.0,6,1200,551.0,0.45916666666666667,0.0,False,True,False,False,False,1,0,-6.907755278982137,0.6931471805599453,1.791759469228055,-0.2876820724517808,1.0
5,142.0,6.0,-0.09633649932157395,7,CDA1,2,CDA,0.0,6,1200,693.0,0.5775,0.0,False,True,False,False,False,1,0,-6.907755278982137,-6.907755278982137,1.791759469228055,0.0,1.0
6,0.0,6.0,0.0,7,CDA1,2,CDA,0.0,6,1200,693.0,0.5775,0.0,False,True,False,False,False,1,0,-6.907755278982137,-6.907755278982137,1.791759469228055,0.0,1.0
7,127.0,5.0,0.0,7,CDA1,2,CDA,-1.0,6,1200,820.0,0.6833333333333333,1.0,False,True,False,False,False,1,0,0.0,0.0,1.6094379124341003,-0.18232155679395468,3.0
8,214.0,5.280373831775701,0.1451831750339213,7,CDA1,2,CDA,0.28037383177570074,6,1200,1034.0,0.8616666666666667,0.7196261682242993,False,True,False,False,False,1,0,-0.32902341260822204,-1.2716314527997514,1.6639968966845347,0.05455898425043437,2.0
9,100.0,5.03,-0.06784260515603799,7,CDA1,2,CDA,-0.2503738317757005,6,1200,1134.0,0.945,0.9699999999999998,False,True,False,False,False,1,0,-0.030459207484708803,-1.3848001509053907,1.6154199841116479,-0.048576912572886766,5.0
10,154.0,5.0,-0.1044776119402985,7,CDA1,2,CDA,-0.03000000000000025,6,1200,1288.0,1.0733333333333333,1.0,False,True,False,False,False,1,0,0.0,-3.5065578973199734,1.6094379124341003,-0.005982071677547607,4.95
11,16.0,4.0,0.021709633649932156,7,CDA1,2,CDA,-1.0,6,1200,1304.0,1.0866666666666667,2.0,False,True,False,False,False,1,0,0.6931471805599453,0.0,1.3862943611198906,-0.2231435513142097,4.0
12,170.0,6.0,0.0,7,CDA1,2,CDA,2.0,6,1200,1474.0,1.2283333333333333,0.0,False,True,False,False,False,1,0,-6.907755278982137,0.6931471805599453,1.791759469228055,0.4054651081081644,6.0
1,200.0,8.0,0.0,8,CDA1,2,CDA,,6,1200,200.0,0.16666666666666666,2.0,False,True,False,False,False,1,0,0.6931471805599453,,2.0794415416798357,,3.0
2,161.0,6.0,0.0,8,CDA1,2,CDA,-2.0,6,1200,361.0,0.30083333333333334,0.0,False,True,False,False,False,1,0,-6.907755278982137,0.6931471805599453,1.791759469228055,-0.2876820724517808,1.0
3,200.0,7.61,0.0,8,CDA1,2,CDA,1.6100000000000003,6,1200,561.0,0.4675,1.6100000000000003,False,True,False,False,False,1,0,0.4762341789963718,0.4762341789963718,2.0294631718735947,0.23770370264553975,1.0
4,132.0,6.0,0.0,8,CDA1,2,CDA,-1.6100000000000003,6,1200,693.0,0.5775,0.0,False,True,False,False,False,1,0,-6.907755278982137,0.4762341789963718,1.791759469228055,-0.23770370264553975,1.0
5,146.0,6.0,0.0,8,CDA1,2,CDA,0.0,6,1200,839.0,0.6991666666666667,0.0,False,True,False,False,False,1,0,-6.907755278982137,-6.907755278982137,1.791759469228055,0.0,1.0
6,116.0,6.0,-0.08375451263537906,8,CDA1,2,CDA,0.0,6,1200,955.0,0.7958333333333333,0.0,False,True,False,False,False,1,0,-6.907755278982137,-6.907755278982137,1.791759469228055,0.0,1.0
7,80.0,5.0,0.0,8,CDA1,2,CDA,-1.0,6,1200,1035.0,0.8625,1.0,False,True,False,False,False,1,0,0.0,0.0,1.6094379124341003,-0.18232155679395468,1.0
8,39.0,4.384615384615385,-0.02815884476534296,8,CDA1,2,CDA,-0.615384615384615,6,1200,1074.0,0.895,1.615384615384615,False,True,False,False,False,1,0,0.479573080261886,-0.4855078157817015,1.4781019103730135,-0.13133600206108675,1.0
9,180.0,7.0,-0.259927797833935,8,CDA1,2,CDA,2.615384615384615,6,1200,1254.0,1.045,1.0,False,True,False,False,False,1,0,0.0,0.9614111671546245,1.9459101490553132,0.4678082386822997,1.0
10,69.0,5.0144927536231885,0.0,8,CDA1,2,CDA,-1.9855072463768115,6,1200,1323.0,1.1025,0.9855072463768115,False,True,False,False,False,1,0,-0.014598799421152749,0.6858744212308655,1.6123322704604648,-0.33357787859484844,2.0
11,44.0,5.0,0.0,8,CDA1,2,CDA,-0.01449275362318847,6,1200,1367.0,1.1391666666666667,1.0,False,True,False,False,False,1,0,0.0,-4.234106504597255,1.6094379124341003,-0.0028943580263645075,2.0
12,18.0,5.0,0.0,8,CDA1,2,CDA,0.0,6,1200,1385.0,1.1541666666666666,1.0,False,True,False,False,False,1,0,0.0,-6.907755278982137,1.6094379124341003,0.0,1.0
1,104.0,6.0,0.26152556580050296,9,CDA1,3,CDA,,9,1500,104.0,0.06933333333333333,2.0,False,False,True,False,False,1,0,0.6931471805599453,,1.791759469228055,,1.0
2,540.0,6.688888888888889,-0.4526404023470243,9,CDA1,3,CDA,0.6888888888888891,9,1500,644.0,0.42933333333333334,1.311111111111111,False,False,True,False,False,1,0,0.2708749541353995,-0.3726752852851732,1.900447774978556,0.10868830575050104,5.0
3,200.0,4.165,-1.341156747694887,9,CDA1,3,CDA,-2.523888888888889,9,1500,844.0,0.5626666666666666,3.835,False,False,True,False,False,1,0,1.3441694348192195,0.9258009218751473,1.426716275618806,-0.4737314993597499,2.0
4,30.0,7.0,0.0,9,CDA1,3,CDA,2.835,9,1500,874.0,0.5826666666666667,1.0,False,False,True,False,False,1,0,0.0,1.0420419371797154,1.9459101490553132,0.5191938734365071,2.0
5,0.0,7.0,0.0,9,CDA1,3,CDA,0.0,9,1500,874.0,0.5826666666666667,1.0,False,False,True,False,False,1,0,0.0,-6.907755278982137,1.9459101490553132,0.0,2.0
6,0.0,7.0,0.0,9,CDA1,3,CDA,0.0,9,1500,874.0,0.5826666666666667,1.0,False,False,True,False,False,1,0,0.0,-6.907755278982137,1.9459101490553132,0.0,7.0
7,0.0,7.0,0.0,9,CDA1,3,CDA,0.0,9,1500,874.0,0.5826666666666667,1.0,False,False,True,False,False,1,0,0.0,-6.907755278982137,1.9459101490553132,0.0,5.0
8,29.0,6.0,0.0,9,CDA1,3,CDA,-1.0,9,1500,903.0,0.602,2.0,False,False,True,False,False,1,0,0.6931471805599453,0.0,1.791759469228055,-0.15415067982725827,6.0
9,29.0,6.0,0.0,9,CDA1,3,CDA,0.0,9,1500,932.0,0.6213333333333333,2.0,False,False,True,False,False,1,0,0.6931471805599453,-6.907755278982137,1.791759469228055,0.0,1.0
10,100.0,6.0,-0.08382229673093043,9,CDA1,3,CDA,0.0,9,1500,1032.0,0.688,2.0,False,False,True,False,False,1,0,0.6931471805599453,-6.907755278982137,1.791759469228055,0.0,5.0
11,161.0,5.0,0.0,9,CDA1,3,CDA,-1.0,9,1500,1193.0,0.7953333333333333,3.0,False,False,True,False,False,1,0,1.0986122886681098,0.0,1.6094379124341003,-0.18232155679395468,2.0
12,0.0,5.0,0.0,9,CDA1,3,CDA,0.0,9,1500,1193.0,0.7953333333333333,3.0,False,False,True,False,False,1,0,1.0986122886681098,-6.907755278982137,1.6094379124341003,0.0,1.0
1,301.0,9.0,0.0,10,CDA1,3,CDA,,9,1500,301.0,0.20066666666666666,0.0,False,False,True,False,False,1,0,-6.907755278982137,,2.1972245773362196,,2.0
2,349.0,7.8538681948424065,-0.8617283950617284,10,CDA1,3,CDA,-1.1461318051575935,9,1500,650.0,0.43333333333333335,0.1461318051575935,False,False,True,False,False,1,0,-1.9232462894780988,0.13639262490555515,2.0610061741003585,-0.1362184032358611,2.0
3,51.0,6.0,0.0,10,CDA1,3,CDA,-1.8538681948424065,9,1500,701.0,0.4673333333333333,2.0,False,False,True,False,False,1,0,0.6931471805599453,0.6172743722984732,1.791759469228055,-0.2692467048723035,6.0
4,114.0,6.0,0.0,10,CDA1,3,CDA,0.0,9,1500,815.0,0.5433333333333333,2.0,False,False,True,False,False,1,0,0.6931471805599453,-6.907755278982137,1.791759469228055,0.0,2.0
5,130.0,6.0,0.0,10,CDA1,3,CDA,0.0,9,1500,945.0,0.63,2.0,False,False,True,False,False,1,0,0.6931471805599453,-6.907755278982137,1.791759469228055,0.0,5.0
6,130.0,6.0,0.0,10,CDA1,3,CDA,0.0,9,1500,1075.0,0.7166666666666667,2.0,False,False,True,False,False,1,0,0.6931471805599453,-6.907755278982137,1.791759469228055,0.0,9.0
7,0.0,6.0,0.0,10,CDA1,3,CDA,0.0,9,1500,1075.0,0.7166666666666667,2.0,False,False,True,False,False,1,0,0.6931471805599453,-6.907755278982137,1.791759469228055,0.0,6.0
8,0.0,6.0,0.0,10,CDA1,3,CDA,0.0,9,1500,1075.0,0.7166666666666667,2.0,False,False,True,False,False,1,0,0.6931471805599453,-6.907755278982137,1.791759469228055,0.0,1.0
9,66.0,6.0,0.0,10,CDA1,3,CDA,0.0,9,1500,1141.0,0.7606666666666667,2.0,False,False,True,False,False,1,0,0.6931471805599453,-6.907755278982137,1.791759469228055,0.0,3.0
10,74.0,6.0,0.0,10,CDA1,3,CDA,0.0,9,1500,1215.0,0.81,2.0,False,False,True,False,False,1,0,0.6931471805599453,-6.907755278982137,1.791759469228055,0.0,4.05
11,0.0,6.0,0.0,10,CDA1,3,CDA,0.0,9,1500,1215.0,0.81,2.0,False,False,True,False,False,1,0,0.6931471805599453,-6.907755278982137,1.791759469228055,0.0,6.0
12,0.0,6.0,0.0,10,CDA1,3,CDA,0.0,9,1500,1215.0,0.81,2.0,False,False,True,False,False,1,0,0.6931471805599453,-6.907755278982137,1.791759469228055,0.0,1.0
1,200.0,9.0,-0.9017132551848512,11,CDA1,3,CDA,,9,1500,200.0,0.13333333333333333,0.0,False,False,True,False,False,1,0,-6.907755278982137,,2.1972245773362196,,3.0
2,318.0,5.49685534591195,1.1469792605951308,11,CDA1,3,CDA,-3.50314465408805,9,1500,518.0,0.3453333333333333,2.50314465408805,False,False,True,False,False,1,0,0.9175478030642061,1.2536610377070525,1.704176173435304,-0.49304840390091553,2.0
3,214.0,7.065420560747664,-0.3859332732191163,11,CDA1,3,CDA,1.568565214835714,9,1500,732.0,0.488,0.9345794392523361,False,False,True,False,False,1,0,-0.06765864847381517,0.4501613256202284,1.955212541717627,0.2510363682823229,2.0
4,78.0,6.0,-0.0703336339044184,11,CDA1,3,CDA,-1.065420560747664,9,1500,810.0,0.54,2.0,False,False,True,False,False,1,0,0.6931471805599453,0.06336961393258961,1.791759469228055,-0.16345307248957197,1.0
5,60.0,5.0,0.05410279531109107,11,CDA1,3,CDA,-1.0,9,1500,870.0,0.58,3.0,False,False,True,False,False,1,0,1.0986122886681098,0.0,1.6094379124341003,-0.18232155679395468,1.0
6,19.0,6.0,-0.017132551848512173,11,CDA1,3,CDA,1.0,9,1500,889.0,0.5926666666666667,2.0,False,False,True,False,False,1,0,0.6931471805599453,0.0,1.791759469228055,0.18232155679395468,1.0
7,102.0,5.0,0.0,11,CDA1,3,CDA,-1.0,9,1500,991.0,0.6606666666666666,3.0,False,False,True,False,False,1,0,1.0986122886681098,0.0,1.6094379124341003,-0.18232155679395468,5.0
8,67.0,5.0,0.0,11,CDA1,3,CDA,0.0,9,1500,1058.0,0.7053333333333334,3.0,False,False,True,False,False,1,0,1.0986122886681098,-6.907755278982137,1.6094379124341003,0.0,1.0
9,51.0,5.0,0.0,11,CDA1,3,CDA,0.0,9,1500,1109.0,0.7393333333333333,3.0,False,False,True,False,False,1,0,1.0986122886681098,-6.907755278982137,1.6094379124341003,0.0,5.0
10,0.0,5.0,0.0,11,CDA1,3,CDA,0.0,9,1500,1109.0,0.7393333333333333,3.0,False,False,True,False,False,1,0,1.0986122886681098,-6.907755278982137,1.6094379124341003,0.0,5.0
11,0.0,5.0,0.0,11,CDA1,3,CDA,0.0,9,1500,1109.0,0.7393333333333333,3.0,False,False,True,False,False,1,0,1.0986122886681098,-6.907755278982137,1.6094379124341003,0.0,5.0
12,0.0,5.0,0.0,11,CDA1,3,CDA,0.0,9,1500,1109.0,0.7393333333333333,3.0,False,False,True,False,False,1,0,1.0986122886681098,-6.907755278982137,1.6094379124341003,0.0,4.0
1,432.0,7.085648148148148,-0.35322976287816843,12,CDA1,3,CDA,,9,1500,432.0,0.288,0.9143518518518521,False,False,True,False,False,1,0,-0.0895398233429882,,1.9580713507013021,,9.0
2,309.0,7.941747572815534,-0.2526573998364677,12,CDA1,3,CDA,0.8560994246673861,9,1500,741.0,0.494,0.058252427184465994,False,False,True,False,False,1,0,-2.8429695190015813,-0.15536875927295327,2.0721333483731113,0.11406199767180913,5.0
3,55.0,5.0,0.044971381847914965,12,CDA1,3,CDA,-2.941747572815534,9,1500,796.0,0.5306666666666666,3.0,False,False,True,False,False,1,0,1.0986122886681098,1.0790038172797334,1.6094379124341003,-0.46269543593901097,5.0
4,111.0,6.0,0.0,12,CDA1,3,CDA,1.0,9,1500,907.0,0.6046666666666667,2.0,False,False,True,False,False,1,0,0.6931471805599453,0.0,1.791759469228055,0.18232155679395468,6.0
5,175.0,6.0,0.0,12,CDA1,3,CDA,0.0,9,1500,1082.0,0.7213333333333334,2.0,False,False,True,False,False,1,0,0.6931471805599453,-6.907755278982137,1.791759469228055,0.0,6.0
6,0.0,6.0,0.0,12,CDA1,3,CDA,0.0,9,1500,1082.0,0.7213333333333334,2.0,False,False,True,False,False,1,0,0.6931471805599453,-6.907755278982137,1.791759469228055,0.0,2.0
7,0.0,6.0,0.0,12,CDA1,3,CDA,0.0,9,1500,1082.0,0.7213333333333334,2.0,False,False,True,False,False,1,0,0.6931471805599453,-6.907755278982137,1.791759469228055,0.0,5.0
8,0.0,6.0,0.0,12,CDA1,3,CDA,0.0,9,1500,1082.0,0.7213333333333334,2.0,False,False,True,False,False,1,0,0.6931471805599453,-6.907755278982137,1.791759469228055,0.0,6.0
9,0.0,6.0,0.0,12,CDA1,3,CDA,0.0,9,1500,1082.0,0.7213333333333334,2.0,False,False,True,False,False,1,0,0.6931471805599453,-6.907755278982137,1.791759469228055,0.0,5.0
10,0.0,6.0,0.0,12,CDA1,3,CDA,0.0,9,1500,1082.0,0.7213333333333334,2.0,False,False,True,False,False,1,0,0.6931471805599453,-6.907755278982137,1.791759469228055,0.0,5.0
11,141.0,5.0,0.0,12,CDA1,3,CDA,-1.0,9,1500,1223.0,0.8153333333333334,3.0,False,False,True,False,False,1,0,1.0986122886681098,0.0,1.6094379124341003,-0.18232155679395468,5.0
12,0.0,5.0,0.0,12,CDA1,3,CDA,0.0,9,1500,1223.0,0.8153333333333334,3.0,False,False,True,False,False,1,0,1.0986122886681098,-6.907755278982137,1.6094379124341003,0.0,4.0
1,200.0,8.0,-0.20833333333333334,13,CDA1,4,CDA,,6,1200,200.0,0.16666666666666666,2.0,False,False,False,True,False,1,0,0.6931471805599453,,2.0794415416798357,,3.0
2,304.0,7.657894736842105,-0.95,13,CDA1,4,CDA,-0.3421052631578947,6,1200,504.0,0.42,1.6578947368421053,False,False,False,True,False,1,0,0.5055485666651469,-1.0726368022648491,2.0357371074451067,-0.04370443423472903,1.0
3,290.0,5.241379310344827,1.8125,13,CDA1,4,CDA,-2.416515426497278,6,1200,794.0,0.6616666666666666,0.7586206896551726,False,False,False,True,False,1,0,-0.2762533766281579,0.8823265961010726,1.6565846908598023,-0.3791524165853044,6.0
4,21.0,10.0,-0.065625,13,CDA1,4,CDA,4.758620689655173,6,1200,815.0,0.6791666666666667,4.0,False,False,False,True,False,1,0,1.3862943611198906,1.5599578551707307,2.302585092994046,0.6460004021342436,5.95
5,0.0,10.0,0.0,13,CDA1,4,CDA,0.0,6,1200,815.0,0.6791666666666667,4.0,False,False,False,True,False,1,0,1.3862943611198906,-6.907755278982137,2.302585092994046,0.0,7.0
6,102.0,6.382352941176471,-0.31875,13,CDA1,4,CDA,-3.617647058823529,6,1200,917.0,0.7641666666666667,0.382352941176471,False,False,False,True,False,1,0,-0.9614111671546236,1.285823830756256,1.8535368289242982,-0.44904826406974774,2.0
7,0.0,6.382352941176471,0.0,13,CDA1,4,CDA,0.0,6,1200,917.0,0.7641666666666667,0.382352941176471,False,False,False,True,False,1,0,-0.9614111671546236,-6.907755278982137,1.8535368289242982,0.0,1.0
8,0.0,6.382352941176471,0.0,13,CDA1,4,CDA,0.0,6,1200,917.0,0.7641666666666667,0.382352941176471,False,False,False,True,False,1,0,-0.9614111671546236,-6.907755278982137,1.8535368289242982,0.0,6.0
9,0.0,6.382352941176471,0.0,13,CDA1,4,CDA,0.0,6,1200,917.0,0.7641666666666667,0.382352941176471,False,False,False,True,False,1,0,-0.9614111671546236,-6.907755278982137,1.8535368289242982,0.0,4.0
10,0.0,6.382352941176471,0.0,13,CDA1,4,CDA,0.0,6,1200,917.0,0.7641666666666667,0.382352941176471,False,False,False,True,False,1,0,-0.9614111671546236,-6.907755278982137,1.8535368289242982,0.0,1.0
11,43.0,4.0,0.0,13,CDA1,4,CDA,-2.382352941176471,6,1200,960.0,0.8,2.0,False,False,False,True,False,1,0,0.6931471805599453,0.8680886300562776,1.3862943611198906,-0.4672424678044076,5.95
12,0.0,4.0,0.0,13,CDA1,4,CDA,0.0,6,1200,960.0,0.8,2.0,False,False,False,True,False,1,0,0.6931471805599453,-6.907755278982137,1.3862943611198906,0.0,6.0
1,299.0,6.993311036789297,0.0,14,CDA1,4,CDA,,6,1200,299.0,0.24916666666666668,0.9933110367892972,False,False,False,True,False,1,0,-0.006711434587987251,,1.944954126037947,,3.0
2,438.0,6.02054794520548,-0.3981818181818182,14,CDA1,4,CDA,-0.9727630915838175,6,1200,737.0,0.6141666666666666,0.020547945205479756,False,False,False,True,False,1,0,-3.884994333040212,-0.027614708884913963,1.7951782759768407,-0.14977585006110639,4.0
3,91.0,5.0,0.16545454545454547,14,CDA1,4,CDA,-1.0205479452054798,6,1200,828.0,0.69,1.0,False,False,False,True,False,1,0,0.0,0.020339684237123002,1.6094379124341003,-0.18574036354274037,2.0
4,94.0,7.0,-0.1709090909090909,14,CDA1,4,CDA,2.0,6,1200,922.0,0.7683333333333333,1.0,False,False,False,True,False,1,0,0.0,0.6931471805599453,1.9459101490553132,0.33647223662121295,6.0
5,0.0,7.0,0.0,14,CDA1,4,CDA,0.0,6,1200,922.0,0.7683333333333333,1.0,False,False,False,True,False,1,0,0.0,-6.907755278982137,1.9459101490553132,0.0,1.5
6,19.0,5.0,0.0,14,CDA1,4,CDA,-2.0,6,1200,941.0,0.7841666666666667,1.0,False,False,False,True,False,1,0,0.0,0.6931471805599453,1.6094379124341003,-0.33647223662121295,5.0
7,0.0,5.0,0.0,14,CDA1,4,CDA,0.0,6,1200,941.0,0.7841666666666667,1.0,False,False,False,True,False,1,0,0.0,-6.907755278982137,1.6094379124341003,0.0,3.0
8,0.0,5.0,0.0,14,CDA1,4,CDA,0.0,6,1200,941.0,0.7841666666666667,1.0,False,False,False,True,False,1,0,0.0,-6.907755278982137,1.6094379124341003,0.0,1.0
9,0.0,5.0,0.0,14,CDA1,4,CDA,0.0,6,1200,941.0,0.7841666666666667,1.0,False,False,False,True,False,1,0,0.0,-6.907755278982137,1.6094379124341003,0.0,5.0
10,0.0,5.0,0.0,14,CDA1,4,CDA,0.0,6,1200,941.0,0.7841666666666667,1.0,False,False,False,True,False,1,0,0.0,-6.907755278982137,1.6094379124341003,0.0,5.0
11,159.0,5.0,0.0,14,CDA1,4,CDA,0.0,6,1200,1100.0,0.9166666666666666,1.0,False,False,False,True,False,1,0,0.0,-6.907755278982137,1.6094379124341003,0.0,5.0
12,0.0,5.0,0.0,14,CDA1,4,CDA,0.0,6,1200,1100.0,0.9166666666666666,1.0,False,False,False,True,False,1,0,0.0,-6.907755278982137,1.6094379124341003,0.0,3.0
1,200.0,9.0,-0.1893939393939394,15,CDA1,4,CDA,,6,1200,200.0,0.16666666666666666,3.0,False,False,False,True,False,1,0,1.0986122886681098,,2.1972245773362196,,1.0
2,316.0,7.367088607594937,0.0,15,CDA1,4,CDA,-1.6329113924050631,6,1200,516.0,0.43,1.3670886075949369,False,False,False,True,False,1,0,0.3126833746571983,0.4903645518946505,1.9970225952644163,-0.20020198207180329,5.0
3,115.0,8.0,-0.2178030303030303,15,CDA1,4,CDA,0.6329113924050631,6,1200,631.0,0.5258333333333334,2.0,False,False,False,True,False,1,0,0.6931471805599453,-0.4574248470388757,2.0794415416798357,0.08241894641541947,2.0
4,119.0,6.033613445378151,-0.11268939393939394,15,CDA1,4,CDA,-1.9663865546218489,6,1200,750.0,0.625,0.03361344537815114,False,False,False,True,False,1,0,-3.3928291319916424,0.6761976222461721,1.7973460759366948,-0.2820954657431409,4.0
5,0.0,6.033613445378151,0.0,15,CDA1,4,CDA,0.0,6,1200,750.0,0.625,0.03361344537815114,False,False,False,True,False,1,0,-3.3928291319916424,-6.907755278982137,1.7973460759366948,0.0,1.0
6,0.0,6.033613445378151,0.0,15,CDA1,4,CDA,0.0,6,1200,750.0,0.625,0.03361344537815114,False,False,False,True,False,1,0,-3.3928291319916424,-6.907755278982137,1.7973460759366948,0.0,2.0
7,84.0,4.178571428571429,0.0,15,CDA1,4,CDA,-1.8550420168067223,6,1200,834.0,0.695,1.8214285714285712,False,False,False,True,False,1,0,0.5996211225491217,0.6179073463725399,1.4299694246225523,-0.36737665131414254,1.0
8,170.0,5.0,-0.16098484848484848,15,CDA1,4,CDA,0.8214285714285712,6,1200,1004.0,0.8366666666666667,1.0,False,False,False,True,False,1,0,0.0,-0.19671029424605455,1.6094379124341003,0.179468487811548,1.0
9,0.0,5.0,0.0,15,CDA1,4,CDA,0.0,6,1200,1004.0,0.8366666666666667,1.0,False,False,False,True,False,1,0,0.0,-6.907755278982137,1.6094379124341003,0.0,1.5499999999999998
10,17.0,4.0,0.016098484848484848,15,CDA1,4,CDA,-1.0,6,1200,1021.0,0.8508333333333333,2.0,False,False,False,True,False,1,0,0.6931471805599453,0.0,1.3862943611198906,-0.2231435513142097,6.0
11,35.0,5.0,0.0,15,CDA1,4,CDA,1.0,6,1200,1056.0,0.88,1.0,False,False,False,True,False,1,0,0.0,0.0,1.6094379124341003,0.2231435513142097,1.0
12,0.0,5.0,0.0,15,CDA1,4,CDA,0.0,6,1200,1056.0,0.88,1.0,False,False,False,True,False,1,0,0.0,-6.907755278982137,1.6094379124341003,0.0,4.0
1,311.0,6.0,0.0,16,CDA1,4,CDA,,6,1200,311.0,0.25916666666666666,0.0,False,False,False,True,False,1,0,-6.907755278982137,,1.791759469228055,,5.2
2,307.0,6.0,-0.30885311871227367,16,CDA1,4,CDA,0.0,6,1200,618.0,0.515,0.0,False,False,False,True,False,1,0,-6.907755278982137,-6.907755278982137,1.791759469228055,0.0,4.0
3,69.0,5.0,0.0,16,CDA1,4,CDA,-1.0,6,1200,687.0,0.5725,1.0,False,False,False,True,False,1,0,0.0,0.0,1.6094379124341003,-0.18232155679395468,1.0
4,185.0,5.616216216216216,-0.18611670020120724,16,CDA1,4,CDA,0.6162162162162161,6,1200,872.0,0.7266666666666667,0.38378378378378386,False,False,False,True,False,1,0,-0.9576759480370092,-0.48415737668382947,1.7256581660209025,0.11622025358680221,4.0
5,59.0,5.0,0.0,16,CDA1,4,CDA,-0.6162162162162161,6,1200,931.0,0.7758333333333334,1.0,False,False,False,True,False,1,0,0.0,-0.48415737668382947,1.6094379124341003,-0.11622025358680221,1.0
6,0.0,5.0,0.0,16,CDA1,4,CDA,0.0,6,1200,931.0,0.7758333333333334,1.0,False,False,False,True,False,1,0,0.0,-6.907755278982137,1.6094379124341003,0.0,1.0
7,9.0,5.0,-0.009054325955734407,16,CDA1,4,CDA,0.0,6,1200,940.0,0.7833333333333333,1.0,False,False,False,True,False,1,0,0.0,-6.907755278982137,1.6094379124341003,0.0,1.0
8,41.0,4.0,0.0,16,CDA1,4,CDA,-1.0,6,1200,981.0,0.8175,2.0,False,False,False,True,False,1,0,0.6931471805599453,0.0,1.3862943611198906,-0.2231435513142097,1.0
9,0.0,4.0,0.0,16,CDA1,4,CDA,0.0,6,1200,981.0,0.8175,2.0,False,False,False,True,False,1,0,0.6931471805599453,-6.907755278982137,1.3862943611198906,0.0,1.0
10,11.0,4.0,0.0,16,CDA1,4,CDA,0.0,6,1200,992.0,0.8266666666666667,2.0,False,False,False,True,False,1,0,0.6931471805599453,-6.907755278982137,1.3862943611198906,0.0,1.0
11,0.0,4.0,0.0,16,CDA1,4,CDA,0.0,6,1200,992.0,0.8266666666666667,2.0,False,False,False,True,False,1,0,0.6931471805599453,-6.907755278982137,1.3862943611198906,0.0,1.5499999999999998
12,2.0,4.0,0.0,16,CDA1,4,CDA,0.0,6,1200,994.0,0.8283333333333334,2.0,False,False,False,True,False,1,0,0.6931471805599453,-6.907755278982137,1.3862943611198906,0.0,2.0999999999999996
1,331.0,9.58308157099698,-0.6803699897225077,17,CDA1,5,CDA,,14,1100,331.0,0.3009090909090909,4.416918429003021,False,False,False,False,True,1,0,1.4854422649326608,,2.2599992073776756,,10.0
2,162.0,8.432098765432098,-0.3329907502569373,17,CDA1,5,CDA,-1.1509828055648814,14,1100,493.0,0.4481818181818182,5.567901234567902,False,False,False,False,True,1,0,1.7170181848302397,0.14061619093561784,2.132045704898351,-0.12795350247932458,5.0
3,101.0,14.900990099009901,-0.7266187050359713,17,CDA1,5,CDA,6.468891333577803,14,1100,594.0,0.54,0.9009900990099009,False,False,False,False,True,1,0,-0.1042610103244095,1.8670047388959963,2.7014276603417167,0.5693819554433657,8.0
4,138.0,7.536231884057971,-0.28365878725590954,17,CDA1,5,CDA,-7.36475821495193,14,1100,732.0,0.6654545454545454,6.463768115942029,False,False,False,False,True,1,0,1.8662124474228048,1.9967062204486155,2.0197223069782138,-0.6817053533635029,2.0
5,47.0,10.0,-0.1932168550873587,17,CDA1,5,CDA,2.4637681159420293,14,1100,779.0,0.7081818181818181,4.0,False,False,False,False,True,1,0,1.3862943611198906,0.9016919324530025,2.302585092994046,0.28286278601583215,1.0
6,9.0,6.0,0.0,17,CDA1,5,CDA,-4.0,14,1100,788.0,0.7163636363636363,8.0,False,False,False,False,True,1,0,2.0794415416798357,1.3862943611198906,1.791759469228055,-0.5108256237659909,6.0
7,57.0,6.0,0.0,17,CDA1,5,CDA,0.0,14,1100,845.0,0.7681818181818182,8.0,False,False,False,False,True,1,0,2.0794415416798357,-6.907755278982137,1.791759469228055,0.0,3.0
8,63.0,6.0,0.0,17,CDA1,5,CDA,0.0,14,1100,908.0,0.8254545454545454,8.0,False,False,False,False,True,1,0,2.0794415416798357,-6.907755278982137,1.791759469228055,0.0,5.95
9,0.0,6.0,0.0,17,CDA1,5,CDA,0.0,14,1100,908.0,0.8254545454545454,8.0,False,False,False,False,True,1,0,2.0794415416798357,-6.907755278982137,1.791759469228055,0.0,2.6500000000000004
10,0.0,6.0,0.0,17,CDA1,5,CDA,0.0,14,1100,908.0,0.8254545454545454,8.0,False,False,False,False,True,1,0,2.0794415416798357,-6.907755278982137,1.791759469228055,0.0,15.0
11,1.0,6.0,0.0,17,CDA1,5,CDA,0.0,14,1100,909.0,0.8263636363636364,8.0,False,False,False,False,True,1,0,2.0794415416798357,-6.907755278982137,1.791759469228055,0.0,4.9
12,64.0,6.0,0.0,17,CDA1,5,CDA,0.0,14,1100,973.0,0.8845454545454545,8.0,False,False,False,False,True,1,0,2.0794415416798357,-6.907755278982137,1.791759469228055,0.0,2.0
1,332.0,10.409638554216867,1.6234718826405867,18,CDA1,5,CDA,,14,1100,332.0,0.3018181818181818,3.5903614457831328,False,False,False,False,True,1,0,1.2782528787088066,,2.342732161007458,,6.0
2,223.0,7.0,0.0,18,CDA1,5,CDA,-3.4096385542168672,14,1100,555.0,0.5045454545454545,7.0,False,False,False,False,True,1,0,1.9459101490553132,1.2266062898466397,1.9459101490553132,-0.3968220119521446,1.0
3,87.0,7.0,0.21271393643031786,18,CDA1,5,CDA,0.0,14,1100,642.0,0.5836363636363636,7.0,False,False,False,False,True,1,0,1.9459101490553132,-6.907755278982137,1.9459101490553132,0.0,3.0
4,126.0,7.880952380952381,0.0,18,CDA1,5,CDA,0.8809523809523814,14,1100,768.0,0.6981818181818182,6.119047619047619,False,False,False,False,True,1,0,1.8114064666118515,-0.12675170563914337,2.0644487570936945,0.11853860803838123,3.0
5,0.0,7.880952380952381,0.0,18,CDA1,5,CDA,0.0,14,1100,768.0,0.6981818181818182,6.119047619047619,False,False,False,False,True,1,0,1.8114064666118515,-6.907755278982137,2.0644487570936945,0.0,3.0
6,0.0,7.880952380952381,0.0,18,CDA1,5,CDA,0.0,14,1100,768.0,0.6981818181818182,6.119047619047619,False,False,False,False,True,1,0,1.8114064666118515,-6.907755278982137,2.0644487570936945,0.0,3.0
7,43.0,9.0,0.0,18,CDA1,5,CDA,1.1190476190476186,14,1100,811.0,0.7372727272727273,5.0,False,False,False,False,True,1,0,1.6094379124341003,0.11247798342668991,2.1972245773362196,0.1327758202425251,2.0
8,0.0,9.0,0.0,18,CDA1,5,CDA,0.0,14,1100,811.0,0.7372727272727273,5.0,False,False,False,False,True,1,0,1.6094379124341003,-6.907755278982137,2.1972245773362196,0.0,1.0
9,0.0,9.0,0.0,18,CDA1,5,CDA,0.0,14,1100,811.0,0.7372727272727273,5.0,False,False,False,False,True,1,0,1.6094379124341003,-6.907755278982137,2.1972245773362196,0.0,2.0
10,7.0,9.0,0.0,18,CDA1,5,CDA,0.0,14,1100,818.0,0.7436363636363637,5.0,False,False,False,False,True,1,0,1.6094379124341003,-6.907755278982137,2.1972245773362196,0.0,9.0
11,0.0,9.0,0.0,18,CDA1,5,CDA,0.0,14,1100,818.0,0.7436363636363637,5.0,False,False,False,False,True,1,0,1.6094379124341003,-6.907755278982137,2.1972245773362196,0.0,9.0
12,0.0,9.0,0.0,18,CDA1,5,CDA,0.0,14,1100,818.0,0.7436363636363637,5.0,False,False,False,False,True,1,0,1.6094379124341003,-6.907755278982137,2.1972245773362196,0.0,9.0
1,200.0,9.0,-0.5687203791469194,19,CDA1,5,CDA,,14,1100,200.0,0.18181818181818182,5.0,False,False,False,False,True,1,0,1.6094379124341003,,2.1972245773362196,,8.0
2,350.0,8.725714285714286,1.6587677725118484,19,CDA1,5,CDA,-0.274285714285714,14,1100,550.0,0.5,5.274285714285714,False,False,False,False,True,1,0,1.662843260579338,-1.293584963015624,2.1662743312951185,-0.03095024604110108,4.0
3,188.0,11.0,0.0,19,CDA1,5,CDA,2.274285714285714,14,1100,738.0,0.6709090909090909,3.0,False,False,False,False,True,1,0,1.0986122886681098,0.8216660313609235,2.3978952727983707,0.2316209415032522,4.0
4,12.0,11.0,-0.022748815165876776,19,CDA1,5,CDA,0.0,14,1100,750.0,0.6818181818181818,3.0,False,False,False,False,True,1,0,1.0986122886681098,-6.907755278982137,2.3978952727983707,0.0,1.0
5,0.0,11.0,0.0,19,CDA1,5,CDA,0.0,14,1100,750.0,0.6818181818181818,3.0,False,False,False,False,True,1,0,1.0986122886681098,-6.907755278982137,2.3978952727983707,0.0,2.0
6,137.0,9.0,0.0,19,CDA1,5,CDA,-2.0,14,1100,887.0,0.8063636363636364,5.0,False,False,False,False,True,1,0,1.6094379124341003,0.6931471805599453,2.1972245773362196,-0.2006706954621511,2.0
7,52.0,9.0,-0.0985781990521327,19,CDA1,5,CDA,0.0,14,1100,939.0,0.8536363636363636,5.0,False,False,False,False,True,1,0,1.6094379124341003,-6.907755278982137,2.1972245773362196,0.0,7.0
8,11.0,7.0,0.0,19,CDA1,5,CDA,-2.0,14,1100,950.0,0.8636363636363636,7.0,False,False,False,False,True,1,0,1.9459101490553132,0.6931471805599453,1.9459101490553132,-0.25131442828090633,7.0
9,45.0,7.0,0.0,19,CDA1,5,CDA,0.0,14,1100,995.0,0.9045454545454545,7.0,False,False,False,False,True,1,0,1.9459101490553132,-6.907755278982137,1.9459101490553132,0.0,3.0
10,55.0,7.0,0.0,19,CDA1,5,CDA,0.0,14,1100,1050.0,0.9545454545454546,7.0,False,False,False,False,True,1,0,1.9459101490553132,-6.907755278982137,1.9459101490553132,0.0,3.0
11,3.0,7.0,0.0,19,CDA1,5,CDA,0.0,14,1100,1053.0,0.9572727272727273,7.0,False,False,False,False,True,1,0,1.9459101490553132,-6.907755278982137,1.9459101490553132,0.0,2.5999999999999996
12,2.0,7.0,0.0,19,CDA1,5,CDA,0.0,14,1100,1055.0,0.9590909090909091,7.0,False,False,False,False,True,1,0,1.9459101490553132,-6.907755278982137,1.9459101490553132,0.0,2.5999999999999996
1,200.0,9.0,0.0,20,CDA1,5,CDA,,14,1100,200.0,0.18181818181818182,5.0,False,False,False,False,True,1,0,1.6094379124341003,,2.1972245773362196,,1.0
2,100.0,9.0,-0.12077294685990338,20,CDA1,5,CDA,0.0,14,1100,300.0,0.2727272727272727,5.0,False,False,False,False,True,1,0,1.6094379124341003,-6.907755278982137,2.1972245773362196,0.0,1.0
3,230.0,8.0,0.0,20,CDA1,5,CDA,-1.0,14,1100,530.0,0.4818181818181818,6.0,False,False,False,False,True,1,0,1.791759469228055,0.0,2.0794415416798357,-0.11778303565638382,1.0
4,0.0,8.0,0.0,20,CDA1,5,CDA,0.0,14,1100,530.0,0.4818181818181818,6.0,False,False,False,False,True,1,0,1.791759469228055,-6.907755278982137,2.0794415416798357,0.0,1.0
5,67.0,8.0,0.0,20,CDA1,5,CDA,0.0,14,1100,597.0,0.5427272727272727,6.0,False,False,False,False,True,1,0,1.791759469228055,-6.907755278982137,2.0794415416798357,0.0,1.0
6,85.0,8.0,0.0,20,CDA1,5,CDA,0.0,14,1100,682.0,0.62,6.0,False,False,False,False,True,1,0,1.791759469228055,-6.907755278982137,2.0794415416798357,0.0,1.0
7,73.0,8.0,0.0,20,CDA1,5,CDA,0.0,14,1100,755.0,0.6863636363636364,6.0,False,False,False,False,True,1,0,1.791759469228055,-6.907755278982137,2.0794415416798357,0.0,1.0
8,42.0,8.0,0.0,20,CDA1,5,CDA,0.0,14,1100,797.0,0.7245454545454545,6.0,False,False,False,False,True,1,0,1.791759469228055,-6.907755278982137,2.0794415416798357,0.0,2.0
9,3.0,8.0,0.0,20,CDA1,5,CDA,0.0,14,1100,800.0,0.7272727272727273,6.0,False,False,False,False,True,1,0,1.791759469228055,-6.907755278982137,2.0794415416798357,0.0,1.0
10,28.0,8.0,0.0,20,CDA1,5,CDA,0.0,14,1100,828.0,0.7527272727272727,6.0,False,False,False,False,True,1,0,1.791759469228055,-6.907755278982137,2.0794415416798357,0.0,1.0
11,0.0,8.0,0.0,20,CDA1,5,CDA,0.0,14,1100,828.0,0.7527272727272727,6.0,False,False,False,False,True,1,0,1.791759469228055,-6.907755278982137,2.0794415416798357,0.0,1.0
12,0.0,8.0,0.0,20,CDA1,5,CDA,0.0,14,1100,828.0,0.7527272727272727,6.0,False,False,False,False,True,1,0,1.791759469228055,-6.907755278982137,2.0794415416798357,0.0,1.0
1,0.0,9.198396793587174,0.0,1,CDA2,1,CDA,,14,1100,0.0,0.0,4.8016032064128265,True,False,False,False,False,2,0,1.5689498634838215,,2.219029207303072,,12.0
2,499.0,9.198396793587174,-1.2495826377295491,1,CDA2,1,CDA,0.0,14,1100,499.0,0.4536363636363636,4.8016032064128265,True,False,False,False,False,2,0,1.5689498634838215,-6.907755278982137,2.219029207303072,0.0,12.0
3,250.0,7.6,0.6260434056761269,1,CDA2,1,CDA,-1.598396793587174,14,1100,749.0,0.6809090909090909,6.4,True,False,False,False,False,2,0,1.8562979903656263,0.4690011228961096,2.028148247292285,-0.1908809600107868,10.0
4,0.0,7.6,0.0,1,CDA2,1,CDA,0.0,14,1100,749.0,0.6809090909090909,6.4,True,False,False,False,False,2,0,1.8562979903656263,-6.907755278982137,2.028148247292285,0.0,12.0
5,119.0,8.0,0.0,1,CDA2,1,CDA,0.40000000000000036,14,1100,868.0,0.7890909090909091,6.0,True,False,False,False,False,2,0,1.791759469228055,-0.9162907318741542,2.0794415416798357,0.05129329438755059,2.0
6,51.0,8.0,0.0,1,CDA2,1,CDA,0.0,14,1100,919.0,0.8354545454545454,6.0,True,False,False,False,False,2,0,1.791759469228055,-6.907755278982137,2.0794415416798357,0.0,2.0
7,50.0,10.0,-0.08347245409015025,1,CDA2,1,CDA,2.0,14,1100,969.0,0.8809090909090909,4.0,True,False,False,False,False,2,0,1.3862943611198906,0.6931471805599453,2.302585092994046,0.22314355131421015,2.0
8,200.0,8.0,0.0,1,CDA2,1,CDA,-2.0,14,1100,1169.0,1.0627272727272727,6.0,True,False,False,False,False,2,0,1.791759469228055,0.6931471805599453,2.0794415416798357,-0.22314355131421015,7.0
9,0.0,8.0,0.0,1,CDA2,1,CDA,0.0,14,1100,1169.0,1.0627272727272727,6.0,True,False,False,False,False,2,0,1.791759469228055,-6.907755278982137,2.0794415416798357,0.0,15.0
10,28.0,8.0,-0.02337228714524207,1,CDA2,1,CDA,0.0,14,1100,1197.0,1.0881818181818181,6.0,True,False,False,False,False,2,0,1.791759469228055,-6.907755278982137,2.0794415416798357,0.0,5.0
11,0.0,8.0,0.0,1,CDA2,1,CDA,0.0,14,1100,1197.0,1.0881818181818181,6.0,True,False,False,False,False,2,0,1.791759469228055,-6.907755278982137,2.0794415416798357,0.0,4.0
12,1.0,7.0,0.0,1,CDA2,1,CDA,-1.0,14,1100,1198.0,1.089090909090909,7.0,True,False,False,False,False,2,0,1.9459101490553132,0.0,1.9459101490553132,-0.13353139262452252,3.0
1,200.0,10.0,0.0,2,CDA2,1,CDA,,14,1100,200.0,0.18181818181818182,4.0,True,False,False,False,False,2,0,1.3862943611198906,,2.302585092994046,,13.0
2,238.0,7.638655462184874,0.21656050955414013,2,CDA2,1,CDA,-2.3613445378151257,14,1100,438.0,0.3981818181818182,6.361344537815126,True,False,False,False,False,2,0,1.8502397603259193,0.8592311762222162,2.0332216010659496,-0.2693634919280963,4.0
3,147.0,9.306122448979592,-0.535031847133758,2,CDA2,1,CDA,1.6674669867947172,14,1100,585.0,0.5318181818181819,4.6938775510204085,True,False,False,False,False,2,0,1.546259010812569,0.5113057005875007,2.2306725114037596,0.19745091033780993,1.0
4,31.0,8.0,0.0,2,CDA2,1,CDA,-1.3061224489795915,14,1100,616.0,0.56,6.0,True,False,False,False,False,2,0,1.791759469228055,0.267062785249045,2.0794415416798357,-0.1512309697239238,1.0
5,50.0,8.0,0.18198362147406733,2,CDA2,1,CDA,0.0,14,1100,666.0,0.6054545454545455,6.0,True,False,False,False,False,2,0,1.791759469228055,-6.907755278982137,2.0794415416798357,0.0,3.0
6,100.0,12.0,-0.272975432211101,2,CDA2,1,CDA,4.0,14,1100,766.0,0.6963636363636364,2.0,True,False,False,False,False,2,0,0.6931471805599453,1.3862943611198906,2.4849066497880004,0.4054651081081646,3.0
7,0.0,12.0,0.0,2,CDA2,1,CDA,0.0,14,1100,766.0,0.6963636363636364,2.0,True,False,False,False,False,2,0,0.6931471805599453,-6.907755278982137,2.4849066497880004,0.0,3.0
8,0.0,12.0,0.0,2,CDA2,1,CDA,0.0,14,1100,766.0,0.6963636363636364,2.0,True,False,False,False,False,2,0,0.6931471805599453,-6.907755278982137,2.4849066497880004,0.0,1.0
9,93.0,9.0,0.08462238398544131,2,CDA2,1,CDA,-3.0,14,1100,859.0,0.7809090909090909,5.0,True,False,False,False,False,2,0,1.6094379124341003,1.0986122886681098,2.1972245773362196,-0.2876820724517808,1.0
10,59.0,10.0,-0.10737033666969972,2,CDA2,1,CDA,1.0,14,1100,918.0,0.8345454545454546,4.0,True,False,False,False,False,2,0,1.3862943611198906,0.0,2.302585092994046,0.10536051565782634,3.0
11,0.0,10.0,0.0,2,CDA2,1,CDA,0.0,14,1100,918.0,0.8345454545454546,4.0,True,False,False,False,False,2,0,1.3862943611198906,-6.907755278982137,2.302585092994046,0.0,2.0
12,181.0,7.171270718232044,-0.16469517743403095,2,CDA2,1,CDA,-2.8287292817679557,14,1100,1099.0,0.9990909090909091,6.828729281767956,True,False,False,False,False,2,0,1.9211386067518104,1.039827593773682,1.9700828659982095,-0.3325022269958364,7.0
1,0.0,10.0,0.0,3,CDA2,1,CDA,,14,1100,0.0,0.0,4.0,True,False,False,False,False,2,0,1.3862943611198906,,2.302585092994046,,2.0
2,200.0,10.0,-0.3249390739236393,3,CDA2,1,CDA,0.0,14,1100,200.0,0.18181818181818182,4.0,True,False,False,False,False,2,0,1.3862943611198906,-6.907755278982137,2.302585092994046,0.0,2.0
3,101.0,8.0,0.0,3,CDA2,1,CDA,-2.0,14,1100,301.0,0.2736363636363636,6.0,True,False,False,False,False,2,0,1.791759469228055,0.6931471805599453,2.0794415416798357,-0.22314355131421015,2.0
4,0.0,8.0,0.0,3,CDA2,1,CDA,0.0,14,1100,301.0,0.2736363636363636,6.0,True,False,False,False,False,2,0,1.791759469228055,-6.907755278982137,2.0794415416798357,0.0,1.0
5,36.0,8.0,0.05848903330625508,3,CDA2,1,CDA,0.0,14,1100,337.0,0.30636363636363634,6.0,True,False,False,False,False,2,0,1.791759469228055,-6.907755278982137,2.0794415416798357,0.0,1.0
6,72.0,10.0,-0.11697806661251016,3,CDA2,1,CDA,2.0,14,1100,409.0,0.3718181818181818,4.0,True,False,False,False,False,2,0,1.3862943611198906,0.6931471805599453,2.302585092994046,0.22314355131421015,12.0
7,300.0,8.0,0.0,3,CDA2,1,CDA,-2.0,14,1100,709.0,0.6445454545454545,6.0,True,False,False,False,False,2,0,1.791759469228055,0.6931471805599453,2.0794415416798357,-0.22314355131421015,6.0
8,110.0,8.0,0.35743298131600326,3,CDA2,1,CDA,0.0,14,1100,819.0,0.7445454545454545,6.0,True,False,False,False,False,2,0,1.791759469228055,-6.907755278982137,2.0794415416798357,0.0,4.0
9,150.0,12.366666666666667,-0.487408610885459,3,CDA2,1,CDA,4.366666666666667,14,1100,969.0,0.8809090909090909,1.6333333333333329,True,False,False,False,False,2,0,0.49062291644847095,1.4739999415389964,2.51500468094528,0.4355631392654442,3.0
10,12.0,8.0,0.02924451665312754,3,CDA2,1,CDA,-4.366666666666667,14,1100,981.0,0.8918181818181818,6.0,True,False,False,False,False,2,0,1.791759469228055,1.4739999415389964,2.0794415416798357,-0.4355631392654442,3.0
11,55.0,10.672727272727272,0.0,3,CDA2,1,CDA,2.672727272727272,14,1100,1036.0,0.9418181818181818,3.327272727272728,True,False,False,False,False,2,0,1.2021529676089502,0.9830994015462651,2.3676916345956256,0.28825009291578985,3.0
12,195.0,11.0,0.0,3,CDA2,1,CDA,0.32727272727272805,14,1100,1231.0,1.1190909090909091,3.0,True,False,False,False,False,2,0,1.0986122886681098,-1.1169614273363038,2.3978952727983707,0.030203638202745076,6.0
1,200.0,10.0,0.0,4,CDA2,1,CDA,,14,1100,200.0,0.18181818181818182,4.0,True,False,False,False,False,2,0,1.3862943611198906,,2.302585092994046,,2.0
2,162.0,10.0,-0.12646370023419204,4,CDA2,1,CDA,0.0,14,1100,362.0,0.3290909090909091,4.0,True,False,False,False,False,2,0,1.3862943611198906,-6.907755278982137,2.302585092994046,0.0,3.0
3,141.0,9.432624113475176,0.11007025761124122,4,CDA2,1,CDA,-0.5673758865248235,14,1100,503.0,0.4572727272727273,4.5673758865248235,True,False,False,False,False,2,0,1.5189388357261855,-0.5667332557042852,2.244174330837631,-0.05841076215641472,2.0
4,70.0,10.17142857142857,0.0546448087431694,4,CDA2,1,CDA,0.7388044579533943,14,1100,573.0,0.5209090909090909,3.828571428571429,True,False,False,False,False,2,0,1.3424917384614978,-0.3027219966289733,2.319582669362617,0.07540833852498574,2.0
5,45.0,11.0,0.0,4,CDA2,1,CDA,0.8285714285714292,14,1100,618.0,0.5618181818181818,3.0,True,False,False,False,False,2,0,1.0986122886681098,-0.18805223150293893,2.3978952727983707,0.07831260343575375,2.0
6,266.0,9.496240601503759,-0.6229508196721312,4,CDA2,1,CDA,-1.503759398496241,14,1100,884.0,0.8036363636363636,4.503759398496241,True,False,False,False,False,2,0,1.5049124698936958,0.40796823832628315,2.2508959941287374,-0.14699927866963325,1.0
7,16.0,8.0,0.01249024199843872,4,CDA2,1,CDA,-1.496240601503759,14,1100,900.0,0.8181818181818182,6.0,True,False,False,False,False,2,0,1.791759469228055,0.4029556965027384,2.0794415416798357,-0.17145445244890167,3.0
8,0.0,8.0,0.0,4,CDA2,1,CDA,0.0,14,1100,900.0,0.8181818181818182,6.0,True,False,False,False,False,2,0,1.791759469228055,-6.907755278982137,2.0794415416798357,0.0,3.0
9,18.0,9.0,0.04215456674473068,4,CDA2,1,CDA,1.0,14,1100,918.0,0.8345454545454546,5.0,True,False,False,False,False,2,0,1.6094379124341003,0.0,2.1972245773362196,0.11778303565638382,3.0
10,57.0,11.473684210526315,-0.04449648711943794,4,CDA2,1,CDA,2.473684210526315,14,1100,975.0,0.8863636363636364,2.526315789473685,True,False,False,False,False,2,0,0.9267620317414508,0.9057086225436178,2.4400560836226486,0.24283150628642902,3.0
11,0.0,11.473684210526315,0.0,4,CDA2,1,CDA,0.0,14,1100,975.0,0.8863636363636364,2.526315789473685,True,False,False,False,False,2,0,0.9267620317414508,-6.907755278982137,2.4400560836226486,0.0,13.0
12,306.0,10.202614379084967,-0.477751756440281,4,CDA2,1,CDA,-1.2710698314413484,14,1100,1281.0,1.1645454545454546,3.7973856209150334,True,False,False,False,False,2,0,1.334312835459476,0.2398589328234262,2.3226439991229966,-0.11741208449965201,4.0
1,0.0,7.246458923512748,0.0,5,CDA2,2,CDA,,6,1200,0.0,0.0,1.2464589235127477,False,True,False,False,False,2,0,0.2203066699790099,,1.9805129252054912,,6.0
2,353.0,7.246458923512748,1.9324817518248176,5,CDA2,2,CDA,0.0,6,1200,353.0,0.2941666666666667,1.2464589235127477,False,True,False,False,False,2,0,0.2203066699790099,-6.907755278982137,1.9805129252054912,0.0,6.0
3,150.0,10.0,-0.8211678832116789,5,CDA2,2,CDA,2.7535410764872523,6,1200,503.0,0.4191666666666667,4.0,False,True,False,False,False,2,0,1.3862943611198906,1.0128877475271423,2.302585092994046,0.32207216778855474,6.0
4,319.0,4.413793103448276,0.0,5,CDA2,2,CDA,-5.586206896551724,6,1200,822.0,0.685,1.5862068965517242,False,True,False,False,False,2,0,0.461345566502621,1.7203005052459102,1.4847344339331432,-0.8178506590609027,2.0
5,59.0,4.610169491525424,-0.10766423357664233,5,CDA2,2,CDA,0.19637638807714808,6,1200,881.0,0.7341666666666666,1.3898305084745761,False,True,False,False,False,2,0,0.32918180335853353,-1.6277221139289881,1.5282646223902778,0.04353018845713463,2.0
6,32.0,6.5,0.058394160583941604,5,CDA2,2,CDA,1.8898305084745761,6,1200,913.0,0.7608333333333334,0.5,False,True,False,False,False,2,0,-0.6931471805599453,0.636487146994454,1.8718021769015913,0.3435375545113135,4.0
7,16.0,8.0,0.0,5,CDA2,2,CDA,1.5,6,1200,929.0,0.7741666666666667,2.0,False,True,False,False,False,2,0,0.6931471805599453,0.4054651081081644,2.0794415416798357,0.2076393647782444,4.0
8,90.0,8.0,0.0,5,CDA2,2,CDA,0.0,6,1200,1019.0,0.8491666666666666,2.0,False,True,False,False,False,2,0,0.6931471805599453,-6.907755278982137,2.0794415416798357,0.0,5.0
9,28.0,8.0,0.0,5,CDA2,2,CDA,0.0,6,1200,1047.0,0.8725,2.0,False,True,False,False,False,2,0,0.6931471805599453,-6.907755278982137,2.0794415416798357,0.0,8.0
10,10.0,8.0,0.0,5,CDA2,2,CDA,0.0,6,1200,1057.0,0.8808333333333334,2.0,False,True,False,False,False,2,0,0.6931471805599453,-6.907755278982137,2.0794415416798357,0.0,4.0
11,35.0,6.2,-0.09580291970802919,5,CDA2,2,CDA,-1.7999999999999998,6,1200,1092.0,0.91,0.20000000000000018,False,True,False,False,False,2,0,-1.6094379124340994,0.587786664902119,1.824549292051046,-0.25489224962878976,2.0
12,4.0,5.0,0.0,5,CDA2,2,CDA,-1.2000000000000002,6,1200,1096.0,0.9133333333333333,1.0,False,True,False,False,False,2,0,0.0,0.1823215567939548,1.6094379124341003,-0.2151113796169457,1.0
1,0.0,6.0,0.0,6,CDA2,2,CDA,,6,1200,0.0,0.0,0.0,False,True,False,False,False,2,0,-6.907755278982137,,1.791759469228055,,6.0
2,0.0,6.0,0.0,6,CDA2,2,CDA,0.0,6,1200,0.0,0.0,0.0,False,True,False,False,False,2,0,-6.907755278982137,-6.907755278982137,1.791759469228055,0.0,6.0
3,101.0,6.0,0.202,6,CDA2,2,CDA,0.0,6,1200,101.0,0.08416666666666667,0.0,False,True,False,False,False,2,0,-6.907755278982137,-6.907755278982137,1.791759469228055,0.0,2.0
4,351.0,11.809116809116809,0.0,6,CDA2,2,CDA,5.809116809116809,6,1200,452.0,0.37666666666666665,5.809116809116809,False,True,False,False,False,2,0,1.7594285471085893,1.7594285471085893,2.4688718441035293,0.6771123748754744,11.0
5,162.0,8.0,0.0,6,CDA2,2,CDA,-3.8091168091168086,6,1200,614.0,0.5116666666666667,2.0,False,True,False,False,False,2,0,0.6931471805599453,1.3373973536360773,2.0794415416798357,-0.3894303024236936,4.0
6,45.0,9.088888888888889,0.0,6,CDA2,2,CDA,1.0888888888888886,6,1200,659.0,0.5491666666666667,3.0888888888888886,False,True,False,False,False,2,0,1.1278114433603719,0.08515780834030656,2.207052666272482,0.12761112459264634,8.0
7,99.0,8.0,0.0,6,CDA2,2,CDA,-1.0888888888888886,6,1200,758.0,0.6316666666666667,2.0,False,True,False,False,False,2,0,0.6931471805599453,0.08515780834030656,2.0794415416798357,-0.12761112459264634,2.0
8,2.0,8.0,0.0,6,CDA2,2,CDA,0.0,6,1200,760.0,0.6333333333333333,2.0,False,True,False,False,False,2,0,0.6931471805599453,-6.907755278982137,2.0794415416798357,0.0,2.0
9,40.0,7.0,-0.04,6,CDA2,2,CDA,-1.0,6,1200,800.0,0.6666666666666666,1.0,False,True,False,False,False,2,0,0.0,0.0,1.9459101490553132,-0.13353139262452252,1.0
10,0.0,7.0,0.0,6,CDA2,2,CDA,0.0,6,1200,800.0,0.6666666666666666,1.0,False,True,False,False,False,2,0,0.0,-6.907755278982137,1.9459101490553132,0.0,1.0
11,100.0,6.0,0.0,6,CDA2,2,CDA,-1.0,6,1200,900.0,0.75,0.0,False,True,False,False,False,2,0,-6.907755278982137,0.0,1.791759469228055,-0.15415067982725827,11.0
12,100.0,6.0,0.0,6,CDA2,2,CDA,0.0,6,1200,1000.0,0.8333333333333334,0.0,False,True,False,False,False,2,0,-6.907755278982137,-6.907755278982137,1.791759469228055,0.0,1.0
1,0.0,10.180645161290322,0.0,7,CDA2,2,CDA,,6,1200,0.0,0.0,4.180645161290322,False,True,False,False,False,2,0,1.4304655794330279,,2.320488384486573,,4.0
2,310.0,10.180645161290322,0.0,7,CDA2,2,CDA,0.0,6,1200,310.0,0.25833333333333336,4.180645161290322,False,True,False,False,False,2,0,1.4304655794330279,-6.907755278982137,2.320488384486573,0.0,6.0
3,124.0,10.0,-0.5849056603773585,7,CDA2,2,CDA,-0.1806451612903217,6,1200,434.0,0.3616666666666667,4.0,False,True,False,False,False,2,0,1.3862943611198906,-1.7112206067440474,2.302585092994046,-0.017903291492527007,2.0
4,11.0,6.0,-0.012971698113207548,7,CDA2,2,CDA,-4.0,6,1200,445.0,0.37083333333333335,0.0,False,True,False,False,False,2,0,-6.907755278982137,1.3862943611198906,1.791759469228055,-0.5108256237659909,4.5
5,72.0,5.0,0.0,7,CDA2,2,CDA,-1.0,6,1200,517.0,0.43083333333333335,1.0,False,True,False,False,False,2,0,0.0,0.0,1.6094379124341003,-0.18232155679395468,3.0
6,99.0,7.0,0.0,7,CDA2,2,CDA,2.0,6,1200,616.0,0.5133333333333333,1.0,False,True,False,False,False,2,0,0.0,0.6931471805599453,1.9459101490553132,0.33647223662121295,2.0
7,90.0,7.0,0.0,7,CDA2,2,CDA,0.0,6,1200,706.0,0.5883333333333334,1.0,False,True,False,False,False,2,0,0.0,-6.907755278982137,1.9459101490553132,0.0,2.0
8,0.0,7.0,0.0,7,CDA2,2,CDA,0.0,6,1200,706.0,0.5883333333333334,1.0,False,True,False,False,False,2,0,0.0,-6.907755278982137,1.9459101490553132,0.0,2.0
9,121.0,6.330578512396694,-0.14268867924528303,7,CDA2,2,CDA,-0.669421487603306,6,1200,827.0,0.6891666666666667,0.330578512396694,False,True,False,False,False,2,0,-1.1069110914828055,-0.401341390924302,1.8453916241438502,-0.10051852491146307,1.0
10,15.0,6.0,-0.01768867924528302,7,CDA2,2,CDA,-0.330578512396694,6,1200,842.0,0.7016666666666667,0.0,False,True,False,False,False,2,0,-6.907755278982137,-1.1069110914828055,1.791759469228055,-0.053632154915795205,6.5
11,6.0,5.0,0.0,7,CDA2,2,CDA,-1.0,6,1200,848.0,0.7066666666666667,1.0,False,True,False,False,False,2,0,0.0,0.0,1.6094379124341003,-0.18232155679395468,2.1500000000000004
12,0.0,5.0,0.0,7,CDA2,2,CDA,0.0,6,1200,848.0,0.7066666666666667,1.0,False,True,False,False,False,2,0,0.0,-6.907755278982137,1.6094379124341003,0.0,1.7000000000000002
1,54.0,9.5,-0.15126050420168066,8,CDA2,2,CDA,,6,1200,54.0,0.045,3.5,False,True,False,False,False,2,0,1.252762968495368,,2.2512917986064953,,4.0
2,208.0,7.774038461538462,-0.5826330532212886,8,CDA2,2,CDA,-1.7259615384615383,6,1200,262.0,0.21833333333333332,1.7740384615384617,False,True,False,False,False,2,0,0.5732585643392093,0.5457843087869608,2.050789779875789,-0.2005020187307065,1.0
3,215.0,9.6,-0.6022408963585434,8,CDA2,2,CDA,1.825961538461538,6,1200,477.0,0.3975,3.5999999999999996,False,True,False,False,False,2,0,1.2809338454620642,0.6021067186768673,2.2617630984737906,0.21097331859800184,5.0
4,99.0,6.0,0.0,8,CDA2,2,CDA,-3.5999999999999996,6,1200,576.0,0.48,0.0,False,True,False,False,False,2,0,-6.907755278982137,1.2809338454620642,1.791759469228055,-0.4700036292457357,1.0
5,99.0,6.0,0.0,8,CDA2,2,CDA,0.0,6,1200,675.0,0.5625,0.0,False,True,False,False,False,2,0,-6.907755278982137,-6.907755278982137,1.791759469228055,0.0,2.0
6,102.0,7.980392156862745,-0.19047619047619047,8,CDA2,2,CDA,1.9803921568627452,6,1200,777.0,0.6475,1.9803921568627452,False,True,False,False,False,2,0,0.6832948841169337,0.6832948841169337,2.0769875527182693,0.28522808349021433,1.5499999999999998
7,54.0,6.0,0.0,8,CDA2,2,CDA,-1.9803921568627452,6,1200,831.0,0.6925,0.0,False,True,False,False,False,2,0,-6.907755278982137,0.6832948841169337,1.791759469228055,-0.28522808349021433,1.0
8,0.0,6.0,0.0,8,CDA2,2,CDA,0.0,6,1200,831.0,0.6925,0.0,False,True,False,False,False,2,0,-6.907755278982137,-6.907755278982137,1.791759469228055,0.0,1.0
9,80.0,6.0,0.0,8,CDA2,2,CDA,0.0,6,1200,911.0,0.7591666666666667,0.0,False,True,False,False,False,2,0,-6.907755278982137,-6.907755278982137,1.791759469228055,0.0,1.0
10,0.0,6.0,0.0,8,CDA2,2,CDA,0.0,6,1200,911.0,0.7591666666666667,0.0,False,True,False,False,False,2,0,-6.907755278982137,-6.907755278982137,1.791759469228055,0.0,1.0
11,1.0,6.0,0.0,8,CDA2,2,CDA,0.0,6,1200,912.0,0.76,0.0,False,True,False,False,False,2,0,-6.907755278982137,-6.907755278982137,1.791759469228055,0.0,1.0
12,159.0,6.0,0.0,8,CDA2,2,CDA,0.0,6,1200,1071.0,0.8925,0.0,False,True,False,False,False,2,0,-6.907755278982137,-6.907755278982137,1.791759469228055,0.0,1.0
1,200.0,6.0,0.4424778761061947,9,CDA2,3,CDA,,9,1500,200.0,0.13333333333333333,2.0,False,False,True,False,False,2,0,0.6931471805599453,,1.791759469228055,,3.0
2,21.0,9.0,0.0,9,CDA2,3,CDA,3.0,9,1500,221.0,0.14733333333333334,0.0,False,False,True,False,False,2,0,-6.907755278982137,1.0986122886681098,2.1972245773362196,0.4054651081081646,2.0
3,171.0,8.590643274853802,0.0,9,CDA2,3,CDA,-0.40935672514619803,9,1500,392.0,0.2613333333333333,0.0,False,False,True,False,False,2,0,-6.907755278982137,-0.8931683144533028,2.1506736196712177,-0.046550957665001835,1.0
4,261.0,8.78544061302682,-0.19247787610619468,9,CDA2,3,CDA,0.19479733817301792,9,1500,653.0,0.43533333333333335,0.0,False,False,True,False,False,2,0,-6.907755278982137,-1.63579555227662,2.173095875535211,0.022422255863993268,8.0
5,246.0,8.325203252032521,-0.36283185840707965,9,CDA2,3,CDA,-0.4602373609942987,9,1500,899.0,0.5993333333333334,0.0,False,False,True,False,False,2,0,-6.907755278982137,-0.7760129204208139,2.1192874502270356,-0.05380842530817542,3.0
6,0.0,8.325203252032521,0.0,9,CDA2,3,CDA,0.0,9,1500,899.0,0.5993333333333334,0.0,False,False,True,False,False,2,0,-6.907755278982137,-6.907755278982137,2.1192874502270356,0.0,2.0
7,200.0,6.0,0.0,9,CDA2,3,CDA,-2.325203252032521,9,1500,1099.0,0.7326666666666667,2.0,False,False,True,False,False,2,0,0.6931471805599453,0.8438074554474355,1.791759469228055,-0.3275279809989806,3.0
8,174.0,8.724137931034482,-0.38495575221238937,9,CDA2,3,CDA,2.724137931034482,9,1500,1273.0,0.8486666666666667,0.0,False,False,True,False,False,2,0,-6.907755278982137,1.0021520224805474,2.166093658741046,0.37433418951299124,5.95
9,19.0,6.0,0.0,9,CDA2,3,CDA,-2.724137931034482,9,1500,1292.0,0.8613333333333333,2.0,False,False,True,False,False,2,0,0.6931471805599453,1.0021520224805474,1.791759469228055,-0.37433418951299124,2.0
10,20.0,6.0,0.0,9,CDA2,3,CDA,0.0,9,1500,1312.0,0.8746666666666667,2.0,False,False,True,False,False,2,0,0.6931471805599453,-6.907755278982137,1.791759469228055,0.0,2.0
11,44.0,8.454545454545455,0.09734513274336283,9,CDA2,3,CDA,2.454545454545455,9,1500,1356.0,0.904,0.0,False,False,True,False,False,2,0,-6.907755278982137,0.8979415932059587,2.1347042203548856,0.34294475112683065,9.0
12,0.0,8.454545454545455,0.0,9,CDA2,3,CDA,0.0,9,1500,1356.0,0.904,0.0,False,False,True,False,False,2,0,-6.907755278982137,-6.907755278982137,2.1347042203548856,0.0,1.0
1,67.0,8.0,0.0,10,CDA2,3,CDA,,9,1500,67.0,0.04466666666666667,0.0,False,False,True,False,False,2,0,-6.907755278982137,,2.0794415416798357,,1.0
2,238.0,8.394957983193278,0.17461482024944974,10,CDA2,3,CDA,0.3949579831932777,9,1500,305.0,0.20333333333333334,0.0,False,False,True,False,False,2,0,-6.907755278982137,-0.9289758914014699,2.1276312855370243,0.04818974385718855,2.0
3,376.0,8.436170212765957,-0.27586206896551724,10,CDA2,3,CDA,0.04121222957267889,9,1500,681.0,0.454,0.0,False,False,True,False,False,2,0,-6.907755278982137,-3.189020232384915,2.132528439364844,0.004897153827819523,2.0
4,9.0,8.0,0.0,10,CDA2,3,CDA,-0.4361702127659566,9,1500,690.0,0.46,0.0,False,False,True,False,False,2,0,-6.907755278982137,-0.8297227155656981,2.0794415416798357,-0.05308689768500807,1.0
5,292.0,8.345890410958905,0.21423330887747616,10,CDA2,3,CDA,0.34589041095890494,9,1500,982.0,0.6546666666666666,0.0,False,False,True,False,False,2,0,-6.907755278982137,-1.0616332854270198,2.1217692513569246,0.042327709677088876,1.0
6,108.0,8.916666666666666,-0.15847395451210564,10,CDA2,3,CDA,0.5707762557077611,9,1500,1090.0,0.7266666666666667,0.0,False,False,True,False,False,2,0,-6.907755278982137,-0.5607579925142022,2.187922184673906,0.06615293331698124,5.0
7,199.0,7.080402010050252,0.14600146735143066,10,CDA2,3,CDA,-1.8362646566164145,9,1500,1289.0,0.8593333333333333,0.9195979899497484,False,False,True,False,False,2,0,-0.08381867188307184,0.6077334302937902,1.9573306871741878,-0.23059149749971808,1.0
8,12.0,8.0,0.00880410858400587,10,CDA2,3,CDA,0.9195979899497484,9,1500,1301.0,0.8673333333333333,0.0,False,False,True,False,False,2,0,-6.907755278982137,-0.08381867188307184,2.0794415416798357,0.12211085450564796,1.0
9,4.0,9.0,0.0,10,CDA2,3,CDA,1.0,9,1500,1305.0,0.87,0.0,False,False,True,False,False,2,0,-6.907755278982137,0.0,2.1972245773362196,0.11778303565638382,1.0
10,2.0,9.0,0.0,10,CDA2,3,CDA,0.0,9,1500,1307.0,0.8713333333333333,0.0,False,False,True,False,False,2,0,-6.907755278982137,-6.907755278982137,2.1972245773362196,0.0,1.0
11,0.0,9.0,0.0,10,CDA2,3,CDA,0.0,9,1500,1307.0,0.8713333333333333,0.0,False,False,True,False,False,2,0,-6.907755278982137,-6.907755278982137,2.1972245773362196,0.0,1.0
12,56.0,9.0,0.0,10,CDA2,3,CDA,0.0,9,1500,1363.0,0.9086666666666666,0.0,False,False,True,False,False,2,0,-6.907755278982137,-6.907755278982137,2.1972245773362196,0.0,6.0
1,200.0,8.0,0.14705882352941177,11,CDA2,3,CDA,,9,1500,200.0,0.13333333333333333,0.0,False,False,True,False,False,2,0,-6.907755278982137,,2.0794415416798357,,2.0
2,218.0,8.917431192660551,-0.16029411764705884,11,CDA2,3,CDA,0.9174311926605512,9,1500,418.0,0.2786666666666667,0.0,False,False,True,False,False,2,0,-6.907755278982137,-0.08617769624105155,2.1880079222312956,0.10856638055145984,1.0
3,218.0,9.0,0.0,11,CDA2,3,CDA,0.08256880733944882,9,1500,636.0,0.424,0.0,False,False,True,False,False,2,0,-6.907755278982137,-2.494123304892933,2.1972245773362196,0.009216655104923976,2.0
4,57.0,9.0,0.0,11,CDA2,3,CDA,0.0,9,1500,693.0,0.462,0.0,False,False,True,False,False,2,0,-6.907755278982137,-6.907755278982137,2.1972245773362196,0.0,3.0
5,225.0,9.0,-0.16544117647058823,11,CDA2,3,CDA,0.0,9,1500,918.0,0.612,0.0,False,False,True,False,False,2,0,-6.907755278982137,-6.907755278982137,2.1972245773362196,0.0,1.0
6,146.0,8.0,0.0,11,CDA2,3,CDA,-1.0,9,1500,1064.0,0.7093333333333334,0.0,False,False,True,False,False,2,0,-6.907755278982137,0.0,2.0794415416798357,-0.11778303565638382,2.0
7,19.0,8.0,0.0,11,CDA2,3,CDA,0.0,9,1500,1083.0,0.722,0.0,False,False,True,False,False,2,0,-6.907755278982137,-6.907755278982137,2.0794415416798357,0.0,2.0
8,43.0,8.0,0.0,11,CDA2,3,CDA,0.0,9,1500,1126.0,0.7506666666666667,0.0,False,False,True,False,False,2,0,-6.907755278982137,-6.907755278982137,2.0794415416798357,0.0,2.0
9,26.0,7.961538461538462,-0.01911764705882353,11,CDA2,3,CDA,-0.038461538461538325,9,1500,1152.0,0.768,0.038461538461538325,False,False,True,False,False,2,0,-3.2580965380214857,-3.2580965380214857,2.074622255243887,-0.004819286435948644,1.0
10,87.0,7.712643678160919,0.0,11,CDA2,3,CDA,-0.24889478337754234,9,1500,1239.0,0.826,0.28735632183908066,False,False,True,False,False,2,0,-1.2470322937863823,-1.390725028536374,2.042861018317098,-0.03176123692678923,2.0
11,106.0,8.132075471698114,0.15588235294117647,11,CDA2,3,CDA,0.4194317935371945,9,1500,1345.0,0.8966666666666666,0.0,False,False,True,False,False,2,0,-6.907755278982137,-0.868854356193464,2.095816176551626,0.05295515823452801,2.0
12,15.0,9.0,0.0,11,CDA2,3,CDA,0.8679245283018862,9,1500,1360.0,0.9066666666666666,0.0,False,False,True,False,False,2,0,-6.907755278982137,-0.14165051706302756,2.1972245773362196,0.10140840078459368,1.5999999999999996
1,149.0,7.912751677852349,0.20067340067340067,12,CDA2,3,CDA,,9,1500,149.0,0.09933333333333333,0.08724832214765144,False,False,True,False,False,2,0,-2.4389969484839176,,2.0684755945919115,,2.0
2,213.0,9.0,0.0,12,CDA2,3,CDA,1.0872483221476514,9,1500,362.0,0.24133333333333334,0.0,False,False,True,False,False,2,0,-6.907755278982137,0.08365002928692533,2.1972245773362196,0.12874898274430802,2.0
3,219.0,9.0,0.0,12,CDA2,3,CDA,0.0,9,1500,581.0,0.3873333333333333,0.0,False,False,True,False,False,2,0,-6.907755278982137,-6.907755278982137,2.1972245773362196,0.0,2.0
4,235.0,7.493617021276596,0.15824915824915825,12,CDA2,3,CDA,-1.506382978723404,9,1500,816.0,0.544,0.506382978723404,False,False,True,False,False,2,0,-0.6804620210326301,0.40971139898961534,2.0140515943520474,-0.18317298298417217,2.0
5,222.0,7.081081081081081,0.0,12,CDA2,3,CDA,-0.4125359401955153,9,1500,1038.0,0.692,0.9189189189189193,False,False,True,False,False,2,0,-0.08455738802806263,-0.8854319492560992,1.9574265911168724,-0.05662500323517494,4.0
6,50.0,10.0,0.0,12,CDA2,3,CDA,2.9189189189189193,9,1500,1088.0,0.7253333333333334,0.0,False,False,True,False,False,2,0,-6.907755278982137,1.0712133144799953,2.302585092994046,0.34515850187717345,5.0
7,70.0,10.0,0.0,12,CDA2,3,CDA,0.0,9,1500,1158.0,0.772,0.0,False,False,True,False,False,2,0,-6.907755278982137,-6.907755278982137,2.302585092994046,0.0,4.0
8,40.0,10.0,-0.026936026936026935,12,CDA2,3,CDA,0.0,9,1500,1198.0,0.7986666666666666,0.0,False,False,True,False,False,2,0,-6.907755278982137,-6.907755278982137,2.302585092994046,0.0,9.0
9,96.0,9.0,-0.06464646464646465,12,CDA2,3,CDA,-1.0,9,1500,1294.0,0.8626666666666667,0.0,False,False,True,False,False,2,0,-6.907755278982137,0.0,2.1972245773362196,-0.10536051565782634,1.0
10,191.0,8.0,0.0,12,CDA2,3,CDA,-1.0,9,1500,1485.0,0.99,0.0,False,False,True,False,False,2,0,-6.907755278982137,0.0,2.0794415416798357,-0.11778303565638382,8.0
11,0.0,8.0,0.0,12,CDA2,3,CDA,0.0,9,1500,1485.0,0.99,0.0,False,False,True,False,False,2,0,-6.907755278982137,-6.907755278982137,2.0794415416798357,0.0,4.6
12,0.0,8.0,0.0,12,CDA2,3,CDA,0.0,9,1500,1485.0,0.99,0.0,False,False,True,False,False,2,0,-6.907755278982137,-6.907755278982137,2.0794415416798357,0.0,4.300000000000001
1,0.0,7.0,0.0,13,CDA2,4,CDA,,6,1200,0.0,0.0,1.0,False,False,False,True,False,2,0,0.0,,1.9459101490553132,,1.0
2,137.0,7.0,0.0,13,CDA2,4,CDA,0.0,6,1200,137.0,0.11416666666666667,1.0,False,False,False,True,False,2,0,0.0,-6.907755278982137,1.9459101490553132,0.0,2.0
3,200.0,7.0,0.2109704641350211,13,CDA2,4,CDA,0.0,6,1200,337.0,0.2808333333333333,1.0,False,False,False,True,False,2,0,0.0,-6.907755278982137,1.9459101490553132,0.0,1.0
4,108.0,8.0,-0.11392405063291139,13,CDA2,4,CDA,1.0,6,1200,445.0,0.37083333333333335,2.0,False,False,False,True,False,2,0,0.6931471805599453,0.0,2.0794415416798357,0.13353139262452252,1.2000000000000002
5,0.0,8.0,0.0,13,CDA2,4,CDA,0.0,6,1200,445.0,0.37083333333333335,2.0,False,False,False,True,False,2,0,0.6931471805599453,-6.907755278982137,2.0794415416798357,0.0,12.399999999999999
6,156.0,7.0,0.16455696202531644,13,CDA2,4,CDA,-1.0,6,1200,601.0,0.5008333333333334,1.0,False,False,False,True,False,2,0,0.0,0.0,1.9459101490553132,-0.13353139262452252,1.0
7,175.0,8.0,0.0,13,CDA2,4,CDA,1.0,6,1200,776.0,0.6466666666666666,2.0,False,False,False,True,False,2,0,0.6931471805599453,0.0,2.0794415416798357,0.13353139262452252,12.0
8,104.0,6.0,0.0,13,CDA2,4,CDA,-2.0,6,1200,880.0,0.7333333333333333,0.0,False,False,False,True,False,2,0,-6.907755278982137,0.6931471805599453,1.791759469228055,-0.2876820724517808,14.0
9,68.0,6.0,0.0,13,CDA2,4,CDA,0.0,6,1200,948.0,0.79,0.0,False,False,False,True,False,2,0,-6.907755278982137,-6.907755278982137,1.791759469228055,0.0,6.0
10,0.0,6.0,0.0,13,CDA2,4,CDA,0.0,6,1200,948.0,0.79,0.0,False,False,False,True,False,2,0,-6.907755278982137,-6.907755278982137,1.791759469228055,0.0,1.0
11,0.0,6.0,0.0,13,CDA2,4,CDA,0.0,6,1200,948.0,0.79,0.0,False,False,False,True,False,2,0,-6.907755278982137,-6.907755278982137,1.791759469228055,0.0,2.0
12,0.0,6.0,0.0,13,CDA2,4,CDA,0.0,6,1200,948.0,0.79,0.0,False,False,False,True,False,2,0,-6.907755278982137,-6.907755278982137,1.791759469228055,0.0,1.0
1,213.0,7.0,0.0,14,CDA2,4,CDA,,6,1200,213.0,0.1775,1.0,False,False,False,True,False,2,0,0.0,,1.9459101490553132,,1.0
2,230.0,7.0,-0.20017406440382943,14,CDA2,4,CDA,0.0,6,1200,443.0,0.36916666666666664,1.0,False,False,False,True,False,2,0,0.0,-6.907755278982137,1.9459101490553132,0.0,1.0
3,0.0,7.0,0.0,14,CDA2,4,CDA,0.0,6,1200,443.0,0.36916666666666664,1.0,False,False,False,True,False,2,0,0.0,-6.907755278982137,1.9459101490553132,0.0,2.0
4,288.0,6.611111111111111,0.2506527415143603,14,CDA2,4,CDA,-0.3888888888888893,6,1200,731.0,0.6091666666666666,0.6111111111111107,False,False,False,True,False,2,0,-0.4924764850977948,-0.9444616088408504,1.8887517352153647,-0.057158413839948574,1.0
5,23.0,7.0,0.0,14,CDA2,4,CDA,0.3888888888888893,6,1200,754.0,0.6283333333333333,1.0,False,False,False,True,False,2,0,0.0,-0.9444616088408504,1.9459101490553132,0.057158413839948574,1.0
6,51.0,7.0,0.0,14,CDA2,4,CDA,0.0,6,1200,805.0,0.6708333333333333,1.0,False,False,False,True,False,2,0,0.0,-6.907755278982137,1.9459101490553132,0.0,2.0
7,136.0,7.0,0.0,14,CDA2,4,CDA,0.0,6,1200,941.0,0.7841666666666667,1.0,False,False,False,True,False,2,0,0.0,-6.907755278982137,1.9459101490553132,0.0,2.0
8,36.0,7.0,0.0,14,CDA2,4,CDA,0.0,6,1200,977.0,0.8141666666666667,1.0,False,False,False,True,False,2,0,0.0,-6.907755278982137,1.9459101490553132,0.0,3.0
9,89.0,7.0,0.0,14,CDA2,4,CDA,0.0,6,1200,1066.0,0.8883333333333333,1.0,False,False,False,True,False,2,0,0.0,-6.907755278982137,1.9459101490553132,0.0,1.0
10,52.0,7.0,-0.04525674499564839,14,CDA2,4,CDA,0.0,6,1200,1118.0,0.9316666666666666,1.0,False,False,False,True,False,2,0,0.0,-6.907755278982137,1.9459101490553132,0.0,2.0
11,13.0,6.0,0.0,14,CDA2,4,CDA,-1.0,6,1200,1131.0,0.9425,0.0,False,False,False,True,False,2,0,-6.907755278982137,0.0,1.791759469228055,-0.15415067982725827,2.3000000000000007
12,18.0,6.0,0.0,14,CDA2,4,CDA,0.0,6,1200,1149.0,0.9575,0.0,False,False,False,True,False,2,0,-6.907755278982137,-6.907755278982137,1.791759469228055,0.0,6.0
1,200.0,7.0,-0.16963528413910092,15,CDA2,4,CDA,,6,1200,200.0,0.16666666666666666,1.0,False,False,False,True,False,2,0,0.0,,1.9459101490553132,,1.0
2,252.0,6.2063492063492065,0.21374045801526717,15,CDA2,4,CDA,-0.7936507936507935,6,1200,452.0,0.37666666666666665,0.2063492063492065,False,False,False,True,False,2,0,-1.5781853689299952,-0.23111172096338684,1.825572833593833,-0.12033731546148019,3.0
3,196.0,6.494897959183674,0.0,15,CDA2,4,CDA,0.28854875283446724,6,1200,648.0,0.54,0.49489795918367374,False,False,False,True,False,2,0,-0.7034036807271339,-1.2428912200162134,1.8710169393268894,0.04544410573305635,1.0
4,46.0,7.0,0.0,15,CDA2,4,CDA,0.5051020408163263,6,1200,694.0,0.5783333333333334,1.0,False,False,False,True,False,2,0,0.0,-0.6829948090959278,1.9459101490553132,0.07489320972842384,1.0
5,204.0,7.0,0.0,15,CDA2,4,CDA,0.0,6,1200,898.0,0.7483333333333333,1.0,False,False,False,True,False,2,0,0.0,-6.907755278982137,1.9459101490553132,0.0,1.0
6,44.0,7.0,0.0,15,CDA2,4,CDA,0.0,6,1200,942.0,0.785,1.0,False,False,False,True,False,2,0,0.0,-6.907755278982137,1.9459101490553132,0.0,1.0
7,21.0,7.0,0.0,15,CDA2,4,CDA,0.0,6,1200,963.0,0.8025,1.0,False,False,False,True,False,2,0,0.0,-6.907755278982137,1.9459101490553132,0.0,1.0
8,39.0,7.0,0.0,15,CDA2,4,CDA,0.0,6,1200,1002.0,0.835,1.0,False,False,False,True,False,2,0,0.0,-6.907755278982137,1.9459101490553132,0.0,1.0
9,2.0,7.0,-0.0016963528413910093,15,CDA2,4,CDA,0.0,6,1200,1004.0,0.8366666666666667,1.0,False,False,False,True,False,2,0,0.0,-6.907755278982137,1.9459101490553132,0.0,1.0
10,162.0,6.1419753086419755,0.13740458015267176,15,CDA2,4,CDA,-0.8580246913580245,6,1200,1166.0,0.9716666666666667,0.1419753086419755,False,False,False,True,False,2,0,-1.952102119303233,-0.15312240210169253,1.8151464019262087,-0.13076374712910455,2.0
11,0.0,6.1419753086419755,0.0,15,CDA2,4,CDA,0.0,6,1200,1166.0,0.9716666666666667,0.1419753086419755,False,False,False,True,False,2,0,-1.952102119303233,-6.907755278982137,1.8151464019262087,0.0,1.0
12,13.0,7.0,0.0,15,CDA2,4,CDA,0.8580246913580245,6,1200,1179.0,0.9825,1.0,False,False,False,True,False,2,0,0.0,-0.15312240210169253,1.9459101490553132,0.13076374712910455,3.0
1,400.0,7.0,-0.3527336860670194,16,CDA2,4,CDA,,6,1200,400.0,0.3333333333333333,1.0,False,False,False,True,False,2,0,0.0,,1.9459101490553132,,1.0
2,200.0,6.0,0.1763668430335097,16,CDA2,4,CDA,-1.0,6,1200,600.0,0.5,0.0,False,False,False,True,False,2,0,-6.907755278982137,0.0,1.791759469228055,-0.15415067982725827,1.0
3,47.0,7.0,0.0,16,CDA2,4,CDA,1.0,6,1200,647.0,0.5391666666666667,1.0,False,False,False,True,False,2,0,0.0,0.0,1.9459101490553132,0.15415067982725827,2.0
4,63.0,7.0,0.0,16,CDA2,4,CDA,0.0,6,1200,710.0,0.5916666666666667,1.0,False,False,False,True,False,2,0,0.0,-6.907755278982137,1.9459101490553132,0.0,2.0
5,134.0,6.5,0.0,16,CDA2,4,CDA,-0.5,6,1200,844.0,0.7033333333333334,0.5,False,False,False,True,False,2,0,-0.6931471805599453,-0.6931471805599453,1.8718021769015913,-0.07410797215372189,1.0
6,55.0,7.0,0.0,16,CDA2,4,CDA,0.5,6,1200,899.0,0.7491666666666666,1.0,False,False,False,True,False,2,0,0.0,-0.6931471805599453,1.9459101490553132,0.07410797215372189,1.0
7,1.0,7.0,-0.0008818342151675485,16,CDA2,4,CDA,0.0,6,1200,900.0,0.75,1.0,False,False,False,True,False,2,0,0.0,-6.907755278982137,1.9459101490553132,0.0,2.0
8,73.0,6.0,0.0,16,CDA2,4,CDA,-1.0,6,1200,973.0,0.8108333333333333,0.0,False,False,False,True,False,2,0,-6.907755278982137,0.0,1.791759469228055,-0.15415067982725827,1.0
9,17.0,6.0,0.0,16,CDA2,4,CDA,0.0,6,1200,990.0,0.825,0.0,False,False,False,True,False,2,0,-6.907755278982137,-6.907755278982137,1.791759469228055,0.0,1.0
10,10.0,6.0,0.008818342151675485,16,CDA2,4,CDA,0.0,6,1200,1000.0,0.8333333333333334,0.0,False,False,False,True,False,2,0,-6.907755278982137,-6.907755278982137,1.791759469228055,0.0,1.0
11,70.0,7.0,0.0,16,CDA2,4,CDA,1.0,6,1200,1070.0,0.8916666666666667,1.0,False,False,False,True,False,2,0,0.0,0.0,1.9459101490553132,0.15415067982725827,2.0
12,64.0,7.0,0.0,16,CDA2,4,CDA,0.0,6,1200,1134.0,0.945,1.0,False,False,False,True,False,2,0,0.0,-6.907755278982137,1.9459101490553132,0.0,15.0
1,194.0,7.0,1.572972972972973,17,CDA2,5,CDA,,14,1100,194.0,0.17636363636363636,7.0,False,False,False,False,True,2,0,1.9459101490553132,,1.9459101490553132,,2.0
2,270.0,9.71111111111111,-0.972972972972973,17,CDA2,5,CDA,2.7111111111111104,14,1100,464.0,0.4218181818181818,4.28888888888889,False,False,False,False,True,2,0,1.456027699134566,0.9973585549629366,2.2732707053252703,0.3273605562699571,2.0
3,51.0,12.0,0.0,17,CDA2,5,CDA,2.2888888888888896,14,1100,515.0,0.4681818181818182,2.0,False,False,False,False,True,2,0,0.6931471805599453,0.8280664984593163,2.4849066497880004,0.21163594446273004,2.0
4,88.0,12.0,0.0,17,CDA2,5,CDA,0.0,14,1100,603.0,0.5481818181818182,2.0,False,False,False,False,True,2,0,0.6931471805599453,-6.907755278982137,2.4849066497880004,0.0,5.0
5,122.0,10.524590163934427,-0.32972972972972975,17,CDA2,5,CDA,-1.4754098360655732,14,1100,725.0,0.6590909090909091,3.475409836065573,False,False,False,False,True,2,0,1.245712410498701,0.38893580615695345,2.35371443951665,-0.13119221027135053,3.0
6,248.0,7.161290322580645,1.3405405405405406,17,CDA2,5,CDA,-3.363299841353782,14,1100,973.0,0.8845454545454545,6.838709677419355,False,False,False,False,True,2,0,1.9225990701868663,1.2129225876757106,1.9686901773871333,-0.38502426212951657,4.0
7,101.0,12.316831683168317,0.27297297297297296,17,CDA2,5,CDA,5.155541360587672,14,1100,1074.0,0.9763636363636363,1.6831683168316829,False,False,False,False,True,2,0,0.5206779202090022,1.640072128557912,2.5109667564578655,0.5422765790707322,7.0
8,27.0,16.62962962962963,-0.12162162162162163,17,CDA2,5,CDA,4.312797946461313,14,1100,1101.0,1.000909090909091,2.6296296296296298,False,False,False,False,True,2,0,0.9668430110369864,1.461586869005448,2.8111860217379254,0.30021926528005993,8.0
9,0.0,16.62962962962963,0.0,17,CDA2,5,CDA,0.0,14,1100,1101.0,1.000909090909091,2.6296296296296298,False,False,False,False,True,2,0,0.9668430110369864,-6.907755278982137,2.8111860217379254,0.0,10.8
10,0.0,16.62962962962963,0.0,17,CDA2,5,CDA,0.0,14,1100,1101.0,1.000909090909091,2.6296296296296298,False,False,False,False,True,2,0,0.9668430110369864,-6.907755278982137,2.8111860217379254,0.0,5.800000000000001
11,2.0,10.0,0.009009009009009009,17,CDA2,5,CDA,-6.62962962962963,14,1100,1103.0,1.0027272727272727,4.0,False,False,False,False,True,2,0,1.3862943611198906,1.891548939836426,2.302585092994046,-0.5086009287438795,11.75
12,7.0,15.0,0.0,17,CDA2,5,CDA,5.0,14,1100,1110.0,1.009090909090909,1.0,False,False,False,False,True,2,0,0.0,1.6094379124341003,2.70805020110221,0.40546510810816416,11.75
1,77.0,8.0,0.0,18,CDA2,5,CDA,,14,1100,77.0,0.07,6.0,False,False,False,False,True,2,0,1.791759469228055,,2.0794415416798357,,1.0
2,389.0,8.51413881748072,1.8559160305343512,18,CDA2,5,CDA,0.5141388174807204,14,1100,466.0,0.42363636363636364,5.48586118251928,False,False,False,False,True,2,0,1.7021740882432523,-0.6652619770704084,2.141728171886704,0.06228663020686831,2.0
3,123.0,13.0,0.0,18,CDA2,5,CDA,4.48586118251928,14,1100,589.0,0.5354545454545454,1.0,False,False,False,False,True,2,0,0.0,1.5009304910180812,2.5649493574615367,0.4232211855748327,5.0
4,159.0,13.754716981132075,0.30343511450381677,18,CDA2,5,CDA,0.7547169811320753,14,1100,748.0,0.68,0.2452830188679247,False,False,False,False,True,2,0,-1.4053425560905843,-0.28141245943818577,2.6213818184565363,0.056432460994999545,1.0
5,13.0,15.0,-0.0868320610687023,18,CDA2,5,CDA,1.2452830188679247,14,1100,761.0,0.6918181818181818,1.0,False,False,False,False,True,2,0,0.0,0.21936282847430386,2.70805020110221,0.08666838264567378,7.0
6,249.0,8.196787148594378,1.6631679389312977,18,CDA2,5,CDA,-6.803212851405622,14,1100,1010.0,0.9181818181818182,5.803212851405622,False,False,False,False,True,2,0,1.7584117040818248,1.917394978747292,2.103742266345137,-0.604307934757073,7.0
7,0.0,8.196787148594378,0.0,18,CDA2,5,CDA,0.0,14,1100,1010.0,0.9181818181818182,5.803212851405622,False,False,False,False,True,2,0,1.7584117040818248,-6.907755278982137,2.103742266345137,0.0,7.0
8,25.0,11.36,0.0,18,CDA2,5,CDA,3.1632128514056213,14,1100,1035.0,0.9409090909090909,2.6400000000000006,False,False,False,False,True,2,0,0.9707789171582251,1.1515882362122614,2.4300984132930052,0.3263561469478682,7.0
9,0.0,11.36,0.0,18,CDA2,5,CDA,0.0,14,1100,1035.0,0.9409090909090909,2.6400000000000006,False,False,False,False,True,2,0,0.9707789171582251,-6.907755278982137,2.4300984132930052,0.0,15.0
10,0.0,11.36,0.0,18,CDA2,5,CDA,0.0,14,1100,1035.0,0.9409090909090909,2.6400000000000006,False,False,False,False,True,2,0,0.9707789171582251,-6.907755278982137,2.4300984132930052,0.0,4.800000000000001
11,3.0,15.0,0.0,18,CDA2,5,CDA,3.6400000000000006,14,1100,1038.0,0.9436363636363636,1.0,False,False,False,False,True,2,0,0.0,1.2919836816486494,2.70805020110221,0.2779517878092048,5.0
12,10.0,15.0,0.0,18,CDA2,5,CDA,0.0,14,1100,1048.0,0.9527272727272728,1.0,False,False,False,False,True,2,0,0.0,-6.907755278982137,2.70805020110221,0.0,5.0
1,391.0,9.930946291560103,1.4895238095238095,19,CDA2,5,CDA,,14,1100,391.0,0.35545454545454547,4.069053708439897,False,False,False,False,True,2,0,1.403410468352421,,2.2956557697463014,,1.0
2,230.0,10.243478260869566,0.0,19,CDA2,5,CDA,0.3125319693094628,14,1100,621.0,0.5645454545454546,3.7565217391304344,False,False,False,False,True,2,0,1.32349345988086,-1.1630485132478712,2.326641235848282,0.03098546610198083,5.0
3,201.0,11.417910447761194,0.0,19,CDA2,5,CDA,1.1744321868916288,14,1100,822.0,0.7472727272727273,2.5820895522388057,False,False,False,False,True,2,0,0.9485989751068128,0.16078478559691708,2.4351832144355696,0.10854197858728742,2.0
4,26.0,14.0,0.0,19,CDA2,5,CDA,2.5820895522388057,14,1100,848.0,0.7709090909090909,0.0,False,False,False,False,True,2,0,-6.907755278982137,0.9485989751068128,2.6390573296152584,0.2038741151796888,5.0
5,48.0,13.166666666666666,0.0,19,CDA2,5,CDA,-0.8333333333333339,14,1100,896.0,0.8145454545454546,0.8333333333333339,False,False,False,False,True,2,0,-0.18232155679395393,-0.18232155679395393,2.5776883832389665,-0.061368946376291866,2.0
6,0.0,13.166666666666666,0.0,19,CDA2,5,CDA,0.0,14,1100,896.0,0.8145454545454546,0.8333333333333339,False,False,False,False,True,2,0,-0.18232155679395393,-6.907755278982137,2.5776883832389665,0.0,2.0
7,11.0,14.0,0.010476190476190476,19,CDA2,5,CDA,0.8333333333333339,14,1100,907.0,0.8245454545454546,0.0,False,False,False,False,True,2,0,-6.907755278982137,-0.18232155679395393,2.6390573296152584,0.061368946376291866,2.0
8,0.0,14.0,0.0,19,CDA2,5,CDA,0.0,14,1100,907.0,0.8245454545454546,0.0,False,False,False,False,True,2,0,-6.907755278982137,-6.907755278982137,2.6390573296152584,0.0,12.5
9,0.0,14.0,0.0,19,CDA2,5,CDA,0.0,14,1100,907.0,0.8245454545454546,0.0,False,False,False,False,True,2,0,-6.907755278982137,-6.907755278982137,2.6390573296152584,0.0,3.0
10,15.0,15.0,0.0,19,CDA2,5,CDA,1.0,14,1100,922.0,0.8381818181818181,1.0,False,False,False,False,True,2,0,0.0,0.0,2.70805020110221,0.06899287148695166,13.5
11,46.0,15.0,-0.08761904761904762,19,CDA2,5,CDA,0.0,14,1100,968.0,0.88,1.0,False,False,False,False,True,2,0,0.0,-6.907755278982137,2.70805020110221,0.0,2.0
12,82.0,13.0,0.0,19,CDA2,5,CDA,-2.0,14,1100,1050.0,0.9545454545454546,1.0,False,False,False,False,True,2,0,0.0,0.6931471805599453,2.5649493574615367,-0.14310084364067333,2.0
1,385.0,11.922077922077921,1.4,20,CDA2,5,CDA,,14,1100,385.0,0.35,2.0779220779220786,False,False,False,False,True,2,0,0.7313683933801434,,2.4783919687668066,,5.0
2,291.0,11.34364261168385,0.7936363636363636,20,CDA2,5,CDA,-0.578435310394072,14,1100,676.0,0.6145454545454545,2.6563573883161506,False,False,False,False,True,2,0,0.9769557814159292,-0.5474285616018034,2.4286574646817005,-0.049734504085106046,12.0
3,94.0,14.0,0.0,20,CDA2,5,CDA,2.6563573883161506,14,1100,770.0,0.7,0.0,False,False,False,False,True,2,0,-6.907755278982137,0.9769557814159292,2.6390573296152584,0.2103998649335579,4.0
4,0.0,14.0,0.0,20,CDA2,5,CDA,0.0,14,1100,770.0,0.7,0.0,False,False,False,False,True,2,0,-6.907755278982137,-6.907755278982137,2.6390573296152584,0.0,2.0
5,60.0,13.0,0.0,20,CDA2,5,CDA,-1.0,14,1100,830.0,0.7545454545454545,1.0,False,False,False,False,True,2,0,0.0,0.0,2.5649493574615367,-0.07410797215372167,1.8000000000000007
6,12.0,13.0,-0.01090909090909091,20,CDA2,5,CDA,0.0,14,1100,842.0,0.7654545454545455,1.0,False,False,False,False,True,2,0,0.0,-6.907755278982137,2.5649493574615367,0.0,2.0
7,0.0,13.0,0.0,20,CDA2,5,CDA,0.0,14,1100,842.0,0.7654545454545455,1.0,False,False,False,False,True,2,0,0.0,-6.907755278982137,2.5649493574615367,0.0,8.2
8,47.0,12.361702127659575,0.0,20,CDA2,5,CDA,-0.6382978723404253,14,1100,889.0,0.8081818181818182,1.6382978723404253,False,False,False,False,True,2,0,0.49365782014362514,-0.4489502200479035,2.514603155141853,-0.0503462023196839,1.0
9,62.0,12.0,0.056363636363636366,20,CDA2,5,CDA,-0.36170212765957466,14,1100,951.0,0.8645454545454545,2.0,False,False,False,False,True,2,0,0.6931471805599453,-1.016934257653842,2.4849066497880004,-0.029696505353852487,1.0
10,64.0,12.59375,0.0,20,CDA2,5,CDA,0.59375,14,1100,1015.0,0.9227272727272727,1.40625,False,False,False,False,True,2,0,0.3409265869705932,-0.5212969236332861,2.5332006591469565,0.048294009358956114,1.0
11,85.0,13.0,0.0,20,CDA2,5,CDA,0.40625,14,1100,1100.0,1.0,1.0,False,False,False,False,True,2,0,0.0,-0.9007865453381898,2.5649493574615367,0.03174869831458027,2.0
12,0.0,13.0,0.0,20,CDA2,5,CDA,0.0,14,1100,1100.0,1.0,1.0,False,False,False,False,True,2,0,0.0,-6.907755278982137,2.5649493574615367,0.0,2.0
1,0.0,11.142857142857142,0.0,1,CDA3,1,CDA,,14,1100,0.0,0.0,2.8571428571428577,True,False,False,False,False,3,0,1.0498221244986778,,2.4107986776342782,,16.0
2,210.0,11.142857142857142,0.8349900596421471,1,CDA3,1,CDA,0.0,14,1100,210.0,0.19090909090909092,2.8571428571428577,True,False,False,False,False,3,0,1.0498221244986778,-6.907755278982137,2.4107986776342782,0.0,6.0
3,351.0,12.86039886039886,-0.6978131212723658,1,CDA3,1,CDA,1.7175417175417174,14,1100,561.0,0.51,1.1396011396011403,True,False,False,False,False,3,0,0.1306783236421168,0.5408940345088783,2.5541527339116152,0.143354056277337,12.0
4,90.0,10.0,0.0,1,CDA3,1,CDA,-2.8603988603988597,14,1100,651.0,0.5918181818181818,4.0,True,False,False,False,False,3,0,1.3862943611198906,1.0509610767858084,2.302585092994046,-0.25156764091756934,9.0
5,9.0,9.0,0.0,1,CDA3,1,CDA,-1.0,14,1100,660.0,0.6,5.0,True,False,False,False,False,3,0,1.6094379124341003,0.0,2.1972245773362196,-0.10536051565782634,3.0
6,0.0,9.0,0.0,1,CDA3,1,CDA,0.0,14,1100,660.0,0.6,5.0,True,False,False,False,False,3,0,1.6094379124341003,-6.907755278982137,2.1972245773362196,0.0,5.1
7,100.0,9.0,0.5964214711729622,1,CDA3,1,CDA,0.0,14,1100,760.0,0.6909090909090909,5.0,True,False,False,False,False,3,0,1.6094379124341003,-6.907755278982137,2.1972245773362196,0.0,3.0
8,30.0,15.0,-0.05964214711729622,1,CDA3,1,CDA,6.0,14,1100,790.0,0.7181818181818181,1.0,True,False,False,False,False,3,0,0.0,1.791759469228055,2.70805020110221,0.5108256237659905,3.0
9,0.0,15.0,0.0,1,CDA3,1,CDA,0.0,14,1100,790.0,0.7181818181818181,1.0,True,False,False,False,False,3,0,0.0,-6.907755278982137,2.70805020110221,0.0,7.0
10,0.0,15.0,0.0,1,CDA3,1,CDA,0.0,14,1100,790.0,0.7181818181818181,1.0,True,False,False,False,False,3,0,0.0,-6.907755278982137,2.70805020110221,0.0,2.0
11,16.0,13.0,0.0,1,CDA3,1,CDA,-2.0,14,1100,806.0,0.7327272727272728,1.0,True,False,False,False,False,3,0,0.0,0.6931471805599453,2.5649493574615367,-0.14310084364067333,2.0
12,200.0,13.0,0.0,1,CDA3,1,CDA,0.0,14,1100,1006.0,0.9145454545454546,1.0,True,False,False,False,False,3,0,0.0,-6.907755278982137,2.5649493574615367,0.0,8.0
1,0.0,12.0,0.0,2,CDA3,1,CDA,,14,1100,0.0,0.0,2.0,True,False,False,False,False,3,0,0.6931471805599453,,2.4849066497880004,,12.0
2,101.0,12.0,0.0,2,CDA3,1,CDA,0.0,14,1100,101.0,0.09181818181818181,2.0,True,False,False,False,False,3,0,0.6931471805599453,-6.907755278982137,2.4849066497880004,0.0,5.0
3,199.0,12.0,-0.3209677419354839,2,CDA3,1,CDA,0.0,14,1100,300.0,0.2727272727272727,2.0,True,False,False,False,False,3,0,0.6931471805599453,-6.907755278982137,2.4849066497880004,0.0,10.0
4,202.0,12.0,0.0,2,CDA3,1,CDA,0.0,14,1100,502.0,0.45636363636363636,2.0,True,False,False,False,False,3,0,0.6931471805599453,-6.907755278982137,2.4849066497880004,0.0,5.0
5,299.0,10.0,0.0,2,CDA3,1,CDA,-2.0,14,1100,801.0,0.7281818181818182,4.0,True,False,False,False,False,3,0,1.3862943611198906,0.6931471805599453,2.302585092994046,-0.18232155679395445,2.0
6,128.0,8.015625,0.0,2,CDA3,1,CDA,-1.984375,14,1100,929.0,0.8445454545454546,5.984375,True,False,False,False,False,3,0,1.7891519058209742,0.6853040030989194,2.081392761811098,-0.221192331182948,4.0
7,1.0,10.0,-0.0008064516129032258,2,CDA3,1,CDA,1.984375,14,1100,930.0,0.8454545454545455,4.0,True,False,False,False,False,3,0,1.3862943611198906,0.6853040030989194,2.302585092994046,0.221192331182948,1.0
8,100.0,9.0,0.0,2,CDA3,1,CDA,-1.0,14,1100,1030.0,0.9363636363636364,5.0,True,False,False,False,False,3,0,1.6094379124341003,0.0,2.1972245773362196,-0.10536051565782634,3.0
9,0.0,9.0,0.0,2,CDA3,1,CDA,0.0,14,1100,1030.0,0.9363636363636364,5.0,True,False,False,False,False,3,0,1.6094379124341003,-6.907755278982137,2.1972245773362196,0.0,2.0
10,0.0,9.0,0.0,2,CDA3,1,CDA,0.0,14,1100,1030.0,0.9363636363636364,5.0,True,False,False,False,False,3,0,1.6094379124341003,-6.907755278982137,2.1972245773362196,0.0,1.0
11,210.0,9.942857142857143,0.3387096774193548,2,CDA3,1,CDA,0.9428571428571431,14,1100,1240.0,1.1272727272727272,4.057142857142857,True,False,False,False,False,3,0,1.400478996111847,-0.05884050002293323,2.2968544182850605,0.09962984094884098,12.0
12,0.0,9.942857142857143,0.0,2,CDA3,1,CDA,0.0,14,1100,1240.0,1.1272727272727272,4.057142857142857,True,False,False,False,False,3,0,1.400478996111847,-6.907755278982137,2.2968544182850605,0.0,1.0
1,0.0,9.0,0.0,3,CDA3,1,CDA,,14,1100,0.0,0.0,5.0,True,False,False,False,False,3,0,1.6094379124341003,,2.1972245773362196,,3.0
2,100.0,9.0,0.3105590062111801,3,CDA3,1,CDA,0.0,14,1100,100.0,0.09090909090909091,5.0,True,False,False,False,False,3,0,1.6094379124341003,-6.907755278982137,2.1972245773362196,0.0,4.0
3,198.0,11.0,-0.20496894409937888,3,CDA3,1,CDA,2.0,14,1100,298.0,0.27090909090909093,3.0,True,False,False,False,False,3,0,1.0986122886681098,0.6931471805599453,2.3978952727983707,0.2006706954621511,1.0
4,99.0,11.262626262626263,0.0,3,CDA3,1,CDA,0.262626262626263,14,1100,397.0,0.3609090909090909,2.737373737373737,True,False,False,False,False,3,0,1.0069989707451108,-1.3370233121131065,2.421489833759629,0.02359456096125845,2.0
5,0.0,11.262626262626263,0.0,3,CDA3,1,CDA,0.0,14,1100,397.0,0.3609090909090909,2.737373737373737,True,False,False,False,False,3,0,1.0069989707451108,-6.907755278982137,2.421489833759629,0.0,2.0
6,101.0,11.0,0.0,3,CDA3,1,CDA,-0.262626262626263,14,1100,498.0,0.4527272727272727,3.0,True,False,False,False,False,3,0,1.0986122886681098,-1.3370233121131065,2.3978952727983707,-0.02359456096125845,2.0
7,101.0,11.0,-0.10455486542443064,3,CDA3,1,CDA,0.0,14,1100,599.0,0.5445454545454546,3.0,True,False,False,False,False,3,0,1.0986122886681098,-6.907755278982137,2.3978952727983707,0.0,1.0
8,166.0,10.0,0.0,3,CDA3,1,CDA,-1.0,14,1100,765.0,0.6954545454545454,4.0,True,False,False,False,False,3,0,1.3862943611198906,0.0,2.302585092994046,-0.09531017980432477,1.0
9,33.0,10.0,0.034161490683229816,3,CDA3,1,CDA,0.0,14,1100,798.0,0.7254545454545455,4.0,True,False,False,False,False,3,0,1.3862943611198906,-6.907755278982137,2.302585092994046,0.0,1.0
10,0.0,10.0,0.0,3,CDA3,1,CDA,0.0,14,1100,798.0,0.7254545454545455,4.0,True,False,False,False,False,3,0,1.3862943611198906,-6.907755278982137,2.302585092994046,0.0,1.0
11,168.0,11.0,0.0,3,CDA3,1,CDA,1.0,14,1100,966.0,0.8781818181818182,3.0,True,False,False,False,False,3,0,1.0986122886681098,0.0,2.3978952727983707,0.09531017980432477,1.0
12,0.0,11.0,0.0,3,CDA3,1,CDA,0.0,14,1100,966.0,0.8781818181818182,3.0,True,False,False,False,False,3,0,1.0986122886681098,-6.907755278982137,2.3978952727983707,0.0,1.0
1,0.0,13.0,0.0,4,CDA3,1,CDA,,14,1100,0.0,0.0,1.0,True,False,False,False,False,3,0,0.0,,2.5649493574615367,,7.0
2,101.0,13.0,-0.2112970711297071,4,CDA3,1,CDA,0.0,14,1100,101.0,0.09181818181818181,1.0,True,False,False,False,False,3,0,0.0,-6.907755278982137,2.5649493574615367,0.0,2.0
3,300.0,11.0,-0.6276150627615062,4,CDA3,1,CDA,-2.0,14,1100,401.0,0.36454545454545456,3.0,True,False,False,False,False,3,0,1.0986122886681098,0.6931471805599453,2.3978952727983707,-0.16705408466316607,2.0
4,311.0,9.064308681672026,0.6506276150627615,4,CDA3,1,CDA,-1.935691318327974,14,1100,712.0,0.6472727272727272,4.935691318327974,True,False,False,False,False,3,0,1.5964927478420634,0.6604645331295868,2.2043445789348786,-0.1935506938634921,3.0
5,0.0,9.064308681672026,0.0,4,CDA3,1,CDA,0.0,14,1100,712.0,0.6472727272727272,4.935691318327974,True,False,False,False,False,3,0,1.5964927478420634,-6.907755278982137,2.2043445789348786,0.0,1.0
6,119.0,11.0,0.0,4,CDA3,1,CDA,1.935691318327974,14,1100,831.0,0.7554545454545455,3.0,True,False,False,False,False,3,0,1.0986122886681098,0.6604645331295868,2.3978952727983707,0.1935506938634921,3.0
7,0.0,11.0,0.0,4,CDA3,1,CDA,0.0,14,1100,831.0,0.7554545454545455,3.0,True,False,False,False,False,3,0,1.0986122886681098,-6.907755278982137,2.3978952727983707,0.0,1.0500000000000007
8,0.0,11.0,0.0,4,CDA3,1,CDA,0.0,14,1100,831.0,0.7554545454545455,3.0,True,False,False,False,False,3,0,1.0986122886681098,-6.907755278982137,2.3978952727983707,0.0,2.0
9,50.0,11.0,0.0,4,CDA3,1,CDA,0.0,14,1100,881.0,0.8009090909090909,3.0,True,False,False,False,False,3,0,1.0986122886681098,-6.907755278982137,2.3978952727983707,0.0,1.0
10,8.0,11.0,0.0,4,CDA3,1,CDA,0.0,14,1100,889.0,0.8081818181818182,3.0,True,False,False,False,False,3,0,1.0986122886681098,-6.907755278982137,2.3978952727983707,0.0,1.0
11,67.0,11.0,0.0,4,CDA3,1,CDA,0.0,14,1100,956.0,0.8690909090909091,3.0,True,False,False,False,False,3,0,1.0986122886681098,-6.907755278982137,2.3978952727983707,0.0,5.0
12,0.0,11.0,0.0,4,CDA3,1,CDA,0.0,14,1100,956.0,0.8690909090909091,3.0,True,False,False,False,False,3,0,1.0986122886681098,-6.907755278982137,2.3978952727983707,0.0,1.0
1,147.0,8.0,0.0,5,CDA3,2,CDA,,6,1200,147.0,0.1225,2.0,False,True,False,False,False,3,0,0.6931471805599453,,2.0794415416798357,,10.0
2,103.0,10.0,-0.32466509062253746,5,CDA3,2,CDA,2.0,6,1200,250.0,0.20833333333333334,4.0,False,True,False,False,False,3,0,1.3862943611198906,0.6931471805599453,2.302585092994046,0.22314355131421015,2.0
3,99.0,6.0,0.07801418439716312,5,CDA3,2,CDA,-4.0,6,1200,349.0,0.29083333333333333,0.0,False,True,False,False,False,3,0,-6.907755278982137,1.3862943611198906,1.791759469228055,-0.5108256237659909,2.0
4,50.0,7.0,0.039401103230890466,5,CDA3,2,CDA,1.0,6,1200,399.0,0.3325,1.0,False,True,False,False,False,3,0,0.0,0.0,1.9459101490553132,0.15415067982725827,2.0
5,159.0,8.0,0.0,5,CDA3,2,CDA,1.0,6,1200,558.0,0.465,2.0,False,True,False,False,False,3,0,0.6931471805599453,0.0,2.0794415416798357,0.13353139262452252,12.0
6,171.0,8.0,-0.1347517730496454,5,CDA3,2,CDA,0.0,6,1200,729.0,0.6075,2.0,False,True,False,False,False,3,0,0.6931471805599453,-6.907755278982137,2.0794415416798357,0.0,6.0
7,42.0,7.0476190476190474,0.03309692671394799,5,CDA3,2,CDA,-0.9523809523809526,6,1200,771.0,0.6425,1.0476190476190474,False,True,False,False,False,3,0,0.0465200156348927,-0.04879016416943183,1.9526898360406921,-0.12675170563914362,1.0
8,175.0,7.68,-0.13790386130811663,5,CDA3,2,CDA,0.6323809523809523,6,1200,946.0,0.7883333333333333,1.6799999999999997,False,True,False,False,False,3,0,0.5187937934151674,-0.4582632936751354,2.038619547159581,0.08592971111888881,1.0
9,0.0,7.68,0.0,5,CDA3,2,CDA,0.0,6,1200,946.0,0.7883333333333333,1.6799999999999997,False,True,False,False,False,3,0,0.5187937934151674,-6.907755278982137,2.038619547159581,0.0,1.0
10,0.0,7.68,0.0,5,CDA3,2,CDA,0.0,6,1200,946.0,0.7883333333333333,1.6799999999999997,False,True,False,False,False,3,0,0.5187937934151674,-6.907755278982137,2.038619547159581,0.0,1.0
11,0.0,7.68,0.0,5,CDA3,2,CDA,0.0,6,1200,946.0,0.7883333333333333,1.6799999999999997,False,True,False,False,False,3,0,0.5187937934151674,-6.907755278982137,2.038619547159581,0.0,1.0
12,323.0,5.238390092879257,-0.5090622537431048,5,CDA3,2,CDA,-2.4416099071207427,6,1200,1269.0,1.0575,0.761609907120743,False,True,False,False,False,3,0,-0.27232078729029385,0.8926576197344109,1.6560142169435121,-0.3826053302160688,1.0
1,157.0,7.0,0.0,6,CDA3,2,CDA,,6,1200,157.0,0.13083333333333333,1.0,False,True,False,False,False,3,0,0.0,,1.9459101490553132,,1.0
2,110.0,8.0,0.0,6,CDA3,2,CDA,1.0,6,1200,267.0,0.2225,2.0,False,True,False,False,False,3,0,0.6931471805599453,0.0,2.0794415416798357,0.13353139262452252,1.0
3,200.0,8.0,-0.16366612111292964,6,CDA3,2,CDA,0.0,6,1200,467.0,0.38916666666666666,2.0,False,True,False,False,False,3,0,0.6931471805599453,-6.907755278982137,2.0794415416798357,0.0,1.0
4,200.0,7.0,0.0,6,CDA3,2,CDA,-1.0,6,1200,667.0,0.5558333333333333,1.0,False,True,False,False,False,3,0,0.0,0.0,1.9459101490553132,-0.13353139262452252,1.0
5,153.0,7.281045751633987,-0.25040916530278234,6,CDA3,2,CDA,0.2810457516339868,6,1200,820.0,0.6833333333333333,1.2810457516339868,False,True,False,False,False,3,0,0.24767673783808167,-1.2692378056988733,1.985274499094794,0.03936435003948069,1.0
6,0.0,7.281045751633987,0.0,6,CDA3,2,CDA,0.0,6,1200,820.0,0.6833333333333333,1.2810457516339868,False,True,False,False,False,3,0,0.24767673783808167,-6.907755278982137,1.985274499094794,0.0,1.0
7,0.0,7.281045751633987,0.0,6,CDA3,2,CDA,0.0,6,1200,820.0,0.6833333333333333,1.2810457516339868,False,True,False,False,False,3,0,0.24767673783808167,-6.907755278982137,1.985274499094794,0.0,2.0
8,100.0,6.0,0.16366612111292964,6,CDA3,2,CDA,-1.2810457516339868,6,1200,920.0,0.7666666666666667,0.0,False,True,False,False,False,3,0,-6.907755278982137,0.24767673783808167,1.791759469228055,-0.19351502986673896,3.0
9,167.0,6.796407185628743,-0.4099836333878887,6,CDA3,2,CDA,0.7964071856287429,6,1200,1087.0,0.9058333333333334,0.7964071856287429,False,True,False,False,False,3,0,-0.22764468419500083,-0.22764468419500083,1.916394117498748,0.12463464827069304,5.0
10,46.0,5.0,0.0,6,CDA3,2,CDA,-1.796407185628743,6,1200,1133.0,0.9441666666666667,1.0,False,True,False,False,False,3,0,0.0,0.5857886622394461,1.6094379124341003,-0.3069562050646477,1.0
11,44.0,5.0,0.0,6,CDA3,2,CDA,0.0,6,1200,1177.0,0.9808333333333333,1.0,False,True,False,False,False,3,0,0.0,-6.907755278982137,1.6094379124341003,0.0,1.0
12,45.0,5.0,0.0,6,CDA3,2,CDA,0.0,6,1200,1222.0,1.0183333333333333,1.0,False,True,False,False,False,3,0,0.0,-6.907755278982137,1.6094379124341003,0.0,1.0
1,130.0,6.0,0.11082693947144075,7,CDA3,2,CDA,,6,1200,130.0,0.10833333333333334,0.0,False,True,False,False,False,3,0,-6.907755278982137,,1.791759469228055,,4.0
2,101.0,7.0,0.0,7,CDA3,2,CDA,1.0,6,1200,231.0,0.1925,1.0,False,True,False,False,False,3,0,0.0,0.0,1.9459101490553132,0.15415067982725827,1.0
3,255.0,6.784313725490196,0.0,7,CDA3,2,CDA,-0.21568627450980404,6,1200,486.0,0.405,0.784313725490196,False,True,False,False,False,3,0,-0.2429461786103896,-1.5339303599259546,1.9146131423333985,-0.03129700672191471,1.0
4,46.0,7.0,-0.0392156862745098,7,CDA3,2,CDA,0.21568627450980404,6,1200,532.0,0.44333333333333336,1.0,False,True,False,False,False,3,0,0.0,-1.5339303599259546,1.9459101490553132,0.03129700672191471,1.0
5,116.0,5.887931034482759,-0.0988917306052856,7,CDA3,2,CDA,-1.112068965517241,6,1200,648.0,0.54,0.1120689655172411,False,True,False,False,False,3,0,-2.1886408336448304,0.10622221325530722,1.7729046684644254,-0.17300548059088783,1.0
6,197.0,6.0,0.0,7,CDA3,2,CDA,0.1120689655172411,6,1200,845.0,0.7041666666666667,0.0,False,True,False,False,False,3,0,-6.907755278982137,-2.1886408336448304,1.791759469228055,0.018854800763629553,1.0
7,3.0,6.0,0.0,7,CDA3,2,CDA,0.0,6,1200,848.0,0.7066666666666667,0.0,False,True,False,False,False,3,0,-6.907755278982137,-6.907755278982137,1.791759469228055,0.0,1.0
8,0.0,6.0,0.0,7,CDA3,2,CDA,0.0,6,1200,848.0,0.7066666666666667,0.0,False,True,False,False,False,3,0,-6.907755278982137,-6.907755278982137,1.791759469228055,0.0,1.0
9,294.0,6.0,0.0,7,CDA3,2,CDA,0.0,6,1200,1142.0,0.9516666666666667,0.0,False,True,False,False,False,3,0,-6.907755278982137,-6.907755278982137,1.791759469228055,0.0,1.0
10,0.0,6.0,0.0,7,CDA3,2,CDA,0.0,6,1200,1142.0,0.9516666666666667,0.0,False,True,False,False,False,3,0,-6.907755278982137,-6.907755278982137,1.791759469228055,0.0,2.0
11,31.0,6.0,0.0,7,CDA3,2,CDA,0.0,6,1200,1173.0,0.9775,0.0,False,True,False,False,False,3,0,-6.907755278982137,-6.907755278982137,1.791759469228055,0.0,1.0
12,0.0,6.0,0.0,7,CDA3,2,CDA,0.0,6,1200,1173.0,0.9775,0.0,False,True,False,False,False,3,0,-6.907755278982137,-6.907755278982137,1.791759469228055,0.0,1.0
1,0.0,6.660087719298246,0.0,8,CDA3,2,CDA,,6,1200,0.0,0.0,0.6600877192982457,False,True,False,False,False,3,0,-0.4153825447655102,,1.8961326555313627,,2.0
2,0.0,6.660087719298246,0.0,8,CDA3,2,CDA,0.0,6,1200,0.0,0.0,0.6600877192982457,False,True,False,False,False,3,0,-0.4153825447655102,-6.907755278982137,1.8961326555313627,0.0,1.0
3,456.0,6.660087719298246,0.4172003659652333,8,CDA3,2,CDA,0.0,6,1200,456.0,0.38,0.6600877192982457,False,True,False,False,False,3,0,-0.4153825447655102,-6.907755278982137,1.8961326555313627,0.0,3.0
4,0.0,6.660087719298246,0.0,8,CDA3,2,CDA,0.0,6,1200,456.0,0.38,0.6600877192982457,False,True,False,False,False,3,0,-0.4153825447655102,-6.907755278982137,1.8961326555313627,0.0,7.0
5,200.0,7.0,0.0,8,CDA3,2,CDA,0.3399122807017543,6,1200,656.0,0.5466666666666666,1.0,False,True,False,False,False,3,0,0.0,-1.0790676925951397,1.9459101490553132,0.049777493523950556,1.0
6,200.0,7.0,-0.18298261665141813,8,CDA3,2,CDA,0.0,6,1200,856.0,0.7133333333333334,1.0,False,True,False,False,False,3,0,0.0,-6.907755278982137,1.9459101490553132,0.0,2.0
7,11.0,6.0,0.010064043915827997,8,CDA3,2,CDA,-1.0,6,1200,867.0,0.7225,0.0,False,True,False,False,False,3,0,-6.907755278982137,0.0,1.791759469228055,-0.15415067982725827,1.0
8,1.0,7.0,-0.0009149130832570906,8,CDA3,2,CDA,1.0,6,1200,868.0,0.7233333333333334,1.0,False,True,False,False,False,3,0,0.0,0.0,1.9459101490553132,0.15415067982725827,1.0
9,65.0,6.0,0.0,8,CDA3,2,CDA,-1.0,6,1200,933.0,0.7775,0.0,False,True,False,False,False,3,0,-6.907755278982137,0.0,1.791759469228055,-0.15415067982725827,14.0
10,98.0,8.0,0.0,8,CDA3,2,CDA,2.0,6,1200,1031.0,0.8591666666666666,2.0,False,True,False,False,False,3,0,0.6931471805599453,0.6931471805599453,2.0794415416798357,0.2876820724517808,11.899999999999999
11,12.0,8.0,-0.021957913998170174,8,CDA3,2,CDA,0.0,6,1200,1043.0,0.8691666666666666,2.0,False,True,False,False,False,3,0,0.6931471805599453,-6.907755278982137,2.0794415416798357,0.0,3.0
12,50.0,6.0,0.0,8,CDA3,2,CDA,-2.0,6,1200,1093.0,0.9108333333333334,0.0,False,True,False,False,False,3,0,-6.907755278982137,0.6931471805599453,1.791759469228055,-0.2876820724517808,1.0
1,200.0,8.0,0.0,9,CDA3,3,CDA,,9,1500,200.0,0.13333333333333333,0.0,False,False,True,False,False,3,0,-6.907755278982137,,2.0794415416798357,,1.0
2,110.0,8.0,0.0,9,CDA3,3,CDA,0.0,9,1500,310.0,0.20666666666666667,0.0,False,False,True,False,False,3,0,-6.907755278982137,-6.907755278982137,2.0794415416798357,0.0,1.0
3,340.0,8.438235294117646,0.7053941908713693,9,CDA3,3,CDA,0.4382352941176464,9,1500,650.0,0.43333333333333335,0.0,False,False,True,False,False,3,0,-6.907755278982137,-0.8249993116647495,2.1327731983711575,0.05333165669132178,9.0
4,45.0,11.0,-0.06224066390041494,9,CDA3,3,CDA,2.5617647058823536,9,1500,695.0,0.4633333333333333,1.0,False,False,True,False,False,3,0,0.0,0.940696359242296,2.3978952727983707,0.26512207442721314,1.0
5,136.0,9.0,0.0,9,CDA3,3,CDA,-2.0,9,1500,831.0,0.554,0.0,False,False,True,False,False,3,0,-6.907755278982137,0.6931471805599453,2.1972245773362196,-0.2006706954621511,2.0
6,249.0,7.779116465863454,-0.34439834024896265,9,CDA3,3,CDA,-1.2208835341365463,9,1500,1080.0,0.72,0.22088353413654627,False,False,True,False,False,3,0,-1.5101197112322364,0.19957480494151414,2.051442766942288,-0.14578181039393145,13.0
7,115.0,7.0,-0.07952973720608575,9,CDA3,3,CDA,-0.7791164658634537,9,1500,1195.0,0.7966666666666666,1.0,False,False,True,False,False,3,0,0.0,-0.24959473740137958,1.9459101490553132,-0.10553261788697488,13.75
8,38.0,6.0,0.05255878284923928,9,CDA3,3,CDA,-1.0,9,1500,1233.0,0.822,2.0,False,False,True,False,False,3,0,0.6931471805599453,0.0,1.791759469228055,-0.15415067982725827,14.0
9,115.0,7.043478260869565,-0.1590594744121715,9,CDA3,3,CDA,1.0434782608695654,9,1500,1348.0,0.8986666666666666,0.9565217391304346,False,False,True,False,False,3,0,-0.04445176257083404,0.04255961441879611,1.9521021193032344,0.16034265007517945,1.0
10,30.0,6.0,0.04149377593360996,9,CDA3,3,CDA,-1.0434782608695654,9,1500,1378.0,0.9186666666666666,2.0,False,False,True,False,False,3,0,0.6931471805599453,0.04255961441879611,1.791759469228055,-0.16034265007517945,1.0
11,1.0,8.0,0.0006915629322268327,9,CDA3,3,CDA,2.0,9,1500,1379.0,0.9193333333333333,0.0,False,False,True,False,False,3,0,-6.907755278982137,0.6931471805599453,2.0794415416798357,0.2876820724517808,1.0
12,67.0,9.0,0.0,9,CDA3,3,CDA,1.0,9,1500,1446.0,0.964,0.0,False,False,True,False,False,3,0,-6.907755278982137,0.0,2.1972245773362196,0.11778303565638382,10.0
1,76.0,10.0,-0.11674347158218126,10,CDA3,3,CDA,,9,1500,76.0,0.050666666666666665,0.0,False,False,True,False,False,3,0,-6.907755278982137,,2.302585092994046,,1.0
2,400.0,8.0,-0.30721966205837176,10,CDA3,3,CDA,-2.0,9,1500,476.0,0.31733333333333336,0.0,False,False,True,False,False,3,0,-6.907755278982137,0.6931471805599453,2.0794415416798357,-0.22314355131421015,2.0
3,200.0,7.0,0.0,10,CDA3,3,CDA,-1.0,9,1500,676.0,0.45066666666666666,1.0,False,False,True,False,False,3,0,0.0,0.0,1.9459101490553132,-0.13353139262452252,3.0
4,293.0,7.0,0.4500768049155146,10,CDA3,3,CDA,0.0,9,1500,969.0,0.646,1.0,False,False,True,False,False,3,0,0.0,-6.907755278982137,1.9459101490553132,0.0,3.0
5,0.0,7.0,0.0,10,CDA3,3,CDA,0.0,9,1500,969.0,0.646,1.0,False,False,True,False,False,3,0,0.0,-6.907755278982137,1.9459101490553132,0.0,3.0
6,0.0,7.0,0.0,10,CDA3,3,CDA,0.0,9,1500,969.0,0.646,1.0,False,False,True,False,False,3,0,0.0,-6.907755278982137,1.9459101490553132,0.0,3.9499999999999993
7,108.0,9.0,0.0,10,CDA3,3,CDA,2.0,9,1500,1077.0,0.718,0.0,False,False,True,False,False,3,0,-6.907755278982137,0.6931471805599453,2.1972245773362196,0.25131442828090633,1.0
8,12.0,9.0,0.0,10,CDA3,3,CDA,0.0,9,1500,1089.0,0.726,0.0,False,False,True,False,False,3,0,-6.907755278982137,-6.907755278982137,2.1972245773362196,0.0,1.0
9,0.0,9.0,0.0,10,CDA3,3,CDA,0.0,9,1500,1089.0,0.726,0.0,False,False,True,False,False,3,0,-6.907755278982137,-6.907755278982137,2.1972245773362196,0.0,2.9499999999999993
10,0.0,9.0,0.0,10,CDA3,3,CDA,0.0,9,1500,1089.0,0.726,0.0,False,False,True,False,False,3,0,-6.907755278982137,-6.907755278982137,2.1972245773362196,0.0,1.9499999999999993
11,213.0,9.56338028169014,0.3271889400921659,10,CDA3,3,CDA,0.5633802816901401,9,1500,1302.0,0.868,0.0,False,False,True,False,False,3,0,-6.907755278982137,-0.5738004229273804,2.257941250517381,0.06071667318116125,2.0
12,0.0,9.56338028169014,0.0,10,CDA3,3,CDA,0.0,9,1500,1302.0,0.868,0.0,False,False,True,False,False,3,0,-6.907755278982137,-6.907755278982137,2.257941250517381,0.0,9.85
1,129.0,8.0,0.0,11,CDA3,3,CDA,,9,1500,129.0,0.086,0.0,False,False,True,False,False,3,0,-6.907755278982137,,2.0794415416798357,,12.0
2,392.0,8.0,0.0,11,CDA3,3,CDA,0.0,9,1500,521.0,0.3473333333333333,0.0,False,False,True,False,False,3,0,-6.907755278982137,-6.907755278982137,2.0794415416798357,0.0,2.0
3,144.0,8.0,0.10183875530410184,11,CDA3,3,CDA,0.0,9,1500,665.0,0.44333333333333336,0.0,False,False,True,False,False,3,0,-6.907755278982137,-6.907755278982137,2.0794415416798357,0.0,1.0
4,248.0,9.0,0.0,11,CDA3,3,CDA,1.0,9,1500,913.0,0.6086666666666667,0.0,False,False,True,False,False,3,0,-6.907755278982137,0.0,2.1972245773362196,0.11778303565638382,11.0
5,84.0,9.0,0.0,11,CDA3,3,CDA,0.0,9,1500,997.0,0.6646666666666666,0.0,False,False,True,False,False,3,0,-6.907755278982137,-6.907755278982137,2.1972245773362196,0.0,1.0
6,40.0,9.0,-0.028288543140028287,11,CDA3,3,CDA,0.0,9,1500,1037.0,0.6913333333333334,0.0,False,False,True,False,False,3,0,-6.907755278982137,-6.907755278982137,2.1972245773362196,0.0,1.0
7,50.0,8.0,0.0,11,CDA3,3,CDA,-1.0,9,1500,1087.0,0.7246666666666667,0.0,False,False,True,False,False,3,0,-6.907755278982137,0.0,2.0794415416798357,-0.11778303565638382,5.0
8,110.0,8.554545454545455,0.07779349363507779,11,CDA3,3,CDA,0.5545454545454547,9,1500,1197.0,0.798,0.0,False,False,True,False,False,3,0,-6.907755278982137,-0.5896065016191048,2.1464627737929636,0.06702123211312783,1.0
9,132.0,9.0,0.0,11,CDA3,3,CDA,0.4454545454545453,9,1500,1329.0,0.886,0.0,False,False,True,False,False,3,0,-6.907755278982137,-0.8086600676817899,2.1972245773362196,0.05076180354325599,1.0
10,85.0,7.91764705882353,-0.12022630834512023,11,CDA3,3,CDA,-1.0823529411764703,9,1500,1414.0,0.9426666666666667,0.0823529411764703,False,False,True,False,False,3,0,-2.4967411074350068,0.07913732055872358,2.069094073154411,-0.12813050418180838,7.0
11,0.0,7.91764705882353,0.0,11,CDA3,3,CDA,0.0,9,1500,1414.0,0.9426666666666667,0.0823529411764703,False,False,True,False,False,3,0,-2.4967411074350068,-6.907755278982137,2.069094073154411,0.0,1.0
12,0.0,7.91764705882353,0.0,11,CDA3,3,CDA,0.0,9,1500,1414.0,0.9426666666666667,0.0823529411764703,False,False,True,False,False,3,0,-2.4967411074350068,-6.907755278982137,2.069094073154411,0.0,4.300000000000001
1,100.0,8.0,0.06583278472679395,12,CDA3,3,CDA,,9,1500,100.0,0.06666666666666667,0.0,False,False,True,False,False,3,0,-6.907755278982137,,2.0794415416798357,,1.0
2,152.0,9.0,-0.10006583278472679,12,CDA3,3,CDA,1.0,9,1500,252.0,0.168,0.0,False,False,True,False,False,3,0,-6.907755278982137,0.0,2.1972245773362196,0.11778303565638382,1.0
3,517.0,8.684719535783366,0.6807109940750494,12,CDA3,3,CDA,-0.31528046421663447,9,1500,769.0,0.5126666666666667,0.0,False,False,True,False,False,3,0,-6.907755278982137,-1.1542926737016668,2.161565106227871,-0.03565947110834866,2.0
4,300.0,8.0,0.0,12,CDA3,3,CDA,-0.6847195357833655,9,1500,1069.0,0.7126666666666667,0.0,False,False,True,False,False,3,0,-6.907755278982137,-0.3787459613746547,2.0794415416798357,-0.08212356454803516,2.0
5,86.0,8.0,0.0,12,CDA3,3,CDA,0.0,9,1500,1155.0,0.77,0.0,False,False,True,False,False,3,0,-6.907755278982137,-6.907755278982137,2.0794415416798357,0.0,2.0
6,49.0,8.0,0.0,12,CDA3,3,CDA,0.0,9,1500,1204.0,0.8026666666666666,0.0,False,False,True,False,False,3,0,-6.907755278982137,-6.907755278982137,2.0794415416798357,0.0,2.0
7,62.0,8.0,0.0,12,CDA3,3,CDA,0.0,9,1500,1266.0,0.844,0.0,False,False,True,False,False,3,0,-6.907755278982137,-6.907755278982137,2.0794415416798357,0.0,1.0
8,0.0,8.0,0.0,12,CDA3,3,CDA,0.0,9,1500,1266.0,0.844,0.0,False,False,True,False,False,3,0,-6.907755278982137,-6.907755278982137,2.0794415416798357,0.0,1.0
9,32.0,8.0,0.02106649111257406,12,CDA3,3,CDA,0.0,9,1500,1298.0,0.8653333333333333,0.0,False,False,True,False,False,3,0,-6.907755278982137,-6.907755278982137,2.0794415416798357,0.0,1.0
10,135.0,8.622222222222222,-0.08887425938117183,12,CDA3,3,CDA,0.6222222222222218,9,1500,1433.0,0.9553333333333334,0.0,False,False,True,False,False,3,0,-6.907755278982137,-0.47445797959511654,2.1543428498529535,0.0749013081731178,8.0
11,71.0,8.0,0.0467412771560237,12,CDA3,3,CDA,-0.6222222222222218,9,1500,1504.0,1.0026666666666666,0.0,False,False,True,False,False,3,0,-6.907755278982137,-0.47445797959511654,2.0794415416798357,-0.0749013081731178,10.0
12,15.0,9.0,0.0,12,CDA3,3,CDA,1.0,9,1500,1519.0,1.0126666666666666,0.0,False,False,True,False,False,3,0,-6.907755278982137,0.0,2.1972245773362196,0.11778303565638382,7.0
1,164.0,6.0,0.13553719008264462,13,CDA3,4,CDA,,6,1200,164.0,0.13666666666666666,0.0,False,False,False,True,False,3,0,-6.907755278982137,,1.791759469228055,,4.0
2,101.0,7.0,0.0,13,CDA3,4,CDA,1.0,6,1200,265.0,0.22083333333333333,1.0,False,False,False,True,False,3,0,0.0,0.0,1.9459101490553132,0.15415067982725827,1.0
3,99.0,7.0,0.0,13,CDA3,4,CDA,0.0,6,1200,364.0,0.30333333333333334,1.0,False,False,False,True,False,3,0,0.0,-6.907755278982137,1.9459101490553132,0.0,1.0
4,82.0,7.0,0.0,13,CDA3,4,CDA,0.0,6,1200,446.0,0.37166666666666665,1.0,False,False,False,True,False,3,0,0.0,-6.907755278982137,1.9459101490553132,0.0,1.0
5,164.0,7.0,0.0,13,CDA3,4,CDA,0.0,6,1200,610.0,0.5083333333333333,1.0,False,False,False,True,False,3,0,0.0,-6.907755278982137,1.9459101490553132,0.0,1.0
6,86.0,6.825581395348837,-0.07107438016528926,13,CDA3,4,CDA,-0.1744186046511631,6,1200,696.0,0.58,0.8255813953488369,False,False,False,True,False,3,0,-0.19166741921219269,-1.746297095151296,1.9206775235745888,-0.02523262548072447,1.0
7,27.0,6.0,0.0,13,CDA3,4,CDA,-0.8255813953488369,6,1200,723.0,0.6025,0.0,False,False,False,True,False,3,0,-6.907755278982137,-0.19166741921219269,1.791759469228055,-0.1289180543465338,14.0
8,200.0,6.0,0.0,13,CDA3,4,CDA,0.0,6,1200,923.0,0.7691666666666667,0.0,False,False,False,True,False,3,0,-6.907755278982137,-6.907755278982137,1.791759469228055,0.0,3.0
9,86.0,6.0,0.0,13,CDA3,4,CDA,0.0,6,1200,1009.0,0.8408333333333333,0.0,False,False,False,True,False,3,0,-6.907755278982137,-6.907755278982137,1.791759469228055,0.0,14.0
10,191.0,6.0,0.0,13,CDA3,4,CDA,0.0,6,1200,1200.0,1.0,0.0,False,False,False,True,False,3,0,-6.907755278982137,-6.907755278982137,1.791759469228055,0.0,1.0
11,0.0,6.0,0.0,13,CDA3,4,CDA,0.0,6,1200,1200.0,1.0,0.0,False,False,False,True,False,3,0,-6.907755278982137,-6.907755278982137,1.791759469228055,0.0,1.0
12,10.0,6.0,0.0,13,CDA3,4,CDA,0.0,6,1200,1210.0,1.0083333333333333,0.0,False,False,False,True,False,3,0,-6.907755278982137,-6.907755278982137,1.791759469228055,0.0,15.0
1,266.0,8.0,0.0,14,CDA3,4,CDA,,6,1200,266.0,0.22166666666666668,2.0,False,False,False,True,False,3,0,0.6931471805599453,,2.0794415416798357,,12.0
2,207.0,8.0,-0.1725,14,CDA3,4,CDA,0.0,6,1200,473.0,0.39416666666666667,2.0,False,False,False,True,False,3,0,0.6931471805599453,-6.907755278982137,2.0794415416798357,0.0,14.0
3,0.0,8.0,0.0,14,CDA3,4,CDA,0.0,6,1200,473.0,0.39416666666666667,2.0,False,False,False,True,False,3,0,0.6931471805599453,-6.907755278982137,2.0794415416798357,0.0,2.0
4,38.0,7.0,0.0,14,CDA3,4,CDA,-1.0,6,1200,511.0,0.42583333333333334,1.0,False,False,False,True,False,3,0,0.0,0.0,1.9459101490553132,-0.13353139262452252,2.0
5,119.0,6.176470588235294,-0.09916666666666667,14,CDA3,4,CDA,-0.8235294117647056,6,1200,630.0,0.525,0.17647058823529438,False,False,False,True,False,3,0,-1.7346010553881048,-0.19415601444095779,1.8207470061013074,-0.12516314295400588,3.0
6,142.0,6.197183098591549,0.11833333333333333,14,CDA3,4,CDA,0.020712510356254654,6,1200,772.0,0.6433333333333333,0.19718309859154903,False,False,False,True,False,3,0,-1.6236225474260582,-3.877017396229356,1.8240948498709915,0.0033478437696841112,1.0
7,120.0,7.0,-0.1,14,CDA3,4,CDA,0.802816901408451,6,1200,892.0,0.7433333333333333,1.0,False,False,False,True,False,3,0,0.0,-0.21962860920676494,1.9459101490553132,0.12181529918432177,1.0
8,0.0,7.0,0.0,14,CDA3,4,CDA,0.0,6,1200,892.0,0.7433333333333333,1.0,False,False,False,True,False,3,0,0.0,-6.907755278982137,1.9459101490553132,0.0,2.0
9,96.0,6.0,0.0,14,CDA3,4,CDA,-1.0,6,1200,988.0,0.8233333333333334,0.0,False,False,False,True,False,3,0,-6.907755278982137,0.0,1.791759469228055,-0.15415067982725827,1.0
10,6.0,6.0,0.0,14,CDA3,4,CDA,0.0,6,1200,994.0,0.8283333333333334,0.0,False,False,False,True,False,3,0,-6.907755278982137,-6.907755278982137,1.791759469228055,0.0,14.0
11,200.0,6.0,0.0,14,CDA3,4,CDA,0.0,6,1200,1194.0,0.995,0.0,False,False,False,True,False,3,0,-6.907755278982137,-6.907755278982137,1.791759469228055,0.0,1.0
12,6.0,6.0,0.0,14,CDA3,4,CDA,0.0,6,1200,1200.0,1.0,0.0,False,False,False,True,False,3,0,-6.907755278982137,-6.907755278982137,1.791759469228055,0.0,1.0
1,0.0,7.0,0.0,15,CDA3,4,CDA,,6,1200,0.0,0.0,1.0,False,False,False,True,False,3,0,0.0,,1.9459101490553132,,3.0
2,42.0,7.0,0.0,15,CDA3,4,CDA,0.0,6,1200,42.0,0.035,1.0,False,False,False,True,False,3,0,0.0,-6.907755278982137,1.9459101490553132,0.0,1.0
3,0.0,7.0,0.0,15,CDA3,4,CDA,0.0,6,1200,42.0,0.035,1.0,False,False,False,True,False,3,0,0.0,-6.907755278982137,1.9459101490553132,0.0,1.0
4,325.0,7.0,0.0,15,CDA3,4,CDA,0.0,6,1200,367.0,0.30583333333333335,1.0,False,False,False,True,False,3,0,0.0,-6.907755278982137,1.9459101490553132,0.0,2.0
5,155.0,7.0,0.0,15,CDA3,4,CDA,0.0,6,1200,522.0,0.435,1.0,False,False,False,True,False,3,0,0.0,-6.907755278982137,1.9459101490553132,0.0,13.0
6,14.0,7.0,-0.011676396997497914,15,CDA3,4,CDA,0.0,6,1200,536.0,0.44666666666666666,1.0,False,False,False,True,False,3,0,0.0,-6.907755278982137,1.9459101490553132,0.0,1.0
7,351.0,6.0,0.0,15,CDA3,4,CDA,-1.0,6,1200,887.0,0.7391666666666666,0.0,False,False,False,True,False,3,0,-6.907755278982137,0.0,1.791759469228055,-0.15415067982725827,1.0
8,35.0,7.0,-0.029190992493744787,15,CDA3,4,CDA,1.0,6,1200,922.0,0.7683333333333333,1.0,False,False,False,True,False,3,0,0.0,0.0,1.9459101490553132,0.15415067982725827,1.0
9,0.0,7.0,0.0,15,CDA3,4,CDA,0.0,6,1200,922.0,0.7683333333333333,1.0,False,False,False,True,False,3,0,0.0,-6.907755278982137,1.9459101490553132,0.0,1.0
10,26.0,6.0,0.0,15,CDA3,4,CDA,-1.0,6,1200,948.0,0.79,0.0,False,False,False,True,False,3,0,-6.907755278982137,0.0,1.791759469228055,-0.15415067982725827,1.0
11,171.0,6.0,0.0,15,CDA3,4,CDA,0.0,6,1200,1119.0,0.9325,0.0,False,False,False,True,False,3,0,-6.907755278982137,-6.907755278982137,1.791759469228055,0.0,1.0
12,80.0,6.0,0.0,15,CDA3,4,CDA,0.0,6,1200,1199.0,0.9991666666666666,0.0,False,False,False,True,False,3,0,-6.907755278982137,-6.907755278982137,1.791759469228055,0.0,1.0
1,0.0,6.5,0.0,16,CDA3,4,CDA,,6,1200,0.0,0.0,0.5,False,False,False,True,False,3,0,-0.6931471805599453,,1.8718021769015913,,1.0
2,400.0,6.5,0.3297609233305853,16,CDA3,4,CDA,0.0,6,1200,400.0,0.3333333333333333,0.5,False,False,False,True,False,3,0,-0.6931471805599453,-6.907755278982137,1.8718021769015913,0.0,2.0
3,137.0,6.0,0.11294311624072548,16,CDA3,4,CDA,-0.5,6,1200,537.0,0.4475,0.0,False,False,False,True,False,3,0,-6.907755278982137,-0.6931471805599453,1.791759469228055,-0.08004270767353638,1.0
4,0.0,6.0,0.0,16,CDA3,4,CDA,0.0,6,1200,537.0,0.4475,0.0,False,False,False,True,False,3,0,-6.907755278982137,-6.907755278982137,1.791759469228055,0.0,1.0
5,273.0,6.509157509157509,-0.22506183017312448,16,CDA3,4,CDA,0.5091575091575091,6,1200,810.0,0.675,0.5091575091575091,False,False,False,True,False,3,0,-0.674997862054268,-0.674997862054268,1.8732100329696917,0.08145056374163673,12.899999999999999
6,0.0,6.509157509157509,0.0,16,CDA3,4,CDA,0.0,6,1200,810.0,0.675,0.5091575091575091,False,False,False,True,False,3,0,-0.674997862054268,-6.907755278982137,1.8732100329696917,0.0,1.0
7,131.0,6.0,0.0,16,CDA3,4,CDA,-0.5091575091575091,6,1200,941.0,0.7841666666666667,0.0,False,False,False,True,False,3,0,-6.907755278982137,-0.674997862054268,1.791759469228055,-0.08145056374163673,1.0
8,0.0,6.0,0.0,16,CDA3,4,CDA,0.0,6,1200,941.0,0.7841666666666667,0.0,False,False,False,True,False,3,0,-6.907755278982137,-6.907755278982137,1.791759469228055,0.0,1.0
9,18.0,6.0,0.01483924154987634,16,CDA3,4,CDA,0.0,6,1200,959.0,0.7991666666666667,0.0,False,False,False,True,False,3,0,-6.907755278982137,-6.907755278982137,1.791759469228055,0.0,1.0
10,198.0,6.3686868686868685,-0.16323165704863973,16,CDA3,4,CDA,0.3686868686868685,6,1200,1157.0,0.9641666666666666,0.3686868686868685,False,False,False,True,False,3,0,-0.9978075895461446,-0.9978075895461446,1.8513933052703844,0.05963383604232941,1.0
11,31.0,6.0,0.0,16,CDA3,4,CDA,-0.3686868686868685,6,1200,1188.0,0.99,0.0,False,False,False,True,False,3,0,-6.907755278982137,-0.9978075895461446,1.791759469228055,-0.05963383604232941,1.0
12,25.0,6.0,0.0,16,CDA3,4,CDA,0.0,6,1200,1213.0,1.0108333333333333,0.0,False,False,False,True,False,3,0,-6.907755278982137,-6.907755278982137,1.791759469228055,0.0,1.0
1,171.0,6.0,0.33107454017424975,17,CDA3,5,CDA,,14,1100,171.0,0.15545454545454546,8.0,False,False,False,False,True,3,0,2.0794415416798357,,1.791759469228055,,12.0
2,172.0,6.488372093023256,0.0,17,CDA3,5,CDA,0.4883720930232558,14,1100,343.0,0.3118181818181818,7.511627906976744,False,False,False,False,True,3,0,2.016452207529094,-0.7166776779701395,1.8700116661278032,0.07825219689974827,6.0
3,64.0,8.328125,0.12391093901258471,17,CDA3,5,CDA,1.8397529069767442,14,1100,407.0,0.37,5.671875,False,False,False,False,True,3,0,1.735519750905179,0.6096312729166748,2.1196383408061727,0.24962667467836952,5.0
4,153.0,10.0,-0.14811229428848016,17,CDA3,5,CDA,1.671875,14,1100,560.0,0.509090909090909,4.0,False,False,False,False,True,3,0,1.3862943611198906,0.5139457511022343,2.302585092994046,0.18294675218787315,4.0
5,118.0,9.0,0.0,17,CDA3,5,CDA,-1.0,14,1100,678.0,0.6163636363636363,5.0,False,False,False,False,True,3,0,1.6094379124341003,0.0,2.1972245773362196,-0.10536051565782634,11.0
6,53.0,8.037735849056604,-0.051306873184898356,17,CDA3,5,CDA,-0.9622641509433958,14,1100,731.0,0.6645454545454546,5.962264150943396,False,False,False,False,True,3,0,1.78545030003479,-0.03846628082779652,2.0841474327172484,-0.11307714461897111,8.0
7,49.0,8.0,0.0,17,CDA3,5,CDA,-0.03773584905660421,14,1100,780.0,0.7090909090909091,6.0,False,False,False,False,True,3,0,1.791759469228055,-3.277144732992165,2.0794415416798357,-0.004705891037412702,6.0
8,0.0,8.0,0.0,17,CDA3,5,CDA,0.0,14,1100,780.0,0.7090909090909091,6.0,False,False,False,False,True,3,0,1.791759469228055,-6.907755278982137,2.0794415416798357,0.0,5.0
9,24.0,8.0,0.1393998063891578,17,CDA3,5,CDA,0.0,14,1100,804.0,0.730909090909091,6.0,False,False,False,False,True,3,0,1.791759469228055,-6.907755278982137,2.0794415416798357,0.0,4.0
10,11.0,14.0,-0.021297192642787996,17,CDA3,5,CDA,6.0,14,1100,815.0,0.740909090909091,0.0,False,False,False,False,True,3,0,-6.907755278982137,1.791759469228055,2.6390573296152584,0.5596157879354227,12.8
11,175.0,12.0,0.0,17,CDA3,5,CDA,-2.0,14,1100,990.0,0.9,2.0,False,False,False,False,True,3,0,0.6931471805599453,0.6931471805599453,2.4849066497880004,-0.15415067982725805,12.0
12,43.0,12.418604651162791,0.041626331074540175,17,CDA3,5,CDA,0.41860465116279144,14,1100,1033.0,0.9390909090909091,1.5813953488372086,False,False,False,False,True,3,0,0.4583075894825438,-0.870828357797396,2.5191957232666327,0.034289073478632304,1.0
1,188.0,10.0,0.0,18,CDA3,5,CDA,,14,1100,188.0,0.1709090909090909,4.0,False,False,False,False,True,3,0,1.3862943611198906,,2.302585092994046,,10.0
2,108.0,10.0,0.0,18,CDA3,5,CDA,0.0,14,1100,296.0,0.2690909090909091,4.0,False,False,False,False,True,3,0,1.3862943611198906,-6.907755278982137,2.302585092994046,0.0,4.0
3,101.0,10.445544554455445,0.09123757904245709,18,CDA3,5,CDA,0.44554455445544505,14,1100,397.0,0.3609090909090909,3.554455445544555,False,False,False,False,True,3,0,1.2682018716470196,-0.8084580270709408,2.3461755290689075,0.04359043607486157,3.0
4,148.0,11.0,0.13369467028003612,18,CDA3,5,CDA,0.554455445544555,14,1100,545.0,0.4954545454545455,3.0,False,False,False,False,True,3,0,1.0986122886681098,-0.5897688261061094,2.3978952727983707,0.0517197437294632,3.0
5,82.0,12.0,-0.14814814814814814,18,CDA3,5,CDA,1.0,14,1100,627.0,0.57,2.0,False,False,False,False,True,3,0,0.6931471805599453,0.0,2.4849066497880004,0.08701137698962969,1.0
6,41.0,11.609756097560975,0.07407407407407407,18,CDA3,5,CDA,-0.39024390243902474,14,1100,668.0,0.6072727272727273,2.3902439024390247,False,False,False,False,True,3,0,0.8713954119662642,-0.9409833444645257,2.451845787527112,-0.033060862260888335,1.0
7,3.0,12.0,-0.005420054200542005,18,CDA3,5,CDA,0.39024390243902474,14,1100,671.0,0.61,2.0,False,False,False,False,True,3,0,0.6931471805599453,-0.9409833444645257,2.4849066497880004,0.033060862260888335,10.0
8,115.0,11.617391304347827,0.20776874435411022,18,CDA3,5,CDA,-0.3826086956521735,14,1100,786.0,0.7145454545454546,2.3826086956521735,False,False,False,False,True,3,0,0.86819597802482,-0.96074249444499,2.452503225733341,-0.03240342405465935,1.0
9,107.0,12.0,0.0966576332429991,18,CDA3,5,CDA,0.3826086956521735,14,1100,893.0,0.8118181818181818,2.0,False,False,False,False,True,3,0,0.6931471805599453,-0.96074249444499,2.4849066497880004,0.03240342405465935,2.0
10,0.0,12.0,0.0,18,CDA3,5,CDA,0.0,14,1100,893.0,0.8118181818181818,2.0,False,False,False,False,True,3,0,0.6931471805599453,-6.907755278982137,2.4849066497880004,0.0,1.6999999999999993
11,105.0,13.0,0.0,18,CDA3,5,CDA,1.0,14,1100,998.0,0.9072727272727272,1.0,False,False,False,False,True,3,0,0.0,0.0,2.5649493574615367,0.08004270767353638,1.0
12,109.0,14.0,0.0,18,CDA3,5,CDA,1.0,14,1100,1107.0,1.0063636363636363,0.0,False,False,False,False,True,3,0,-6.907755278982137,0.0,2.6390573296152584,0.07410797215372167,1.0
1,174.0,10.0,0.0,19,CDA3,5,CDA,,14,1100,174.0,0.15818181818181817,4.0,False,False,False,False,True,3,0,1.3862943611198906,,2.302585092994046,,4.0
2,123.0,10.0,0.22363636363636363,19,CDA3,5,CDA,0.0,14,1100,297.0,0.27,4.0,False,False,False,False,True,3,0,1.3862943611198906,-6.907755278982137,2.302585092994046,0.0,2.0
3,3.0,12.0,0.0,19,CDA3,5,CDA,2.0,14,1100,300.0,0.2727272727272727,2.0,False,False,False,False,True,3,0,0.6931471805599453,0.6931471805599453,2.4849066497880004,0.18232155679395445,2.0
4,152.0,12.657894736842104,0.13818181818181818,19,CDA3,5,CDA,0.6578947368421044,14,1100,452.0,0.4109090909090909,1.3421052631578956,False,False,False,False,True,3,0,0.2942394729979406,-0.4187103348581863,2.5382811103793754,0.05337446059137507,1.0
5,329.0,13.39209726443769,0.2990909090909091,19,CDA3,5,CDA,0.7342025275955848,14,1100,781.0,0.71,0.6079027355623108,False,False,False,False,True,3,0,-0.49774038421733396,-0.3089703652726666,2.5946647765969164,0.056383666217540984,3.0
6,35.0,11.0,0.06363636363636363,19,CDA3,5,CDA,-2.392097264437689,14,1100,816.0,0.7418181818181818,3.0,False,False,False,False,True,3,0,1.0986122886681098,0.872170497652031,2.3978952727983707,-0.19676950379854574,3.0
7,112.0,12.107142857142858,0.0,19,CDA3,5,CDA,1.1071428571428577,14,1100,928.0,0.8436363636363636,1.8928571428571423,False,False,False,False,True,3,0,0.6380874033769176,0.10178269430994279,2.4937955972052466,0.0959003244068759,2.0
8,53.0,13.0,-0.04818181818181818,19,CDA3,5,CDA,0.8928571428571423,14,1100,981.0,0.8918181818181818,1.0,False,False,False,False,True,3,0,0.0,-0.11332868530700374,2.5649493574615367,0.07115376025629017,12.0
9,49.0,12.0,0.0,19,CDA3,5,CDA,-1.0,14,1100,1030.0,0.9363636363636364,2.0,False,False,False,False,True,3,0,0.6931471805599453,0.0,2.4849066497880004,-0.08004270767353638,4.0
10,30.0,12.0,0.02727272727272727,19,CDA3,5,CDA,0.0,14,1100,1060.0,0.9636363636363636,2.0,False,False,False,False,True,3,0,0.6931471805599453,-6.907755278982137,2.4849066497880004,0.0,4.0
11,40.0,13.0,0.0,19,CDA3,5,CDA,1.0,14,1100,1100.0,1.0,1.0,False,False,False,False,True,3,0,0.0,0.0,2.5649493574615367,0.08004270767353638,2.0
12,0.0,13.0,0.0,19,CDA3,5,CDA,0.0,14,1100,1100.0,1.0,1.0,False,False,False,False,True,3,0,0.0,-6.907755278982137,2.5649493574615367,0.0,3.0
1,101.0,11.0,0.0,20,CDA3,5,CDA,,14,1100,101.0,0.09181818181818181,3.0,False,False,False,False,True,3,0,1.0986122886681098,,2.3978952727983707,,1.0
2,79.0,11.0,0.07955689828801611,20,CDA3,5,CDA,0.0,14,1100,180.0,0.16363636363636364,3.0,False,False,False,False,True,3,0,1.0986122886681098,-6.907755278982137,2.3978952727983707,0.0,2.0
3,64.0,12.0,0.12890231621349446,20,CDA3,5,CDA,1.0,14,1100,244.0,0.22181818181818183,2.0,False,False,False,False,True,3,0,0.6931471805599453,0.0,2.4849066497880004,0.08701137698962969,2.0
4,347.0,13.152737752161384,-0.6988922457200403,20,CDA3,5,CDA,1.152737752161384,14,1100,591.0,0.5372727272727272,0.847262247838616,False,False,False,False,True,3,0,-0.1657450126081784,0.1421397671611234,2.5766299310351073,0.09172328124710694,1.0
5,28.0,12.0,0.0,20,CDA3,5,CDA,-1.152737752161384,14,1100,619.0,0.5627272727272727,2.0,False,False,False,False,True,3,0,0.6931471805599453,0.1421397671611234,2.4849066497880004,-0.09172328124710694,3.0
6,27.0,12.0,0.054380664652567974,20,CDA3,5,CDA,0.0,14,1100,646.0,0.5872727272727273,2.0,False,False,False,False,True,3,0,0.6931471805599453,-6.907755278982137,2.4849066497880004,0.0,15.0
7,49.0,14.0,0.04934541792547835,20,CDA3,5,CDA,2.0,14,1100,695.0,0.6318181818181818,0.0,False,False,False,False,True,3,0,-6.907755278982137,0.6931471805599453,2.6390573296152584,0.15415067982725805,1.0
8,0.0,14.0,0.0,20,CDA3,5,CDA,0.0,14,1100,695.0,0.6318181818181818,0.0,False,False,False,False,True,3,0,-6.907755278982137,-6.907755278982137,2.6390573296152584,0.0,2.0
9,99.0,15.0,-0.19939577039274925,20,CDA3,5,CDA,1.0,14,1100,794.0,0.7218181818181818,1.0,False,False,False,False,True,3,0,0.0,0.0,2.70805020110221,0.06899287148695166,1.0
10,34.0,13.0,0.0,20,CDA3,5,CDA,-2.0,14,1100,828.0,0.7527272727272727,1.0,False,False,False,False,True,3,0,0.0,0.6931471805599453,2.5649493574615367,-0.14310084364067333,13.0
11,135.0,14.0,0.0,20,CDA3,5,CDA,1.0,14,1100,963.0,0.8754545454545455,0.0,False,False,False,False,True,3,0,-6.907755278982137,0.0,2.6390573296152584,0.07410797215372167,1.4499999999999993
12,30.0,14.0,0.0,20,CDA3,5,CDA,0.0,14,1100,993.0,0.9027272727272727,0.0,False,False,False,False,True,3,0,-6.907755278982137,-6.907755278982137,2.6390573296152584,0.0,1.0
1,0.0,10.59546925566343,0.0,1,CDA4,1,CDA,,14,1100,0.0,0.0,3.4045307443365704,True,False,False,False,False,4,0,1.2251071163999099,,2.360426481033335,,10.0
2,309.0,10.59546925566343,0.0,1,CDA4,1,CDA,0.0,14,1100,309.0,0.2809090909090909,3.4045307443365704,True,False,False,False,False,4,0,1.2251071163999099,-6.907755278982137,2.360426481033335,0.0,10.0
3,52.0,10.0,0.19904306220095694,1,CDA4,1,CDA,-0.5954692556634296,14,1100,361.0,0.3281818181818182,4.0,True,False,False,False,False,4,0,1.3862943611198906,-0.5184055192887613,2.302585092994046,-0.057841388039288955,5.0
4,200.0,14.0,-0.9569377990430622,1,CDA4,1,CDA,4.0,14,1100,561.0,0.51,0.0,True,False,False,False,False,4,0,-6.907755278982137,1.3862943611198906,2.6390573296152584,0.3364722366212125,1.0
5,71.0,9.0,0.06794258373205742,1,CDA4,1,CDA,-5.0,14,1100,632.0,0.5745454545454546,5.0,True,False,False,False,False,4,0,1.6094379124341003,1.6094379124341003,2.1972245773362196,-0.44183275227903884,1.0
6,138.0,10.0,0.0,1,CDA4,1,CDA,1.0,14,1100,770.0,0.7,4.0,True,False,False,False,False,4,0,1.3862943611198906,0.0,2.302585092994046,0.10536051565782634,1.0
7,78.0,10.0,0.1492822966507177,1,CDA4,1,CDA,0.0,14,1100,848.0,0.7709090909090909,4.0,True,False,False,False,False,4,0,1.3862943611198906,-6.907755278982137,2.302585092994046,0.0,2.0
8,39.0,12.0,0.0,1,CDA4,1,CDA,2.0,14,1100,887.0,0.8063636363636364,2.0,True,False,False,False,False,4,0,0.6931471805599453,0.6931471805599453,2.4849066497880004,0.18232155679395445,2.0
9,1.0,12.0,-0.0019138755980861245,1,CDA4,1,CDA,0.0,14,1100,888.0,0.8072727272727273,2.0,True,False,False,False,False,4,0,0.6931471805599453,-6.907755278982137,2.4849066497880004,0.0,2.0
10,24.0,10.0,0.022966507177033493,1,CDA4,1,CDA,-2.0,14,1100,912.0,0.8290909090909091,4.0,True,False,False,False,False,4,0,1.3862943611198906,0.6931471805599453,2.302585092994046,-0.18232155679395445,1.0
11,51.0,11.0,0.04880382775119617,1,CDA4,1,CDA,1.0,14,1100,963.0,0.8754545454545455,3.0,True,False,False,False,False,4,0,1.0986122886681098,0.0,2.3978952727983707,0.09531017980432477,3.0
12,82.0,12.0,0.0,1,CDA4,1,CDA,1.0,14,1100,1045.0,0.95,2.0,True,False,False,False,False,4,0,0.6931471805599453,0.0,2.4849066497880004,0.08701137698962969,2.0
1,0.0,12.0,0.0,2,CDA4,1,CDA,,14,1100,0.0,0.0,2.0,True,False,False,False,False,4,0,0.6931471805599453,,2.4849066497880004,,10.0
2,0.0,12.0,0.0,2,CDA4,1,CDA,0.0,14,1100,0.0,0.0,2.0,True,False,False,False,False,4,0,0.6931471805599453,-6.907755278982137,2.4849066497880004,0.0,10.0
3,200.0,12.0,0.0,2,CDA4,1,CDA,0.0,14,1100,200.0,0.18181818181818182,2.0,True,False,False,False,False,4,0,0.6931471805599453,-6.907755278982137,2.4849066497880004,0.0,8.0
4,200.0,12.0,0.1784121320249777,2,CDA4,1,CDA,0.0,14,1100,400.0,0.36363636363636365,2.0,True,False,False,False,False,4,0,0.6931471805599453,-6.907755278982137,2.4849066497880004,0.0,1.0
5,0.0,12.0,0.0,2,CDA4,1,CDA,0.0,14,1100,400.0,0.36363636363636365,2.0,True,False,False,False,False,4,0,0.6931471805599453,-6.907755278982137,2.4849066497880004,0.0,1.0
6,200.0,13.0,-0.5352363960749331,2,CDA4,1,CDA,1.0,14,1100,600.0,0.5454545454545454,1.0,True,False,False,False,False,4,0,0.0,0.0,2.5649493574615367,0.08004270767353638,2.0
7,0.0,13.0,0.0,2,CDA4,1,CDA,0.0,14,1100,600.0,0.5454545454545454,1.0,True,False,False,False,False,4,0,0.0,-6.907755278982137,2.5649493574615367,0.0,2.0
8,200.0,10.0,0.3568242640499554,2,CDA4,1,CDA,-3.0,14,1100,800.0,0.7272727272727273,4.0,True,False,False,False,False,4,0,1.3862943611198906,1.0986122886681098,2.302585092994046,-0.26236426446749084,5.0
9,80.0,12.0,-0.14272970561998216,2,CDA4,1,CDA,2.0,14,1100,880.0,0.8,2.0,True,False,False,False,False,4,0,0.6931471805599453,0.6931471805599453,2.4849066497880004,0.18232155679395445,5.0
10,121.0,8.314049586776859,0.3238180196253345,2,CDA4,1,CDA,-3.685950413223141,14,1100,1001.0,0.91,5.685950413223141,True,False,False,False,False,4,0,1.7379982923366026,1.3045284064233231,2.1179468050629433,-0.36695984472505705,4.0
11,59.0,13.0,0.0,2,CDA4,1,CDA,4.685950413223141,14,1100,1060.0,0.9636363636363636,1.0,True,False,False,False,False,4,0,0.0,1.544568758131011,2.5649493574615367,0.44700255239859343,3.0
12,61.0,13.0,0.0,2,CDA4,1,CDA,0.0,14,1100,1121.0,1.019090909090909,1.0,True,False,False,False,False,4,0,0.0,-6.907755278982137,2.5649493574615367,0.0,3.0500000000000007
1,0.0,12.0,0.0,3,CDA4,1,CDA,,14,1100,0.0,0.0,2.0,True,False,False,False,False,4,0,0.6931471805599453,,2.4849066497880004,,10.0
2,201.0,12.0,0.0,3,CDA4,1,CDA,0.0,14,1100,201.0,0.18272727272727274,2.0,True,False,False,False,False,4,0,0.6931471805599453,-6.907755278982137,2.4849066497880004,0.0,1.0
3,174.0,11.620689655172415,0.41134751773049644,3,CDA4,1,CDA,-0.3793103448275854,14,1100,375.0,0.3409090909090909,2.3793103448275854,True,False,False,False,False,4,0,0.866810674610785,-0.9694005571881056,2.452787100365888,-0.03211954942211248,3.0
4,200.0,13.0,0.2364066193853428,3,CDA4,1,CDA,1.3793103448275854,14,1100,575.0,0.5227272727272727,1.0,True,False,False,False,False,4,0,0.0,0.3215836241274617,2.5649493574615367,0.11216225709564887,3.0
5,0.0,13.0,0.0,3,CDA4,1,CDA,0.0,14,1100,575.0,0.5227272727272727,1.0,True,False,False,False,False,4,0,0.0,-6.907755278982137,2.5649493574615367,0.0,1.0
6,0.0,13.0,0.0,3,CDA4,1,CDA,0.0,14,1100,575.0,0.5227272727272727,1.0,True,False,False,False,False,4,0,0.0,-6.907755278982137,2.5649493574615367,0.0,3.0
7,79.0,14.0,-0.1867612293144208,3,CDA4,1,CDA,1.0,14,1100,654.0,0.5945454545454546,0.0,True,False,False,False,False,4,0,-6.907755278982137,0.0,2.6390573296152584,0.07410797215372167,4.0
8,0.0,14.0,0.0,3,CDA4,1,CDA,0.0,14,1100,654.0,0.5945454545454546,0.0,True,False,False,False,False,4,0,-6.907755278982137,-6.907755278982137,2.6390573296152584,0.0,1.0
9,41.0,12.0,-0.09692671394799054,3,CDA4,1,CDA,-2.0,14,1100,695.0,0.6318181818181818,2.0,True,False,False,False,False,4,0,0.6931471805599453,0.6931471805599453,2.4849066497880004,-0.15415067982725805,2.0
10,124.0,10.516129032258064,0.29314420803782504,3,CDA4,1,CDA,-1.483870967741936,14,1100,819.0,0.7445454545454545,3.483870967741936,True,False,False,False,False,4,0,1.2481440226390736,0.3946541920039491,2.3529101768815615,-0.1319964729064389,2.0
11,12.0,12.0,0.0,3,CDA4,1,CDA,1.483870967741936,14,1100,831.0,0.7554545454545455,2.0,True,False,False,False,False,4,0,0.6931471805599453,0.3946541920039491,2.4849066497880004,0.1319964729064389,10.0
12,15.0,12.0,0.0,3,CDA4,1,CDA,0.0,14,1100,846.0,0.769090909090909,2.0,True,False,False,False,False,4,0,0.6931471805599453,-6.907755278982137,2.4849066497880004,0.0,1.0
1,0.0,13.0,0.0,4,CDA4,1,CDA,,14,1100,0.0,0.0,1.0,True,False,False,False,False,4,0,0.0,,2.5649493574615367,,20.0
2,0.0,13.0,0.0,4,CDA4,1,CDA,0.0,14,1100,0.0,0.0,1.0,True,False,False,False,False,4,0,0.0,-6.907755278982137,2.5649493574615367,0.0,4.0
3,200.0,13.0,0.0,4,CDA4,1,CDA,0.0,14,1100,200.0,0.18181818181818182,1.0,True,False,False,False,False,4,0,0.0,-6.907755278982137,2.5649493574615367,0.0,6.0
4,0.0,13.0,0.0,4,CDA4,1,CDA,0.0,14,1100,200.0,0.18181818181818182,1.0,True,False,False,False,False,4,0,0.0,-6.907755278982137,2.5649493574615367,0.0,5.0
5,0.0,13.0,0.0,4,CDA4,1,CDA,0.0,14,1100,200.0,0.18181818181818182,1.0,True,False,False,False,False,4,0,0.0,-6.907755278982137,2.5649493574615367,0.0,1.0
6,99.0,10.0,0.5012658227848101,4,CDA4,1,CDA,-3.0,14,1100,299.0,0.2718181818181818,4.0,True,False,False,False,False,4,0,1.3862943611198906,1.0986122886681098,2.302585092994046,-0.26236426446749084,4.0
7,0.0,10.0,0.0,4,CDA4,1,CDA,0.0,14,1100,299.0,0.2718181818181818,4.0,True,False,False,False,False,4,0,1.3862943611198906,-6.907755278982137,2.302585092994046,0.0,4.0
8,0.0,10.0,0.0,4,CDA4,1,CDA,0.0,14,1100,299.0,0.2718181818181818,4.0,True,False,False,False,False,4,0,1.3862943611198906,-6.907755278982137,2.302585092994046,0.0,1.0
9,160.0,13.43125,-0.810126582278481,4,CDA4,1,CDA,3.4312500000000004,14,1100,459.0,0.4172727272727273,0.5687499999999996,True,False,False,False,False,4,0,-0.5643143087169775,1.2329246262757039,2.5975840814086837,0.2949989884146378,1.0
10,120.0,10.0,0.6075949367088608,4,CDA4,1,CDA,-3.4312500000000004,14,1100,579.0,0.5263636363636364,4.0,True,False,False,False,False,4,0,1.3862943611198906,1.2329246262757039,2.302585092994046,-0.2949989884146378,2.0
11,211.0,12.293838862559241,-0.5341772151898734,4,CDA4,1,CDA,2.293838862559241,14,1100,790.0,0.7181818181818181,1.706161137440759,True,False,False,False,False,4,0,0.5342458979740896,0.8302267732405649,2.5090982314003227,0.20651313840627683,2.0
12,0.0,12.293838862559241,0.0,4,CDA4,1,CDA,0.0,14,1100,790.0,0.7181818181818181,1.706161137440759,True,False,False,False,False,4,0,0.5342458979740896,-6.907755278982137,2.5090982314003227,0.0,2.0
1,0.0,10.0,0.0,5,CDA4,2,CDA,,6,1200,0.0,0.0,4.0,False,True,False,False,False,4,0,1.3862943611198906,,2.302585092994046,,10.0
2,200.0,10.0,0.4807692307692308,5,CDA4,2,CDA,0.0,6,1200,200.0,0.16666666666666666,4.0,False,True,False,False,False,4,0,1.3862943611198906,-6.907755278982137,2.302585092994046,0.0,8.0
3,51.0,12.0,-0.18389423076923078,5,CDA4,2,CDA,2.0,6,1200,251.0,0.20916666666666667,6.0,False,True,False,False,False,4,0,1.791759469228055,0.6931471805599453,2.4849066497880004,0.18232155679395445,5.0
4,99.0,9.0,-0.47596153846153844,5,CDA4,2,CDA,-3.0,6,1200,350.0,0.2916666666666667,3.0,False,True,False,False,False,4,0,1.0986122886681098,1.0986122886681098,2.1972245773362196,-0.2876820724517808,1.0
5,152.0,5.0,0.5480769230769231,5,CDA4,2,CDA,-4.0,6,1200,502.0,0.41833333333333333,1.0,False,True,False,False,False,4,0,0.0,1.3862943611198906,1.6094379124341003,-0.5877866649021193,4.0
6,0.0,5.0,0.0,5,CDA4,2,CDA,0.0,6,1200,502.0,0.41833333333333333,1.0,False,True,False,False,False,4,0,0.0,-6.907755278982137,1.6094379124341003,0.0,3.0
7,199.0,8.0,0.0,5,CDA4,2,CDA,3.0,6,1200,701.0,0.5841666666666666,2.0,False,True,False,False,False,4,0,0.6931471805599453,1.0986122886681098,2.0794415416798357,0.47000362924573547,6.0
8,12.0,8.0,-0.028846153846153848,5,CDA4,2,CDA,0.0,6,1200,713.0,0.5941666666666666,2.0,False,True,False,False,False,4,0,0.6931471805599453,-6.907755278982137,2.0794415416798357,0.0,3.0
9,0.0,8.0,0.0,5,CDA4,2,CDA,0.0,6,1200,713.0,0.5941666666666666,2.0,False,True,False,False,False,4,0,0.6931471805599453,-6.907755278982137,2.0794415416798357,0.0,2.8
10,13.0,6.0,0.0,5,CDA4,2,CDA,-2.0,6,1200,726.0,0.605,0.0,False,True,False,False,False,4,0,-6.907755278982137,0.6931471805599453,1.791759469228055,-0.2876820724517808,6.0
11,106.0,6.0,0.0,5,CDA4,2,CDA,0.0,6,1200,832.0,0.6933333333333334,0.0,False,True,False,False,False,4,0,-6.907755278982137,-6.907755278982137,1.791759469228055,0.0,8.65
12,0.0,6.0,0.0,5,CDA4,2,CDA,0.0,6,1200,832.0,0.6933333333333334,0.0,False,True,False,False,False,4,0,-6.907755278982137,-6.907755278982137,1.791759469228055,0.0,3.9000000000000004
1,0.0,7.306397306397306,0.0,6,CDA4,2,CDA,,6,1200,0.0,0.0,1.3063973063973062,False,True,False,False,False,4,0,0.2672732008205737,,1.9887503077318056,,10.0
2,297.0,7.306397306397306,1.3288590604026846,6,CDA4,2,CDA,0.0,6,1200,297.0,0.2475,1.3063973063973062,False,True,False,False,False,4,0,0.2672732008205737,-6.907755278982137,1.9887503077318056,0.0,2.0
3,250.0,9.232,-0.5592841163310962,6,CDA4,2,CDA,1.925602693602693,6,1200,547.0,0.4558333333333333,3.2319999999999993,False,True,False,False,False,4,0,1.1731011406588487,0.6552390063238716,2.2226757097657437,0.23392540203393808,4.0
4,0.0,9.232,0.0,6,CDA4,2,CDA,0.0,6,1200,547.0,0.4558333333333333,3.2319999999999993,False,True,False,False,False,4,0,1.1731011406588487,-6.907755278982137,2.2226757097657437,0.0,3.0
5,4.0,8.0,0.013422818791946308,6,CDA4,2,CDA,-1.2319999999999993,6,1200,551.0,0.45916666666666667,2.0,False,True,False,False,False,4,0,0.6931471805599453,0.20863886511132748,2.0794415416798357,-0.14323416808590794,1.0
6,0.0,8.0,0.0,6,CDA4,2,CDA,0.0,6,1200,551.0,0.45916666666666667,2.0,False,True,False,False,False,4,0,0.6931471805599453,-6.907755278982137,2.0794415416798357,0.0,5.0
7,60.0,11.0,0.0,6,CDA4,2,CDA,3.0,6,1200,611.0,0.5091666666666667,5.0,False,True,False,False,False,4,0,1.6094379124341003,1.0986122886681098,2.3978952727983707,0.3184537311185349,6.0
8,80.0,11.0,-0.5369127516778524,6,CDA4,2,CDA,0.0,6,1200,691.0,0.5758333333333333,5.0,False,True,False,False,False,4,0,1.6094379124341003,-6.907755278982137,2.3978952727983707,0.0,3.0
9,140.0,5.0,0.15659955257270694,6,CDA4,2,CDA,-6.0,6,1200,831.0,0.6925,1.0,False,True,False,False,False,4,0,0.0,1.791759469228055,1.6094379124341003,-0.7884573603642704,6.0
10,60.0,6.0,0.0,6,CDA4,2,CDA,1.0,6,1200,891.0,0.7425,0.0,False,True,False,False,False,4,0,-6.907755278982137,0.0,1.791759469228055,0.18232155679395468,1.0
11,3.0,6.0,0.0,6,CDA4,2,CDA,0.0,6,1200,894.0,0.745,0.0,False,True,False,False,False,4,0,-6.907755278982137,-6.907755278982137,1.791759469228055,0.0,1.0
12,0.0,6.0,0.0,6,CDA4,2,CDA,0.0,6,1200,894.0,0.745,0.0,False,True,False,False,False,4,0,-6.907755278982137,-6.907755278982137,1.791759469228055,0.0,1.0
1,0.0,10.25925925925926,0.0,7,CDA4,2,CDA,,6,1200,0.0,0.0,4.2592592592592595,False,True,False,False,False,4,0,1.449095262358921,,2.3281806401830094,,5.0
2,270.0,10.25925925925926,-1.2781065088757397,7,CDA4,2,CDA,0.0,6,1200,270.0,0.225,4.2592592592592595,False,True,False,False,False,4,0,1.449095262358921,-6.907755278982137,2.3281806401830094,0.0,3.0
3,55.0,6.0,0.1301775147928994,7,CDA4,2,CDA,-4.2592592592592595,6,1200,325.0,0.2708333333333333,0.0,False,True,False,False,False,4,0,-6.907755278982137,1.449095262358921,1.791759469228055,-0.5364211709549545,3.0
4,0.0,6.0,0.0,7,CDA4,2,CDA,0.0,6,1200,325.0,0.2708333333333333,0.0,False,True,False,False,False,4,0,-6.907755278982137,-6.907755278982137,1.791759469228055,0.0,11.0
5,109.0,8.0,-0.38698224852071006,7,CDA4,2,CDA,2.0,6,1200,434.0,0.3616666666666667,2.0,False,True,False,False,False,4,0,0.6931471805599453,0.6931471805599453,2.0794415416798357,0.2876820724517808,2.0
6,47.0,5.0,0.05562130177514793,7,CDA4,2,CDA,-3.0,6,1200,481.0,0.4008333333333333,1.0,False,True,False,False,False,4,0,0.0,1.0986122886681098,1.6094379124341003,-0.47000362924573547,6.0
7,201.0,5.502487562189055,0.0,7,CDA4,2,CDA,0.5024875621890548,6,1200,682.0,0.5683333333333334,0.49751243781094523,False,True,False,False,False,4,0,-0.6981347220709845,-0.6881843912178162,1.7052002740232044,0.09576236158910412,1.0
8,10.0,6.0,0.0,7,CDA4,2,CDA,0.49751243781094523,6,1200,692.0,0.5766666666666667,0.0,False,True,False,False,False,4,0,-6.907755278982137,-0.6981347220709845,1.791759469228055,0.08655919520485056,2.0
9,0.0,6.0,0.0,7,CDA4,2,CDA,0.0,6,1200,692.0,0.5766666666666667,0.0,False,True,False,False,False,4,0,-6.907755278982137,-6.907755278982137,1.791759469228055,0.0,1.0
10,2.0,6.0,-0.002366863905325444,7,CDA4,2,CDA,0.0,6,1200,694.0,0.5783333333333334,0.0,False,True,False,False,False,4,0,-6.907755278982137,-6.907755278982137,1.791759469228055,0.0,1.0
11,151.0,5.0,0.0,7,CDA4,2,CDA,-1.0,6,1200,845.0,0.7041666666666667,1.0,False,True,False,False,False,4,0,0.0,0.0,1.6094379124341003,-0.18232155679395468,1.0
12,0.0,5.0,0.0,7,CDA4,2,CDA,0.0,6,1200,845.0,0.7041666666666667,1.0,False,True,False,False,False,4,0,0.0,-6.907755278982137,1.6094379124341003,0.0,1.0
1,0.0,8.867692307692307,0.0,8,CDA4,2,CDA,,6,1200,0.0,0.0,2.867692307692307,False,True,False,False,False,4,0,1.0535076323558534,,2.18241459422973,,9.0
2,325.0,8.867692307692307,-0.9938837920489296,8,CDA4,2,CDA,0.0,6,1200,325.0,0.2708333333333333,2.867692307692307,False,True,False,False,False,4,0,1.0535076323558534,-6.907755278982137,2.18241459422973,0.0,4.0
3,8.0,7.0,-0.00815494393476045,8,CDA4,2,CDA,-1.867692307692307,6,1200,333.0,0.2775,1.0,False,True,False,False,False,4,0,0.0,0.6247036087297605,1.9459101490553132,-0.2365044451744167,7.0
4,0.0,7.0,0.0,8,CDA4,2,CDA,0.0,6,1200,333.0,0.2775,1.0,False,True,False,False,False,4,0,0.0,-6.907755278982137,1.9459101490553132,0.0,6.0
5,100.0,6.0,0.0,8,CDA4,2,CDA,-1.0,6,1200,433.0,0.36083333333333334,0.0,False,True,False,False,False,4,0,-6.907755278982137,0.0,1.791759469228055,-0.15415067982725827,2.0
6,41.0,6.0,0.0,8,CDA4,2,CDA,0.0,6,1200,474.0,0.395,0.0,False,True,False,False,False,4,0,-6.907755278982137,-6.907755278982137,1.791759469228055,0.0,1.0
7,0.0,6.0,0.0,8,CDA4,2,CDA,0.0,6,1200,474.0,0.395,0.0,False,True,False,False,False,4,0,-6.907755278982137,-6.907755278982137,1.791759469228055,0.0,12.0
8,202.0,6.0,0.20591233435270132,8,CDA4,2,CDA,0.0,6,1200,676.0,0.5633333333333334,0.0,False,True,False,False,False,4,0,-6.907755278982137,-6.907755278982137,1.791759469228055,0.0,1.0
9,142.0,6.288732394366197,-0.14475025484199797,8,CDA4,2,CDA,0.288732394366197,6,1200,818.0,0.6816666666666666,0.288732394366197,False,True,False,False,False,4,0,-1.2422549908969536,-1.2422549908969536,1.8387595232752383,0.047000054047183326,12.0
10,80.0,6.0,0.0,8,CDA4,2,CDA,-0.288732394366197,6,1200,898.0,0.7483333333333333,0.0,False,True,False,False,False,4,0,-6.907755278982137,-1.2422549908969536,1.791759469228055,-0.047000054047183326,11.0
11,53.0,6.0,0.10805300713557595,8,CDA4,2,CDA,0.0,6,1200,951.0,0.7925,0.0,False,True,False,False,False,4,0,-6.907755278982137,-6.907755278982137,1.791759469228055,0.0,12.0
12,30.0,8.0,0.0,8,CDA4,2,CDA,2.0,6,1200,981.0,0.8175,2.0,False,True,False,False,False,4,0,0.6931471805599453,0.6931471805599453,2.0794415416798357,0.2876820724517808,2.0
1,0.0,7.506849315068493,0.0,9,CDA4,3,CDA,,9,1500,0.0,0.0,0.49315068493150704,False,False,True,False,False,4,0,-0.7069405026922807,,2.0158158457996245,,12.0
2,438.0,7.506849315068493,1.1934604904632153,9,CDA4,3,CDA,0.0,9,1500,438.0,0.292,0.49315068493150704,False,False,True,False,False,4,0,-0.7069405026922807,-6.907755278982137,2.0158158457996245,0.0,11.0
3,0.0,7.506849315068493,0.0,9,CDA4,3,CDA,0.0,9,1500,438.0,0.292,0.49315068493150704,False,False,True,False,False,4,0,-0.7069405026922807,-6.907755278982137,2.0158158457996245,0.0,4.0
4,0.0,7.506849315068493,0.0,9,CDA4,3,CDA,0.0,9,1500,438.0,0.292,0.49315068493150704,False,False,True,False,False,4,0,-0.7069405026922807,-6.907755278982137,2.0158158457996245,0.0,4.0
5,222.0,8.815315315315315,-1.008174386920981,9,CDA4,3,CDA,1.3084660002468222,9,1500,660.0,0.44,0.0,False,False,True,False,False,4,0,-6.907755278982137,0.2688554588880206,2.176490585523797,0.16067473972417234,8.0
6,131.0,7.0,-0.11898274296094459,9,CDA4,3,CDA,-1.8153153153153152,9,1500,791.0,0.5273333333333333,1.0,False,False,True,False,False,4,0,0.0,0.5962591800744035,1.9459101490553132,-0.23058043646848358,8.0
7,69.0,6.0,0.06267029972752043,9,CDA4,3,CDA,-1.0,9,1500,860.0,0.5733333333333334,2.0,False,False,True,False,False,4,0,0.6931471805599453,0.0,1.791759469228055,-0.15415067982725827,4.0
8,99.0,7.0,0.0,9,CDA4,3,CDA,1.0,9,1500,959.0,0.6393333333333333,1.0,False,False,True,False,False,4,0,0.0,0.0,1.9459101490553132,0.15415067982725827,2.0
9,0.0,7.0,0.0,9,CDA4,3,CDA,0.0,9,1500,959.0,0.6393333333333333,1.0,False,False,True,False,False,4,0,0.0,-6.907755278982137,1.9459101490553132,0.0,3.0
10,93.0,7.0,0.16893732970027248,9,CDA4,3,CDA,0.0,9,1500,1052.0,0.7013333333333334,1.0,False,False,True,False,False,4,0,0.0,-6.907755278982137,1.9459101490553132,0.0,2.0
11,49.0,9.0,0.0,9,CDA4,3,CDA,2.0,9,1500,1101.0,0.734,0.0,False,False,True,False,False,4,0,-6.907755278982137,0.6931471805599453,2.1972245773362196,0.25131442828090633,1.0
12,0.0,9.0,0.0,9,CDA4,3,CDA,0.0,9,1500,1101.0,0.734,0.0,False,False,True,False,False,4,0,-6.907755278982137,-6.907755278982137,2.1972245773362196,0.0,1.0
1,0.0,10.279411764705882,0.0,10,CDA4,3,CDA,,9,1500,0.0,0.0,0.27941176470588225,False,False,True,False,False,4,0,-1.2750687260096667,,2.3301430370577036,,9.0
2,340.0,10.279411764705882,-1.30568356374808,10,CDA4,3,CDA,0.0,9,1500,340.0,0.22666666666666666,0.27941176470588225,False,False,True,False,False,4,0,-1.2750687260096667,-6.907755278982137,2.3301430370577036,0.0,12.0
3,305.0,8.62295081967213,0.4685099846390169,10,CDA4,3,CDA,-1.6564609450337517,9,1500,645.0,0.43,0.0,False,False,True,False,False,4,0,-6.907755278982137,0.5046833656816584,2.1544273485643983,-0.17571568849330532,2.0
4,170.0,9.48235294117647,0.261136712749616,10,CDA4,3,CDA,0.8594021215043401,9,1500,815.0,0.5433333333333333,0.0,False,False,True,False,False,4,0,-6.907755278982137,-0.15151833905650694,2.2494324860163117,0.09500513745191341,3.0
5,49.0,10.0,0.0,10,CDA4,3,CDA,0.5176470588235293,9,1500,864.0,0.576,0.0,False,False,True,False,False,4,0,-6.907755278982137,-0.6584616225720554,2.302585092994046,0.05315260697773416,2.0
6,50.0,8.0,0.0,10,CDA4,3,CDA,-2.0,9,1500,914.0,0.6093333333333333,0.0,False,False,True,False,False,4,0,-6.907755278982137,0.6931471805599453,2.0794415416798357,-0.22314355131421015,2.0
7,150.0,8.0,0.0,10,CDA4,3,CDA,0.0,9,1500,1064.0,0.7093333333333334,0.0,False,False,True,False,False,4,0,-6.907755278982137,-6.907755278982137,2.0794415416798357,0.0,8.0
8,63.0,7.0476190476190474,-0.0967741935483871,10,CDA4,3,CDA,-0.9523809523809526,9,1500,1127.0,0.7513333333333333,0.9523809523809526,False,False,True,False,False,4,0,-0.04879016416943183,-0.04879016416943183,1.9526898360406921,-0.12675170563914362,6.0
9,78.0,7.538461538461538,0.059907834101382486,10,CDA4,3,CDA,0.4908424908424909,9,1500,1205.0,0.8033333333333333,0.4615384615384617,False,False,True,False,False,4,0,-0.7731898882334814,-0.7116319952340483,2.020018121209035,0.067328285168343,4.0
10,19.0,7.0,0.014592933947772658,10,CDA4,3,CDA,-0.5384615384615383,9,1500,1224.0,0.816,1.0,False,False,True,False,False,4,0,0.0,-0.6190392084062237,1.9459101490553132,-0.07410797215372189,6.0
11,71.0,8.0,0.0,10,CDA4,3,CDA,1.0,9,1500,1295.0,0.8633333333333333,0.0,False,False,True,False,False,4,0,-6.907755278982137,0.0,2.0794415416798357,0.13353139262452252,1.0
12,7.0,8.0,0.0,10,CDA4,3,CDA,0.0,9,1500,1302.0,0.868,0.0,False,False,True,False,False,4,0,-6.907755278982137,-6.907755278982137,2.0794415416798357,0.0,1.0
1,0.0,10.275541795665635,0.0,11,CDA4,3,CDA,,9,1500,0.0,0.0,0.2755417956656352,False,False,True,False,False,4,0,-1.2890159534905148,,2.329766488497318,,7.0
2,323.0,10.275541795665635,-0.7083333333333334,11,CDA4,3,CDA,0.0,9,1500,323.0,0.21533333333333332,0.2755417956656352,False,False,True,False,False,4,0,-1.2890159534905148,-6.907755278982137,2.329766488497318,0.0,4.0
3,177.0,10.0,-0.3881578947368421,11,CDA4,3,CDA,-0.2755417956656352,9,1500,500.0,0.3333333333333333,0.0,False,False,True,False,False,4,0,-6.907755278982137,-1.2890159534905148,2.302585092994046,-0.027181395503272032,3.0
4,51.0,7.0,0.0,11,CDA4,3,CDA,-3.0,9,1500,551.0,0.36733333333333335,1.0,False,False,True,False,False,4,0,0.0,1.0986122886681098,1.9459101490553132,-0.35667494393873267,10.0
5,240.0,7.0,-0.17543859649122806,11,CDA4,3,CDA,0.0,9,1500,791.0,0.5273333333333333,1.0,False,False,True,False,False,4,0,0.0,-6.907755278982137,1.9459101490553132,0.0,3.0
6,124.0,6.0,0.36257309941520466,11,CDA4,3,CDA,-1.0,9,1500,915.0,0.61,2.0,False,False,True,False,False,4,0,0.6931471805599453,0.0,1.791759469228055,-0.15415067982725827,4.0
7,65.0,10.0,-0.1425438596491228,11,CDA4,3,CDA,4.0,9,1500,980.0,0.6533333333333333,0.0,False,False,True,False,False,4,0,-6.907755278982137,1.3862943611198906,2.302585092994046,0.5108256237659909,3.0
8,0.0,10.0,0.0,11,CDA4,3,CDA,0.0,9,1500,980.0,0.6533333333333333,0.0,False,False,True,False,False,4,0,-6.907755278982137,-6.907755278982137,2.302585092994046,0.0,3.0
9,146.0,7.7534246575342465,0.1067251461988304,11,CDA4,3,CDA,-2.2465753424657535,9,1500,1126.0,0.7506666666666667,0.24657534246575352,False,False,True,False,False,4,0,-1.400087683252226,0.8094069866758073,2.0481346370547917,-0.2544504559392542,2.0
10,0.0,7.7534246575342465,0.0,11,CDA4,3,CDA,0.0,9,1500,1126.0,0.7506666666666667,0.24657534246575352,False,False,True,False,False,4,0,-1.400087683252226,-6.907755278982137,2.0481346370547917,0.0,12.0
11,233.0,9.304721030042918,-0.3406432748538012,11,CDA4,3,CDA,1.5512963725086717,9,1500,1359.0,0.906,0.0,False,False,True,False,False,4,0,-6.907755278982137,0.4390909507296301,2.230521908993836,0.18238727193904447,1.0
12,9.0,8.444444444444445,0.013157894736842105,11,CDA4,3,CDA,-0.8602765855984735,9,1500,1368.0,0.912,0.0,False,False,True,False,False,4,0,-6.907755278982137,-0.15050133027935153,2.133508762950112,-0.09701314604372424,2.0
1,149.0,6.0,0.0,12,CDA4,3,CDA,,9,1500,149.0,0.09933333333333333,2.0,False,False,True,False,False,4,0,0.6931471805599453,,1.791759469228055,,14.0
2,90.0,8.0,0.0,12,CDA4,3,CDA,2.0,9,1500,239.0,0.15933333333333333,0.0,False,False,True,False,False,4,0,-6.907755278982137,0.6931471805599453,2.0794415416798357,0.2876820724517808,12.0
3,214.0,8.0,-0.1621212121212121,12,CDA4,3,CDA,0.0,9,1500,453.0,0.302,0.0,False,False,True,False,False,4,0,-6.907755278982137,-6.907755278982137,2.0794415416798357,0.0,5.0
4,110.0,7.0,0.08333333333333333,12,CDA4,3,CDA,-1.0,9,1500,563.0,0.37533333333333335,1.0,False,False,True,False,False,4,0,0.0,0.0,1.9459101490553132,-0.13353139262452252,2.0
5,118.0,8.0,0.0,12,CDA4,3,CDA,1.0,9,1500,681.0,0.454,0.0,False,False,True,False,False,4,0,-6.907755278982137,0.0,2.0794415416798357,0.13353139262452252,2.0
6,94.0,8.0,0.07121212121212121,12,CDA4,3,CDA,0.0,9,1500,775.0,0.5166666666666667,0.0,False,False,True,False,False,4,0,-6.907755278982137,-6.907755278982137,2.0794415416798357,0.0,1.0
7,0.0,8.0,0.0,12,CDA4,3,CDA,0.0,9,1500,775.0,0.5166666666666667,0.0,False,False,True,False,False,4,0,-6.907755278982137,-6.907755278982137,2.0794415416798357,0.0,1.0
8,130.0,9.0,-0.29545454545454547,12,CDA4,3,CDA,1.0,9,1500,905.0,0.6033333333333334,0.0,False,False,True,False,False,4,0,-6.907755278982137,0.0,2.1972245773362196,0.11778303565638382,1.0
9,155.0,6.0,0.3522727272727273,12,CDA4,3,CDA,-3.0,9,1500,1060.0,0.7066666666666667,2.0,False,False,True,False,False,4,0,0.6931471805599453,1.0986122886681098,1.791759469228055,-0.4054651081081646,4.0
10,0.0,6.0,0.0,12,CDA4,3,CDA,0.0,9,1500,1060.0,0.7066666666666667,2.0,False,False,True,False,False,4,0,0.6931471805599453,-6.907755278982137,1.791759469228055,0.0,1.0
11,140.0,9.0,0.0,12,CDA4,3,CDA,3.0,9,1500,1200.0,0.8,0.0,False,False,True,False,False,4,0,-6.907755278982137,1.0986122886681098,2.1972245773362196,0.4054651081081646,1.0
12,120.0,9.0,0.0,12,CDA4,3,CDA,0.0,9,1500,1320.0,0.88,0.0,False,False,True,False,False,4,0,-6.907755278982137,-6.907755278982137,2.1972245773362196,0.0,1.0
1,0.0,6.0,0.0,13,CDA4,4,CDA,,6,1200,0.0,0.0,0.0,False,False,False,True,False,4,0,-6.907755278982137,,1.791759469228055,,5.0
2,214.0,6.0,0.46021505376344085,13,CDA4,4,CDA,0.0,6,1200,214.0,0.17833333333333334,0.0,False,False,False,True,False,4,0,-6.907755278982137,-6.907755278982137,1.791759469228055,0.0,5.0
3,0.0,6.0,0.0,13,CDA4,4,CDA,0.0,6,1200,214.0,0.17833333333333334,0.0,False,False,False,True,False,4,0,-6.907755278982137,-6.907755278982137,1.791759469228055,0.0,1.0
4,200.0,8.0,-0.43010752688172044,13,CDA4,4,CDA,2.0,6,1200,414.0,0.345,2.0,False,False,False,True,False,4,0,0.6931471805599453,0.6931471805599453,2.0794415416798357,0.2876820724517808,2.0
5,210.0,6.9523809523809526,0.22580645161290322,13,CDA4,4,CDA,-1.0476190476190474,6,1200,624.0,0.52,0.9523809523809526,False,False,False,True,False,4,0,-0.04879016416943183,0.0465200156348927,1.9390841839849136,-0.1403573576949222,1.0
6,152.0,7.0,0.0,13,CDA4,4,CDA,0.04761904761904745,6,1200,776.0,0.6466666666666666,1.0,False,False,False,True,False,4,0,0.0,-3.0445224377234266,1.9459101490553132,0.0068259650703996755,1.0
7,48.0,7.0,0.0,13,CDA4,4,CDA,0.0,6,1200,824.0,0.6866666666666666,1.0,False,False,False,True,False,4,0,0.0,-6.907755278982137,1.9459101490553132,0.0,1.0499999999999998
8,0.0,7.0,0.0,13,CDA4,4,CDA,0.0,6,1200,824.0,0.6866666666666666,1.0,False,False,False,True,False,4,0,0.0,-6.907755278982137,1.9459101490553132,0.0,1.0499999999999998
9,21.0,7.0,-0.02258064516129032,13,CDA4,4,CDA,0.0,6,1200,845.0,0.7041666666666667,1.0,False,False,False,True,False,4,0,0.0,-6.907755278982137,1.9459101490553132,0.0,1.0
10,51.0,6.0,0.054838709677419356,13,CDA4,4,CDA,-1.0,6,1200,896.0,0.7466666666666667,0.0,False,False,False,True,False,4,0,-6.907755278982137,0.0,1.791759469228055,-0.15415067982725827,1.0
11,21.0,7.0,-0.04516129032258064,13,CDA4,4,CDA,1.0,6,1200,917.0,0.7641666666666667,1.0,False,False,False,True,False,4,0,0.0,0.0,1.9459101490553132,0.15415067982725827,2.3499999999999996
12,13.0,5.0,0.0,13,CDA4,4,CDA,-2.0,6,1200,930.0,0.775,1.0,False,False,False,True,False,4,0,0.0,0.6931471805599453,1.6094379124341003,-0.33647223662121295,1.0
1,0.0,6.746031746031746,0.0,14,CDA4,4,CDA,,6,1200,0.0,0.0,0.746031746031746,False,False,False,True,False,4,0,-0.2929871246814741,,1.9089544425328842,,1.0
2,378.0,6.746031746031746,0.0,14,CDA4,4,CDA,0.0,6,1200,378.0,0.315,0.746031746031746,False,False,False,True,False,4,0,-0.2929871246814741,-6.907755278982137,1.9089544425328842,0.0,1.0
3,70.0,6.0,0.05922165820642978,14,CDA4,4,CDA,-0.746031746031746,6,1200,448.0,0.37333333333333335,0.0,False,False,False,True,False,4,0,-6.907755278982137,-0.2929871246814741,1.791759469228055,-0.1171949733048292,1.0
4,78.0,7.0,-0.06598984771573604,14,CDA4,4,CDA,1.0,6,1200,526.0,0.43833333333333335,1.0,False,False,False,True,False,4,0,0.0,0.0,1.9459101490553132,0.15415067982725827,2.0
5,279.0,6.458781362007168,0.23604060913705585,14,CDA4,4,CDA,-0.5412186379928317,6,1200,805.0,0.6708333333333333,0.45878136200716835,False,False,False,True,False,4,0,-0.7791815179017487,-0.6139319450064411,1.8654406563469175,-0.08046949270839576,1.0
6,0.0,6.458781362007168,0.0,14,CDA4,4,CDA,0.0,6,1200,805.0,0.6708333333333333,0.45878136200716835,False,False,False,True,False,4,0,-0.7791815179017487,-6.907755278982137,1.8654406563469175,0.0,1.0
7,244.0,7.282786885245901,0.0,14,CDA4,4,CDA,0.8240055232387329,6,1200,1049.0,0.8741666666666666,1.2827868852459012,False,False,False,True,False,4,0,0.24903496524695104,-0.1935780461355028,1.9855136028614495,0.12007294651453204,1.0
8,25.0,7.0,-0.021150592216582064,14,CDA4,4,CDA,-0.28278688524590123,6,1200,1074.0,0.895,1.0,False,False,False,True,False,4,0,0.0,-1.263061720695944,1.9459101490553132,-0.03960345380613628,1.0
9,38.0,6.0,0.032148900169204735,14,CDA4,4,CDA,-1.0,6,1200,1112.0,0.9266666666666666,0.0,False,False,False,True,False,4,0,-6.907755278982137,0.0,1.791759469228055,-0.15415067982725827,2.0
10,43.0,7.0,-0.03637901861252115,14,CDA4,4,CDA,1.0,6,1200,1155.0,0.9625,1.0,False,False,False,True,False,4,0,0.0,0.0,1.9459101490553132,0.15415067982725827,16.0
11,0.0,7.0,0.0,14,CDA4,4,CDA,0.0,6,1200,1155.0,0.9625,1.0,False,False,False,True,False,4,0,0.0,-6.907755278982137,1.9459101490553132,0.0,2.5999999999999996
12,27.0,6.0,0.0,14,CDA4,4,CDA,-1.0,6,1200,1182.0,0.985,0.0,False,False,False,True,False,4,0,-6.907755278982137,0.0,1.791759469228055,-0.15415067982725827,1.0
1,0.0,6.0,0.0,15,CDA4,4,CDA,,6,1200,0.0,0.0,0.0,False,False,False,True,False,4,0,-6.907755278982137,,1.791759469228055,,2.0
2,251.0,6.0,0.18606375092661231,15,CDA4,4,CDA,0.0,6,1200,251.0,0.20916666666666667,0.0,False,False,False,True,False,4,0,-6.907755278982137,-6.907755278982137,1.791759469228055,0.0,1.0
3,38.0,7.0,0.0,15,CDA4,4,CDA,1.0,6,1200,289.0,0.24083333333333334,1.0,False,False,False,True,False,4,0,0.0,0.0,1.9459101490553132,0.15415067982725827,2.0
4,70.0,7.0,-0.05189028910303929,15,CDA4,4,CDA,0.0,6,1200,359.0,0.2991666666666667,1.0,False,False,False,True,False,4,0,0.0,-6.907755278982137,1.9459101490553132,0.0,1.0
5,0.0,7.0,0.0,15,CDA4,4,CDA,0.0,6,1200,359.0,0.2991666666666667,1.0,False,False,False,True,False,4,0,0.0,-6.907755278982137,1.9459101490553132,0.0,1.0
6,194.0,6.262886597938144,0.0,15,CDA4,4,CDA,-0.7371134020618557,6,1200,553.0,0.4608333333333333,0.2628865979381443,False,False,False,True,False,4,0,-1.3360325263390025,-0.3050135288034208,1.8346411967113208,-0.11126895234399248,1.0
7,291.0,6.0,-0.2157153446997776,15,CDA4,4,CDA,-0.2628865979381443,6,1200,844.0,0.7033333333333334,0.0,False,False,False,True,False,4,0,-6.907755278982137,-1.3360325263390025,1.791759469228055,-0.0428817274832658,3.0
8,0.0,6.0,0.0,15,CDA4,4,CDA,0.0,6,1200,844.0,0.7033333333333334,0.0,False,False,False,True,False,4,0,-6.907755278982137,-6.907755278982137,1.791759469228055,0.0,6.0
9,121.0,5.0,0.08969607116382505,15,CDA4,4,CDA,-1.0,6,1200,965.0,0.8041666666666667,1.0,False,False,False,True,False,4,0,0.0,0.0,1.6094379124341003,-0.18232155679395468,1.0
10,0.0,5.0,0.0,15,CDA4,4,CDA,0.0,6,1200,965.0,0.8041666666666667,1.0,False,False,False,True,False,4,0,0.0,-6.907755278982137,1.6094379124341003,0.0,1.0
11,313.0,7.4696485623003195,0.0,15,CDA4,4,CDA,2.4696485623003195,6,1200,1278.0,1.065,1.4696485623003195,False,False,False,True,False,4,0,0.3850232989429875,0.9040758580472688,2.0108479514918605,0.4014100390577602,5.0
12,71.0,6.76056338028169,0.05263157894736842,15,CDA4,4,CDA,-0.7090851820186295,6,1200,1349.0,1.1241666666666668,0.76056338028169,False,False,False,True,False,4,0,-0.2736958304770412,-0.34377961577583505,1.9111062268606211,-0.09974172463123931,1.0
1,151.0,5.0,0.12377049180327869,16,CDA4,4,CDA,,6,1200,151.0,0.12583333333333332,1.0,False,False,False,True,False,4,0,0.0,,1.6094379124341003,,3.0
2,69.0,6.0,0.056557377049180325,16,CDA4,4,CDA,1.0,6,1200,220.0,0.18333333333333332,0.0,False,False,False,True,False,4,0,-6.907755278982137,0.0,1.791759469228055,0.18232155679395468,1.0
3,200.0,7.0,0.0,16,CDA4,4,CDA,1.0,6,1200,420.0,0.35,1.0,False,False,False,True,False,4,0,0.0,0.0,1.9459101490553132,0.15415067982725827,1.0
4,0.0,7.0,0.0,16,CDA4,4,CDA,0.0,6,1200,420.0,0.35,1.0,False,False,False,True,False,4,0,0.0,-6.907755278982137,1.9459101490553132,0.0,1.0
5,297.0,6.326599326599327,-0.24344262295081967,16,CDA4,4,CDA,-0.673400673400673,6,1200,717.0,0.5975,0.326599326599327,False,False,False,True,False,4,0,-1.1190211602993156,-0.39541477225466354,1.8447628606107658,-0.10114728844454746,1.0
6,62.0,6.0,0.0,16,CDA4,4,CDA,-0.326599326599327,6,1200,779.0,0.6491666666666667,0.0,False,False,False,True,False,4,0,-6.907755278982137,-1.1190211602993156,1.791759469228055,-0.05300339138271082,2.0
7,2.0,6.0,0.0,16,CDA4,4,CDA,0.0,6,1200,781.0,0.6508333333333334,0.0,False,False,False,True,False,4,0,-6.907755278982137,-6.907755278982137,1.791759469228055,0.0,2.0
8,317.0,7.135646687697161,0.519672131147541,16,CDA4,4,CDA,1.135646687697161,6,1200,1098.0,0.915,1.135646687697161,False,False,False,True,False,4,0,0.12720225757287512,0.12720225757287512,1.965102882798785,0.17334341357073013,2.0
9,0.0,7.135646687697161,0.0,16,CDA4,4,CDA,0.0,6,1200,1098.0,0.915,1.135646687697161,False,False,False,True,False,4,0,0.12720225757287512,-6.907755278982137,1.965102882798785,0.0,1.0
10,2.0,7.0,0.0,16,CDA4,4,CDA,-0.13564668769716093,6,1200,1100.0,0.9166666666666666,1.0,False,False,False,True,False,4,0,0.0,-1.997701658183718,1.9459101490553132,-0.019192733743471857,5.0
11,81.0,7.0,0.0,16,CDA4,4,CDA,0.0,6,1200,1181.0,0.9841666666666666,1.0,False,False,False,True,False,4,0,0.0,-6.907755278982137,1.9459101490553132,0.0,4.0
12,39.0,7.0,0.0,16,CDA4,4,CDA,0.0,6,1200,1220.0,1.0166666666666666,1.0,False,False,False,True,False,4,0,0.0,-6.907755278982137,1.9459101490553132,0.0,4.0
1,0.0,10.0,0.0,17,CDA4,5,CDA,,14,1100,0.0,0.0,4.0,False,False,False,False,True,4,0,1.3862943611198906,,2.302585092994046,,9.0
2,185.0,10.0,0.0,17,CDA4,5,CDA,0.0,14,1100,185.0,0.16818181818181818,4.0,False,False,False,False,True,4,0,1.3862943611198906,-6.907755278982137,2.302585092994046,0.0,4.0
3,340.0,7.188235294117647,0.6076854334226989,17,CDA4,5,CDA,-2.8117647058823527,14,1100,525.0,0.4772727272727273,6.811764705882353,False,False,False,False,True,4,0,1.9186512210826787,1.0338122954411941,1.972445702681279,-0.33013939031276696,1.0
4,0.0,7.188235294117647,0.0,17,CDA4,5,CDA,0.0,14,1100,525.0,0.4772727272727273,6.811764705882353,False,False,False,False,True,4,0,1.9186512210826787,-6.907755278982137,1.972445702681279,0.0,2.0
5,174.0,12.0,0.0,17,CDA4,5,CDA,4.811764705882353,14,1100,699.0,0.6354545454545455,2.0,False,False,False,False,True,4,0,0.6931471805599453,1.5710638995524853,2.4849066497880004,0.5124609471067214,12.0
6,290.0,10.0,-0.5183199285075961,17,CDA4,5,CDA,-2.0,14,1100,989.0,0.899090909090909,4.0,False,False,False,False,True,4,0,1.3862943611198906,0.6931471805599453,2.302585092994046,-0.18232155679395445,12.0
7,0.0,10.0,0.0,17,CDA4,5,CDA,0.0,14,1100,989.0,0.899090909090909,4.0,False,False,False,False,True,4,0,1.3862943611198906,-6.907755278982137,2.302585092994046,0.0,15.0
8,51.0,8.0,0.0,17,CDA4,5,CDA,-2.0,14,1100,1040.0,0.9454545454545454,6.0,False,False,False,False,True,4,0,1.791759469228055,0.6931471805599453,2.0794415416798357,-0.22314355131421015,7.0
9,48.0,8.0,0.08579088471849866,17,CDA4,5,CDA,0.0,14,1100,1088.0,0.9890909090909091,6.0,False,False,False,False,True,4,0,1.791759469228055,-6.907755278982137,2.0794415416798357,0.0,7.0
10,22.0,10.0,0.03932082216264522,17,CDA4,5,CDA,2.0,14,1100,1110.0,1.009090909090909,4.0,False,False,False,False,True,4,0,1.3862943611198906,0.6931471805599453,2.302585092994046,0.22314355131421015,5.0
11,0.0,10.0,0.0,17,CDA4,5,CDA,0.0,14,1100,1110.0,1.009090909090909,4.0,False,False,False,False,True,4,0,1.3862943611198906,-6.907755278982137,2.302585092994046,0.0,5.0
12,9.0,12.0,0.0,17,CDA4,5,CDA,2.0,14,1100,1119.0,1.0172727272727273,2.0,False,False,False,False,True,4,0,0.6931471805599453,0.6931471805599453,2.4849066497880004,0.18232155679395445,3.0
1,80.0,6.0,0.4452690166975881,18,CDA4,5,CDA,,14,1100,80.0,0.07272727272727272,8.0,False,False,False,False,True,4,0,2.0794415416798357,,1.791759469228055,,6.0
2,221.0,11.628959276018099,-0.20500927643784786,18,CDA4,5,CDA,5.628959276018099,14,1100,301.0,0.2736363636363636,2.371040723981901,False,False,False,False,True,4,0,0.8633289828032895,1.7279245717813718,2.4534984763715126,0.6617390071434577,4.0
3,151.0,11.0,-0.4202226345083488,18,CDA4,5,CDA,-0.6289592760180991,14,1100,452.0,0.4109090909090909,3.0,False,False,False,False,True,4,0,1.0986122886681098,-0.4636887683870618,2.3978952727983707,-0.05560320357314197,3.0
4,160.0,9.10625,-0.14842300556586271,18,CDA4,5,CDA,-1.8937500000000007,14,1100,612.0,0.5563636363636364,4.893750000000001,False,False,False,False,True,4,0,1.5879588807569762,0.6385589902755426,2.2089609909613777,-0.188934281836993,11.0
5,0.0,9.10625,0.0,18,CDA4,5,CDA,0.0,14,1100,612.0,0.5563636363636364,4.893750000000001,False,False,False,False,True,4,0,1.5879588807569762,-6.907755278982137,2.2089609909613777,0.0,2.0
6,155.0,7.0,0.0,18,CDA4,5,CDA,-2.1062499999999993,14,1100,767.0,0.6972727272727273,7.0,False,False,False,False,True,4,0,1.9459101490553132,0.7449091151185344,1.9459101490553132,-0.2630508419060644,4.0
7,91.0,7.0,-0.08441558441558442,18,CDA4,5,CDA,0.0,14,1100,858.0,0.78,7.0,False,False,False,False,True,4,0,1.9459101490553132,-6.907755278982137,1.9459101490553132,0.0,2.0
8,36.0,6.0,0.13358070500927643,18,CDA4,5,CDA,-1.0,14,1100,894.0,0.8127272727272727,8.0,False,False,False,False,True,4,0,2.0794415416798357,0.0,1.791759469228055,-0.15415067982725827,4.5
9,183.0,8.207650273224044,-0.3395176252319109,18,CDA4,5,CDA,2.2076502732240435,14,1100,1077.0,0.9790909090909091,5.7923497267759565,False,False,False,False,True,4,0,1.756538034264692,0.791928725119729,2.105066679482659,0.31330721025460395,14.0
10,0.0,8.207650273224044,0.0,18,CDA4,5,CDA,0.0,14,1100,1077.0,0.9790909090909091,5.7923497267759565,False,False,False,False,True,4,0,1.756538034264692,-6.907755278982137,2.105066679482659,0.0,7.0
11,1.0,8.0,0.0,18,CDA4,5,CDA,-0.2076502732240435,14,1100,1078.0,0.98,6.0,False,False,False,False,True,4,0,1.791759469228055,-1.5718999931150361,2.0794415416798357,-0.02562513780282316,11.8
12,0.0,8.0,0.0,18,CDA4,5,CDA,0.0,14,1100,1078.0,0.98,6.0,False,False,False,False,True,4,0,1.791759469228055,-6.907755278982137,2.0794415416798357,0.0,1.0
1,0.0,8.0,0.0,19,CDA4,5,CDA,,14,1100,0.0,0.0,6.0,False,False,False,False,True,4,0,1.791759469228055,,2.0794415416798357,,4.0
2,91.0,8.0,-0.10224719101123596,19,CDA4,5,CDA,0.0,14,1100,91.0,0.08272727272727273,6.0,False,False,False,False,True,4,0,1.791759469228055,-6.907755278982137,2.0794415416798357,0.0,3.0
3,0.0,8.0,0.0,19,CDA4,5,CDA,0.0,14,1100,91.0,0.08272727272727273,6.0,False,False,False,False,True,4,0,1.791759469228055,-6.907755278982137,2.0794415416798357,0.0,4.0
4,120.0,7.0,0.2696629213483146,19,CDA4,5,CDA,-1.0,14,1100,211.0,0.1918181818181818,7.0,False,False,False,False,True,4,0,1.9459101490553132,0.0,1.9459101490553132,-0.13353139262452252,4.0
5,325.0,7.141538461538461,-0.3651685393258427,19,CDA4,5,CDA,0.1415384615384614,14,1100,536.0,0.48727272727272725,6.858461538461539,False,False,False,False,True,4,0,1.9254831510561314,-1.9551837858406436,1.9659282239446996,0.02001807488938634,6.0
6,199.0,8.0,0.0,19,CDA4,5,CDA,0.8584615384615386,14,1100,735.0,0.6681818181818182,6.0,False,False,False,False,True,4,0,1.791759469228055,-0.1526134005083717,2.0794415416798357,0.11351331773513618,1.0
7,1.0,8.0,0.0,19,CDA4,5,CDA,0.0,14,1100,736.0,0.6690909090909091,6.0,False,False,False,False,True,4,0,1.791759469228055,-6.907755278982137,2.0794415416798357,0.0,5.0
8,73.0,8.0,0.0,19,CDA4,5,CDA,0.0,14,1100,809.0,0.7354545454545455,6.0,False,False,False,False,True,4,0,1.791759469228055,-6.907755278982137,2.0794415416798357,0.0,4.0
9,14.0,8.0,0.06292134831460675,19,CDA4,5,CDA,0.0,14,1100,823.0,0.7481818181818182,6.0,False,False,False,False,True,4,0,1.791759469228055,-6.907755278982137,2.0794415416798357,0.0,4.0
10,0.0,8.0,0.0,19,CDA4,5,CDA,0.0,14,1100,823.0,0.7481818181818182,6.0,False,False,False,False,True,4,0,1.791759469228055,-6.907755278982137,2.0794415416798357,0.0,4.0
11,67.0,12.0,0.0,19,CDA4,5,CDA,4.0,14,1100,890.0,0.8090909090909091,2.0,False,False,False,False,True,4,0,0.6931471805599453,1.3862943611198906,2.4849066497880004,0.4054651081081646,1.0
12,0.0,12.0,0.0,19,CDA4,5,CDA,0.0,14,1100,890.0,0.8090909090909091,2.0,False,False,False,False,True,4,0,0.6931471805599453,-6.907755278982137,2.4849066497880004,0.0,1.0
1,0.0,10.0,0.0,20,CDA4,5,CDA,,14,1100,0.0,0.0,4.0,False,False,False,False,True,4,0,1.3862943611198906,,2.302585092994046,,2.0
2,50.0,10.0,0.0,20,CDA4,5,CDA,0.0,14,1100,50.0,0.045454545454545456,4.0,False,False,False,False,True,4,0,1.3862943611198906,-6.907755278982137,2.302585092994046,0.0,3.0
3,0.0,10.0,0.0,20,CDA4,5,CDA,0.0,14,1100,50.0,0.045454545454545456,4.0,False,False,False,False,True,4,0,1.3862943611198906,-6.907755278982137,2.302585092994046,0.0,3.0
4,319.0,9.80564263322884,0.0,20,CDA4,5,CDA,-0.19435736677115933,14,1100,369.0,0.33545454545454545,4.194357366771159,False,False,False,False,True,4,0,1.433740137903329,-1.6380567177397558,2.282957998880357,-0.01962709411368868,1.0
5,147.0,10.0,0.15960912052117263,20,CDA4,5,CDA,0.19435736677115933,14,1100,516.0,0.4690909090909091,4.0,False,False,False,False,True,4,0,1.3862943611198906,-1.6380567177397558,2.302585092994046,0.01962709411368868,4.0
6,0.0,10.0,0.0,20,CDA4,5,CDA,0.0,14,1100,516.0,0.4690909090909091,4.0,False,False,False,False,True,4,0,1.3862943611198906,-6.907755278982137,2.302585092994046,0.0,3.0
7,0.0,10.0,0.0,20,CDA4,5,CDA,0.0,14,1100,516.0,0.4690909090909091,4.0,False,False,False,False,True,4,0,1.3862943611198906,-6.907755278982137,2.302585092994046,0.0,2.0
8,35.0,11.0,-0.038002171552660155,20,CDA4,5,CDA,1.0,14,1100,551.0,0.5009090909090909,3.0,False,False,False,False,True,4,0,1.0986122886681098,0.0,2.3978952727983707,0.09531017980432477,1.0
9,84.0,10.0,-0.09120521172638436,20,CDA4,5,CDA,-1.0,14,1100,635.0,0.5772727272727273,4.0,False,False,False,False,True,4,0,1.3862943611198906,0.0,2.302585092994046,-0.09531017980432477,4.0
10,121.0,9.0,0.0,20,CDA4,5,CDA,-1.0,14,1100,756.0,0.6872727272727273,5.0,False,False,False,False,True,4,0,1.6094379124341003,0.0,2.1972245773362196,-0.10536051565782634,5.0
11,155.0,8.896774193548387,-0.16829533116178066,20,CDA4,5,CDA,-0.10322580645161317,14,1100,911.0,0.8281818181818181,5.103225806451613,False,False,False,False,True,4,0,1.6298728508484073,-2.270836394679463,2.185688760874055,-0.011535816462164394,5.0
12,10.0,8.0,0.0,20,CDA4,5,CDA,-0.8967741935483868,14,1100,921.0,0.8372727272727273,6.0,False,False,False,False,True,4,0,1.791759469228055,-0.10895118378855516,2.0794415416798357,-0.10624721919421942,6.0
1,0.0,15.643835616438356,0.0,1,CDA5,1,CDA,,14,1100,0.0,0.0,1.6438356164383556,True,False,False,False,False,5,0,0.4970323016336545,,2.7500769490675645,,6.0
2,0.0,15.643835616438356,0.0,1,CDA5,1,CDA,0.0,14,1100,0.0,0.0,1.6438356164383556,True,False,False,False,False,5,0,0.4970323016336545,-6.907755278982137,2.7500769490675645,0.0,2.0
3,0.0,15.643835616438356,0.0,1,CDA5,1,CDA,0.0,14,1100,0.0,0.0,1.6438356164383556,True,False,False,False,False,5,0,0.4970323016336545,-6.907755278982137,2.7500769490675645,0.0,3.0
4,365.0,15.643835616438356,-1.822721598002497,1,CDA5,1,CDA,0.0,14,1100,365.0,0.33181818181818185,1.6438356164383556,True,False,False,False,False,5,0,0.4970323016336545,-6.907755278982137,2.7500769490675645,0.0,1.0
5,0.0,15.643835616438356,0.0,1,CDA5,1,CDA,0.0,14,1100,365.0,0.33181818181818185,1.6438356164383556,True,False,False,False,False,5,0,0.4970323016336545,-6.907755278982137,2.7500769490675645,0.0,2.0
6,0.0,15.643835616438356,0.0,1,CDA5,1,CDA,0.0,14,1100,365.0,0.33181818181818185,1.6438356164383556,True,False,False,False,False,5,0,0.4970323016336545,-6.907755278982137,2.7500769490675645,0.0,4.0
7,0.0,15.643835616438356,0.0,1,CDA5,1,CDA,0.0,14,1100,365.0,0.33181818181818185,1.6438356164383556,True,False,False,False,False,5,0,0.4970323016336545,-6.907755278982137,2.7500769490675645,0.0,4.0
8,182.0,14.032967032967033,0.4544319600499376,1,CDA5,1,CDA,-1.6108685834713228,14,1100,547.0,0.49727272727272726,0.03296703296703285,True,False,False,False,False,5,0,-3.4122472178487437,0.4767735263617598,2.641409349515689,-0.10866759955187533,2.0
9,0.0,14.032967032967033,0.0,1,CDA5,1,CDA,0.0,14,1100,547.0,0.49727272727272726,0.03296703296703285,True,False,False,False,False,5,0,-3.4122472178487437,-6.907755278982137,2.641409349515689,0.0,2.0
10,0.0,14.032967032967033,0.0,1,CDA5,1,CDA,0.0,14,1100,547.0,0.49727272727272726,0.03296703296703285,True,False,False,False,False,5,0,-3.4122472178487437,-6.907755278982137,2.641409349515689,0.0,1.0
11,254.0,12.086614173228346,-1.585518102372035,1,CDA5,1,CDA,-1.9463528597386865,14,1100,801.0,0.7281818181818182,1.9133858267716537,True,False,False,False,False,5,0,0.6488743568819573,0.6659572929885257,2.492098573562706,-0.14931077595298303,1.0
12,0.0,12.086614173228346,0.0,1,CDA5,1,CDA,0.0,14,1100,801.0,0.7281818181818182,1.9133858267716537,True,False,False,False,False,5,0,0.6488743568819573,-6.907755278982137,2.492098573562706,0.0,1.0
1,0.0,17.0,0.0,2,CDA5,1,CDA,,14,1100,0.0,0.0,3.0,True,False,False,False,False,5,0,1.0986122886681098,,2.833213344056216,,3.0
2,200.0,17.0,-0.8862629246676514,2,CDA5,1,CDA,0.0,14,1100,200.0,0.18181818181818182,3.0,True,False,False,False,False,5,0,1.0986122886681098,-6.907755278982137,2.833213344056216,0.0,4.0
3,0.0,17.0,0.0,2,CDA5,1,CDA,0.0,14,1100,200.0,0.18181818181818182,3.0,True,False,False,False,False,5,0,1.0986122886681098,-6.907755278982137,2.833213344056216,0.0,4.0
4,0.0,17.0,0.0,2,CDA5,1,CDA,0.0,14,1100,200.0,0.18181818181818182,3.0,True,False,False,False,False,5,0,1.0986122886681098,-6.907755278982137,2.833213344056216,0.0,3.0
5,0.0,17.0,0.0,2,CDA5,1,CDA,0.0,14,1100,200.0,0.18181818181818182,3.0,True,False,False,False,False,5,0,1.0986122886681098,-6.907755278982137,2.833213344056216,0.0,1.0
6,91.0,14.0,0.0,2,CDA5,1,CDA,-3.0,14,1100,291.0,0.26454545454545453,0.0,True,False,False,False,False,5,0,-6.907755278982137,1.0986122886681098,2.6390573296152584,-0.19415601444095776,1.0
7,200.0,14.0,0.0,2,CDA5,1,CDA,0.0,14,1100,491.0,0.44636363636363635,0.0,True,False,False,False,False,5,0,-6.907755278982137,-6.907755278982137,2.6390573296152584,0.0,14.0
8,0.0,14.0,0.0,2,CDA5,1,CDA,0.0,14,1100,491.0,0.44636363636363635,0.0,True,False,False,False,False,5,0,-6.907755278982137,-6.907755278982137,2.6390573296152584,0.0,3.0
9,120.0,12.275,0.17725258493353027,2,CDA5,1,CDA,-1.7249999999999996,14,1100,611.0,0.5554545454545454,1.7249999999999996,True,False,False,False,False,5,0,0.5452270504833229,0.5452270504833229,2.507564673680584,-0.1314926559346743,4.0
10,1.0,15.0,-0.0014771048744460858,2,CDA5,1,CDA,2.7249999999999996,14,1100,612.0,0.5563636363636364,1.0,True,False,False,False,False,5,0,0.0,1.0024684281152072,2.70805020110221,0.20048552742162595,4.0
11,0.0,15.0,0.0,2,CDA5,1,CDA,0.0,14,1100,612.0,0.5563636363636364,1.0,True,False,False,False,False,5,0,0.0,-6.907755278982137,2.70805020110221,0.0,2.8000000000000007
12,65.0,14.0,0.0,2,CDA5,1,CDA,-1.0,14,1100,677.0,0.6154545454545455,0.0,True,False,False,False,False,5,0,-6.907755278982137,0.0,2.6390573296152584,-0.06899287148695166,3.0
1,200.0,14.0,0.3225806451612903,3,CDA5,1,CDA,,14,1100,200.0,0.18181818181818182,0.0,True,False,False,False,False,5,0,-6.907755278982137,,2.6390573296152584,,4.0
2,260.0,14.338461538461539,-0.20967741935483872,3,CDA5,1,CDA,0.33846153846153904,14,1100,460.0,0.41818181818181815,0.33846153846153904,True,False,False,False,False,5,0,-1.0833448165373196,-1.0833448165373196,2.662945544789954,0.02388821517469575,3.0
3,0.0,14.338461538461539,0.0,3,CDA5,1,CDA,0.0,14,1100,460.0,0.41818181818181815,0.33846153846153904,True,False,False,False,False,5,0,-1.0833448165373196,-6.907755278982137,2.662945544789954,0.0,3.0
4,198.0,15.5,-0.1596774193548387,3,CDA5,1,CDA,1.161538461538461,14,1100,658.0,0.5981818181818181,1.5,True,False,False,False,False,5,0,0.4054651081081644,0.14974538635934143,2.740840023925201,0.07789447913524672,2.0
5,67.0,14.0,0.0,3,CDA5,1,CDA,-1.5,14,1100,725.0,0.6590909090909091,0.0,True,False,False,False,False,5,0,-6.907755278982137,0.4054651081081644,2.6390573296152584,-0.10178269430994247,2.0
6,6.0,14.0,0.00967741935483871,3,CDA5,1,CDA,0.0,14,1100,731.0,0.6645454545454546,0.0,True,False,False,False,False,5,0,-6.907755278982137,-6.907755278982137,2.6390573296152584,0.0,1.9499999999999993
7,0.0,14.0,0.0,3,CDA5,1,CDA,0.0,14,1100,731.0,0.6645454545454546,0.0,True,False,False,False,False,5,0,-6.907755278982137,-6.907755278982137,2.6390573296152584,0.0,2.9000000000000004
8,200.0,16.0,-0.16129032258064516,3,CDA5,1,CDA,2.0,14,1100,931.0,0.8463636363636363,2.0,True,False,False,False,False,5,0,0.6931471805599453,0.6931471805599453,2.772588722239781,0.13353139262452274,4.0
9,203.0,15.0,0.0,3,CDA5,1,CDA,-1.0,14,1100,1134.0,1.030909090909091,1.0,True,False,False,False,False,5,0,0.0,0.0,2.70805020110221,-0.06453852113757108,1.0
10,69.0,15.0,-0.055645161290322584,3,CDA5,1,CDA,0.0,14,1100,1203.0,1.0936363636363637,1.0,True,False,False,False,False,5,0,0.0,-6.907755278982137,2.70805020110221,0.0,1.0
11,0.0,15.0,0.0,3,CDA5,1,CDA,0.0,14,1100,1203.0,1.0936363636363637,1.0,True,False,False,False,False,5,0,0.0,-6.907755278982137,2.70805020110221,0.0,1.0
12,37.0,14.0,0.0,3,CDA5,1,CDA,-1.0,14,1100,1240.0,1.1272727272727272,0.0,True,False,False,False,False,5,0,-6.907755278982137,0.0,2.6390573296152584,-0.06899287148695166,1.0999999999999996
1,0.0,14.798387096774194,0.0,4,CDA5,1,CDA,,14,1100,0.0,0.0,0.798387096774194,True,False,False,False,False,5,0,-0.22516171547044644,,2.6945181948836336,,3.0
2,248.0,14.798387096774194,-0.4626865671641791,4,CDA5,1,CDA,0.0,14,1100,248.0,0.22545454545454546,0.798387096774194,True,False,False,False,False,5,0,-0.22516171547044644,-6.907755278982137,2.6945181948836336,0.0,2.0
3,0.0,14.798387096774194,0.0,4,CDA5,1,CDA,0.0,14,1100,248.0,0.22545454545454546,0.798387096774194,True,False,False,False,False,5,0,-0.22516171547044644,-6.907755278982137,2.6945181948836336,0.0,2.0
4,0.0,14.798387096774194,0.0,4,CDA5,1,CDA,0.0,14,1100,248.0,0.22545454545454546,0.798387096774194,True,False,False,False,False,5,0,-0.22516171547044644,-6.907755278982137,2.6945181948836336,0.0,2.0
5,144.0,14.0,0.0,4,CDA5,1,CDA,-0.798387096774194,14,1100,392.0,0.3563636363636364,0.0,True,False,False,False,False,5,0,-6.907755278982137,-0.22516171547044644,2.6390573296152584,-0.05546086526837524,2.0
6,56.0,14.0,0.05223880597014925,4,CDA5,1,CDA,0.0,14,1100,448.0,0.4072727272727273,0.0,True,False,False,False,False,5,0,-6.907755278982137,-6.907755278982137,2.6390573296152584,0.0,1.0
7,200.0,15.0,0.0,4,CDA5,1,CDA,1.0,14,1100,648.0,0.5890909090909091,1.0,True,False,False,False,False,5,0,0.0,0.0,2.70805020110221,0.06899287148695166,1.0
8,0.0,15.0,0.0,4,CDA5,1,CDA,0.0,14,1100,648.0,0.5890909090909091,1.0,True,False,False,False,False,5,0,0.0,-6.907755278982137,2.70805020110221,0.0,1.0
9,101.0,15.0,0.0,4,CDA5,1,CDA,0.0,14,1100,749.0,0.6809090909090909,1.0,True,False,False,False,False,5,0,0.0,-6.907755278982137,2.70805020110221,0.0,3.0
10,80.0,15.0,-0.07462686567164178,4,CDA5,1,CDA,0.0,14,1100,829.0,0.7536363636363637,1.0,True,False,False,False,False,5,0,0.0,-6.907755278982137,2.70805020110221,0.0,6.0
11,20.0,14.0,0.0,4,CDA5,1,CDA,-1.0,14,1100,849.0,0.7718181818181818,0.0,True,False,False,False,False,5,0,-6.907755278982137,0.0,2.6390573296152584,-0.06899287148695166,1.0
12,223.0,13.197309417040358,-0.2080223880597015,4,CDA5,1,CDA,-0.8026905829596416,14,1100,1072.0,0.9745454545454545,0.8026905829596416,True,False,False,False,False,5,0,-0.21978596561936337,-0.21978596561936337,2.580012976773354,-0.059044352841904235,1.0
1,0.0,6.0,0.0,5,CDA5,2,CDA,,6,1200,0.0,0.0,0.0,False,True,False,False,False,5,0,-6.907755278982137,,1.791759469228055,,10.0
2,200.0,6.0,1.2591815320041972,5,CDA5,2,CDA,0.0,6,1200,200.0,0.16666666666666666,0.0,False,True,False,False,False,5,0,-6.907755278982137,-6.907755278982137,1.791759469228055,0.0,2.0
3,188.0,12.0,0.0,5,CDA5,2,CDA,6.0,6,1200,388.0,0.3233333333333333,6.0,False,True,False,False,False,5,0,1.791759469228055,1.791759469228055,2.4849066497880004,0.6931471805599454,2.0
4,0.0,12.0,0.0,5,CDA5,2,CDA,0.0,6,1200,388.0,0.3233333333333333,6.0,False,True,False,False,False,5,0,1.791759469228055,-6.907755278982137,2.4849066497880004,0.0,4.0
5,98.0,10.0,0.20566631689401887,5,CDA5,2,CDA,-2.0,6,1200,486.0,0.405,4.0,False,True,False,False,False,5,0,1.3862943611198906,0.6931471805599453,2.302585092994046,-0.18232155679395445,4.0
6,0.0,10.0,0.0,5,CDA5,2,CDA,0.0,6,1200,486.0,0.405,4.0,False,True,False,False,False,5,0,1.3862943611198906,-6.907755278982137,2.302585092994046,0.0,1.0
7,2.0,12.0,0.0,5,CDA5,2,CDA,2.0,6,1200,488.0,0.4066666666666667,6.0,False,True,False,False,False,5,0,1.791759469228055,0.6931471805599453,2.4849066497880004,0.18232155679395445,3.0
8,296.0,12.006756756756756,0.621196222455404,5,CDA5,2,CDA,0.006756756756756133,6,1200,784.0,0.6533333333333333,6.006756756756756,False,True,False,False,False,5,0,1.7928849617497895,-4.997212273764207,2.4854695543905363,0.0005629046025359408,1.0
9,169.0,11.0,0.0,5,CDA5,2,CDA,-1.0067567567567561,6,1200,953.0,0.7941666666666667,5.0,False,True,False,False,False,5,0,1.6094379124341003,0.006734032181343458,2.3978952727983707,-0.08757428159216563,4.0
10,0.0,11.0,0.0,5,CDA5,2,CDA,0.0,6,1200,953.0,0.7941666666666667,5.0,False,True,False,False,False,5,0,1.6094379124341003,-6.907755278982137,2.3978952727983707,0.0,5.0
11,0.0,11.0,0.0,5,CDA5,2,CDA,0.0,6,1200,953.0,0.7941666666666667,5.0,False,True,False,False,False,5,0,1.6094379124341003,-6.907755278982137,2.3978952727983707,0.0,4.0
12,0.0,11.0,0.0,5,CDA5,2,CDA,0.0,6,1200,953.0,0.7941666666666667,5.0,False,True,False,False,False,5,0,1.6094379124341003,-6.907755278982137,2.3978952727983707,0.0,1.0
1,200.0,6.0,1.4527845036319613,6,CDA5,2,CDA,,6,1200,200.0,0.16666666666666666,0.0,False,True,False,False,False,5,0,-6.907755278982137,,1.791759469228055,,2.0
2,64.0,12.0,0.0,6,CDA5,2,CDA,6.0,6,1200,264.0,0.22,6.0,False,True,False,False,False,5,0,1.791759469228055,1.791759469228055,2.4849066497880004,0.6931471805599454,2.0
3,99.0,12.0,0.0,6,CDA5,2,CDA,0.0,6,1200,363.0,0.3025,6.0,False,True,False,False,False,5,0,1.791759469228055,-6.907755278982137,2.4849066497880004,0.0,1.0
4,0.0,12.0,0.0,6,CDA5,2,CDA,0.0,6,1200,363.0,0.3025,6.0,False,True,False,False,False,5,0,1.791759469228055,-6.907755278982137,2.4849066497880004,0.0,1.0
5,37.0,12.0,0.0,6,CDA5,2,CDA,0.0,6,1200,400.0,0.3333333333333333,6.0,False,True,False,False,False,5,0,1.791759469228055,-6.907755278982137,2.4849066497880004,0.0,6.0
6,128.0,12.0,-0.1549636803874092,6,CDA5,2,CDA,0.0,6,1200,528.0,0.44,6.0,False,True,False,False,False,5,0,1.791759469228055,-6.907755278982137,2.4849066497880004,0.0,1.0
7,0.0,12.0,0.0,6,CDA5,2,CDA,0.0,6,1200,528.0,0.44,6.0,False,True,False,False,False,5,0,1.791759469228055,-6.907755278982137,2.4849066497880004,0.0,1.0
8,200.0,11.0,0.0,6,CDA5,2,CDA,-1.0,6,1200,728.0,0.6066666666666667,5.0,False,True,False,False,False,5,0,1.6094379124341003,0.0,2.3978952727983707,-0.08701137698962969,6.0
9,1.0,11.0,0.002421307506053269,6,CDA5,2,CDA,0.0,6,1200,729.0,0.6075,5.0,False,True,False,False,False,5,0,1.6094379124341003,-6.907755278982137,2.3978952727983707,0.0,6.0
10,97.0,13.0,0.0,6,CDA5,2,CDA,2.0,6,1200,826.0,0.6883333333333334,7.0,False,True,False,False,False,5,0,1.9459101490553132,0.6931471805599453,2.5649493574615367,0.16705408466316607,4.0
11,0.0,13.0,0.0,6,CDA5,2,CDA,0.0,6,1200,826.0,0.6883333333333334,7.0,False,True,False,False,False,5,0,1.9459101490553132,-6.907755278982137,2.5649493574615367,0.0,4.0
12,0.0,13.0,0.0,6,CDA5,2,CDA,0.0,6,1200,826.0,0.6883333333333334,7.0,False,True,False,False,False,5,0,1.9459101490553132,-6.907755278982137,2.5649493574615367,0.0,4.0
1,200.0,6.0,1.4101057579318448,7,CDA5,2,CDA,,6,1200,200.0,0.16666666666666666,0.0,False,True,False,False,False,5,0,-6.907755278982137,,1.791759469228055,,2.0
2,154.0,12.0,-0.1809635722679201,7,CDA5,2,CDA,6.0,6,1200,354.0,0.295,6.0,False,True,False,False,False,5,0,1.791759469228055,1.791759469228055,2.4849066497880004,0.6931471805599454,1.0
3,149.0,11.0,0.3501762632197415,7,CDA5,2,CDA,-1.0,6,1200,503.0,0.4191666666666667,5.0,False,True,False,False,False,5,0,1.6094379124341003,0.0,2.3978952727983707,-0.08701137698962969,1.0
4,117.0,13.0,0.0,7,CDA5,2,CDA,2.0,6,1200,620.0,0.5166666666666667,7.0,False,True,False,False,False,5,0,1.9459101490553132,0.6931471805599453,2.5649493574615367,0.16705408466316607,6.0
5,0.0,13.0,0.0,7,CDA5,2,CDA,0.0,6,1200,620.0,0.5166666666666667,7.0,False,True,False,False,False,5,0,1.9459101490553132,-6.907755278982137,2.5649493574615367,0.0,1.0
6,140.0,12.0,-0.1645123384253819,7,CDA5,2,CDA,-1.0,6,1200,760.0,0.6333333333333333,6.0,False,True,False,False,False,5,0,1.791759469228055,0.0,2.4849066497880004,-0.08004270767353638,7.0
7,1.0,11.0,0.0011750881316098707,7,CDA5,2,CDA,-1.0,6,1200,761.0,0.6341666666666667,5.0,False,True,False,False,False,5,0,1.6094379124341003,0.0,2.3978952727983707,-0.08701137698962969,1.0
8,0.0,11.0,0.0,7,CDA5,2,CDA,0.0,6,1200,761.0,0.6341666666666667,5.0,False,True,False,False,False,5,0,1.6094379124341003,-6.907755278982137,2.3978952727983707,0.0,1.0
9,0.0,11.0,0.0,7,CDA5,2,CDA,0.0,6,1200,761.0,0.6341666666666667,5.0,False,True,False,False,False,5,0,1.6094379124341003,-6.907755278982137,2.3978952727983707,0.0,1.0
10,0.0,11.0,0.0,7,CDA5,2,CDA,0.0,6,1200,761.0,0.6341666666666667,5.0,False,True,False,False,False,5,0,1.6094379124341003,-6.907755278982137,2.3978952727983707,0.0,1.0
11,0.0,11.0,0.0,7,CDA5,2,CDA,0.0,6,1200,761.0,0.6341666666666667,5.0,False,True,False,False,False,5,0,1.6094379124341003,-6.907755278982137,2.3978952727983707,0.0,6.0
12,90.0,11.11111111111111,-0.21151586368977673,7,CDA5,2,CDA,0.11111111111111072,6,1200,851.0,0.7091666666666666,5.111111111111111,False,True,False,False,False,5,0,1.6314168191528755,-2.197224577336223,2.407945608651872,0.010050335853501124,3.0
1,168.0,7.0,0.0,8,CDA5,2,CDA,,6,1200,168.0,0.14,1.0,False,True,False,False,False,5,0,0.0,,1.9459101490553132,,1.0
2,32.0,7.0,0.21548821548821548,8,CDA5,2,CDA,0.0,6,1200,200.0,0.16666666666666666,1.0,False,True,False,False,False,5,0,0.0,-6.907755278982137,1.9459101490553132,0.0,5.0
3,162.0,13.0,-1.0909090909090908,8,CDA5,2,CDA,6.0,6,1200,362.0,0.3016666666666667,7.0,False,True,False,False,False,5,0,1.9459101490553132,1.791759469228055,2.5649493574615367,0.6190392084062235,5.0
4,100.0,7.0,0.3367003367003367,8,CDA5,2,CDA,-6.0,6,1200,462.0,0.385,1.0,False,True,False,False,False,5,0,0.0,1.791759469228055,1.9459101490553132,-0.6190392084062235,3.0
5,146.0,10.0,0.0,8,CDA5,2,CDA,3.0,6,1200,608.0,0.5066666666666667,4.0,False,True,False,False,False,5,0,1.3862943611198906,1.0986122886681098,2.302585092994046,0.35667494393873267,3.0
6,0.0,10.0,0.0,8,CDA5,2,CDA,0.0,6,1200,608.0,0.5066666666666667,4.0,False,True,False,False,False,5,0,1.3862943611198906,-6.907755278982137,2.302585092994046,0.0,3.0
7,0.0,10.0,0.0,8,CDA5,2,CDA,0.0,6,1200,608.0,0.5066666666666667,4.0,False,True,False,False,False,5,0,1.3862943611198906,-6.907755278982137,2.302585092994046,0.0,3.0
8,54.0,10.0,0.0,8,CDA5,2,CDA,0.0,6,1200,662.0,0.5516666666666666,4.0,False,True,False,False,False,5,0,1.3862943611198906,-6.907755278982137,2.302585092994046,0.0,4.0
9,62.0,10.0,0.0,8,CDA5,2,CDA,0.0,6,1200,724.0,0.6033333333333334,4.0,False,True,False,False,False,5,0,1.3862943611198906,-6.907755278982137,2.302585092994046,0.0,10.0
10,108.0,10.0,0.0,8,CDA5,2,CDA,0.0,6,1200,832.0,0.6933333333333334,4.0,False,True,False,False,False,5,0,1.3862943611198906,-6.907755278982137,2.302585092994046,0.0,5.0
11,0.0,10.0,0.0,8,CDA5,2,CDA,0.0,6,1200,832.0,0.6933333333333334,4.0,False,True,False,False,False,5,0,1.3862943611198906,-6.907755278982137,2.302585092994046,0.0,1.0
12,59.0,10.0,0.0,8,CDA5,2,CDA,0.0,6,1200,891.0,0.7425,4.0,False,True,False,False,False,5,0,1.3862943611198906,-6.907755278982137,2.302585092994046,0.0,1.0
1,308.0,9.896103896103897,0.9625,9,CDA5,3,CDA,,9,1500,308.0,0.20533333333333334,0.0,False,False,True,False,False,5,0,-6.907755278982137,,2.2921411338329625,,1.0
2,543.0,10.604051565377532,0.8484375,9,CDA5,3,CDA,0.7079476692736346,9,1500,851.0,0.5673333333333334,0.6040515653775316,False,False,True,False,False,5,0,-0.5040957115497928,-0.3453851014754697,2.361236151238186,0.06909501740522339,8.0
3,0.0,10.604051565377532,0.0,9,CDA5,3,CDA,0.0,9,1500,851.0,0.5673333333333334,0.6040515653775316,False,False,True,False,False,5,0,-0.5040957115497928,-6.907755278982137,2.361236151238186,0.0,4.0
4,119.0,10.0,-0.09296875,9,CDA5,3,CDA,-0.6040515653775316,9,1500,970.0,0.6466666666666666,0.0,False,False,True,False,False,5,0,-6.907755278982137,-0.5040957115497928,2.302585092994046,-0.058651058244139964,1.0
5,0.0,10.0,0.0,9,CDA5,3,CDA,0.0,9,1500,970.0,0.6466666666666666,0.0,False,False,True,False,False,5,0,-6.907755278982137,-6.907755278982137,2.302585092994046,0.0,1.0
6,0.0,10.0,0.0,9,CDA5,3,CDA,0.0,9,1500,970.0,0.6466666666666666,0.0,False,False,True,False,False,5,0,-6.907755278982137,-6.907755278982137,2.302585092994046,0.0,1.0
7,0.0,10.0,0.0,9,CDA5,3,CDA,0.0,9,1500,970.0,0.6466666666666666,0.0,False,False,True,False,False,5,0,-6.907755278982137,-6.907755278982137,2.302585092994046,0.0,1.0
8,56.0,9.0,0.0,9,CDA5,3,CDA,-1.0,9,1500,1026.0,0.684,0.0,False,False,True,False,False,5,0,-6.907755278982137,0.0,2.1972245773362196,-0.10536051565782634,1.0
9,70.0,9.0,0.0,9,CDA5,3,CDA,0.0,9,1500,1096.0,0.7306666666666667,0.0,False,False,True,False,False,5,0,-6.907755278982137,-6.907755278982137,2.1972245773362196,0.0,1.0
10,177.0,9.0,0.0,9,CDA5,3,CDA,0.0,9,1500,1273.0,0.8486666666666667,0.0,False,False,True,False,False,5,0,-6.907755278982137,-6.907755278982137,2.1972245773362196,0.0,1.0
11,0.0,9.0,0.0,9,CDA5,3,CDA,0.0,9,1500,1273.0,0.8486666666666667,0.0,False,False,True,False,False,5,0,-6.907755278982137,-6.907755278982137,2.1972245773362196,0.0,8.0
12,7.0,8.0,0.0,9,CDA5,3,CDA,-1.0,9,1500,1280.0,0.8533333333333334,0.0,False,False,True,False,False,5,0,-6.907755278982137,0.0,2.0794415416798357,-0.11778303565638382,1.0
1,400.0,10.0,1.8168054504163513,10,CDA5,3,CDA,,9,1500,400.0,0.26666666666666666,0.0,False,False,True,False,False,5,0,-6.907755278982137,,2.302585092994046,,5.0
2,99.0,11.0,-0.07494322482967448,10,CDA5,3,CDA,1.0,9,1500,499.0,0.33266666666666667,1.0,False,False,True,False,False,5,0,0.0,0.0,2.3978952727983707,0.09531017980432477,1.0
3,0.0,11.0,0.0,10,CDA5,3,CDA,0.0,9,1500,499.0,0.33266666666666667,1.0,False,False,True,False,False,5,0,0.0,-6.907755278982137,2.3978952727983707,0.0,3.0
4,0.0,11.0,0.0,10,CDA5,3,CDA,0.0,9,1500,499.0,0.33266666666666667,1.0,False,False,True,False,False,5,0,0.0,-6.907755278982137,2.3978952727983707,0.0,2.0
5,219.0,10.0,0.0,10,CDA5,3,CDA,-1.0,9,1500,718.0,0.4786666666666667,0.0,False,False,True,False,False,5,0,-6.907755278982137,0.0,2.302585092994046,-0.09531017980432477,2.0
6,68.0,10.0,0.0,10,CDA5,3,CDA,0.0,9,1500,786.0,0.524,0.0,False,False,True,False,False,5,0,-6.907755278982137,-6.907755278982137,2.302585092994046,0.0,2.0
7,298.0,10.657718120805368,0.0,10,CDA5,3,CDA,0.6577181208053684,9,1500,1084.0,0.7226666666666667,0.6577181208053684,False,False,True,False,False,5,0,-0.41897882727488833,-0.41897882727488833,2.366284335861622,0.063699242867576,3.0
8,63.0,10.0,-0.04769114307342922,10,CDA5,3,CDA,-0.6577181208053684,9,1500,1147.0,0.7646666666666667,0.0,False,False,True,False,False,5,0,-6.907755278982137,-0.41897882727488833,2.302585092994046,-0.063699242867576,1.0
9,0.0,10.0,0.0,10,CDA5,3,CDA,0.0,9,1500,1147.0,0.7646666666666667,0.0,False,False,True,False,False,5,0,-6.907755278982137,-6.907755278982137,2.302585092994046,0.0,1.0
10,54.0,9.0,-0.0408781226343679,10,CDA5,3,CDA,-1.0,9,1500,1201.0,0.8006666666666666,0.0,False,False,True,False,False,5,0,-6.907755278982137,0.0,2.1972245773362196,-0.10536051565782634,1.0
11,56.0,8.0,0.04239212717638153,10,CDA5,3,CDA,-1.0,9,1500,1257.0,0.838,0.0,False,False,True,False,False,5,0,-6.907755278982137,0.0,2.0794415416798357,-0.11778303565638382,3.0
12,64.0,9.0,0.0,10,CDA5,3,CDA,1.0,9,1500,1321.0,0.8806666666666667,0.0,False,False,True,False,False,5,0,-6.907755278982137,0.0,2.1972245773362196,0.11778303565638382,7.0
1,269.0,8.513011152416357,0.4045112781954887,11,CDA5,3,CDA,,9,1500,269.0,0.17933333333333334,0.0,False,False,True,False,False,5,0,-6.907755278982137,,2.1415957169464463,,3.0
2,282.0,10.0,-0.21203007518796993,11,CDA5,3,CDA,1.4869888475836426,9,1500,551.0,0.36733333333333335,0.0,False,False,True,False,False,5,0,-6.907755278982137,0.39675316750614253,2.302585092994046,0.16098937604759955,3.0
3,183.0,9.0,0.0,11,CDA5,3,CDA,-1.0,9,1500,734.0,0.48933333333333334,0.0,False,False,True,False,False,5,0,-6.907755278982137,0.0,2.1972245773362196,-0.10536051565782634,2.0
4,81.0,9.0,0.0,11,CDA5,3,CDA,0.0,9,1500,815.0,0.5433333333333333,0.0,False,False,True,False,False,5,0,-6.907755278982137,-6.907755278982137,2.1972245773362196,0.0,2.0
5,123.0,9.0,0.0924812030075188,11,CDA5,3,CDA,0.0,9,1500,938.0,0.6253333333333333,0.0,False,False,True,False,False,5,0,-6.907755278982137,-6.907755278982137,2.1972245773362196,0.0,3.0
6,30.0,10.0,-0.022556390977443608,11,CDA5,3,CDA,1.0,9,1500,968.0,0.6453333333333333,0.0,False,False,True,False,False,5,0,-6.907755278982137,0.0,2.302585092994046,0.10536051565782634,1.0
7,21.0,9.0,0.0,11,CDA5,3,CDA,-1.0,9,1500,989.0,0.6593333333333333,0.0,False,False,True,False,False,5,0,-6.907755278982137,0.0,2.1972245773362196,-0.10536051565782634,1.0
8,33.0,9.0,0.0,11,CDA5,3,CDA,0.0,9,1500,1022.0,0.6813333333333333,0.0,False,False,True,False,False,5,0,-6.907755278982137,-6.907755278982137,2.1972245773362196,0.0,1.0
9,55.0,9.018181818181818,0.0,11,CDA5,3,CDA,0.018181818181817633,9,1500,1077.0,0.718,0.0,False,False,True,False,False,5,0,-6.907755278982137,-4.007333185232501,2.1992427414924567,0.0020181641562371233,1.0
10,50.0,9.0,0.0,11,CDA5,3,CDA,-0.018181818181817633,9,1500,1127.0,0.7513333333333333,0.0,False,False,True,False,False,5,0,-6.907755278982137,-4.007333185232501,2.1972245773362196,-0.0020181641562371233,2.0
11,96.0,9.0,0.0,11,CDA5,3,CDA,0.0,9,1500,1223.0,0.8153333333333334,0.0,False,False,True,False,False,5,0,-6.907755278982137,-6.907755278982137,2.1972245773362196,0.0,5.0
12,107.0,9.0,0.0,11,CDA5,3,CDA,0.0,9,1500,1330.0,0.8866666666666667,0.0,False,False,True,False,False,5,0,-6.907755278982137,-6.907755278982137,2.1972245773362196,0.0,7.0
1,249.0,8.393574297188755,0.18568232662192394,12,CDA5,3,CDA,,9,1500,249.0,0.166,0.0,False,False,True,False,False,5,0,-6.907755278982137,,2.127466448494149,,5.0
2,278.0,9.0,0.0,12,CDA5,3,CDA,0.6064257028112454,9,1500,527.0,0.35133333333333333,0.0,False,False,True,False,False,5,0,-6.907755278982137,-0.5001730596497825,2.1972245773362196,0.06975812884207055,3.0
3,164.0,9.0,0.0,12,CDA5,3,CDA,0.0,9,1500,691.0,0.46066666666666667,0.0,False,False,True,False,False,5,0,-6.907755278982137,-6.907755278982137,2.1972245773362196,0.0,1.0
4,0.0,9.0,0.0,12,CDA5,3,CDA,0.0,9,1500,691.0,0.46066666666666667,0.0,False,False,True,False,False,5,0,-6.907755278982137,-6.907755278982137,2.1972245773362196,0.0,1.0
5,71.0,9.0,-0.0529455630126771,12,CDA5,3,CDA,0.0,9,1500,762.0,0.508,0.0,False,False,True,False,False,5,0,-6.907755278982137,-6.907755278982137,2.1972245773362196,0.0,1.0
6,200.0,8.0,0.44742729306487694,12,CDA5,3,CDA,-1.0,9,1500,962.0,0.6413333333333333,0.0,False,False,True,False,False,5,0,-6.907755278982137,0.0,2.0794415416798357,-0.11778303565638382,1.0
7,70.0,11.0,-0.10439970171513796,12,CDA5,3,CDA,3.0,9,1500,1032.0,0.688,1.0,False,False,True,False,False,5,0,0.0,1.0986122886681098,2.3978952727983707,0.3184537311185349,2.0
8,70.0,9.0,0.05219985085756898,12,CDA5,3,CDA,-2.0,9,1500,1102.0,0.7346666666666667,0.0,False,False,True,False,False,5,0,-6.907755278982137,0.6931471805599453,2.1972245773362196,-0.2006706954621511,2.0
9,60.0,10.0,-0.0447427293064877,12,CDA5,3,CDA,1.0,9,1500,1162.0,0.7746666666666666,0.0,False,False,True,False,False,5,0,-6.907755278982137,0.0,2.302585092994046,0.10536051565782634,1.0
10,91.0,9.0,0.0,12,CDA5,3,CDA,-1.0,9,1500,1253.0,0.8353333333333334,0.0,False,False,True,False,False,5,0,-6.907755278982137,0.0,2.1972245773362196,-0.10536051565782634,1.0
11,80.0,9.0,0.0,12,CDA5,3,CDA,0.0,9,1500,1333.0,0.8886666666666667,0.0,False,False,True,False,False,5,0,-6.907755278982137,-6.907755278982137,2.1972245773362196,0.0,1.0
12,8.0,9.0,0.0,12,CDA5,3,CDA,0.0,9,1500,1341.0,0.894,0.0,False,False,True,False,False,5,0,-6.907755278982137,-6.907755278982137,2.1972245773362196,0.0,1.0
1,200.0,8.0,0.12353304508956146,13,CDA5,4,CDA,,6,1200,200.0,0.16666666666666666,2.0,False,False,False,True,False,5,0,0.6931471805599453,,2.0794415416798357,,2.0
2,116.0,9.0,0.0,13,CDA5,4,CDA,1.0,6,1200,316.0,0.2633333333333333,3.0,False,False,False,True,False,5,0,1.0986122886681098,0.0,2.1972245773362196,0.11778303565638382,1.0
3,161.0,8.521739130434783,-0.09944410129709698,13,CDA5,4,CDA,-0.47826086956521685,6,1200,477.0,0.3975,2.521739130434783,False,False,False,True,False,5,0,0.9249487946172699,-0.7375989431307802,2.1426204433013676,-0.05460413403485198,1.0
4,60.0,8.0,0.0,13,CDA5,4,CDA,-0.5217391304347831,6,1200,537.0,0.4475,2.0,False,False,False,True,False,5,0,0.6931471805599453,-0.6505875661411483,2.0794415416798357,-0.06317890162153184,10.0
5,400.0,8.0,0.0,13,CDA5,4,CDA,0.0,6,1200,937.0,0.7808333333333334,2.0,False,False,False,True,False,5,0,0.6931471805599453,-6.907755278982137,2.0794415416798357,0.0,10.0
6,53.0,8.0,0.06547251389746757,13,CDA5,4,CDA,0.0,6,1200,990.0,0.825,2.0,False,False,False,True,False,5,0,0.6931471805599453,-6.907755278982137,2.0794415416798357,0.0,2.0
7,47.0,10.0,0.0,13,CDA5,4,CDA,2.0,6,1200,1037.0,0.8641666666666666,4.0,False,False,False,True,False,5,0,1.3862943611198906,0.6931471805599453,2.302585092994046,0.22314355131421015,2.0
8,254.0,6.535433070866142,-0.7844348363187152,13,CDA5,4,CDA,-3.4645669291338583,6,1200,1291.0,1.0758333333333334,0.5354330708661417,False,False,False,True,False,5,0,-0.6246793812824847,1.2425876404537155,1.8772386143320523,-0.4253464786619936,5.0
9,51.0,5.0,0.0,13,CDA5,4,CDA,-1.5354330708661417,6,1200,1342.0,1.1183333333333334,1.0,False,False,False,True,False,5,0,0.0,0.4288124721051555,1.6094379124341003,-0.267800701897952,4.800000000000001
10,73.0,5.0,0.18035824583075974,13,CDA5,4,CDA,0.0,6,1200,1415.0,1.1791666666666667,1.0,False,False,False,True,False,5,0,0.0,-6.907755278982137,1.6094379124341003,0.0,4.0
11,50.0,9.0,-0.12353304508956146,13,CDA5,4,CDA,4.0,6,1200,1465.0,1.2208333333333334,3.0,False,False,False,True,False,5,0,1.0986122886681098,1.3862943611198906,2.1972245773362196,0.5877866649021193,4.0
12,154.0,5.0,0.0,13,CDA5,4,CDA,-4.0,6,1200,1619.0,1.3491666666666666,1.0,False,False,False,True,False,5,0,0.0,1.3862943611198906,1.6094379124341003,-0.5877866649021193,4.0
1,250.0,7.0,0.0,14,CDA5,4,CDA,,6,1200,250.0,0.20833333333333334,1.0,False,False,False,True,False,5,0,0.0,,1.9459101490553132,,1.0
2,53.0,7.0,-0.03298070939639079,14,CDA5,4,CDA,0.0,6,1200,303.0,0.2525,1.0,False,False,False,True,False,5,0,0.0,-6.907755278982137,1.9459101490553132,0.0,1.0
3,353.0,7.69971671388102,0.6589919103920349,14,CDA5,4,CDA,0.6997167138810196,6,1200,656.0,0.5466666666666666,1.6997167138810196,False,False,False,True,False,5,0,0.5304615982828494,-0.35707972030531987,2.0411835377777923,0.09527338872247904,6.1
4,63.0,6.0,0.03920348475420037,14,CDA5,4,CDA,-1.6997167138810196,6,1200,719.0,0.5991666666666666,0.0,False,False,False,True,False,5,0,-6.907755278982137,0.5304615982828494,1.791759469228055,-0.2494240685497373,3.0
5,127.0,7.0,-0.07902924704418171,14,CDA5,4,CDA,1.0,6,1200,846.0,0.705,1.0,False,False,False,True,False,5,0,0.0,0.0,1.9459101490553132,0.15415067982725827,3.0
6,231.0,6.8354978354978355,0.14374611076540136,14,CDA5,4,CDA,-0.16450216450216448,6,1200,1077.0,0.8975,0.8354978354978355,False,False,False,True,False,5,0,-0.17972752161690797,-1.8048315507954078,1.9221293037338485,-0.02378084532146474,1.0
7,49.0,5.0,0.060983198506533914,14,CDA5,4,CDA,-1.8354978354978355,6,1200,1126.0,0.9383333333333334,1.0,False,False,False,True,False,5,0,0.0,0.6073157447101643,1.6094379124341003,-0.3126913912997482,11.0
8,159.0,6.69811320754717,0.0,14,CDA5,4,CDA,1.6981132075471699,6,1200,1285.0,1.0708333333333333,0.6981132075471699,False,False,False,True,False,5,0,-0.3593740009078973,0.5295177567781433,1.901825875923294,0.2923879634891937,2.0
9,110.0,5.818181818181818,-0.13690105787181084,14,CDA5,4,CDA,-0.8799313893653515,6,1200,1395.0,1.1625,0.18181818181818166,False,False,False,True,False,5,0,-1.7047480922384262,-0.12791134117972294,1.7609878105613013,-0.14083806536199273,2.0
10,80.0,5.0,0.049782202862476664,14,CDA5,4,CDA,-0.8181818181818183,6,1200,1475.0,1.2291666666666667,1.0,False,False,False,True,False,5,0,0.0,-0.20067069546215097,1.6094379124341003,-0.151549898127201,2.0
11,28.0,6.0,-0.017423771001866834,14,CDA5,4,CDA,1.0,6,1200,1503.0,1.2525,0.0,False,False,False,True,False,5,0,-6.907755278982137,0.0,1.791759469228055,0.18232155679395468,1.0
12,104.0,5.144230769230769,0.06471686372121967,14,CDA5,4,CDA,-0.8557692307692308,6,1200,1607.0,1.3391666666666666,0.8557692307692308,False,False,False,True,False,5,0,-0.15575452940923273,-0.15575452940923273,1.6378758477546338,-0.15388362147342116,2.0
1,380.0,8.047368421052632,-0.4372842347525892,15,CDA5,4,CDA,,6,1200,380.0,0.31666666666666665,2.0473684210526315,False,False,False,True,False,5,0,0.7165552714579602,,2.085345133768576,,1.0
2,42.0,7.0,0.09666283084004602,15,CDA5,4,CDA,-1.0473684210526315,6,1200,422.0,0.3516666666666667,1.0,False,False,False,True,False,5,0,0.0,0.04628075256400618,1.9459101490553132,-0.13943498471326277,1.0
3,318.0,8.635220125786164,-0.7318757192174914,15,CDA5,4,CDA,1.635220125786164,6,1200,740.0,0.6166666666666667,2.635220125786164,False,False,False,True,False,5,0,0.9689667177019065,0.4917774287952965,2.1558492035477395,0.20993905449242622,13.0
4,141.0,7.6453900709219855,0.0,15,CDA5,4,CDA,-0.9898300548641785,6,1200,881.0,0.7341666666666666,1.6453900709219855,False,False,False,True,False,5,0,0.4979774812881415,-0.010222012342421632,2.034102861090774,-0.12174634245696536,1.0
5,242.0,7.0,0.0,15,CDA5,4,CDA,-0.6453900709219855,6,1200,1123.0,0.9358333333333333,1.0,False,False,False,True,False,5,0,0.0,-0.4379003838613187,1.9459101490553132,-0.08819271203546086,2.0
6,212.0,6.839622641509434,0.12197928653624857,15,CDA5,4,CDA,-0.16037735849056567,6,1200,1335.0,1.1125,0.8396226415094343,False,False,False,True,False,5,0,-0.17480272437992686,-1.8302257500558534,1.9227325607426078,-0.023177588312705444,3.0
7,128.0,6.8125,-0.1472957422324511,15,CDA5,4,CDA,-0.02712264150943433,6,1200,1463.0,1.2191666666666667,0.8125,False,False,False,True,False,5,0,-0.2076393647782445,-3.6073864198627397,1.9187591599893625,-0.00397340075324526,2.0
8,135.0,6.607407407407408,0.0,15,CDA5,4,CDA,-0.20509259259259238,6,1200,1598.0,1.3316666666666668,0.6074074074074076,False,False,False,True,False,5,0,-0.498555531174176,-1.584293730633076,1.88819135414158,-0.030567805847782514,2.0
9,90.0,6.7555555555555555,-0.05178365937859609,15,CDA5,4,CDA,0.14814814814814792,6,1200,1688.0,1.4066666666666667,0.7555555555555555,False,False,False,True,False,5,0,-0.2803019651541584,-1.90954250488444,1.910365211635902,0.02217385749432199,2.0
10,0.0,6.7555555555555555,0.0,15,CDA5,4,CDA,0.0,6,1200,1688.0,1.4066666666666667,0.7555555555555555,False,False,False,True,False,5,0,-0.2803019651541584,-6.907755278982137,1.910365211635902,0.0,2.0
11,31.0,7.0,-0.03567318757192175,15,CDA5,4,CDA,0.24444444444444446,6,1200,1719.0,1.4325,1.0,False,False,False,True,False,5,0,0.0,-1.4087672169719492,1.9459101490553132,0.03554493741941123,2.0
12,19.0,5.0,0.0,15,CDA5,4,CDA,-2.0,6,1200,1738.0,1.4483333333333333,1.0,False,False,False,True,False,5,0,0.0,0.6931471805599453,1.6094379124341003,-0.33647223662121295,2.0
1,390.0,6.507692307692308,0.0,16,CDA5,4,CDA,,6,1200,390.0,0.325,0.5076923076923077,False,False,False,True,False,5,0,-0.6778797084291569,,1.8729849091506408,,1.0
2,194.0,6.546391752577319,0.10560696788241698,16,CDA5,4,CDA,0.03869944488501176,6,1200,584.0,0.4866666666666667,0.5463917525773194,False,False,False,True,False,5,0,-0.6044190649512613,-3.2519300231058215,1.8789140203893089,0.005929111238668128,1.0
3,334.0,7.826347305389222,0.18181818181818182,16,CDA5,4,CDA,1.2799555528119022,6,1200,918.0,0.765,1.8263473053892216,False,False,False,True,False,5,0,0.6023179641906565,0.24682535296291966,2.0574959012074667,0.17858188081815785,3.0
4,133.0,6.30827067669173,0.21720195971692977,16,CDA5,4,CDA,-1.518076628697492,6,1200,1051.0,0.8758333333333334,0.3082706766917296,False,False,False,True,False,5,0,-1.176777061517445,0.4174441577372375,1.8418615782454524,-0.21563432296201435,3.0
5,127.0,5.0,0.13826891671203048,16,CDA5,4,CDA,-1.3082706766917296,6,1200,1178.0,0.9816666666666667,1.0,False,False,False,True,False,5,0,0.0,0.26870617099277544,1.6094379124341003,-0.2324236658113521,2.0
6,98.0,7.0,-0.10669569951007077,16,CDA5,4,CDA,2.0,6,1200,1276.0,1.0633333333333332,1.0,False,False,False,True,False,5,0,0.0,0.6931471805599453,1.9459101490553132,0.33647223662121295,2.0
7,205.0,6.073170731707317,0.0,16,CDA5,4,CDA,-0.9268292682926829,6,1200,1481.0,1.2341666666666666,0.07317073170731714,False,False,False,True,False,5,0,-2.614959778036197,-0.07598590697792211,1.8038808297603999,-0.14202931929491336,3.0
8,252.0,5.4563492063492065,0.1371801850843767,16,CDA5,4,CDA,-0.6168215253581106,6,1200,1733.0,1.4441666666666666,0.5436507936507935,False,False,False,True,False,5,0,-0.6094481616832986,-0.48317555890143715,1.6967799225892484,-0.1071009071711515,1.0
9,0.0,5.4563492063492065,0.0,16,CDA5,4,CDA,0.0,6,1200,1733.0,1.4441666666666666,0.5436507936507935,False,False,False,True,False,5,0,-0.6094481616832986,-6.907755278982137,1.6967799225892484,0.0,1.0
10,104.0,8.0,0.0,16,CDA5,4,CDA,2.5436507936507935,6,1200,1837.0,1.5308333333333333,2.0,False,False,False,True,False,5,0,0.6931471805599453,0.9336003694092466,2.0794415416798357,0.3826616190905874,6.0
11,0.0,8.0,0.0,16,CDA5,4,CDA,0.0,6,1200,1837.0,1.5308333333333333,2.0,False,False,False,True,False,5,0,0.6931471805599453,-6.907755278982137,2.0794415416798357,0.0,2.6500000000000004
12,0.0,8.0,0.0,16,CDA5,4,CDA,0.0,6,1200,1837.0,1.5308333333333333,2.0,False,False,False,True,False,5,0,0.6931471805599453,-6.907755278982137,2.0794415416798357,0.0,2.6500000000000004
1,200.0,7.0,1.7486338797814207,17,CDA5,5,CDA,,14,1100,200.0,0.18181818181818182,7.0,False,False,False,False,True,5,0,1.9459101490553132,,1.9459101490553132,,4.0
2,302.0,12.973509933774835,-1.980327868852459,17,CDA5,5,CDA,5.973509933774835,14,1100,502.0,0.45636363636363636,1.0264900662251648,False,False,False,False,True,5,0,0.026145280104321558,1.7873346832476995,2.5629095811296163,0.6169994320743031,6.0
3,68.0,9.0,0.0,17,CDA5,5,CDA,-3.973509933774835,14,1100,570.0,0.5181818181818182,5.0,False,False,False,False,True,5,0,1.6094379124341003,1.3796498184012222,2.1972245773362196,-0.36568500379339675,7.0
4,121.0,7.4958677685950414,-0.39672131147540984,17,CDA5,5,CDA,-1.5041322314049586,14,1100,691.0,0.6281818181818182,6.5041322314049586,False,False,False,False,True,5,0,1.872437702820662,0.4082161414800542,2.0143519045183957,-0.18287267281782382,10.0
5,65.0,6.0,0.0,17,CDA5,5,CDA,-1.4958677685950414,14,1100,756.0,0.6872727272727273,8.0,False,False,False,False,True,5,0,2.0794415416798357,0.40270648566908473,1.791759469228055,-0.22259243529034078,9.0
6,99.0,8.0,0.0,17,CDA5,5,CDA,2.0,14,1100,855.0,0.7772727272727272,6.0,False,False,False,False,True,5,0,1.791759469228055,0.6931471805599453,2.0794415416798357,0.2876820724517808,2.0
7,0.0,8.0,0.0,17,CDA5,5,CDA,0.0,14,1100,855.0,0.7772727272727272,6.0,False,False,False,False,True,5,0,1.791759469228055,-6.907755278982137,2.0794415416798357,0.0,2.0
8,1.0,8.0,0.0,17,CDA5,5,CDA,0.0,14,1100,856.0,0.7781818181818182,6.0,False,False,False,False,True,5,0,1.791759469228055,-6.907755278982137,2.0794415416798357,0.0,1.0
9,0.0,8.0,0.0,17,CDA5,5,CDA,0.0,14,1100,856.0,0.7781818181818182,6.0,False,False,False,False,True,5,0,1.791759469228055,-6.907755278982137,2.0794415416798357,0.0,1.0
10,0.0,8.0,0.0,17,CDA5,5,CDA,0.0,14,1100,856.0,0.7781818181818182,6.0,False,False,False,False,True,5,0,1.791759469228055,-6.907755278982137,2.0794415416798357,0.0,1.0
11,0.0,8.0,0.0,17,CDA5,5,CDA,0.0,14,1100,856.0,0.7781818181818182,6.0,False,False,False,False,True,5,0,1.791759469228055,-6.907755278982137,2.0794415416798357,0.0,1.0
12,59.0,8.0,0.0,17,CDA5,5,CDA,0.0,14,1100,915.0,0.8318181818181818,6.0,False,False,False,False,True,5,0,1.791759469228055,-6.907755278982137,2.0794415416798357,0.0,2.0
1,400.0,10.005,2.8109627547434997,18,CDA5,5,CDA,,14,1100,400.0,0.36363636363636365,3.994999999999999,False,False,False,False,True,5,0,1.3850435792182378,,2.3030849680356966,,5.0
2,200.0,8.0,0.0,18,CDA5,5,CDA,-2.005000000000001,14,1100,600.0,0.5454545454545454,6.0,False,False,False,False,True,5,0,1.791759469228055,0.6956440607585329,2.0794415416798357,-0.22364342635586087,11.0
3,100.0,9.0,0.35137034434293746,18,CDA5,5,CDA,1.0,14,1100,700.0,0.6363636363636364,5.0,False,False,False,False,True,5,0,1.6094379124341003,0.0,2.1972245773362196,0.11778303565638382,4.0
4,179.0,14.0,-0.7547434996486296,18,CDA5,5,CDA,5.0,14,1100,879.0,0.7990909090909091,0.0,False,False,False,False,True,5,0,-6.907755278982137,1.6094379124341003,2.6390573296152584,0.44183275227903884,12.0
5,190.0,8.0,0.2670414617006325,18,CDA5,5,CDA,-6.0,14,1100,1069.0,0.9718181818181818,6.0,False,False,False,False,True,5,0,1.791759469228055,1.791759469228055,2.0794415416798357,-0.5596157879354227,3.0
6,0.0,8.0,0.0,18,CDA5,5,CDA,0.0,14,1100,1069.0,0.9718181818181818,6.0,False,False,False,False,True,5,0,1.791759469228055,-6.907755278982137,2.0794415416798357,0.0,2.0
7,0.0,8.0,0.0,18,CDA5,5,CDA,0.0,14,1100,1069.0,0.9718181818181818,6.0,False,False,False,False,True,5,0,1.791759469228055,-6.907755278982137,2.0794415416798357,0.0,2.0
8,99.0,10.0,-0.13914265635980325,18,CDA5,5,CDA,2.0,14,1100,1168.0,1.0618181818181818,4.0,False,False,False,False,True,5,0,1.3862943611198906,0.6931471805599453,2.302585092994046,0.22314355131421015,2.0
9,0.0,10.0,0.0,18,CDA5,5,CDA,0.0,14,1100,1168.0,1.0618181818181818,4.0,False,False,False,False,True,5,0,1.3862943611198906,-6.907755278982137,2.302585092994046,0.0,2.0
10,0.0,10.0,0.0,18,CDA5,5,CDA,0.0,14,1100,1168.0,1.0618181818181818,4.0,False,False,False,False,True,5,0,1.3862943611198906,-6.907755278982137,2.302585092994046,0.0,2.0
11,154.0,7.181818181818182,-0.21644413211524946,18,CDA5,5,CDA,-2.8181818181818183,14,1100,1322.0,1.201818181818182,6.818181818181818,False,False,False,False,True,5,0,1.91959284073794,1.0360919316867758,1.9715525796686508,-0.3310325133253951,2.0
12,101.0,6.0,0.0,18,CDA5,5,CDA,-1.1818181818181817,14,1100,1423.0,1.2936363636363637,8.0,False,False,False,False,True,5,0,2.0794415416798357,0.16705408466316607,1.791759469228055,-0.17979311044059587,2.0
1,271.0,7.785977859778598,0.0,19,CDA5,5,CDA,,14,1100,271.0,0.24636363636363637,6.214022140221402,False,False,False,False,True,5,0,1.8268083739225711,,2.052324405590411,,4.0
2,390.0,7.512820512820513,2.858638743455497,19,CDA5,5,CDA,-0.2731573469580848,14,1100,661.0,0.600909090909091,6.487179487179487,False,False,False,False,True,5,0,1.8698278425978738,-1.2977072873464128,2.016610962887421,-0.03571344270299015,2.0
3,47.0,14.0,-0.29528795811518327,19,CDA5,5,CDA,6.487179487179487,14,1100,708.0,0.6436363636363637,0.0,False,False,False,False,True,5,0,-6.907755278982137,1.8698278425978738,2.6390573296152584,0.6224463667278375,3.0
4,0.0,14.0,0.0,19,CDA5,5,CDA,0.0,14,1100,708.0,0.6436363636363637,0.0,False,False,False,False,True,5,0,-6.907755278982137,-6.907755278982137,2.6390573296152584,0.0,3.0
5,21.0,8.0,0.0,19,CDA5,5,CDA,-6.0,14,1100,729.0,0.6627272727272727,6.0,False,False,False,False,True,5,0,1.791759469228055,1.791759469228055,2.0794415416798357,-0.5596157879354227,1.0
6,152.0,8.0,0.3183246073298429,19,CDA5,5,CDA,0.0,14,1100,881.0,0.8009090909090909,6.0,False,False,False,False,True,5,0,1.791759469228055,-6.907755278982137,2.0794415416798357,0.0,1.0
7,11.0,10.0,0.0,19,CDA5,5,CDA,2.0,14,1100,892.0,0.8109090909090909,4.0,False,False,False,False,True,5,0,1.3862943611198906,0.6931471805599453,2.302585092994046,0.22314355131421015,3.0
8,17.0,10.0,0.0,19,CDA5,5,CDA,0.0,14,1100,909.0,0.8263636363636364,4.0,False,False,False,False,True,5,0,1.3862943611198906,-6.907755278982137,2.302585092994046,0.0,3.0
9,8.0,10.0,-0.025130890052356022,19,CDA5,5,CDA,0.0,14,1100,917.0,0.8336363636363636,4.0,False,False,False,False,True,5,0,1.3862943611198906,-6.907755278982137,2.302585092994046,0.0,3.0
10,15.0,8.0,0.04712041884816754,19,CDA5,5,CDA,-2.0,14,1100,932.0,0.8472727272727273,6.0,False,False,False,False,True,5,0,1.791759469228055,0.6931471805599453,2.0794415416798357,-0.22314355131421015,2.0
11,10.0,10.0,0.0,19,CDA5,5,CDA,2.0,14,1100,942.0,0.8563636363636363,4.0,False,False,False,False,True,5,0,1.3862943611198906,0.6931471805599453,2.302585092994046,0.22314355131421015,2.0
12,13.0,10.0,0.0,19,CDA5,5,CDA,0.0,14,1100,955.0,0.8681818181818182,4.0,False,False,False,False,True,5,0,1.3862943611198906,-6.907755278982137,2.302585092994046,0.0,5.0
1,217.0,4.626728110599078,0.7574171029668412,20,CDA5,5,CDA,,14,1100,217.0,0.19727272727272727,9.373271889400922,False,False,False,False,True,5,0,2.2378622230680456,,1.531849946711215,,1.0
2,402.0,8.042288557213931,2.4554973821989527,20,CDA5,5,CDA,3.415560446614853,14,1100,619.0,0.5627272727272727,5.957711442786069,False,False,False,False,True,5,0,1.7846864212259945,1.2283415927684451,2.084713689106412,0.5528637423951972,2.0
3,19.0,10.578947368421053,-0.11605584642233857,20,CDA5,5,CDA,2.536658811207122,14,1100,638.0,0.58,3.421052631578947,False,False,False,False,True,5,0,1.2299482907291965,0.9308477864360861,2.3588659288926355,0.2741522397862233,3.0
4,110.0,8.0,0.0,20,CDA5,5,CDA,-2.578947368421053,14,1100,748.0,0.68,6.0,False,False,False,False,True,5,0,1.791759469228055,0.9473813189441863,2.0794415416798357,-0.2794243872127997,1.0
5,89.0,8.49438202247191,0.3106457242582897,20,CDA5,5,CDA,0.49438202247191043,14,1100,837.0,0.7609090909090909,5.50561797752809,False,False,False,False,True,5,0,1.7057690213725325,-0.7044467358138781,2.1394050064473933,0.05996346476755754,4.0
6,2.0,12.0,0.0017452006980802793,20,CDA5,5,CDA,3.5056179775280896,14,1100,839.0,0.7627272727272727,2.0,False,False,False,False,True,5,0,0.6931471805599453,1.2543668180773424,2.4849066497880004,0.34550164334060707,4.0
7,41.0,13.0,0.0,20,CDA5,5,CDA,1.0,14,1100,880.0,0.8,1.0,False,False,False,False,True,5,0,0.0,0.0,2.5649493574615367,0.08004270767353638,3.0
8,148.0,13.0,0.0,20,CDA5,5,CDA,0.0,14,1100,1028.0,0.9345454545454546,1.0,False,False,False,False,True,5,0,0.0,-6.907755278982137,2.5649493574615367,0.0,3.0
9,0.0,13.0,0.0,20,CDA5,5,CDA,0.0,14,1100,1028.0,0.9345454545454546,1.0,False,False,False,False,True,5,0,0.0,-6.907755278982137,2.5649493574615367,0.0,4.0
10,0.0,13.0,0.0,20,CDA5,5,CDA,0.0,14,1100,1028.0,0.9345454545454546,1.0,False,False,False,False,True,5,0,0.0,-6.907755278982137,2.5649493574615367,0.0,3.0
11,0.0,13.0,0.0,20,CDA5,5,CDA,0.0,14,1100,1028.0,0.9345454545454546,1.0,False,False,False,False,True,5,0,0.0,-6.907755278982137,2.5649493574615367,0.0,2.0
12,118.0,12.0,0.0,20,CDA5,5,CDA,-1.0,14,1100,1146.0,1.0418181818181818,2.0,False,False,False,False,True,5,0,0.6931471805599453,0.0,2.4849066497880004,-0.08004270767353638,2.6999999999999993
1,0.0,8.055047081309509,0.0,1,Flow301,1,Flow30,,14,1100,0.0,0.0,5.9449529186904915,True,False,False,False,False,1,1,1.782542610631233,,2.0862988615913105,,9.5
2,46.2,8.055047081309509,0.09555661912868625,1,Flow301,1,Flow30,0.0,14,1100,46.2,0.042,5.9449529186904915,True,False,False,False,False,1,1,1.782542610631233,-6.907755278982137,2.0862988615913105,0.0,1.9362372091185653
3,111.56000000000002,8.28545243419744,0.1499787286004124,1,Flow301,1,Flow30,0.2304053528879315,14,1100,157.76000000000002,0.14341818181818183,5.71454756580256,True,False,False,False,False,1,1,1.7430151280241828,-1.4679151174097473,2.1145012582224534,0.02820239663114288,4.350549450549451
4,37.129999999999995,7.7071790730401375,-0.08273873321675425,1,Flow301,1,Flow30,-0.5782733611573025,14,1100,194.89000000000001,0.1771727272727273,6.2928209269598625,True,False,False,False,False,1,1,1.8394094482301566,-0.5477085789334112,2.042152241642071,-0.0723490165803824,0.36666666666666625
5,142.78999999999996,7.189856957087128,0.0,1,Flow301,1,Flow30,-0.5173221159530099,14,1100,337.67999999999995,0.30698181818181813,6.810143042912872,True,False,False,False,False,1,1,1.9184131247738434,-0.6590895502226861,1.9726712768322892,-0.06948096480978183,0.36666666666666625
6,99.62,6.919447678219436,-0.07291268788453814,1,Flow301,1,Flow30,-0.2704092788676915,14,1100,437.29999999999995,0.3975454545454545,7.080552321780564,True,False,False,False,False,1,1,1.9573519162138127,-1.30781862006299,1.93433595115796,-0.03833532567432907,0.3666666666666667
7,77.34000000000003,6.541767991178636,0.038926399031266226,1,Flow301,1,Flow30,-0.3776796870407999,14,1100,514.64,0.46785454545454547,7.458232008821364,True,False,False,False,False,1,1,2.0093183899911007,-0.9737088313803316,1.8782074639777788,-0.056128487180181263,0.2999999999999998
8,192.03999999999996,6.960201089233348,0.0,1,Flow301,1,Flow30,0.4184330980547122,14,1100,706.68,0.6424363636363636,7.039798910766652,True,False,False,False,False,1,1,1.9515796059504424,-0.8712382631108462,1.940208366060187,0.06200090208240816,0.2999999999999998
9,141.06,6.822559112779942,-0.058233362330600585,1,Flow301,1,Flow30,-0.13764197645340648,14,1100,847.74,0.7706727272727273,7.177440887220058,True,False,False,False,False,1,1,1.9709428971338252,-1.983099338570032,1.9202346379497672,-0.019973728110419753,1.3749999999999996
10,43.64,6.545454545454545,0.0,1,Flow301,1,Flow30,-0.2771045673253969,14,1100,891.38,0.8103454545454546,7.454545454545455,True,False,False,False,False,1,1,2.0088239744658827,-1.2833603446600947,1.8787708462176846,-0.04146379173208259,1.3749999999999996
11,47.969999999999985,6.213598248441454,-0.058201145748337006,1,Flow301,1,Flow30,-0.3318562970130907,14,1100,939.35,0.8539545454545455,7.786401751558546,True,False,False,False,False,1,1,2.0523788470811315,-1.1030532440900764,1.8267401562321597,-0.05203068998552496,0.8043083900226755
12,65.30000000000004,5.326530612244897,0.0,1,Flow301,1,Flow30,-0.8870676361965568,14,1100,1004.6500000000001,0.9133181818181819,8.673469387755102,True,False,False,False,False,1,1,2.1602688708137903,-0.11983404682141367,1.6727001092120668,-0.15404004702009289,0.8043083900226755
1,0.0,7.3125,0.0,2,Flow301,1,Flow30,,14,1100,0.0,0.0,6.6875,True,False,False,False,False,1,1,1.9002401122221249,,1.989585212557975,,10.0
2,3.7600000000000002,7.3125,0.0,2,Flow301,1,Flow30,0.0,14,1100,3.7600000000000002,0.0034181818181818185,6.6875,True,False,False,False,False,1,1,1.9002401122221249,-6.907755278982137,1.989585212557975,0.0,1.0666666666666664
3,181.32,7.092960225179555,0.007669981545569844,2,Flow301,1,Flow30,-0.2195397748204453,14,1100,185.07999999999998,0.16825454545454543,6.907039774820445,True,False,False,False,False,1,1,1.9325411487149033,-1.5162218564115435,1.9591027745882048,-0.030482437969770126,0.8580567226890756
4,229.53,7.030655076253691,-0.269629975214626,2,Flow301,1,Flow30,-0.06230514892586392,14,1100,414.61,0.3769181818181818,6.969344923746309,True,False,False,False,False,1,1,1.9415212352402478,-2.7757112093186933,1.9502798844476963,-0.008822890140508521,0.28750000000000053
5,116.08000000000001,5.780561658771555,0.027580456410350205,2,Flow301,1,Flow30,-1.2500934174821356,14,1100,530.69,0.4824454545454546,8.219438341228445,True,False,False,False,False,1,1,2.1065018784158953,0.22321828250747308,1.7545008507611626,-0.1957790336865337,0.4917069384798469
6,290.11,6.375969383141561,0.11778691138717855,2,Flow301,1,Flow30,0.5954077243700056,14,1100,820.8000000000001,0.7461818181818183,7.624030616858439,True,False,False,False,False,1,1,2.0313051821962036,-0.518508857071774,1.8525361395851616,0.09803528882399903,0.7631969370662839
7,115.38999999999996,6.07063709767775,-0.11574993669345043,2,Flow301,1,Flow30,-0.30533228546381075,14,1100,936.19,0.8510818181818183,7.92936290232225,True,False,False,False,False,1,1,2.0705726922329615,-1.186354634869088,1.8034635579949165,-0.04907258159024508,0.6857142857142855
8,93.71,5.501989944859604,0.022243382163294478,2,Flow301,1,Flow30,-0.568647152818146,14,1100,1029.9,0.9362727272727274,8.498010055140396,True,False,False,False,False,1,1,2.139832024928022,-0.5644951552785837,1.705109834957929,-0.09835372303698753,0.776470588235294
9,116.29000000000002,4.985612194558974,-0.09439834933969032,2,Flow301,1,Flow30,-0.5163777503006299,14,1100,1146.19,1.0419909090909092,9.014387805441025,True,False,False,False,False,1,1,2.1988219459124627,-0.6609167071101745,1.6065562032073946,-0.09855363175053444,0.6999999999999997
10,114.53000000000003,4.634302873260579,-0.037072570619534916,2,Flow301,1,Flow30,-0.35130932129839465,14,1100,1260.72,1.146109090909091,9.36569712673942,True,False,False,False,False,1,1,2.2370537727133284,-1.0460881863350855,1.5334857827998425,-0.07307042040755207,0.7000000000000002
11,5.720000000000013,4.285714285714286,-0.001290456487702313,2,Flow301,1,Flow30,-0.34858858754629374,14,1100,1266.44,1.151309090909091,9.714285714285715,True,False,False,False,False,1,1,2.2735975561207935,-1.0538628843945543,1.455287232606842,-0.07819855019300048,0.6000496031746032
12,0.0,4.285714285714286,0.0,2,Flow301,1,Flow30,0.0,14,1100,1266.44,1.151309090909091,9.714285714285715,True,False,False,False,False,1,1,2.2735975561207935,-6.907755278982137,1.455287232606842,0.0,0.617543859649123
1,0.0,5.313432835820896,0.0,3,Flow301,1,Flow30,,14,1100,0.0,0.0,8.686567164179104,True,False,False,False,False,1,1,2.1617778283404716,,1.6702381114610645,,7.666666666666667
2,32.92,5.313432835820896,0.0,3,Flow301,1,Flow30,0.0,14,1100,32.92,0.02992727272727273,8.686567164179104,True,False,False,False,False,1,1,2.1617778283404716,-6.907755278982137,1.6702381114610645,0.0,1.276190476190476
3,9.879999999999995,7.408979811260604,0.04784691030089935,3,Flow301,1,Flow30,2.0955469754397082,14,1100,42.8,0.03890909090909091,6.591020188739396,True,False,False,False,False,1,1,1.8857081451427231,0.739814605425788,2.002692752536841,0.3324546410757765,3.1117444219066943
4,23.36,10.940678633286096,0.05411345272642132,3,Flow301,1,Flow30,3.5316988220254917,14,1100,66.16,0.060145454545454544,3.0593213667139043,True,False,False,False,False,1,1,1.1181931157847567,1.261779007878705,2.3924878273629737,0.38979507482613274,2.0538888888888893
5,40.92,7.583688358720815,-0.0846855140085216,3,Flow301,1,Flow30,-3.3569902745652804,14,1100,107.08,0.09734545454545454,6.416311641279185,True,False,False,False,False,1,1,1.858843441903183,1.2110448209324205,2.025999672167603,-0.3664881551953707,2.914045038153697
6,134.69,10.041072532781849,0.08413256553896094,3,Flow301,1,Flow30,2.4573841740610334,14,1100,241.76999999999998,0.21979090909090906,3.9589274672181514,True,False,False,False,False,1,1,1.375973146970598,0.8990974403154474,2.3066839345323826,0.2806842623647796,0.5066706670667065
7,115.35,10.714672161095018,0.3195250195687896,3,Flow301,1,Flow30,0.6735996283131698,14,1100,357.12,0.3246545454545455,3.2853278389049816,True,False,False,False,False,1,1,1.1894664457104287,-0.3951193678457849,2.3716140321994175,0.06493009766703484,0.5163398692810457
8,32.37999999999999,11.037088933770484,-0.012393896386906522,3,Flow301,1,Flow30,0.3224167726754654,14,1100,389.5,0.35409090909090907,2.962911066229516,True,False,False,False,False,1,1,1.0861722533686222,-1.1319102452752652,2.4012613225430512,0.02964729034363378,2.022222222222222
9,132.04000000000002,9.350729307391337,0.41677024149775915,3,Flow301,1,Flow30,-1.6863596263791472,14,1100,521.54,0.4741272727272727,4.649270692608663,True,False,False,False,False,1,1,1.536710366999327,0.5225721383638701,2.2354543410492096,-0.16580698149384165,0.8016949152542354
10,181.00999999999996,11.630704623745215,-0.21379010062180917,3,Flow301,1,Flow30,2.2799753163538785,14,1100,702.55,0.6386818181818181,2.369295376254785,True,False,False,False,False,1,1,0.8625926013446423,0.8241646167471665,2.4536485514317468,0.21819421038253717,1.0
11,36.16000000000006,9.164230330905264,-0.03831838025484511,3,Flow301,1,Flow30,-2.4664742928399512,14,1100,738.71,0.6715545454545455,4.835769669094736,True,False,False,False,False,1,1,1.5760403032259573,0.9027897191114749,2.2153078985950363,-0.23834065283671046,0.7755960729312759
12,86.61999999999998,7.565577022513748,-0.19647696476964768,3,Flow301,1,Flow30,-1.5986533083915155,14,1100,825.33,0.7503000000000001,6.434422977486252,True,False,False,False,False,1,1,1.8616621676392442,0.4691615925770404,2.0236086196142242,-0.19169927898081207,0.8784946236559139
1,8.7,5.161290322580645,0.0,4,Flow301,1,Flow30,,14,1100,8.7,0.007909090909090909,8.838709677419356,True,False,False,False,False,1,1,2.179140901902924,,1.6411866107486806,,1.3777777777777778
2,118.86,5.826569649086816,0.15113318942495899,4,Flow301,1,Flow30,0.6652793265061714,14,1100,127.56,0.11596363636363637,8.173430350913183,True,False,False,False,False,1,1,2.100888692343301,-0.40754828665942483,1.7624284308062659,0.12124182005758533,0.49743589743589745
3,236.45999999999998,9.198876982013394,0.43696019811810166,4,Flow301,1,Flow30,3.372307332926577,14,1100,364.02,0.33092727272727274,4.8011230179866065,True,False,False,False,False,1,1,1.568849852629529,1.2155971786099125,2.219081409431734,0.45665297862546805,0.6333333333333337
4,168.58,8.418894683709286,-0.2164270987176946,4,Flow301,1,Flow30,-0.7799822983041071,14,1100,532.6,0.4841818181818182,5.581105316290714,True,False,False,False,False,1,1,1.7193868421336644,-0.2484840540379372,2.130478546918606,-0.08860286251312788,0.6749999999999998
5,106.81999999999996,7.85357919873312,0.008072944681743893,4,Flow301,1,Flow30,-0.5653154849761668,14,1100,639.42,0.5812909090909091,6.14642080126688,True,False,False,False,False,1,1,1.8158699288664335,-0.5703713231832825,2.06096937676441,-0.06950917015419611,0.5380434782608701
6,177.09000000000003,7.657817648409788,0.009314466369949384,4,Flow301,1,Flow30,-0.19576155032333187,14,1100,816.51,0.7422818181818182,6.342182351590212,True,False,False,False,False,1,1,1.8472229287129207,-1.6308579403688028,2.035727040863758,-0.025242335900651725,0.2908944399677682
7,111.51999999999997,7.714436748463054,-0.04807316535858207,4,Flow301,1,Flow30,0.056619100053266536,14,1100,928.03,0.8436636363636364,6.285563251536946,True,False,False,False,False,1,1,1.83825545640969,-2.8714088939272364,2.0430934758217747,0.007366434958016477,0.31372549019607865
8,185.10000000000002,7.276289526592771,0.07764384106873583,4,Flow301,1,Flow30,-0.4381472218702829,14,1100,1113.13,1.0119363636363636,6.723710473407229,True,False,False,False,False,1,1,1.9056401559350862,-0.8252003020908552,1.9846210518643013,-0.05847242395747343,0.4313186813186811
9,92.73999999999998,7.662420382165607,0.0,4,Flow301,1,Flow30,0.38613085557283533,14,1100,1205.8700000000001,1.0962454545454547,6.337579617834393,True,False,False,False,False,1,1,1.8464969318102844,-0.9515789628915013,2.036327910626371,0.05170685876206993,0.4313186813186811
10,27.940000000000005,7.173913043478262,0.0,4,Flow301,1,Flow30,-0.4885073386873451,14,1100,1233.8100000000002,1.1216454545454546,6.826086956521738,True,False,False,False,False,1,1,1.9207515894191582,-0.7164007847107193,1.970451257971431,-0.06587665265494014,2.2354727398205654
11,27.200000000000003,6.870089955022489,-0.022726248003153694,4,Flow301,1,Flow30,-0.3038230884557729,14,1100,1261.0100000000002,1.1463727272727275,7.129910044977511,True,False,False,False,False,1,1,1.9642986179339257,-1.1913096928413036,1.92717720003827,-0.04327405793316097,1.9729064039408866
12,20.18,5.898823272042658,-0.007235693434465864,4,Flow301,1,Flow30,-0.9712666829798309,14,1100,1281.1900000000003,1.164718181818182,8.101176727957341,True,False,False,False,False,1,1,2.092009326183456,-0.02915420063458894,1.774752885603293,-0.15242431443497706,1.5843137254901958
1,0.0,8.375871503035183,0.0,5,Flow301,2,Flow30,,6,1200,0.0,0.0,2.3758715030351834,False,True,False,False,False,1,1,0.8653643188238085,,2.1253551323611597,,3.3270833333333334
2,162.1,8.375871503035183,-0.07376604074396213,5,Flow301,2,Flow30,0.0,6,1200,162.1,0.13508333333333333,2.3758715030351834,False,True,False,False,False,1,1,0.8653643188238085,-6.907755278982137,2.1253551323611597,0.0,0.33809523809523867
3,337.26000000000005,8.373565489461333,0.00501713512693876,5,Flow301,2,Flow30,-0.0023060135738504073,6,1200,499.36,0.41613333333333336,2.373565489461333,False,True,False,False,False,1,1,0.8643932505651063,-6.072234970834117,2.1250797781997686,-0.0002753541613911281,0.15726548129981666
4,430.3299999999999,8.052002434399862,-0.09236970713277103,5,Flow301,2,Flow30,-0.3215630550614712,6,1200,929.6899999999999,0.7747416666666667,2.0520024343998617,False,True,False,False,False,1,1,0.7188161136625278,-1.1345616268165721,2.085920810112306,-0.039158968087462664,0.1314886314886321
5,84.73999999999998,6.421587703664156,-0.11323071338641692,5,Flow301,2,Flow30,-1.6304147307357058,6,1200,1014.43,0.8453583333333333,0.421587703664156,False,True,False,False,False,1,1,-0.8637274480623001,0.488834418489488,1.8596653929935056,-0.22625541711880026,1.0931052264385595
6,48.49999999999999,6.3540181431212845,0.04988442478899538,5,Flow301,2,Flow30,-0.06756956054287144,6,1200,1062.9299999999998,0.8857749999999999,0.35401814312128455,False,True,False,False,False,1,1,-1.0384071154066479,-2.6945976851705713,1.8490873912290338,-0.010578001764471878,2.2376184569167004
7,148.55,5.793503157156165,-0.11783697109833786,5,Flow301,2,Flow30,-0.5605149859651197,6,1200,1211.4799999999998,1.0095666666666665,0.20649684284383518,False,True,False,False,False,1,1,-1.5774701555897652,-0.5788993000474691,1.7567371444028188,-0.09235024682621495,0.3943609022556389
8,158.67999999999995,5.803113779480667,0.05744272013641524,5,Flow301,2,Flow30,0.009610622324502494,6,1200,1370.1599999999999,1.1418,0.1968862205193327,False,True,False,False,False,1,1,-1.6251292779122146,-4.644886300083899,1.7583946320265385,0.0016574876237196445,0.24847649348421363
9,117.80999999999995,5.999910429660848,-0.07276541678079744,5,Flow301,2,Flow30,0.19679665018018078,6,1200,1487.9699999999998,1.2399749999999998,8.957033915191204e-05,False,True,False,False,False,1,1,-9.320486329038966,-1.6255843159510213,1.791744540726767,0.03334990870022847,0.5642522269104546
10,24.05000000000004,5.2405063291139244,0.011952664466757941,5,Flow301,2,Flow30,-0.7594041005469236,6,1200,1512.0199999999998,1.2600166666666666,0.7594936708860756,False,True,False,False,False,1,1,-0.2751032902449213,-0.27522123147959865,1.656418121358293,-0.135326419368474,0.3824561403508775
11,0.0,5.2405063291139244,0.0,5,Flow301,2,Flow30,0.0,6,1200,1512.0199999999998,1.2600166666666666,0.7594936708860756,False,True,False,False,False,1,1,-0.2751032902449213,-6.907755278982137,1.656418121358293,0.0,1.2545454545454544
12,16.159999999999982,5.10204081632653,0.021149341046211814,5,Flow301,2,Flow30,-0.13846551278739483,6,1200,1528.1799999999998,1.2734833333333333,0.8979591836734704,False,True,False,False,False,1,1,-0.10763066419236433,-1.977133989506836,1.6296406197516196,-0.02677750160667336,0.3555555555555556
1,0.0,6.593955034118248,0.0,6,Flow301,2,Flow30,,6,1200,0.0,0.0,0.593955034118248,False,True,False,False,False,1,1,-0.5209516626225218,,1.8861533254146183,,7.166666666666667
2,143.01999999999998,6.593955034118248,0.050731021654387434,6,Flow301,2,Flow30,0.0,6,1200,143.01999999999998,0.11918333333333332,0.593955034118248,False,True,False,False,False,1,1,-0.5209516626225218,-6.907755278982137,1.8861533254146183,0.0,0.2588235294117651
3,501.15000000000003,7.15869353099799,0.08067602529575389,6,Flow301,2,Flow30,0.564738496879742,6,1200,644.1700000000001,0.5368083333333334,1.15869353099799,False,True,False,False,False,1,1,0.14729310402263307,-0.5713924923589653,1.9683274965855804,0.08217417117096204,0.1917960088691797
4,444.71,7.47866568794733,-0.08626642497523225,6,Flow301,2,Flow30,0.31997215694933967,6,1200,1088.88,0.9074000000000001,1.4786656879473297,False,True,False,False,False,1,1,0.3911401189266424,-1.1395212965072274,2.0120543921098135,0.043726895524233145,0.2454545454545456
5,165.31,6.520340572258182,-0.09577469684767936,6,Flow301,2,Flow30,-0.9583251156891475,6,1200,1254.19,1.0451583333333334,0.5203405722581822,False,True,False,False,False,1,1,-0.6532717351402695,-0.04256818938862439,1.8749266095832846,-0.1371277825265289,0.3733333333333335
6,0.0,6.520340572258182,0.0,6,Flow301,2,Flow30,0.0,6,1200,1254.19,1.0451583333333334,0.5203405722581822,False,True,False,False,False,1,1,-0.6532717351402695,-6.907755278982137,1.8749266095832846,0.0,0.7854545454545456
7,149.39999999999992,6.8320959362119265,-0.02956650421332585,6,Flow301,2,Flow30,0.31175536395374426,6,1200,1403.59,1.1696583333333332,0.8320959362119265,False,True,False,False,False,1,1,-0.1838075368613518,-1.1655364886237591,1.9216314985732645,0.04670488898997993,0.5073846153846149
8,198.97000000000003,6.982920628103997,0.08245263222757457,6,Flow301,2,Flow30,0.15082469189207082,6,1200,1602.56,1.3354666666666666,0.9829206281039973,False,True,False,False,False,1,1,-0.017226906648398148,-1.8916370974747638,1.9434672573527862,0.021835758779521708,0.6287878787878785
9,57.77000000000004,6.623568900781998,-0.0642331179900556,6,Flow301,2,Flow30,-0.35935172732199927,6,1200,1660.33,1.3836083333333333,0.623568900781998,False,True,False,False,False,1,1,-0.4722960135007188,-1.0234536282836368,1.8906343335613882,-0.052832923791398034,1.5668044077134984
10,9.00999999999999,5.780396989517384,0.0019350662200247565,6,Flow301,2,Flow30,-0.8431719112646139,6,1200,1669.34,1.3911166666666666,0.21960301048261588,False,True,False,False,False,1,1,-1.5159338605034973,-0.17058441381748157,1.7544723636332016,-0.13616196992818663,0.47747953550352173
11,7.710000000000022,5.803143062219032,-0.0036862750700876116,6,Flow301,2,Flow30,0.022746072701647968,6,1200,1677.05,1.3975416666666667,0.1968569377809679,False,True,False,False,False,1,1,-1.6252780182156406,-3.7833627769861824,1.7583996780527922,0.0039273144195906,1.0099999999999998
12,48.980000000000004,5.333151273500291,0.0045319946480413065,6,Flow301,2,Flow30,-0.46999178871874125,6,1200,1726.03,1.4383583333333334,0.6668487264997092,False,True,False,False,False,1,1,-0.40519205564081884,-0.755040055241838,1.6739422967703221,-0.08445738128247005,0.17291090178537605
1,10.9,6.363636363636363,0.0,7,Flow301,2,Flow30,,6,1200,10.9,0.009083333333333334,0.3636363636363633,False,True,False,False,False,1,1,-1.0116009116784808,,1.8505999692509885,,0.3429141716566866
2,176.08,7.172781291109858,0.09376681523534529,7,Flow301,2,Flow30,0.8091449274734943,6,1200,186.98000000000002,0.1558166666666667,1.1727812911098576,False,True,False,False,False,1,1,0.15937809969512623,-0.21177723399582976,1.9702934861050543,0.11969351685406582,0.27500000000000036
3,234.36,7.523983600488743,-0.05305841339073927,7,Flow301,2,Flow30,0.35120230937888497,6,1200,421.34000000000003,0.3511166666666667,1.5239836004887426,False,True,False,False,False,1,1,0.4213276963723979,-1.0463928415625987,2.018095731809713,0.04780224570465874,5.708333333333333
4,266.61999999999995,6.843106869670822,-0.010397158381198581,7,Flow301,2,Flow30,-0.6808767308179204,6,1200,687.96,0.5733,0.8431068696708222,False,True,False,False,False,1,1,-0.17066155597755536,-0.3843740012320778,1.923241849219567,-0.09485388259014593,0.21006289308176118
5,339.0,6.6733377368372,-0.05912811088857089,7,Flow301,2,Flow30,-0.16976913283362194,6,1200,1026.96,0.8558,0.6733377368372002,False,True,False,False,False,1,1,-0.39550823741915303,-1.7733158070620085,1.8981201450844614,-0.025121704135105727,0.26483799660322527
6,318.52,6.5304984581071395,0.03670167321012025,7,Flow301,2,Flow30,-0.14283927873006075,6,1200,1345.48,1.1212333333333333,0.5304984581071395,False,True,False,False,False,1,1,-0.6339382274221639,-1.9460352057641523,1.8764832739290087,-0.021636871155452653,0.38247549019607874
7,107.02000000000001,6.783505154639174,0.0,7,Flow301,2,Flow30,0.2530066965320348,6,1200,1452.5,1.2104166666666667,0.7835051546391743,False,True,False,False,False,1,1,-0.24397763821705304,-1.3743393220988351,1.9144939528219342,0.03801067889292553,0.38247549019607874
8,155.34999999999997,5.871693086474667,-0.0626467316716158,7,Flow301,2,Flow30,-0.9118120681645072,6,1200,1607.85,1.339875,0.12830691352533297,False,True,False,False,False,1,1,-2.053330123190088,-0.09232137575133342,1.7701430226564956,-0.14435093016543865,1.4489795918367345
9,1.7100000000000222,5.142857142857143,-0.00012098083621105191,7,Flow301,2,Flow30,-0.7288359436175238,6,1200,1609.56,1.3413,0.8571428571428568,False,True,False,False,False,1,1,-0.15415067982725875,-0.3163066153481297,1.6376087894007967,-0.1325342332556989,1.3710691823899372
10,41.280000000000015,6.078549848942598,0.022049483592271463,7,Flow301,2,Flow30,0.9356927060854545,6,1200,1650.84,1.3757,0.07854984894259776,False,True,False,False,False,1,1,-2.5440218373555865,-0.06646816187284024,1.804766155842567,0.16715736644177026,0.21938775510204067
11,250.60999999999999,6.346563407550822,0.0,7,Flow301,2,Flow30,0.2680135586082244,6,1200,1901.4499999999998,1.5845416666666665,0.34656340755082216,False,True,False,False,False,1,1,-1.0596894827189403,-1.3167177079292707,1.8479134707440816,0.04314731490151469,0.2208827717133368
12,117.76,6.183390792119569,-0.005896320468225872,7,Flow301,2,Flow30,-0.16317261543125294,6,1200,2019.2099999999998,1.682675,0.1833907921195692,False,True,False,False,False,1,1,-1.6961359269655876,-1.81294664813434,1.821866792868235,-0.02604667787584658,0.3251497131651049
1,0.0,6.516026670211817,0.0,8,Flow301,2,Flow30,,6,1200,0.0,0.0,0.5160266702118168,False,True,False,False,False,1,1,-0.6615968283792639,,1.874264783765771,,3.1
2,195.96,6.516026670211817,0.2439449557835946,8,Flow301,2,Flow30,0.0,6,1200,195.96,0.1633,0.5160266702118168,False,True,False,False,False,1,1,-0.6615968283792639,-6.907755278982137,1.874264783765771,0.0,0.1870575948677935
3,571.73,7.277132475746533,0.08354919224272465,8,Flow301,2,Flow30,0.761105805534716,6,1200,767.69,0.6397416666666668,1.2771324757465328,False,True,False,False,False,1,1,0.24461731148697474,-0.272982895916682,1.9847368939191208,0.11047211015334968,0.22998728890786424
4,488.2,7.116277987331538,-0.36967384387282826,8,Flow301,2,Flow30,-0.16085448841499517,6,1200,1255.89,1.046575,1.1162779873315376,False,True,False,False,False,1,1,0.10999992553169413,-1.8272551213345702,1.9623848341518006,-0.02235205976732013,0.2743589743589743
5,34.05999999999999,6.202672728569851,0.007772720685295959,8,Flow301,2,Flow30,-0.9136052587616863,6,1200,1289.95,1.0749583333333335,0.2026727285698513,False,True,False,False,False,1,1,-1.5961627754248928,-0.09035668400929735,1.8249802844136949,-0.13740454973810579,0.3593073593073588
6,116.95999999999998,6.804458828713171,0.025938298027649076,8,Flow301,2,Flow30,0.60178610014332,6,1200,1406.91,1.172425,0.8044588287131713,False,True,False,False,False,1,1,-0.21758549010142134,-0.507853212189326,1.9175781074029976,0.09259782298930275,0.345959595959596
7,121.74000000000001,7.149831687168957,-0.028827692148456027,8,Flow301,2,Flow30,0.3453728584557858,6,1200,1528.65,1.273875,1.1498316871689571,False,True,False,False,False,1,1,0.13961557268012195,-1.063130696392494,1.9670888161727502,0.04951070876975261,0.26114797152532976
8,175.22999999999996,6.307181159400317,-0.006820034202822969,8,Flow301,2,Flow30,-0.8426505277686402,6,1200,1703.88,1.4199000000000002,0.30718115940031687,False,True,False,False,False,1,1,-1.1803176096664796,-0.17120296474019475,1.8416888508143185,-0.12539996535843168,0.2611111111111115
9,149.52000000000004,6.21144323553994,-0.010383030992710866,8,Flow301,2,Flow30,-0.09573792386037727,6,1200,1853.4,1.5445,0.2114432355399396,False,True,False,False,False,1,1,-1.5537987064008967,-2.3461407804380143,1.8263932740224058,-0.015295576791912735,0.26111111111111107
10,77.73999999999997,6.092978652956909,-0.0006225822257003185,8,Flow301,2,Flow30,-0.11846458258303016,6,1200,1931.14,1.6092833333333334,0.09297865295690944,False,True,False,False,False,1,1,-2.3753853502745303,-2.1331412442366893,1.8071370677245084,-0.01925620629789737,0.2563218390804596
11,82.43000000000002,6.034782250554738,0.0,8,Flow301,2,Flow30,-0.05819640240217172,6,1200,2013.5700000000002,1.6779750000000002,0.034782250554737715,False,True,False,False,False,1,1,-3.35864806384766,-2.8439317405510085,1.7975397727974358,-0.00959729492707262,1.1088736221255162
12,71.32000000000001,6.161573180737036,0.0036614648151089093,8,Flow301,2,Flow30,0.12679093018229803,6,1200,2084.8900000000003,1.7374083333333337,0.16157318073703575,False,True,False,False,False,1,1,-1.822797107453827,-2.0652157680680716,1.8183321314231367,0.020792358625700835,0.29047619047619033
1,0.0,6.190913274696037,0.0,9,Flow301,3,Flow30,,9,1500,0.0,0.0,1.8090867253039633,False,False,True,False,False,1,1,0.5928221462833516,,1.823082616152116,,2.1904761904761907
2,245.94000000000003,6.190913274696037,0.045254872965553014,9,Flow301,3,Flow30,0.0,9,1500,245.94000000000003,0.16396000000000002,1.8090867253039633,False,False,True,False,False,1,1,0.5928221462833516,-6.907755278982137,1.823082616152116,0.0,0.30165649520488147
3,391.64000000000004,6.723539494745192,0.03549288050956961,9,Flow301,3,Flow30,0.5326262200491554,9,1500,637.58,0.42505333333333334,1.276460505254808,False,False,True,False,False,1,1,0.24409101734986302,-0.6299353765302693,1.9056147263993148,0.08253211024719875,0.3046594982078856
4,467.07000000000005,6.707374011947976,0.026158948144442754,9,Flow301,3,Flow30,-0.016165482797216413,9,1500,1104.65,0.7364333333333334,1.2926259880520243,False,False,True,False,False,1,1,0.2566757988990947,-4.124877001426346,1.9032075199802936,-0.002407206419021257,0.2622377622377625
5,233.66999999999996,5.829152557092101,0.0025236241125866183,9,Flow301,3,Flow30,-0.8782214548558747,9,1500,1338.3200000000002,0.8922133333333334,2.170847442907899,False,False,True,False,False,1,1,0.7751176180023372,-0.12985649066344435,1.7628716308074113,-0.1403358891728823,0.43356643356643376
6,154.86000000000007,6.353131301582226,0.002738466596303259,9,Flow301,3,Flow30,0.5239787444901252,9,1500,1493.1800000000003,0.9954533333333335,1.6468686984177738,False,False,True,False,False,1,1,0.49887572635257993,-0.646304159433977,1.8489478097211027,0.08607617891369146,0.3355104015481376
7,171.08999999999992,6.541786809697245,0.038950370386321,9,Flow301,3,Flow30,0.1886555081150192,9,1500,1664.2700000000002,1.1095133333333336,1.4582131903027546,False,False,True,False,False,1,1,0.37721184395534024,-1.6678326354628377,1.8782103406453046,0.029262530924201835,0.4335664335664333
8,221.39000000000001,6.945118278418028,0.03441760652058373,9,Flow301,3,Flow30,0.40333146872078274,9,1500,1885.6600000000003,1.2571066666666668,1.054881721581972,False,False,True,False,False,1,1,0.05342864839840598,-0.9079965520764699,1.9380390067910236,0.05982866614571902,0.2359782135076256
9,124.20000000000002,7.032996374350964,-0.02924135472990596,9,Flow301,3,Flow30,0.08787809593293616,9,1500,2009.8600000000004,1.3399066666666668,0.9670036256490357,False,False,True,False,False,1,1,-0.03355303415734449,-2.4318046983716393,1.9506128418061925,0.012573835015168955,0.34675925925925943
10,131.26999999999998,7.110132647523026,0.03295407791761501,9,Flow301,3,Flow30,0.07713627317206218,9,1500,2141.13,1.4274200000000001,0.8898673524769736,False,False,True,False,False,1,1,-0.11668286952454192,-2.5621816398910227,1.9615209001141192,0.010908058307926627,0.18888495527800142
11,225.29000000000005,7.234335385729806,0.0,9,Flow301,3,Flow30,0.12420273820677963,9,1500,2366.42,1.5776133333333333,0.7656646142701939,False,False,True,False,False,1,1,-0.2670110454999689,-2.0858400629723257,1.9788384948729252,0.01731759475880601,0.24330823245882627
12,60.82000000000002,7.258187485193935,-0.010157234291139197,9,Flow301,3,Flow30,0.02385209946412914,9,1500,2427.2400000000002,1.6181600000000003,0.7418125148060648,False,False,True,False,False,1,1,-0.2986587432061044,-3.735883037675925,1.9821301399802507,0.0032916451073254915,0.1870370370370371
1,0.0,6.79035220413359,0.0,10,Flow301,3,Flow30,,9,1500,0.0,0.0,1.2096477958664096,False,False,True,False,False,1,1,0.1903292394409298,,1.9155028112317705,,10.0
2,293.32,6.79035220413359,0.3969171405658162,10,Flow301,3,Flow30,0.0,9,1500,293.32,0.19554666666666667,1.2096477958664096,False,False,True,False,False,1,1,0.1903292394409298,-6.907755278982137,1.9155028112317705,0.0,0.6234031681144616
3,380.46000000000004,8.010092552137298,-0.2583407779784057,10,Flow301,3,Flow30,1.2197403480037075,9,1500,673.78,0.4491866666666666,0.0,False,False,True,False,False,1,1,-6.907755278982137,0.19863800658859426,2.080702315587459,0.16519950435568842,0.17227534856558835
4,554.7900000000001,7.574999999999998,0.0,10,Flow301,3,Flow30,-0.43509255213729947,9,1500,1228.5700000000002,0.8190466666666668,0.4250000000000016,False,False,True,False,False,1,1,-0.8556661100577164,-0.832196506990382,2.0248533513954325,-0.05584896419202634,0.22903412377096588
5,464.48,7.8329324888514265,0.0617553930849273,10,Flow301,3,Flow30,0.25793248885142805,9,1500,1693.0500000000002,1.1287,0.16706751114857354,False,False,True,False,False,1,1,-1.7893572898810914,-1.355057399420876,2.0583369595367027,0.03348360814127016,0.22644061247162206
6,196.95000000000002,8.065475656688465,0.032795305759097115,10,Flow301,3,Flow30,0.2325431678370382,9,1500,1890.0000000000002,1.2600000000000002,0.0,False,False,True,False,False,1,1,-6.907755278982137,-1.4586794030726242,2.087592687728741,0.029255728192038255,0.7377961520114491
7,138.53999999999996,8.555241785707592,0.07302039026617664,10,Flow301,3,Flow30,0.4897661290191273,9,1500,2028.5400000000002,1.3523600000000002,0.0,False,False,True,False,False,1,1,-6.907755278982137,-0.713827289531569,2.1465441694471283,0.05895148171838738,0.5862220038751502
8,41.21000000000002,9.21297215039318,-0.006914005221306985,10,Flow301,3,Flow30,0.6577303646855874,9,1500,2069.75,1.3798333333333332,0.0,False,False,True,False,False,1,1,-6.907755278982137,-0.4189602117527232,2.2206125072624823,0.07406833781535394,1.4711036905264425
9,96.26,9.188113180775309,0.0026967785719797096,10,Flow301,3,Flow30,-0.024858969617870486,9,1500,2166.01,1.4440066666666669,0.0,False,False,True,False,False,1,1,-6.907755278982137,-3.6945366411491065,2.217910603076549,-0.0027019041859333015,0.16287878787878807
10,115.04000000000005,9.226493484631781,0.02501419527208401,10,Flow301,3,Flow30,0.03838030385647251,9,1500,2281.05,1.5207000000000002,0.0,False,False,True,False,False,1,1,-6.907755278982137,-3.2602108713814864,2.2220790721759913,0.004168469099442351,1.6797791580400272
11,29.97999999999996,9.614662770839512,-0.009036706500877055,10,Flow301,3,Flow30,0.38816928620773083,9,1500,2311.03,1.5406866666666668,0.0,False,False,True,False,False,1,1,-6.907755278982137,-0.9463137298529651,2.2632893051900425,0.041210233014051134,7.0
12,43.69,8.994420334779912,0.0,10,Flow301,3,Flow30,-0.6202424360596002,9,1500,2354.7200000000003,1.5698133333333335,0.0,False,False,True,False,False,1,1,-6.907755278982137,-0.4776448514711235,2.196604422277584,-0.06668488291245867,2.836418118459257
1,0.0,7.764082563479871,0.0,11,Flow301,3,Flow30,,9,1500,0.0,0.0,0.2359174365201291,False,False,True,False,False,1,1,-1.4442733804203445,,2.0495082993923996,,10.0
2,328.56,7.764082563479871,0.1530963968496794,11,Flow301,3,Flow30,0.0,9,1500,328.56,0.21904,0.2359174365201291,False,False,True,False,False,1,1,-1.4442733804203445,-6.907755278982137,2.0495082993923996,0.0,0.21964326032964543
3,440.03000000000003,7.872151983809901,0.0,11,Flow301,3,Flow30,0.10806942033002986,9,1500,768.59,0.5123933333333334,0.12784801619009922,False,False,True,False,False,1,1,-2.0569130940638076,-2.224981477519425,2.063331466449997,0.013823167057597452,0.21964326032964543
4,293.94,8.295284514426177,0.0691996202279105,11,Flow301,3,Flow30,0.4231325306162761,9,1500,1062.53,0.7083533333333333,0.0,False,False,True,False,False,1,1,-6.907755278982137,-0.8600698378579589,2.1156872225630754,0.0523557561130783,0.2967278510962714
5,288.59000000000003,8.173593810275115,-0.047187216191667825,11,Flow301,3,Flow30,-0.12169070415106198,9,1500,1351.12,0.9007466666666666,0.0,False,False,True,False,False,1,1,-6.907755278982137,-2.1062726652169212,2.1009086910122114,-0.01477853155086395,0.37768031189083784
6,267.7900000000001,7.598398242750969,0.07582069171316155,11,Flow301,3,Flow30,-0.5751955675241458,9,1500,1618.9099999999999,1.0792733333333333,0.4016017572490309,False,False,True,False,False,1,1,-0.9122943349940937,-0.5530451785783123,2.0279374675470283,-0.07297122346518314,0.3776803118908383
7,103.44999999999997,8.13346076490123,0.0460783973783325,11,Flow301,3,Flow30,0.5350625221502607,9,1500,1722.36,1.14824,0.0,False,False,True,False,False,1,1,-6.907755278982137,-0.6253716750819132,2.0959865113240324,0.06804904377700405,0.1584210526315788
8,54.28,8.50692025585161,-0.0075225247049840235,11,Flow301,3,Flow30,0.37345949095037945,9,1500,1776.6399999999999,1.1844266666666665,0.0,False,False,True,False,False,1,1,-6.907755278982137,-0.9849457382554335,2.1408799800050144,0.044893468680982096,0.25204223351443567
9,95.57999999999998,8.905325905526555,0.019623860319413964,11,Flow301,3,Flow30,0.3984056496749453,9,1500,1872.2199999999998,1.2481466666666665,0.0,False,False,True,False,False,1,1,-6.907755278982137,-0.9202845724612347,2.186649514109727,0.045769534104712406,0.1616416926489519
10,66.09,9.130223836156254,0.0005303615596758504,11,Flow301,3,Flow30,0.22489793062969987,9,1500,1938.3099999999997,1.2922066666666665,0.0,False,False,True,False,False,1,1,-6.907755278982137,-1.4921086213499957,2.2115902108623486,0.024940696752621783,0.16716777576124286
11,66.93999999999998,9.118884956430408,-0.001334784832340808,11,Flow301,3,Flow30,-0.01133887972584624,9,1500,2005.2499999999998,1.336833333333333,0.0,False,False,True,False,False,1,1,-6.907755278982137,-4.479517775170461,2.2103475330621456,-0.0012426778002030403,0.13862113653595376
12,106.58000000000008,8.655513329414076,0.0392802697809705,11,Flow301,3,Flow30,-0.4633716270163326,9,1500,2111.83,1.4078866666666665,0.0,False,False,True,False,False,1,1,-6.907755278982137,-0.7692258967039975,2.1581964970270002,-0.05215103603514537,0.14439507860560497
1,0.0,6.694385164471263,0.0,12,Flow301,3,Flow30,,9,1500,0.0,0.0,1.3056148355287371,False,False,True,False,False,1,1,0.2666740681600353,,1.90126913989561,,3.2333333333333334
2,123.97,6.694385164471263,0.0,12,Flow301,3,Flow30,0.0,9,1500,123.97,0.08264666666666666,1.3056148355287371,False,False,True,False,False,1,1,0.2666740681600353,-6.907755278982137,1.90126913989561,0.0,0.40484848484848523
3,381.22,7.364117092506075,0.025439543347857946,12,Flow301,3,Flow30,0.6697319280348122,9,1500,505.19000000000005,0.3367933333333334,0.635882907493925,False,False,True,False,False,1,1,-0.45274084030587497,-0.4008777540721804,1.9966191639106414,0.09535002401503134,0.17086999022482896
4,346.32,7.60836494059177,0.0834019438354808,12,Flow301,3,Flow30,0.24424784808569466,9,1500,851.51,0.5676733333333334,0.3916350594082303,False,False,True,False,False,1,1,-0.9374248437115996,-1.4095717983920388,2.02924829209894,0.03262912818829866,0.3193548387096774
5,221.15999999999997,7.747102507631067,-0.017320962391360873,12,Flow301,3,Flow30,0.13873756703929718,9,1500,1072.67,0.7151133333333334,0.2528974923689331,False,False,True,False,False,1,1,-1.3747710408597928,-1.9751711372945178,2.047318903475361,0.018070611376420853,0.45314207650273186
6,244.65999999999997,7.816644996378944,0.0,12,Flow301,3,Flow30,0.06954248874787705,9,1500,1317.33,0.87822,0.18335500362105606,False,False,True,False,False,1,1,-1.6963310948395884,-2.6658173643186776,2.056255433902077,0.00893653042671616,0.41639289726436157
7,190.40000000000003,7.8333415310560515,0.009394886980654962,12,Flow301,3,Flow30,0.016696534677107522,9,1500,1507.73,1.0051533333333333,0.16665846894394853,False,False,True,False,False,1,1,-1.7918086567740512,-4.092554085456256,2.0583891789992497,0.002133745097172568,0.7347426584714722
8,97.24999999999997,7.985468115301997,0.007689643827737069,12,Flow301,3,Flow30,0.15212658424594583,9,1500,1604.98,1.0699866666666666,0.014531884698002706,False,False,True,False,False,1,1,-4.231410099006248,-1.8830423136222083,2.0776234042820114,0.019234225282761752,0.613906411099983
9,91.86999999999998,7.881968341890603,-0.010149711479715443,12,Flow301,3,Flow30,-0.10349977341139471,9,1500,1696.85,1.1312333333333333,0.11803165810939742,False,False,True,False,False,1,1,-2.136802401436857,-2.2681858555409966,2.0645776622575904,-0.013045742024420992,0.896431711764782
10,99.86000000000004,8.433363999833057,0.054585885904206446,12,Flow301,3,Flow30,0.5513956579424546,9,1500,1796.71,1.1978066666666667,0.0,False,False,True,False,False,1,1,-6.907755278982137,-0.5953026550290774,2.132195743402594,0.06761808114500356,0.17270058708414915
11,229.8500000000001,8.41399773453708,-0.07403597290568029,12,Flow301,3,Flow30,-0.01936626529597696,9,1500,2026.5600000000002,1.35104,0.0,False,False,True,False,False,1,1,-6.907755278982137,-3.9442226288276103,2.129896715919075,-0.002299027483518845,0.19824561403508767
12,193.26999999999998,8.749261241277908,0.040351931220371076,12,Flow301,3,Flow30,0.3352635067408283,9,1500,2219.83,1.4798866666666666,0.0,False,False,True,False,False,1,1,-6.907755278982137,-1.0928384690686654,2.1689692672369074,0.03907255131783227,0.16729323308270683
1,0.0,6.363687065653922,0.0,13,Flow301,4,Flow30,,6,1200,0.0,0.0,0.36368706565392195,False,False,False,True,False,1,1,-1.01146149084973,,1.8506079366791504,,4.133333333333334
2,140.59999999999997,6.363687065653922,-0.005347156935768371,13,Flow301,4,Flow30,0.0,6,1200,140.59999999999997,0.11716666666666664,0.36368706565392195,False,False,False,True,False,1,1,-1.01146149084973,-6.907755278982137,1.8506079366791504,0.0,0.19019607843137232
3,312.63,6.450705326091204,0.0,13,Flow301,4,Flow30,0.087018260437282,6,1200,453.22999999999996,0.37769166666666665,0.45070532609120395,False,False,False,True,False,1,1,-0.7969415319797124,-2.441637292267694,1.8641894777114478,0.013581541032297473,0.1324483775811207
4,223.03000000000003,6.310676304806657,0.010547260708268422,13,Flow301,4,Flow30,-0.14002902128454675,6,1200,676.26,0.56355,0.3106763048066572,False,False,False,True,False,1,1,-1.169003729390128,-1.96590558296583,1.8422428506523492,-0.021946627059098667,0.14879725085910644
5,264.29,6.48907597655378,0.07594361916229583,13,Flow301,4,Flow30,0.17839967174712257,6,1200,940.55,0.7837916666666667,0.48907597655377977,False,False,False,True,False,1,1,-0.7152374303005083,-1.7237288988204176,1.8701201440854787,0.027877293433129502,0.2821305841924402
6,160.94,7.067478038048735,0.009680560518431159,13,Flow301,4,Flow30,0.5784020614949554,6,1200,1101.49,0.9179083333333333,1.0674780380487352,False,False,False,True,False,1,1,0.06529889265255608,-0.5474860440101933,1.9555037031239333,0.08538355903845463,0.21546391752577332
7,173.89000000000001,7.167287192651598,-0.005064727987632553,13,Flow301,4,Flow30,0.09980915460286255,6,1200,1275.38,1.0628166666666667,1.1672871926515977,False,False,False,True,False,1,1,0.1546824178451926,-2.3044953703840103,1.969527227738394,0.014023524614460658,0.2568627450980392
8,121.45999999999998,7.047366063521988,-0.000242011466891708,13,Flow301,4,Flow30,-0.11992112912960984,6,1200,1396.8400000000001,1.1640333333333335,1.047366063521988,False,False,False,True,False,1,1,0.046278501652818195,-2.1209210095415796,1.9526539390042508,-0.016873288734143177,0.2418300653594767
9,121.88000000000002,7.044101017715793,0.0,13,Flow301,4,Flow30,-0.0032650458061951326,6,1200,1518.7200000000003,1.2656000000000003,1.0441010177157928,False,False,False,True,False,1,1,0.0431562450436439,-5.724481486889633,1.952190531490214,-0.0004634075140368399,0.2418300653594767
10,139.11999999999998,7.120554819679305,0.010309690749781199,13,Flow301,4,Flow30,0.07645380196351237,6,1200,1657.8400000000001,1.3815333333333335,1.1205548196793051,False,False,False,True,False,1,1,0.11382393736312098,-2.571068616470021,1.9629856465002204,0.010795115010006517,0.17971887550200805
11,170.87999999999994,6.815976088262388,-0.08297832559306914,13,Flow301,4,Flow30,-0.3045787314169175,6,1200,1828.72,1.5239333333333334,0.8159760882623877,False,False,False,True,False,1,1,-0.20337022804740404,-1.1888256655915044,1.9192692813433943,-0.0437163651568262,0.1953878406708598
12,221.24,6.330360328219767,0.0,13,Flow301,4,Flow30,-0.48561576004262097,6,1200,2049.96,1.7083,0.3303603282197667,False,False,False,True,False,1,1,-1.1075713165186023,-0.7223375849805015,1.8453571584253603,-0.07391212291803395,0.1953878406708598
1,0.0,6.948491158033603,0.0,14,Flow301,4,Flow30,,6,1200,0.0,0.0,0.9484911580336028,False,False,False,True,False,1,1,-0.05288281170259799,,1.9385245364436687,,3.1
2,175.0,6.948491158033603,0.04924430535429211,14,Flow301,4,Flow30,0.0,6,1200,175.0,0.14583333333333334,0.9484911580336028,False,False,False,True,False,1,1,-0.05288281170259799,-6.907755278982137,1.9385245364436687,0.0,0.22438600647555873
3,358.21,7.2470277411312995,0.06430781983868748,14,Flow301,4,Flow30,0.2985365830976967,6,1200,533.21,0.4443416666666667,1.2470277411312995,False,False,False,True,False,1,1,0.22076291274660462,-1.2088627972177124,1.9805914180667337,0.04206688162306493,0.248148148148148
4,294.81,7.414230143399722,-0.025747378725729582,14,Flow301,4,Flow30,0.16720240226842265,6,1200,828.02,0.6900166666666666,1.4142301433997222,False,False,False,True,False,1,1,0.3465853147676077,-1.7885502108006426,2.003401145978577,0.022809727911843325,0.26151229722658265
5,278.4,7.301659992498296,0.0007465840970820431,14,Flow301,4,Flow30,-0.1125701509014263,6,1200,1106.42,0.9220166666666667,1.301659992498296,False,False,False,True,False,1,1,0.263640367208317,-2.184178688104408,1.9881017185363843,-0.015299427442192703,0.13592298190558916
6,276.57000000000005,7.416951688270743,0.047219197503775394,14,Flow301,4,Flow30,0.1152916957724468,6,1200,1382.9900000000002,1.152491666666667,1.4169516882707427,False,False,False,True,False,1,1,0.3485078657524,-2.160289877089729,2.003768149084932,0.01566643054854766,0.2949460021549024
7,181.35999999999993,7.527852123099856,-0.00955848875054141,14,Flow301,4,Flow30,0.11090043482911316,6,1200,1564.3500000000001,1.303625,1.5278521230998559,False,False,False,True,False,1,1,0.423862907985018,-2.1991224637217517,2.018609758506168,0.014841609421236246,0.4076923076923076
8,176.07,7.754447136498501,-0.011917473590728029,14,Flow301,4,Flow30,0.2265950133986454,6,1200,1740.42,1.45035,1.7544471364985013,False,False,False,True,False,1,1,0.5621537853498192,-1.4845909368146364,2.0482665028555047,0.029656744349336517,0.24449541284403642
9,180.45000000000005,7.6962800875273505,0.0,14,Flow301,4,Flow30,-0.05816704897115077,6,1200,1920.8700000000001,1.6007250000000002,1.6962800875273505,False,False,False,True,False,1,1,0.5284376696823507,-2.844436253459437,2.040737106610642,-0.007529396244862596,0.24449541284403642
10,59.80000000000001,7.161138197868501,-0.00620726188782374,14,Flow301,4,Flow30,-0.5351418896588491,6,1200,1980.67,1.6505583333333333,1.1611381978685014,False,False,False,True,False,1,1,0.1494007291103001,-0.6252233529336242,1.9686689345215211,-0.07206817208912097,0.7166666666666663
11,56.989999999999995,7.0819413594755245,-0.0017104495135896126,14,Flow301,4,Flow30,-0.07919683839297686,6,1200,2037.66,1.69805,1.0819413594755245,False,False,False,True,False,1,1,0.07875698253742647,-2.5358189002391476,1.957548073434522,-0.011120861086999057,0.6920903954802258
12,194.03,5.612993821501078,-0.16371322632983398,14,Flow301,4,Flow30,-1.4689475379744463,6,1200,2231.69,1.8597416666666666,0.3870061784989218,False,False,False,True,False,1,1,-0.9493146209663033,0.3845461838068815,1.7250842352113855,-0.23246383822313654,0.16175115207373247
1,0.0,6.577956171800066,0.0,15,Flow301,4,Flow30,,6,1200,0.0,0.0,0.5779561718000661,False,False,False,True,False,1,1,-0.5482572405203231,,1.8837240848988286,,3.3823529411764706
2,124.27999999999999,6.577956171800066,0.025061491001761905,15,Flow301,4,Flow30,0.0,6,1200,124.27999999999999,0.10356666666666665,0.5779561718000661,False,False,False,True,False,1,1,-0.5482572405203231,-6.907755278982137,1.8837240848988286,0.0,0.2185007974481663
3,294.88,6.858817782120176,0.0,15,Flow301,4,Flow30,0.2808616103201098,6,1200,419.15999999999997,0.3493,0.8588177821201759,False,False,False,True,False,1,1,-0.1521985074161672,-1.2698932209254277,1.9255350919185126,0.04181100701968399,0.2533333333333334
4,333.97999999999996,7.021294833452559,0.028083947188896712,15,Flow301,4,Flow30,0.16247705133238277,6,1200,753.1399999999999,0.6276166666666666,1.0212948334525587,False,False,False,True,False,1,1,0.021071266794014887,-1.8172185097551432,1.9489476502388219,0.023412558320309307,0.1430997876857747
5,193.68,6.508361366787095,-0.016249666763430905,15,Flow301,4,Flow30,-0.5129334666654639,6,1200,946.8199999999999,0.7890166666666666,0.5083613667870948,False,False,False,True,False,1,1,-0.6765627323514262,-0.6676091368316728,1.8730877143652027,-0.07585993587361917,0.8606060606060608
6,242.21999999999997,6.49408134484602,0.009611091547890934,15,Flow301,4,Flow30,-0.014280021941075027,6,1200,1189.04,0.9908666666666667,0.49408134484601973,False,False,False,True,False,1,1,-0.7050551096699177,-4.248893785582031,1.8708911997565019,-0.0021965146087008502,0.22336977007161707
7,332.95,6.5305821250462435,0.009649050208419515,15,Flow301,4,Flow30,0.03650078020022374,6,1200,1521.99,1.268325,0.5305821250462435,False,False,False,True,False,1,1,-0.6337805260362263,-3.3104216432735454,1.876496085570216,0.0056048858137141,0.279234972677596
8,292.38,6.461884977544441,-0.043266406619397846,15,Flow301,4,Flow30,-0.06869714750180211,6,1200,1814.37,1.5119749999999998,0.46188497754444136,False,False,False,True,False,1,1,-0.7724393852516889,-2.678047601695885,1.865921067420991,-0.010575018149225013,0.26747967479674806
9,103.86000000000004,6.064804329577756,-0.008554887982915413,15,Flow301,4,Flow30,-0.3970806479666855,6,1200,1918.23,1.598525,0.06480432957775584,False,False,False,True,False,1,1,-2.7363828633843545,-0.9236158754328814,1.8025022796460226,-0.06341878777496834,0.27333333333333343
10,114.15999999999998,6.201255664744316,-0.0352293267979638,15,Flow301,4,Flow30,0.13645133516656038,6,1200,2032.39,1.6936583333333335,0.20125566474431622,False,False,False,True,False,1,1,-1.6031792152817617,-1.9917872468514017,1.8247517981169723,0.022249518470949692,0.3666666666666667
11,109.09,5.727272727272727,0.0,15,Flow301,4,Flow30,-0.4739829374715896,6,1200,2141.48,1.7845666666666666,0.2727272727272734,False,False,False,True,False,1,1,-1.2992829841302584,-0.7465839548303449,1.7452394535931621,-0.07951234452381017,0.3666666666666667
12,60.45000000000002,5.960842014098253,-0.019965955486158208,15,Flow301,4,Flow30,0.23356928682552613,6,1200,2201.93,1.8349416666666665,0.03915798590174724,False,False,False,True,False,1,1,-3.2401508951821776,-1.4542765143024596,1.7852117486317913,0.0399722950386292,0.20650406504065044
1,0.0,6.667662598314354,0.0,16,Flow301,4,Flow30,,6,1200,0.0,0.0,0.6676625983143536,False,False,False,True,False,1,1,-0.4039723253913803,,1.8972693634754974,,2.7222222222222223
2,159.46,6.667662598314354,0.11817231139646665,16,Flow301,4,Flow30,0.0,6,1200,159.46,0.13288333333333335,0.6676625983143536,False,False,False,True,False,1,1,-0.4039723253913803,-6.907755278982137,1.8972693634754974,0.0,0.39907407407407325
3,304.95,6.895640686922063,0.0,16,Flow301,4,Flow30,0.22797808860770896,6,1200,464.40999999999997,0.3870083333333333,0.8956406869220626,False,False,False,True,False,1,1,-0.1102159654970512,-1.4785057572436144,1.9308894274392359,0.03362006396373851,0.39907407407407325
4,293.84999999999997,6.8467550152277425,-0.025768324549783086,16,Flow301,4,Flow30,-0.04888567169432001,6,1200,758.26,0.6318833333333334,0.8467550152277425,False,False,False,True,False,1,1,-0.16634386438742665,-3.0182709378239214,1.9237748196284652,-0.007114607810770668,0.3072463768115945
5,336.66,6.565576317387136,0.007975083016260869,16,Flow301,4,Flow30,-0.28117869784060634,6,1200,1094.92,0.9124333333333334,0.5655763173871362,False,False,False,True,False,1,1,-0.5699100369398957,-1.2687648763937829,1.88184029025167,-0.041934529376795204,0.13638843426077507
6,437.53,6.574083226252842,0.0,16,Flow301,4,Flow30,0.008506908865705931,6,1200,1532.45,1.2770416666666666,0.5740832262528421,False,False,False,True,False,1,1,-0.5549808997012577,-4.7668766379050735,1.8831351350725765,0.0012948448209064711,0.13638843426077507
7,328.86,6.579955837300732,-0.012210480415252113,16,Flow301,4,Flow30,0.00587261104788972,6,1200,1861.31,1.5510916666666665,0.5799558373007319,False,False,False,True,False,1,1,-0.5448033209256109,-5.137455931794801,1.8840280336582789,0.0008928985857024063,0.2201176639403073
8,272.58,6.460163450730057,0.003307133229432349,16,Flow301,4,Flow30,-0.11979238657067448,6,1200,2133.89,1.7782416666666665,0.4601634507300574,False,False,False,True,False,1,1,-0.7761735249388863,-2.121995146483233,1.865654619445018,-0.018373414213260775,0.202048776306202
9,219.96,6.561423504472065,0.04738445828189917,16,Flow301,4,Flow30,0.1012600537420072,6,1200,2353.85,1.9615416666666665,0.5614235044720646,False,False,False,True,False,1,1,-0.577279748328241,-2.2900632817076767,1.8812075770483534,0.015552957603335305,0.2891774891774892
10,106.06999999999994,6.708852130969252,-0.033977501714389964,16,Flow301,4,Flow30,0.14742862649718713,6,1200,2459.92,2.0499333333333336,0.7088521309692517,False,False,False,True,False,1,1,-0.3441083341886191,-1.91441110846858,1.9034278679397734,0.02222029089141997,0.47499999999999964
11,45.660000000000025,5.7731143567875725,-0.011837029986286319,16,Flow301,4,Flow30,-0.9357377741816792,6,1200,2505.58,2.0879833333333333,0.22688564321242755,False,False,False,True,False,1,1,-1.4833091628322805,-0.06641999754431333,1.7532116847839665,-0.15021618315580687,0.7320900979961973
12,52.370000000000005,5.232532893193783,-0.009293089199903704,16,Flow301,4,Flow30,-0.5405814635937896,6,1200,2557.95,2.1316249999999997,0.7674671068062171,False,False,False,True,False,1,1,-0.2646596580206733,-0.6151099343074021,1.6548954616429188,-0.09831622314104771,0.371469534050179
1,0.0,10.063572789801073,0.0,17,Flow301,5,Flow30,,14,1100,0.0,0.0,3.936427210198927,False,False,False,False,True,1,1,1.3702735124766134,,2.308922249712995,,2.666666666666667
2,142.07000000000002,10.063572789801073,-0.10765636905129243,17,Flow301,5,Flow30,0.0,14,1100,142.07000000000002,0.12915454545454547,3.936427210198927,False,False,False,False,True,1,1,1.3702735124766134,-6.907755278982137,2.308922249712995,0.0,0.6623099493198179
3,236.32000000000002,10.641965937999672,-0.18086347296632105,17,Flow301,5,Flow30,0.5783931481985984,14,1100,378.39000000000004,0.3439909090909091,3.3580340620003284,False,False,False,False,True,1,1,1.2113557021418218,-0.5475014543374188,2.364805235454873,0.05588298574187789,0.6457735599205465
4,194.45000000000002,9.17277045811029,-0.04398978898354155,17,Flow301,5,Flow30,-1.4691954798893825,14,1100,572.84,0.5207636363636364,4.827229541889711,False,False,False,False,True,1,1,1.5742727092849638,0.38471495837913156,2.2162393625700623,-0.1485658728848107,0.3460841189267585
5,372.78999999999996,10.181490981439088,0.25167454651633414,17,Flow301,5,Flow30,1.0087205233287992,14,1100,945.63,0.8596636363636364,3.8185090185609116,False,False,False,False,True,1,1,1.3398600371507436,0.00868271918752052,2.3205714622288416,0.10433209965877932,0.2595138987331991
6,157.19000000000003,9.93495728753385,0.04501346277953884,17,Flow301,5,Flow30,-0.2465336939052385,14,1100,1102.82,1.0025636363636363,4.06504271246615,False,False,False,False,True,1,1,1.4024242503163185,-1.400256605569775,2.29605957680318,-0.024511885425661628,1.8992396713512258
7,114.65000000000003,9.4462654451952,-0.09745424363409637,17,Flow301,5,Flow30,-0.4886918423386497,14,1100,1217.47,1.1067909090909092,4.5537345548048,False,False,False,False,True,1,1,1.5159476775818896,-0.7160231674202436,2.2456194724124803,-0.05044010439069968,0.2809175531914887
8,81.89,11.29318265579285,0.14120427784804654,17,Flow301,5,Flow30,1.846917210597649,14,1100,1299.3600000000001,1.1812363636363639,2.706817344207151,False,False,False,False,True,1,1,0.995773532998064,0.6135178764970862,2.424199238859633,0.1785797664471529,2.0666666666666664
9,77.22999999999996,11.977887871880785,0.00033460323330279515,17,Flow301,5,Flow30,0.6847052160879361,14,1100,1376.5900000000001,1.2514454545454547,2.0221121281192147,False,False,False,False,True,1,1,0.7041425731256534,-0.37876687482084503,2.483062272626371,0.05886303376673796,1.6623311972774344
10,77.18,11.975648371482471,-0.00027289605954124375,17,Flow301,5,Flow30,-0.0022395003983142203,14,1100,1453.7700000000002,1.3216090909090912,2.024351628517529,False,False,False,False,True,1,1,0.7052494658407042,-6.101502474458386,2.4828752855876237,-0.0001869870387474215,2.4445369406867847
11,102.89000000000001,12.281761552709343,-0.006723887611149284,17,Flow301,5,Flow30,0.3061131812268716,14,1100,1556.6600000000003,1.415145454545455,1.7182384472906573,False,False,False,False,True,1,1,0.541299607464693,-1.1838003721255894,2.5081153613488834,0.02524007576125964,0.4333333333333327
12,121.75000000000003,12.00171344521906,-0.024620596227310693,17,Flow301,5,Flow30,-0.2800481074902823,14,1100,1678.4100000000003,1.525827272727273,1.9982865547809396,False,False,False,False,True,1,1,0.6922900907538616,-1.2727938781056647,2.485049426696481,-0.023065934652402476,0.5600490196078427
1,0.0,10.930526031421063,0.0,18,Flow301,5,Flow30,,14,1100,0.0,0.0,3.0694739685789365,False,False,False,False,True,1,1,1.1215062011779873,,2.391559428333299,,3.5217391304347827
2,184.31,10.930526031421063,0.19895991188466258,18,Flow301,5,Flow30,0.0,14,1100,184.31,0.16755454545454546,3.0694739685789365,False,False,False,False,True,1,1,1.1215062011779873,-6.907755278982137,2.391559428333299,0.0,0.36507936507936467
3,342.25999999999993,11.647890018970196,-0.2194724200301827,18,Flow301,5,Flow30,0.7173639875491329,14,1100,526.5699999999999,0.47869999999999996,2.3521099810298036,False,False,False,False,True,1,1,0.8553127895850591,-0.3321719137094135,2.4551250493570578,0.06356562102375873,0.28911798396334465
4,245.01,10.493118185490792,-0.023618706563430382,18,Flow301,5,Flow30,-1.1547718334794048,14,1100,771.5799999999999,0.7014363636363635,3.5068818145092084,False,False,False,False,True,1,1,1.2547272707068706,0.1439027776877453,2.3507196313822183,-0.10440541797483949,0.31932773109243673
5,371.09999999999997,11.158022794904571,0.15112661050699297,18,Flow301,5,Flow30,0.6649046094137798,14,1100,1142.6799999999998,1.0388,2.8419772050954286,False,False,False,False,True,1,1,1.0445000089162926,-0.40811169310598444,2.4121587723415376,0.06143914095931935,0.18089430894308922
6,284.5,11.402191128874781,-0.011412599745028652,18,Flow301,5,Flow30,0.24416833397020987,14,1100,1427.1799999999998,1.2974363636363635,2.5978088711252187,False,False,False,False,True,1,1,0.9546683478459514,-1.4098973982354042,2.4338055412188337,0.021646768877296108,0.20578231292517035
7,119.85999999999999,10.845471522085614,-0.007465461163507742,18,Flow301,5,Flow30,-0.5567196067891675,14,1100,1547.0399999999997,1.4063999999999997,3.1545284779143863,False,False,False,False,True,1,1,1.1488390324989892,-0.5856935647448874,2.3837476216265023,-0.05005791959233141,0.32062146892655363
8,93.57000000000002,11.736462063033757,0.03690198674412122,18,Flow301,5,Flow30,0.8909905409481436,14,1100,1640.6099999999997,1.491463636363636,2.2635379369662427,False,False,False,False,True,1,1,0.8169290480654373,-0.11542146778749664,2.4627004114897906,0.07895278986328824,0.5999999999999996
9,82.94,11.829457364341085,0.0,18,Flow301,5,Flow30,0.0929953013073277,14,1100,1723.5499999999997,1.5668636363636361,2.170542635658915,False,False,False,False,True,1,1,0.7749771988075776,-2.3752063106823615,2.4705928074827304,0.007892395992939782,0.5999999999999996
10,107.09999999999998,12.12995239206393,-0.05693070504572747,18,Flow301,5,Flow30,0.3004950277228442,14,1100,1830.6499999999996,1.6642272727272724,1.8700476079360708,False,False,False,False,True,1,1,0.6259638893317685,-1.2023240718231596,2.4956777981390177,0.02508499065628733,0.7680923433203066
11,77.0,11.77025493964694,0.0,18,Flow301,5,Flow30,-0.3596974524169898,14,1100,1907.6499999999996,1.7342272727272725,2.2297450603530606,False,False,False,False,True,1,1,0.8018872562250561,-1.022492010827214,2.4655755811605427,-0.030102216978475038,0.7833333333333332
12,95.02000000000001,12.187572109259705,0.1059978545662817,18,Flow301,5,Flow30,0.4173171696127653,14,1100,2002.6699999999996,1.8206090909090906,1.8124278907402953,False,False,False,False,True,1,1,0.5946673225361244,-0.8739087477000934,2.5004167529636687,0.03484117180312607,0.5952380952380949
1,0.0,10.608519567256105,0.0,19,Flow301,5,Flow30,,14,1100,0.0,0.0,3.3914804327438954,False,False,False,False,True,1,1,1.221266531888281,,2.361657411057819,,10.0
2,215.66000000000003,10.608519567256105,-0.015654439440957634,19,Flow301,5,Flow30,0.0,14,1100,215.66000000000003,0.19605454545454548,3.3914804327438954,False,False,False,False,True,1,1,1.221266531888281,-6.907755278982137,2.361657411057819,0.0,0.4389179755671897
3,307.55,12.077589286290086,-0.183954497791912,19,Flow301,5,Flow30,1.4690697190339819,14,1100,523.21,0.4756454545454546,1.9224107137099136,False,False,False,False,True,1,1,0.6535799785154756,0.3846293562656644,2.4913516101982403,0.12969419914042124,0.4364583333333325
4,388.07,11.665288024456505,-0.10920476060095616,19,Flow301,5,Flow30,-0.41230126183358173,14,1100,911.28,0.8284363636363636,2.3347119755434953,False,False,False,False,True,1,1,0.8478885325675373,-0.8860009787995984,2.456617596506459,-0.03473401369178131,0.587426984126985
5,294.98,11.765035990444478,0.21113134449661114,19,Flow301,5,Flow30,0.09974796598797298,14,1100,1206.26,1.0966,2.2349640095555223,False,False,False,False,True,1,1,0.8042251248287269,-2.3051086145180806,2.4651320812859496,0.008514484779490683,0.5666666666666673
6,335.19000000000005,12.792812142038946,0.0,19,Flow301,5,Flow30,1.027776151594468,14,1100,1541.45,1.401318181818182,1.2071878579610544,False,False,False,False,True,1,1,0.18829357040323802,0.027397391954453093,2.5488834617933236,0.08375138050737396,0.5666666666666673
7,241.77,12.17661722376811,-0.07902068560041282,19,Flow301,5,Flow30,-0.6161949182708355,14,1100,1783.22,1.6211090909090908,1.82338277623189,False,False,False,False,True,1,1,0.6006934441615039,-0.4841919397363479,2.499517491668323,-0.04936597012500066,0.5666666666666664
8,130.56,12.626100330486484,0.11757867229211565,19,Flow301,5,Flow30,0.44948310671837355,14,1100,1913.78,1.7398,1.3738996695135164,False,False,False,False,True,1,1,0.31765317040149327,-0.7996570081607386,2.5357661262536753,0.036248634585352324,0.5069156683110165
9,10.739999999999974,13.413407821229052,-0.0034346646199391343,19,Flow301,5,Flow30,0.7873074907425686,14,1100,1924.52,1.7495636363636364,0.5865921787709478,False,False,False,False,True,1,1,-0.5334254556832349,-0.23913639436654907,2.5962547903804984,0.06048866412682319,0.6666666666666661
10,30.0,13.3,0.0,19,Flow301,5,Flow30,-0.11340782122905146,14,1100,1954.52,1.7768363636363635,0.6999999999999993,False,False,False,False,True,1,1,-0.3566749439387334,-2.176764919793003,2.5877640352277083,-0.008490755152790186,0.6666666666666661
11,98.26,14.009764047202951,0.04160511553771193,19,Flow301,5,Flow30,0.7097640472029507,14,1100,2052.78,1.8661636363636365,0.009764047202951431,False,False,False,False,True,1,1,-4.62904829207644,-0.34282269206309224,2.6397545184656894,0.05199048323798117,0.14696091065292105
12,136.08000000000004,14.226804123711338,0.0,19,Flow301,5,Flow30,0.2170400765083862,14,1100,2188.86,1.9898727272727275,0.22680412371133762,False,False,False,False,True,1,1,-1.4836685251450783,-1.527673258123293,2.6551277996478673,0.015373281182177845,0.14696091065292105
1,0.0,13.144731908458628,0.0,20,Flow301,5,Flow30,,14,1100,0.0,0.0,0.8552680915413724,False,False,False,False,True,1,1,-0.1563403018358813,,2.576021063029675,,1.644444444444444
2,33.07,13.144731908458628,0.02514997677733254,20,Flow301,5,Flow30,0.0,14,1100,33.07,0.030063636363636365,0.8552680915413724,False,False,False,False,True,1,1,-0.1563403018358813,-6.907755278982137,2.576021063029675,0.0,0.402564102564102
3,379.01000000000005,12.301504964467648,-0.13377263638161646,20,Flow301,5,Flow30,-0.8432269439909792,14,1100,412.08000000000004,0.37461818181818185,1.6984950355323516,False,False,False,False,True,1,1,0.5297425857601539,-0.17051914725706696,2.509721609728398,-0.06629945330127729,0.21238479262672794
4,292.09999999999997,11.852105291008707,0.08815346301565814,20,Flow301,5,Flow30,-0.4493996734589416,14,1100,704.1800000000001,0.6401636363636364,2.147894708991293,False,False,False,False,True,1,1,0.764488157284711,-0.7998426458467895,2.47250551348967,-0.037216096238728014,0.3281999250749248
5,464.09000000000003,12.519580974378576,0.1695039584213694,20,Flow301,5,Flow30,0.6674756833698687,14,1100,1168.27,1.0620636363636364,1.4804190256214245,False,False,False,False,True,1,1,0.39232517312346693,-0.40425231877973583,2.5272938966117557,0.05478838312208589,0.4025641025641029
6,343.53999999999996,13.172340396259967,0.12382922648747197,20,Flow301,5,Flow30,0.6527594218813917,14,1100,1511.81,1.3743727272727273,0.8276596037400328,False,False,False,False,True,1,1,-0.1891533157185239,-0.4265466373724216,2.5781192065928997,0.050825309981143985,0.42848286465307694
7,198.8,13.306740027510315,0.0,20,Flow301,5,Flow30,0.13439963125034815,14,1100,1710.61,1.5551,0.6932599724896846,False,False,False,False,True,1,1,-0.3663502094621493,-2.0069375945698567,2.588270675849409,0.010151469256509227,0.6025641025641022
8,56.879999999999995,13.374926746366617,-0.020875697114900674,20,Flow301,5,Flow30,0.06818671885630145,14,1100,1767.4899999999998,1.6068090909090906,0.6250732536333832,False,False,False,False,True,1,1,-0.4698864303003872,-2.68550547127406,2.593381815859903,0.005111140010494175,0.3692307692307688
9,54.91,13.260361363877152,0.0009348392218335357,20,Flow301,5,Flow30,-0.1145653824894648,14,1100,1822.3999999999999,1.6567272727272726,0.739638636122848,False,False,False,False,True,1,1,-0.3015935416193528,-2.16660959285235,2.5847792365641467,-0.008602579295756474,0.3692307692307688
10,54.16999999999999,13.270833333333332,0.0,20,Flow301,5,Flow30,0.010471969456180119,14,1100,1876.57,1.7059727272727272,0.7291666666666679,False,False,False,False,True,1,1,-0.31585294941847564,-4.55905316709192,2.5855686446642725,0.0007894081001258435,0.3692307692307688
11,56.03999999999999,13.270833333333336,0.0,20,Flow301,5,Flow30,3.552713678800501e-15,14,1100,1932.61,1.7569181818181818,0.7291666666666643,False,False,False,False,True,1,1,-0.3158529494184805,-33.27106466687737,2.5855686446642725,0.0,0.3692307692307688
12,54.15000000000006,13.27083333333333,0.0,20,Flow301,5,Flow30,-5.329070518200751e-15,14,1100,1986.76,1.8061454545454545,0.7291666666666696,False,False,False,False,True,1,1,-0.3158529494184732,-32.86559955876921,2.585568644664272,-4.440892098500626e-16,0.3692307692307688
1,0.0,11.35407475634084,0.0,1,Flow302,1,Flow30,,14,1100,0.0,0.0,2.6459252436591605,True,False,False,False,False,2,1,0.9730208127083009,,2.4295766888682047,,4.75
2,217.50000000000003,11.35407475634084,-0.13995456466000716,1,Flow302,1,Flow30,0.0,14,1100,217.50000000000003,0.19772727272727275,2.6459252436591605,True,False,False,False,False,2,1,0.9730208127083009,-6.907755278982137,2.4295766888682047,0.0,0.4046822742474916
3,254.77999999999997,12.266578113641307,0.20471441980740074,1,Flow302,1,Flow30,0.9125033573004675,14,1100,472.28,0.42934545454545453,1.733421886358693,True,False,False,False,False,2,1,0.5500974238981714,-0.0915635142988698,2.506878337484086,0.07730164861588129,0.4555732037746427
4,209.45,12.675864041805353,-0.0801393752959633,1,Flow302,1,Flow30,0.40928592816404574,14,1100,681.73,0.6197545454545454,1.3241359581946472,True,False,False,False,False,2,1,0.2807601397010131,-0.8933412763238883,2.539699716132574,0.03282137864848789,0.47721822541966397
5,106.77000000000002,12.917962157032278,0.03676228352878043,1,Flow302,1,Flow30,0.24209811522692526,14,1100,788.5,0.7168181818181818,1.082037842967722,True,False,False,False,False,2,1,0.07884615482905707,-1.4184122001699349,2.5586187581302413,0.018919041997667474,3.4583503008913627
6,178.57,11.934675110354108,-0.31514694914135144,1,Flow302,1,Flow30,-0.9832870466781696,14,1100,967.0699999999999,0.8791545454545454,2.0653248896458916,True,False,False,False,False,2,1,0.7252875455853334,-0.016854190599006554,2.4794480378328565,-0.07917072029738481,0.9761904761904763
7,94.22,10.67471572546723,0.03267033345512732,1,Flow302,1,Flow30,-1.2599593848868782,14,1100,1061.29,0.9648090909090908,3.3252842745327698,True,False,False,False,False,2,1,1.2015551665533153,0.23107948622708976,2.3678779288272933,-0.11157010900556319,0.5991935483870972
8,148.12,11.341309379422285,0.011817911765993559,1,Flow302,1,Flow30,0.6665936539550543,14,1100,1209.4099999999999,1.0994636363636363,2.6586906205777154,True,False,False,False,False,2,1,0.9778337536967209,-0.4055746331732339,2.428451757191492,0.06057382836419878,0.8280590717299576
9,157.08999999999995,10.733111318994006,-0.07692573006360054,1,Flow302,1,Flow30,-0.6081980604282791,14,1100,1366.4999999999998,1.242272727272727,3.2668886810059945,True,False,False,False,False,2,1,1.1838380582722612,-0.49725469278000006,2.3733334791025484,-0.05511827808894365,0.6802581864929769
10,130.74000000000004,10.600282955221962,-0.030666319188055593,1,Flow302,1,Flow30,-0.13282836377204355,14,1100,1497.2399999999998,1.3611272727272725,3.399717044778038,True,False,False,False,False,2,1,1.223692206034856,-2.0186974821245145,2.3608806946506102,-0.012452784451938204,1.0847619047619048
11,89.16,10.248330593160107,0.06862548348035186,1,Flow302,1,Flow30,-0.351952362061855,14,1100,1586.3999999999999,1.442181818181818,3.751669406839893,True,False,False,False,False,2,1,1.3222009160785626,-1.0442594475942026,2.3271148233598384,-0.0337658712907718,4.114965986394559
12,89.68999999999996,12.544097205058291,0.11565956515428209,1,Flow302,1,Flow30,2.295766611898184,14,1100,1676.09,1.5237181818181817,1.455902794941709,True,False,False,False,False,2,1,0.3756261858299724,0.8310668234204929,2.5292502127057612,0.2021353893459228,2.987237451050196
1,0.0,12.248210972700768,0.0,2,Flow302,1,Flow30,,14,1100,0.0,0.0,1.7517890272992318,True,False,False,False,False,2,1,0.5606375670551441,,2.5053798832805767,,5.333333333333333
2,127.89,12.248210972700768,0.10066031555925048,2,Flow302,1,Flow30,0.0,14,1100,127.89,0.11626363636363636,1.7517890272992318,True,False,False,False,False,2,1,0.5606375670551441,-6.907755278982137,2.5053798832805767,0.0,0.4068965517241381
3,237.74,13.112970440335868,0.11693711399198001,2,Flow302,1,Flow30,0.8647594676350998,14,1100,365.63,0.33239090909090907,0.887029559664132,True,False,False,False,False,2,1,-0.11987697178913191,-0.14530388281762285,2.5736018503208538,0.06822196704027705,0.31488943488943466
4,191.93000000000004,13.08161470620843,-0.14598580854700957,2,Flow302,1,Flow30,-0.03135573412743753,14,1100,557.5600000000001,0.5068727272727274,0.9183852937915695,True,False,False,False,False,2,1,-0.08513826640265383,-3.4623581218522954,2.571207786896798,-0.0023940634240555703,0.7833333333333332
5,151.22999999999996,12.565951611129943,0.041007955574230606,2,Flow302,1,Flow30,-0.5156630950784873,14,1100,708.79,0.6443545454545454,1.4340483888700568,True,False,False,False,False,2,1,0.36050148559002176,-0.6623016432579463,2.5309909031958417,-0.04021688370095644,0.34918478260869534
6,178.72,13.228375314077345,0.09373329760543979,2,Flow302,1,Flow30,0.662423702947402,14,1100,887.51,0.8068272727272727,0.7716246859226548,True,False,False,False,False,2,1,-0.2592570053018165,-0.41184989311621134,2.5823641674171807,0.05137326422133892,0.2288288288288287
7,352.99,13.213669231518397,-0.23922749418408618,2,Flow302,1,Flow30,-0.014706082558948452,14,1100,1240.5,1.1277272727272727,0.7863307684816032,True,False,False,False,False,2,1,-0.2403777500347461,-4.219494091260282,2.581251841624834,-0.00111232579234688,0.3809121621621623
8,177.02000000000004,12.97065515259345,0.15702635367210355,2,Flow302,1,Flow30,-0.24301407892494709,14,1100,1417.52,1.2886545454545455,1.0293448474065503,True,False,False,False,False,2,1,0.02892252938381724,-1.4146358993571824,2.562689509974241,-0.018562331650592956,0.4392597806757559
9,158.10999999999999,13.261211651636634,0.037546391492639546,2,Flow302,1,Flow30,0.29055649904318415,14,1100,1575.6299999999999,1.432390909090909,0.7387883483633662,True,False,False,False,False,2,1,-0.30274380181096927,-1.2359572326396502,2.5848433570263287,0.022153847052087894,0.5187499999999998
10,71.72999999999999,13.920420444074619,0.03103842783022133,2,Flow302,1,Flow30,0.659208792437985,14,1100,1647.36,1.4975999999999998,0.07957955592538113,True,False,False,False,False,2,1,-2.5309980542278616,-0.41671496243276623,2.633356858765838,0.0485135017395093,1.749683401175938
11,71.20999999999995,16.748570168455178,0.1196379519118035,2,Flow302,1,Flow30,2.828149724380559,14,1100,1718.57,1.5623363636363636,2.7485701684551778,True,False,False,False,False,2,1,1.0110808377198885,1.0396226901903476,2.818312891550138,0.18495603278429984,0.8632478632478637
12,75.82000000000004,15.23600595294636,-0.01581433023110455,2,Flow302,1,Flow30,-1.5125642155088173,14,1100,1794.3899999999999,1.6312636363636361,1.2360059529463605,True,False,False,False,False,2,1,0.21188517532354512,0.41380636655636155,2.7236614393321097,-0.09465145221802818,0.8334540227993363
1,0.0,13.379045183112696,0.0,3,Flow302,1,Flow30,,14,1100,0.0,0.0,0.6209548168873038,True,False,False,False,False,2,1,-0.47649695833127786,,2.593689690652436,,6.6
2,122.16,13.379045183112696,-0.05563313056728085,3,Flow302,1,Flow30,0.0,14,1100,122.16,0.11105454545454545,0.6209548168873038,True,False,False,False,False,2,1,-0.47649695833127786,-6.907755278982137,2.593689690652436,0.0,0.3202263779527561
3,241.24,13.089961637639197,-0.13260957139362015,3,Flow302,1,Flow30,-0.289083545473499,14,1100,363.4,0.33036363636363636,0.9100383623608028,True,False,False,False,False,2,1,-0.09426852391935643,-1.2410395479632432,2.571845649255879,-0.021844041396557046,0.36191701985623226
4,362.30000000000007,12.671211326691138,0.0,3,Flow302,1,Flow30,-0.4187503109480595,14,1100,725.7,0.6597272727272727,1.3287886733088623,True,False,False,False,False,2,1,0.28426775528066545,-0.8704804532806064,2.539332595658213,-0.0325130535976661,0.36191701985623226
5,362.3,12.671211326691138,0.0,3,Flow302,1,Flow30,0.0,14,1100,1088.0,0.9890909090909091,1.3287886733088623,True,False,False,False,False,2,1,0.28426775528066545,-6.907755278982137,2.539332595658213,0.0,0.36191701985623226
6,212.01000000000005,13.358324986619772,-0.0035493481824513447,3,Flow302,1,Flow30,0.6871136599286345,14,1100,1300.01,1.1818272727272727,0.6416750133802278,True,False,False,False,False,2,1,-0.4436733131476736,-0.3752555565887499,2.5921397849953545,0.05280718933714157,0.4476190476190478
7,116.56,13.256454114673925,0.018920534092499754,3,Flow302,1,Flow30,-0.10187087194584699,14,1100,1416.57,1.287790909090909,0.7435458853260748,True,False,False,False,False,2,1,-0.29632479968553227,-2.284049229019061,2.584484536830337,-0.007655248165017614,0.7142857142857135
8,38.59999999999998,14.128006167416677,0.04774318630109399,3,Flow302,1,Flow30,0.8715520527427518,14,1100,1455.1699999999998,1.322881818181818,0.12800616741667703,True,False,False,False,False,2,1,-2.0556768332804913,-0.13747968804579425,2.648159080400062,0.06367454356972502,0.7444444444444436
9,160.89999999999998,14.0262751982818,-0.14249239607395414,3,Flow302,1,Flow30,-0.10173096913487711,14,1100,1616.0699999999997,1.4691545454545452,0.026275198281799916,True,False,False,False,False,2,1,-3.639129815842271,-2.285423507682222,2.6409323705041428,-0.0072267098959191145,0.3625000000000007
10,73.38000000000002,14.677332753949129,-0.007411258417135468,3,Flow302,1,Flow30,0.6510575556673288,14,1100,1689.4499999999998,1.5358636363636362,0.6773327539491287,True,False,False,False,False,2,1,-0.3895926143423059,-0.42915722951827284,2.6863043141680083,0.045371943663865544,0.3777777777777773
11,129.87,13.157901020555423,-0.07311709642926174,3,Flow302,1,Flow30,-1.5194317333937057,14,1100,1819.3199999999997,1.6539272727272725,0.842098979444577,True,False,False,False,False,2,1,-0.1718577188640642,0.418336405345854,2.577022416257904,-0.10928189791010423,0.6156369183829131
12,88.60999999999999,13.528693568302216,0.06886742878911224,3,Flow302,1,Flow30,0.3707925477467935,14,1100,1907.9299999999996,1.7344818181818178,0.4713064316977835,True,False,False,False,False,2,1,-0.7522467984284371,-0.992112543262644,2.6048128793759595,0.027790463118055442,1.3287385129490392
1,0.0,12.19580492270911,0.0,4,Flow302,1,Flow30,,14,1100,0.0,0.0,1.8041950772908901,True,False,False,False,False,2,1,0.5901145517647193,,2.5010920338118843,,2.5588235294117645
2,64.64,12.19580492270911,-0.17886248601457455,4,Flow302,1,Flow30,0.0,14,1100,64.64,0.058763636363636365,1.8041950772908901,True,False,False,False,False,2,1,0.5901145517647193,-6.907755278982137,2.5010920338118843,0.0,0.3120587316463608
3,154.66,12.271350696547547,0.0,4,Flow302,1,Flow30,0.07554577383843686,14,1100,219.3,0.19936363636363638,1.7286493034524533,True,False,False,False,False,2,1,0.5473403541166538,-2.58301653043242,2.507267333882546,0.0061753000706619154,0.42266373047840844
4,154.65,12.271350696547547,0.0,4,Flow302,1,Flow30,0.0,14,1100,373.95000000000005,0.3399545454545455,1.7286493034524533,True,False,False,False,False,2,1,0.5473403541166538,-6.907755278982137,2.507267333882546,0.0,0.26264749762647543
5,172.57000000000005,12.349253047922257,0.014251198732305948,4,Flow302,1,Flow30,0.07790235137471058,14,1100,546.5200000000001,0.49683636363636374,1.6507469520777427,True,False,False,False,False,2,1,0.5012278837044951,-2.552299142033243,2.5135955792952647,0.006328245412718481,0.2854785478547859
6,131.99999999999997,12.961019556569925,0.08293979033293579,4,Flow302,1,Flow30,0.6117665086476674,14,1100,678.5200000000001,0.6168363636363637,1.0389804434300753,True,False,False,False,False,2,1,0.03823988944723599,-0.4914045910853132,2.561946357318267,0.04835077802300214,0.2883597883597879
7,234.40000000000003,13.624653167263446,-0.08512828382662328,4,Flow302,1,Flow30,0.6636336106935214,14,1100,912.9200000000001,0.8299272727272728,0.3753468327365539,True,False,False,False,False,2,1,-0.9799047931589672,-0.4100250729226654,2.611880884611616,0.04993452729334935,0.19288595526219332
8,157.23,13.444340649071203,0.035463915657233336,4,Flow302,1,Flow30,-0.1803125181922436,14,1100,1070.15,0.9728636363636365,0.5556593509287975,True,False,False,False,False,2,1,-0.5875998506811468,-1.7130637213868647,2.5985582479137017,-0.013322636697914447,0.2832512315270934
9,198.56999999999994,13.226358439985091,-0.06734230114218305,4,Flow302,1,Flow30,-0.2179822090861112,14,1100,1268.72,1.1533818181818183,0.7736415600149087,True,False,False,False,False,2,1,-0.2566466134126143,-1.523341829220038,2.582211690048487,-0.016346557865214884,0.26166902404526127
10,40.78999999999999,13.824826724219784,0.07560821228607914,4,Flow302,1,Flow30,0.5984682842346931,14,1100,1309.51,1.1904636363636363,0.17517327578021558,True,False,False,False,False,2,1,-1.7419796476156213,-0.513381747477307,2.6264660138195306,0.04425432377104377,1.2999999999999998
11,268.49,13.392407633983952,-0.12632417050707676,4,Flow302,1,Flow30,-0.43241909023583247,14,1100,1578.0,1.4345454545454546,0.607592366016048,True,False,False,False,False,2,1,-0.4982510725000019,-0.8383600447100699,2.5946879519027477,-0.031778061916782896,0.5938923719430731
12,130.91,11.514637879560597,-0.05403628835162229,4,Flow302,1,Flow30,-1.8777697544233547,14,1100,1708.91,1.5535545454545456,2.4853621204394027,True,False,False,False,False,2,1,0.9104183714429244,0.6300847717913837,2.4436190850630566,-0.15106886683969112,1.125
1,20.82,12.163265306122447,0.0,5,Flow302,2,Flow30,,6,1200,20.82,0.01735,6.163265306122447,False,True,False,False,False,2,1,1.8186067192642428,,2.498420368954723,,0.5764705882352938
2,305.94,11.912292726462725,0.12359424646515961,5,Flow302,2,Flow30,-0.250972579659722,6,1200,326.76,0.2723,5.912292726462725,False,True,False,False,False,2,1,1.7770336963684892,-1.3824115902015333,2.4775708691615974,-0.02084949979312567,0.3777777777777782
3,232.82999999999996,12.664131620991508,-0.08336394148239694,5,Flow302,2,Flow30,0.7518388945287828,6,1200,559.5899999999999,0.46632499999999993,6.664131620991508,False,True,False,False,False,2,1,1.896739655718638,-0.285233213983066,2.5387737158436767,0.061202846682079315,0.2522875816993464
4,345.26,12.068466611680885,-0.08450811910393025,5,Flow302,2,Flow30,-0.5956650093106237,6,1200,904.8499999999999,0.7540416666666666,6.0684666116808845,False,True,False,False,False,2,1,1.8031059556427227,-0.5180768348495461,2.490595985753253,-0.04817773009042359,0.21820330969267143
5,300.53,11.98801633009612,-0.3380243758065507,5,Flow302,2,Flow30,-0.0804502815847652,6,1200,1205.3799999999999,1.0044833333333332,5.988016330096119,False,True,False,False,False,2,1,1.7897601936906238,-2.5201159054284883,2.4839075116570357,-0.006688474096217423,3.248148148148148
6,0.0,11.98801633009612,0.0,5,Flow302,2,Flow30,0.0,6,1200,1205.3799999999999,1.0044833333333332,5.988016330096119,False,True,False,False,False,2,1,1.7897601936906238,-6.907755278982137,2.4839075116570357,0.0,5.7666666666666675
7,108.00000000000003,11.200000000000001,0.145375338811422,5,Flow302,2,Flow30,-0.7880163300961183,6,1200,1313.3799999999999,1.0944833333333333,5.200000000000001,False,True,False,False,False,2,1,1.6486586255873819,-0.23823646586675482,2.415913778301049,-0.06799373335598657,0.5
8,236.98000000000002,11.365465471670746,0.014107718178350279,5,Flow302,2,Flow30,0.16546547167074444,6,1200,1550.36,1.2919666666666665,5.3654654716707455,False,True,False,False,False,2,1,1.6799831331152,-1.7989927363196174,2.4305794130580427,0.014665634756993562,0.4111111111111114
9,54.82000000000002,10.921029018803553,-0.11059651480848388,5,Flow302,2,Flow30,-0.44443645286719224,6,1200,1605.1799999999998,1.3376499999999998,4.921029018803553,False,True,False,False,False,2,1,1.5935176587986943,-0.8109481974268072,2.3906901983683246,-0.03988921468971807,5.620000000000001
10,0.0,10.921029018803553,0.0,5,Flow302,2,Flow30,0.0,6,1200,1605.1799999999998,1.3376499999999998,4.921029018803553,False,True,False,False,False,2,1,1.5935176587986943,-6.907755278982137,2.3906901983683246,0.0,1.9212962962962958
11,29.210000000000022,4.695652173913044,-0.05905567214679487,5,Flow302,2,Flow30,-6.225376844890509,6,1200,1634.3899999999999,1.3619916666666665,1.304347826086956,False,True,False,False,False,2,1,0.26570316573300534,1.8286339778502698,1.54663701119507,-0.8440531871732546,0.7255072463768113
12,0.0,4.695652173913044,0.0,5,Flow302,2,Flow30,0.0,6,1200,1634.3899999999999,1.3619916666666665,1.304347826086956,False,True,False,False,False,2,1,0.26570316573300534,-6.907755278982137,1.54663701119507,0.0,2.396296296296296
1,0.0,12.351009249909115,0.0,6,Flow302,2,Flow30,,6,1200,0.0,0.0,6.351009249909115,False,True,False,False,False,2,1,1.848613737269016,,2.513737780375451,,5.233333333333333
2,130.3,12.351009249909115,-0.4055386458153607,6,Flow302,2,Flow30,0.0,6,1200,130.3,0.10858333333333334,6.351009249909115,False,True,False,False,False,2,1,1.848613737269016,-6.907755278982137,2.513737780375451,0.0,0.3304347826086955
3,344.26,10.844709460909966,-0.07749136060127813,6,Flow302,2,Flow30,-1.506299788999149,6,1200,474.56,0.3954666666666667,4.844709460909966,False,True,False,False,False,2,1,1.577887276756201,0.40965617264772003,2.3836773537779714,-0.1300604265974794,0.2967741935483872
4,429.83,11.302429197432343,0.24133263128056612,6,Flow302,2,Flow30,0.4577197365223764,6,1200,904.39,0.7536583333333333,5.3024291974323425,False,True,False,False,False,2,1,1.6681650546909552,-0.7814982111633567,2.4250176758389634,0.04134032206099203,0.2325174825174825
5,295.71000000000004,10.490113504790944,-0.2050827105175607,6,Flow302,2,Flow30,-0.8123156926413984,6,1200,1200.1,1.0000833333333332,4.490113504790944,False,True,False,False,False,2,1,1.5018779808981046,-0.20786623033626053,2.3504332426347903,-0.07458443320417318,0.4142857142857146
6,16.960000000000008,8.0,0.019474219050517005,6,Flow302,2,Flow30,-2.490113504790944,6,1200,1217.06,1.0142166666666665,2.0,False,True,False,False,False,2,1,0.6931471805599453,0.9123282936910769,2.0794415416798357,-0.2709917009549545,2.7142857142857144
7,124.28,10.055661419473502,-0.11099182131281293,6,Flow302,2,Flow30,2.055661419473502,6,1200,1341.34,1.1177833333333334,4.055661419473502,False,True,False,False,False,2,1,1.4001137863433601,0.7205976547873973,2.308135801217685,0.2286942595378494,0.6000000000000005
8,79.07000000000002,8.330278323430369,-0.007820484204448778,6,Flow302,2,Flow30,-1.7253830960431333,6,1200,1420.4099999999999,1.1836749999999998,2.3302783234303686,False,True,False,False,False,2,1,0.8459877125598113,0.5454491104888609,2.1198968677970917,-0.1882389334205934,0.4579831932773111
9,67.56999999999998,8.364616353289797,0.015984414678211913,6,Flow302,2,Flow30,0.03433802985942869,6,1200,1487.9799999999998,1.2399833333333332,2.3646163532897972,False,True,False,False,False,2,1,0.8606157903029399,-3.371501796753592,2.124010470062442,0.004113602265350291,0.8802474937343359
10,43.64000000000004,7.084281165792575,0.03296669095102108,6,Flow302,2,Flow30,-1.2803351874972222,6,1200,1531.62,1.2763499999999999,1.084281165792575,False,True,False,False,False,2,1,0.08091724742221777,0.24712190888301522,1.9578784093916417,-0.16613206067080033,2.675824175824176
11,154.25,3.6724137931034475,-0.5603604179687524,6,Flow302,2,Flow30,-3.4118673726891275,6,1200,1685.87,1.4048916666666666,2.3275862068965525,False,True,False,False,False,2,1,0.8448317678920104,1.2272597580325373,1.3008491551630055,-0.6570292542286362,0.5555555555555551
12,55.92000000000001,5.013291771496229,0.13893673789013328,6,Flow302,2,Flow30,1.3408779783927818,6,1200,1741.79,1.4514916666666666,0.9867082285037707,False,True,False,False,False,2,1,-0.01338089773575831,0.29332460716373926,1.612092739559159,0.3112435843961536,2.0960784313725496
1,22.28,13.485714285714288,0.0,7,Flow302,2,Flow30,,6,1200,22.28,0.01856666666666667,7.4857142857142875,False,True,False,False,False,2,1,2.0129964422716835,,2.601630924096142,,0.3589743589743586
2,418.15000000000003,11.514290568078541,-1.3960149625158067,7,Flow302,2,Flow30,-1.971423717635746,6,1200,440.43000000000006,0.36702500000000005,5.5142905680785415,False,True,False,False,False,2,1,1.7073430076365816,0.6787559810359903,2.4435889220024634,-0.15804200209367858,0.582882882882882
3,410.35,9.595413950233008,0.5579610564672179,7,Flow302,2,Flow30,-1.9188766178455339,6,1200,850.7800000000001,0.7089833333333334,3.5954139502330076,False,True,False,False,False,2,1,1.2796591306451823,0.651739919932772,2.2612852708149402,-0.18230365118752312,0.3098039215686281
4,237.31999999999996,10.989852371084957,-0.35455108595172025,7,Flow302,2,Flow30,1.3944384208519498,6,1200,1088.1000000000001,0.9067500000000002,4.989852371084957,False,True,False,False,False,2,1,1.6074063243728696,0.3324917685244785,2.3969723353030092,0.135687064488069,7.6
5,0.0,10.989852371084957,0.0,7,Flow302,2,Flow30,0.0,6,1200,1088.1000000000001,0.9067500000000002,4.989852371084957,False,True,False,False,False,2,1,1.6074063243728696,-6.907755278982137,2.3969723353030092,0.0,5.133333333333334
6,0.0,10.989852371084957,0.0,7,Flow302,2,Flow30,0.0,6,1200,1088.1000000000001,0.9067500000000002,4.989852371084957,False,True,False,False,False,2,1,1.6074063243728696,-6.907755278982137,2.3969723353030092,0.0,5.133333333333334
7,134.93999999999994,9.85199850728741,-0.03295371500033711,7,Flow302,2,Flow30,-1.137853863797547,6,1200,1223.04,1.0191999999999999,3.8519985072874103,False,True,False,False,False,2,1,1.3485921064195554,0.1291439125175907,2.287674328744619,-0.10929800655839017,0.32104664391353843
8,176.04000000000002,9.064929269867257,-0.30093239813719735,7,Flow302,2,Flow30,-0.7870692374201536,6,1200,1399.08,1.1659,3.064929269867257,False,True,False,False,False,2,1,1.1200244924064895,-0.23943905804287488,2.2044130416244996,-0.08326128712011949,1.049122807017544
9,0.0,9.064929269867257,0.0,7,Flow302,2,Flow30,0.0,6,1200,1399.08,1.1659,3.064929269867257,False,True,False,False,False,2,1,1.1200244924064895,-6.907755278982137,2.2044130416244996,0.0,0.7722943722943723
10,0.0,9.064929269867257,0.0,7,Flow302,2,Flow30,0.0,6,1200,1399.08,1.1659,3.064929269867257,False,True,False,False,False,2,1,1.1200244924064895,-6.907755278982137,2.2044130416244996,0.0,0.7579234972677598
11,0.0,9.064929269867257,0.0,7,Flow302,2,Flow30,0.0,6,1200,1399.08,1.1659,3.064929269867257,False,True,False,False,False,2,1,1.1200244924064895,-6.907755278982137,2.2044130416244996,0.0,0.8270833333333334
12,0.0,9.064929269867257,0.0,7,Flow302,2,Flow30,0.0,6,1200,1399.08,1.1659,3.064929269867257,False,True,False,False,False,2,1,1.1200244924064895,-6.907755278982137,2.2044130416244996,0.0,2.766666666666667
1,0.0,9.756390289953975,0.0,8,Flow302,2,Flow30,,6,1200,0.0,0.0,3.756390289953975,False,True,False,False,False,2,1,1.3234584670109946,,2.277922484673824,,10.0
2,387.16,9.756390289953975,-0.8338452640409713,8,Flow302,2,Flow30,0.0,6,1200,387.16,0.3226333333333333,3.756390289953975,False,True,False,False,False,2,1,1.3234584670109946,-6.907755278982137,2.277922484673824,0.0,0.5702175757026726
3,448.64000000000004,9.21842987003209,0.379999829529771,8,Flow302,2,Flow30,-0.5379604199218857,6,1200,835.8000000000001,0.6965,3.2184298700320895,False,True,False,False,False,2,1,1.1688936226295408,-0.6199702904451063,2.2212047269745123,-0.056717757699311644,0.3042128603104217
4,327.46999999999997,8.637331643422357,-0.8458889376026802,8,Flow302,2,Flow30,-0.5810982266097326,6,1200,1163.27,0.9693916666666667,2.637331643422357,False,True,False,False,False,2,1,0.9697676648870645,-0.5428354716872987,2.1560936975489646,-0.0651110294255477,0.6641529665414416
5,108.27000000000004,8.452024509041468,0.22791119937810525,8,Flow302,2,Flow30,-0.18530713438088853,6,1200,1271.54,1.0596166666666667,2.4520245090414683,False,True,False,False,False,2,1,0.8969140135547883,-1.6857406446463068,2.1344059995415448,-0.021687698007419876,6.172413793103448
6,0.0,8.452024509041468,0.0,8,Flow302,2,Flow30,0.0,6,1200,1271.54,1.0596166666666667,2.4520245090414683,False,True,False,False,False,2,1,0.8969140135547883,-6.907755278982137,2.1344059995415448,0.0,1.0390804597701147
7,54.39999999999998,7.385354050379275,-0.06675233811665596,8,Flow302,2,Flow30,-1.066670458662193,6,1200,1325.94,1.10495,1.3853540503792754,False,True,False,False,False,2,1,0.32595573901379654,0.06454207612705803,1.999498856659394,-0.13490714288215067,0.5043956043956048
8,95.14000000000003,7.179458784492375,0.0009244770969418792,8,Flow302,2,Flow30,-0.2058952658869,6,1200,1421.0800000000002,1.1842333333333335,1.1794587844923754,False,True,False,False,False,2,1,0.16505567605233087,-1.5803876575055809,1.9712240020146488,-0.02827485464474533,0.5135090179369466
9,53.72000000000001,7.044200668844259,-0.0424697743214008,8,Flow302,2,Flow30,-0.1352581156481163,6,1200,1474.8000000000002,1.229,1.044200668844259,False,True,False,False,False,2,1,0.04325168252682298,-2.0005703582637744,1.9522046781390698,-0.01901932387557892,0.8060606060606057
10,16.060000000000002,6.437956204379562,0.0047076305434352785,8,Flow302,2,Flow30,-0.6062444644646972,6,1200,1490.8600000000001,1.2423833333333334,0.43795620437956195,False,True,False,False,False,2,1,-0.8256363636060244,-0.500471967552011,1.8622111301786664,-0.08999354796040349,0.622727272727273
11,3.2199999999999864,6.437956204379563,0.011987163352630203,8,Flow302,2,Flow30,8.881784197001252e-16,6,1200,1494.0800000000002,1.2450666666666668,0.43795620437956284,False,True,False,False,False,2,1,-0.8256363636060224,-34.657359027997266,1.8622111301786666,2.220446049250313e-16,3.5083333333333337
12,0.0,6.437956204379563,0.0,8,Flow302,2,Flow30,0.0,6,1200,1494.0800000000002,1.2450666666666668,0.43795620437956284,False,True,False,False,False,2,1,-0.8256363636060224,-6.907755278982137,1.8622111301786666,0.0,1.7555555555555555
1,0.0,10.617030477845297,0.0,9,Flow302,3,Flow30,,9,1500,0.0,0.0,0.6170304778452973,False,False,True,False,False,2,1,-0.48283685946480825,,2.362459360691844,,5.8
2,179.7,10.617030477845297,-0.010281791943594187,9,Flow302,3,Flow30,0.0,9,1500,179.7,0.11979999999999999,0.6170304778452973,False,False,True,False,False,2,1,-0.48283685946480825,-6.907755278982137,2.362459360691844,0.0,0.2443652947384285
3,325.92,10.511533572186979,-0.023409633063617298,9,Flow302,3,Flow30,-0.1054969056583186,9,1500,505.62,0.33708,0.5115335721869787,False,False,True,False,False,2,1,-0.6703420609701715,-2.2490736567490606,2.3524730897710544,-0.009986270920789408,0.2407114624505926
4,248.43000000000006,10.15466360079702,-0.06875657996874884,9,Flow302,3,Flow30,-0.35686997138995835,9,1500,754.0500000000001,0.5027,0.15466360079702035,False,False,True,False,False,2,1,-1.8665028380535165,-1.0303837893472607,2.317933068023489,-0.03454002174756532,0.3816587504567046
5,184.52999999999997,9.69954078872079,-0.057247423469694185,9,Flow302,3,Flow30,-0.4551228120762296,9,1500,938.58,0.62572,0.0,False,False,True,False,False,2,1,-6.907755278982137,-0.7871879798010781,2.2720785430197084,-0.04585452500378073,0.18892307692307675
6,121.61999999999999,9.345076421949388,0.0,9,Flow302,3,Flow30,-0.3544643667714027,9,1500,1060.2,0.7068,0.0,False,False,True,False,False,2,1,-6.907755278982137,-1.037147454926986,2.234849618717789,-0.037228924301919264,0.18892307692307675
7,111.36,9.420895345958826,0.007327376291602718,9,Flow302,3,Flow30,0.0758189240094378,9,1500,1171.56,0.78104,0.0,False,False,True,False,False,2,1,-6.907755278982137,-2.5794073603763694,2.2429301314132606,0.008080512695471498,0.2070203448590462
8,189.12999999999997,10.074704671497024,0.08588812474081044,9,Flow302,3,Flow30,0.653809325538198,9,1500,1360.6899999999998,0.9071266666666665,0.07470467149702387,False,False,True,False,False,2,1,-2.594212652024627,-0.42493952119907663,2.3100277944003356,0.06709766298707498,0.30882861870708567
9,138.71000000000004,9.73463132141294,-0.04203527621248553,9,Flow302,3,Flow30,-0.3400733500840847,9,1500,1499.3999999999999,0.9995999999999999,0.0,False,False,True,False,False,2,1,-6.907755278982137,-1.07859394909807,2.2756897666548324,-0.03433802774550321,0.7042042042042045
10,142.57000000000002,9.882948119614431,0.04583850564139158,9,Flow302,3,Flow30,0.1483167982014919,9,1500,1641.9699999999998,1.0946466666666665,0.0,False,False,True,False,False,2,1,-6.907755278982137,-1.9084047644964917,2.290810859923062,0.015121093268229746,0.5333333333333341
11,94.18999999999996,9.129751715271594,0.004056117749619853,9,Flow302,3,Flow30,-0.7531964043428374,9,1500,1736.1599999999999,1.1574399999999998,0.0,False,False,True,False,False,2,1,-6.907755278982137,-0.28342925605169567,2.2115384998528307,-0.07927236007023142,5.457128737336299
12,176.79999999999998,9.549363199847328,-0.023881376285293573,9,Flow302,3,Flow30,0.41961148457573394,9,1500,1912.9599999999998,1.2753066666666666,0.0,False,False,True,False,False,2,1,-6.907755278982137,-0.8684260325396692,2.256474471625127,0.044935971772296135,0.21317002182876532
1,0.0,9.613674093996073,0.0,10,Flow302,3,Flow30,,9,1500,0.0,0.0,0.0,False,False,True,False,False,2,1,-6.907755278982137,,2.2631864697913016,,3.8666666666666667
2,200.77,9.613674093996073,0.13471508329497017,10,Flow302,3,Flow30,0.0,9,1500,200.77,0.13384666666666667,0.0,False,False,True,False,False,2,1,-6.907755278982137,-6.907755278982137,2.2631864697913016,0.0,0.30473360571169117
3,410.15,9.774699187215099,-0.17681536351417418,10,Flow302,3,Flow30,0.1610250932190258,9,1500,610.92,0.40728,0.0,False,False,True,False,False,2,1,-6.907755278982137,-1.8261950676390828,2.279797331711475,0.01661086192017347,0.23687780903629108
4,272.02000000000004,9.244718631558463,0.08779008568175616,10,Flow302,3,Flow30,-0.5299805556566355,9,1500,882.94,0.5886266666666667,0.0,False,False,True,False,False,2,1,-6.907755278982137,-0.6349149605492805,2.2240524297148805,-0.05574490199659454,0.23477926324901421
5,369.30999999999995,9.591456814986643,-0.09224554497680798,10,Flow302,3,Flow30,0.3467381834281795,9,1500,1252.25,0.8348333333333333,0.0,False,False,True,False,False,2,1,-6.907755278982137,-1.0591852984408892,2.2608727871587058,0.03682035744382528,0.27562766405721195
6,212.48000000000002,8.926445501234841,-0.13671507475629713,10,Flow302,3,Flow30,-0.6650113137518012,9,1500,1464.73,0.9764866666666667,0.0,False,False,True,False,False,2,1,-6.907755278982137,-0.40795122531040173,2.18901827547412,-0.0718545116845859,0.7119843788137663
7,116.4,9.48492345770714,0.1292004436657859,10,Flow302,3,Flow30,0.5584779564722986,9,1500,1581.13,1.0540866666666668,0.0,False,False,True,False,False,2,1,-6.907755278982137,-0.5825401304151067,2.2497035335291278,0.06068525805500791,0.47155722754217955
8,57.31000000000002,9.527523099584876,-0.02938246026625947,10,Flow302,3,Flow30,0.042599641877735905,9,1500,1638.44,1.0922933333333333,0.0,False,False,True,False,False,2,1,-6.907755278982137,-3.155909432368066,2.2541847782798508,0.004481244750722979,0.4467054514113338
9,77.93999999999998,8.466522085688084,-0.024633339651204976,10,Flow302,3,Flow30,-1.0610010138967922,9,1500,1716.38,1.1442533333333333,0.0,False,False,True,False,False,2,1,-6.907755278982137,0.05921281523628322,2.136119808717043,-0.11806496956280776,0.6960784313725488
10,71.45999999999995,8.595505617977526,0.0,10,Flow302,3,Flow30,0.1289835322894426,9,1500,1787.8400000000001,1.1918933333333335,0.0,False,False,True,False,False,2,1,-6.907755278982137,-2.0480705394402587,2.1512394640943957,0.015119655377352714,0.6960784313725488
11,102.92000000000009,8.17803745777591,-0.018684862744525948,10,Flow302,3,Flow30,-0.4174681602016168,9,1500,1890.7600000000002,1.2605066666666669,0.0,False,False,True,False,False,2,1,-6.907755278982137,-0.8735470005895359,2.1014522022420503,-0.04978726185234539,0.743011879804333
12,70.53999999999995,8.564659785483679,0.04229764600170029,10,Flow302,3,Flow30,0.3866223277077694,9,1500,1961.3000000000002,1.3075333333333334,0.0,False,False,True,False,False,2,1,-6.907755278982137,-0.9503069598461976,2.14764440950248,0.04619220726042972,0.48437539472022184
1,8.58,12.571428571428571,0.0,11,Flow302,3,Flow30,,9,1500,8.58,0.00572,2.571428571428571,False,False,True,False,False,2,1,0.9444616088408513,,2.531426665422893,,0.4666666666666668
2,259.2,10.403890120388285,-0.37601329383842724,11,Flow302,3,Flow30,-2.1675384510402864,9,1500,267.78,0.17851999999999998,0.40389012038828476,False,False,True,False,False,2,1,-0.9066124172509663,0.7735921693261854,2.342179786245387,-0.18924687917750616,0.5972284434490476
3,251.07,9.32338449994316,0.0591190335020656,11,Flow302,3,Flow30,-1.080505620445125,9,1500,518.8499999999999,0.34589999999999993,0.0,False,False,True,False,False,2,1,-6.907755278982137,0.07742909865893337,2.232525706547485,-0.10965407969790197,0.5018726591760299
4,320.48,9.703065483335358,0.006818564700684279,11,Flow302,3,Flow30,0.37968098339219836,9,1500,839.3299999999999,0.5595533333333332,0.0,False,False,True,False,False,2,1,-6.907755278982137,-0.9684238962427324,2.2724418647924556,0.039916158244970745,0.26954942685279715
5,366.48,9.503317458702098,-0.057486405402062894,11,Flow302,3,Flow30,-0.19974802463326036,9,1500,1205.81,0.8038733333333333,0.0,False,False,True,False,False,2,1,-6.907755278982137,-1.6106985835798435,2.2516409438273763,-0.02080092096507924,0.2562586240883107
6,205.71999999999997,9.570158544945478,0.052377168641486345,11,Flow302,3,Flow30,0.06684108624338059,9,1500,1411.53,0.94102,0.0,False,False,True,False,False,2,1,-6.907755278982137,-2.70543732398992,2.2586497721975896,0.007008828370213216,0.3018726591760297
7,215.17999999999998,9.317803750494473,-0.10679858236515855,11,Flow302,3,Flow30,-0.25235479445100495,9,1500,1626.71,1.0844733333333334,0.0,False,False,True,False,False,2,1,-6.907755278982137,-1.376919267164916,2.231926951839315,-0.026722820358274557,0.1986305655513707
8,119.73000000000003,9.227648822278438,0.022894855984098978,11,Flow302,3,Flow30,-0.09015492821603566,9,1500,1746.44,1.1642933333333334,0.0,False,False,True,False,False,2,1,-6.907755278982137,-2.406225663982444,2.2222042839175016,-0.009722667921813422,0.2767279114506378
9,172.10000000000005,9.461583322058694,0.03252482455909705,11,Flow302,3,Flow30,0.23393449978025593,9,1500,1918.5400000000002,1.2790266666666668,0.0,False,False,True,False,False,2,1,-6.907755278982137,-1.4527141182770744,2.2472397392554373,0.02503545533793572,0.3018726591760297
10,219.57,9.985407980607526,0.022263324446493087,11,Flow302,3,Flow30,0.5238246585488326,9,1500,2138.11,1.4254066666666667,0.0,False,False,True,False,False,2,1,-6.907755278982137,-0.6465982717492383,2.301124825382835,0.05388508612739784,0.4149425287356321
11,70.69999999999993,9.661400378359899,-0.003217178980483721,11,Flow302,3,Flow30,-0.3240076022476277,9,1500,2208.81,1.47254,0.0,False,False,True,False,False,2,1,-6.907755278982137,-1.1269882997378307,2.2681386044216927,-0.032986220961142454,0.4149425287356321
12,128.52999999999997,8.164592923179072,-0.12698250759301152,11,Flow302,3,Flow30,-1.4968074551808268,9,1500,2337.34,1.5582266666666669,0.0,False,False,True,False,False,2,1,-6.907755278982137,0.4033344767114819,2.0998068688634643,-0.16833173555822833,0.9666666666666668
1,0.0,10.650399647692536,0.0,12,Flow302,3,Flow30,,9,1500,0.0,0.0,0.6503996476925362,False,False,True,False,False,2,1,-0.43016826242682527,,2.365597417056299,,5.633333333333334
2,99.68,10.650399647692536,-0.02781343468721878,12,Flow302,3,Flow30,0.0,9,1500,99.68,0.06645333333333334,0.6503996476925362,False,False,True,False,False,2,1,-0.43016826242682527,-6.907755278982137,2.365597417056299,0.0,0.41891263108915844
3,288.28,9.762719312798374,-0.035454300577313615,12,Flow302,3,Flow30,-0.8876803348941618,9,1500,387.96,0.25864,0.0,False,False,True,False,False,2,1,-6.907755278982137,-0.1191435840267783,2.27857097973277,-0.08702643732352922,0.45457152674403734
4,297.02,9.510386075502879,-0.05812012872823574,12,Flow302,3,Flow30,-0.2523332372954954,9,1500,684.98,0.45665333333333336,0.0,False,False,True,False,False,2,1,-6.907755278982137,-1.3770046948119639,2.252384472526424,-0.026186507206345855,0.27981424519063935
5,227.64,9.579739730852495,0.08261119752961624,12,Flow302,3,Flow30,0.0693536553496159,9,1500,912.62,0.6084133333333334,0.0,False,False,True,False,False,2,1,-6.907755278982137,-2.668536424892026,2.259650423644245,0.0072659511178212455,0.32215260595418727
6,309.06,10.025532427766679,-0.022370989773498783,12,Flow302,3,Flow30,0.4457926969141841,9,1500,1221.68,0.8144533333333334,0.025532427766679078,False,False,True,False,False,2,1,-3.6678059575895916,-0.8079012401426073,2.3051350817840106,0.04548465813976543,0.21481876332622551
7,255.62,9.438887526127315,-0.05549584546476171,12,Flow302,3,Flow30,-0.5866449016393638,9,1500,1477.3000000000002,0.9848666666666668,0.0,False,False,True,False,False,2,1,-6.907755278982137,-0.5333355797846091,2.2448381264043813,-0.06029695537962931,0.23466003316749617
8,239.04000000000002,9.559271224492718,0.05069975980852515,12,Flow302,3,Flow30,0.12038369836540319,9,1500,1716.3400000000001,1.1442266666666667,0.0,False,False,True,False,False,2,1,-6.907755278982137,-2.117071150910419,2.257511492409899,0.012673366005517828,0.17942686056458435
9,296.0199999999999,9.548676613868091,-0.01685539826283016,12,Flow302,3,Flow30,-0.01059461062462752,9,1500,2012.3600000000001,1.3415733333333335,0.0,False,False,True,False,False,2,1,-6.907755278982137,-4.547409838798221,2.2564025704262365,-0.0011089219836626363,0.24305555555555536
10,215.94,9.349592271815085,-0.033044629798344015,12,Flow302,3,Flow30,-0.19908434205300551,9,1500,2228.3,1.4855333333333334,0.0,False,False,True,False,False,2,1,-6.907755278982137,-1.6140267146358722,2.235332735057266,-0.02106983536897067,0.12929857231533148
11,216.09000000000003,9.362090321201501,0.017135473527443254,12,Flow302,3,Flow30,0.012498049386415744,9,1500,2444.3900000000003,1.6295933333333334,0.0,False,False,True,False,False,2,1,-6.907755278982137,-4.382182695937548,2.2366685904708943,0.0013358554136284617,0.49833333333333396
12,40.139999999999986,9.331103678929766,0.0,12,Flow302,3,Flow30,-0.030986642271734866,9,1500,2484.53,1.6563533333333336,0.0,False,False,True,False,False,2,1,-6.907755278982137,-3.474199061818851,2.233353301424725,-0.0033152890461694007,0.49833333333333396
1,0.0,9.212206846799283,0.0,13,Flow302,4,Flow30,,6,1200,0.0,0.0,3.2122068467992833,False,False,False,True,False,2,1,1.1669581921428265,,2.220529435766194,,5.6
2,185.79999999999998,9.212206846799283,0.1531941207793918,13,Flow302,4,Flow30,0.0,6,1200,185.79999999999998,0.15483333333333332,3.2122068467992833,False,False,False,True,False,2,1,1.1669581921428265,-6.907755278982137,2.220529435766194,0.0,0.6333333333333337
3,308.16999999999996,8.954720850480856,-0.11011411740575398,13,Flow302,4,Flow30,-0.2574859963184277,6,1200,493.9699999999999,0.4116416666666666,2.9547208504808555,False,False,False,True,False,2,1,1.0834041795534384,-1.3567899435865745,2.192180862551187,-0.028348573215007278,0.2698511166253095
4,321.28999999999996,8.815950920245399,0.0,13,Flow302,4,Flow30,-0.13876993023545658,6,1200,815.2599999999999,0.6793833333333332,2.815950920245399,False,False,False,True,False,2,1,1.035300009253783,-1.9749378953343981,2.1765626852722626,-0.015618177278924339,0.2698511166253095
5,101.18000000000005,7.129894122736719,-0.02529905570808738,13,Flow302,4,Flow30,-1.6860567975086802,6,1200,916.4399999999999,0.7636999999999999,1.1298941227367187,False,False,False,True,False,2,1,0.12212393164127058,0.5223925467398133,1.9642963847699066,-0.21226630050235595,0.5294117647058827
6,87.02999999999994,6.6451458993341115,-0.02698976996378538,13,Flow302,4,Flow30,-0.48474822340260726,6,1200,1003.4699999999999,0.8362249999999999,0.6451458993341115,False,False,False,True,False,2,1,-0.43827878724784214,-0.7241256498426628,1.8938866481821286,-0.07040973658777805,0.31647058823529406
7,74.78000000000003,6.493854341103029,-0.0034216942679652098,13,Flow302,4,Flow30,-0.1512915582310823,6,1200,1078.25,0.8985416666666667,0.49385434110302917,False,False,False,True,False,2,1,-0.705514661339554,-1.8885464546480402,1.870856243663632,-0.023030404518496583,0.2680487804878049
8,82.68,6.346425652032789,-0.021504800933740412,13,Flow302,4,Flow30,-0.14742868907024054,6,1200,1160.93,0.9674416666666668,0.34642565203278863,False,False,False,True,False,2,1,-1.0600870518232224,-1.9144106840392028,1.8478917649792075,-0.022964478684424527,0.31647058823529406
9,143.64,6.015043657741787,-0.01093037780280946,13,Flow302,4,Flow30,-0.3313819942910019,6,1200,1304.5700000000002,1.087141666666667,0.015043657741786731,False,False,False,True,False,2,1,-4.1967987891123215,-1.1044835077197928,1.7942636075452374,-0.05362815743397009,0.34888888888888925
10,153.0,5.970464135021096,0.0,13,Flow302,4,Flow30,-0.044579522720690434,6,1200,1457.5700000000002,1.2146416666666668,0.029535864978903703,False,False,False,True,False,2,1,-3.5221499920797923,-3.1104806572124915,1.7868246689422067,-0.007438938603030687,0.34888888888888925
11,129.06,6.097966140145725,0.014620678636125558,13,Flow302,4,Flow30,0.1275020051246285,6,1200,1586.63,1.3221916666666667,0.0979661401457248,False,False,False,True,False,2,1,-2.3231333687305478,-2.0596231880396414,1.8079552959343343,0.021130626992127644,0.6573785950023572
12,159.85999999999999,7.359500531649627,0.0,13,Flow302,4,Flow30,1.2615343915039023,6,1200,1746.49,1.4554083333333334,1.3595005316496271,False,False,False,True,False,2,1,0.3071173761529284,0.23232875111650497,1.995992067890413,0.1880367719560787,0.6573785950023572
1,0.0,6.842780116951183,0.0,14,Flow302,4,Flow30,,6,1200,0.0,0.0,0.8427801169511833,False,False,False,True,False,2,1,-0.17104918898774316,,1.9231940989027596,,10.0
2,70.14,6.842780116951183,-0.0018794566107081705,14,Flow302,4,Flow30,0.0,6,1200,70.14,0.05845,0.8427801169511833,False,False,False,True,False,2,1,-0.17104918898774316,-6.907755278982137,1.9231940989027596,0.0,0.14871794871794863
3,230.17000000000002,7.28976576815636,0.054566911058578714,14,Flow302,4,Flow30,0.44698565120517664,6,1200,300.31,0.25025833333333336,1.28976576815636,False,False,False,True,False,2,1,0.2544606268142423,-0.8052287850959239,1.9864714149359683,0.06327731603320874,0.3697142348437641
4,240.0,7.298507462686567,0.0,14,Flow302,4,Flow30,0.008741694530207234,6,1200,540.31,0.45025833333333326,1.2985074626865671,False,False,False,True,False,2,1,0.26121549926361765,-4.739651225932672,1.987669870083906,0.0011984551479375938,3.8404255319148937
5,274.18,7.419923393537051,0.041138350595164075,14,Flow302,4,Flow30,0.12141593085048363,6,1200,814.49,0.6787416666666667,1.4199233935370508,False,False,False,True,False,2,1,0.35060292194456766,-2.1085331828501226,2.0041687328048408,0.016498862720934815,0.5035071311667054
6,177.25,7.314564617772611,-0.055780335060030564,14,Flow302,4,Flow30,-0.10535877576444008,6,1200,991.74,0.82645,1.3145646177726107,False,False,False,True,False,2,1,0.2735055216613118,-2.250383841162454,1.989867513599267,-0.014301219205573812,0.29705555555555563
7,186.64000000000004,7.683713852637238,0.04964200749931229,14,Flow302,4,Flow30,0.3691492348646275,6,1200,1178.38,0.9819833333333334,1.6837138526372382,False,False,False,True,False,2,1,0.5210019801450916,-0.9965542861741465,2.0391030048372225,0.049235491237955564,0.1797188755020076
8,150.14,7.295490998779352,0.004127994877293538,14,Flow302,4,Flow30,-0.38822285385788646,6,1200,1328.52,1.1071,1.2954909987793517,False,False,False,True,False,2,1,0.2588897729290056,-0.9461757386305498,1.9872564859166901,-0.05184651892053238,0.26317241379310374
9,281.04,7.181898600931891,-0.05674400438329295,14,Flow302,4,Flow30,-0.11359239784746045,6,1200,1609.56,1.3413,1.1818986009318913,False,False,False,True,False,2,1,0.16712212929044756,-2.1751386952912153,1.9715637772040697,-0.015692708712620407,0.22660098522167482
10,330.05999999999995,7.136853266148985,-0.006522231534928813,14,Flow302,4,Flow30,-0.04504533478290629,6,1200,1939.62,1.61635,1.136853266148985,False,False,False,True,False,2,1,0.12826415292135446,-3.1000858567184006,1.9652719601795665,-0.00629181702450321,0.1947072975140336
11,232.64000000000001,6.747443941287816,-0.12223799299969378,14,Flow302,4,Flow30,-0.38940932486116875,6,1200,2172.2599999999998,1.8102166666666664,0.7474439412878162,False,False,False,True,False,2,1,-0.2910959714622435,-0.9431242395891828,1.9091637578040495,-0.05610820237551706,0.6200000000000001
12,83.63,6.589566536735148,0.06005904320781551,14,Flow302,4,Flow30,-0.15787740455266785,6,1200,2255.89,1.8799083333333333,0.5895665367351484,False,False,False,True,False,2,1,-0.5283676955943,-1.8459364676900631,1.8854875704383616,-0.023676187365687884,0.6836069023569027
1,0.0,10.150773361643106,0.0,15,Flow302,4,Flow30,,6,1200,0.0,0.0,4.150773361643106,False,False,False,True,False,2,1,1.42329466908435,,2.3175498958505676,,4.4
2,361.37,10.150773361643106,-0.09840937812480058,15,Flow302,4,Flow30,0.0,6,1200,361.37,0.3011416666666667,4.150773361643106,False,False,False,True,False,2,1,1.42329466908435,-6.907755278982137,2.3175498958505676,0.0,0.2869565217391301
3,479.34999999999997,8.873334037008869,-0.47439028003189987,15,Flow302,4,Flow30,-1.277439324634237,6,1200,840.72,0.7006,2.8733340370088687,False,False,False,True,False,2,1,1.0554730409061404,0.2448575465738369,2.1830506036011292,-0.13449929224943835,0.4751824817518253
4,126.27000000000001,6.894009216589862,0.0,15,Flow302,4,Flow30,-1.9793248204190066,6,1200,966.99,0.805825,0.8940092165898621,False,False,False,True,False,2,1,-0.11203919447713102,0.6827557867644148,1.930652804993963,-0.25239779860716616,0.5849623076606836
5,153.85000000000002,7.357598294546545,0.04969043502769108,15,Flow302,4,Flow30,0.4635890779566827,6,1200,1120.8400000000001,0.9340333333333335,1.3575982945465448,False,False,False,True,False,2,1,0.30571717871032617,-0.7687567269901742,1.9957335608115192,0.06508075581755612,0.34186919915364955
6,158.85,7.47551505355253,-0.035876576715222624,15,Flow302,4,Flow30,0.1179167590059853,6,1200,1279.69,1.0664083333333334,1.47551505355253,False,False,False,True,False,2,1,0.3890071176887187,-2.137776335603478,2.0116330203883024,0.01589945957678318,0.3302428006775835
7,72.32,7.290150168219615,0.02506853295196982,15,Flow302,4,Flow30,-0.18536488533291529,6,1200,1352.01,1.126675,1.2901501682196148,False,False,False,True,False,2,1,0.2547586210710935,-1.6854290432875711,1.9865241450154862,-0.025108875372816142,0.24715893862235294
8,129.38,7.548048164585379,-0.031663703264353624,15,Flow302,4,Flow30,0.25789799636576394,6,1200,1481.3899999999999,1.2344916666666665,1.5480481645853787,False,False,False,True,False,2,1,0.43699488875674475,-1.355191135160442,2.0212890085915856,0.034764863576099314,0.3011764705882354
9,118.69000000000001,7.073287515311379,-0.03328935174350574,15,Flow302,4,Flow30,-0.47476064927399975,6,1200,1600.08,1.3334,1.073287515311379,False,False,False,True,False,2,1,0.0707263823789717,-0.744944498211147,1.9563253669253122,-0.06496364166627333,0.36650980392156907
10,181.33,6.72,0.0,15,Flow302,4,Flow30,-0.35328751531137925,6,1200,1781.4099999999999,1.4845083333333333,0.7199999999999998,False,False,False,True,False,2,1,-0.3285040669720364,-1.040473062599528,1.9050881545350582,-0.05123721239025403,0.36650980392156907
11,181.33999999999997,6.72,0.0,15,Flow302,4,Flow30,0.0,6,1200,1962.7499999999998,1.6356249999999999,0.7199999999999998,False,False,False,True,False,2,1,-0.3285040669720364,-6.907755278982137,1.9050881545350582,0.0,0.36650980392156907
12,173.75,6.711268741289544,-0.0026350701219477798,15,Flow302,4,Flow30,-0.00873125871045577,6,1200,2136.5,1.7804166666666668,0.711268741289544,False,False,False,True,False,2,1,-0.34070494409676855,-4.740845737341087,1.9037880152692075,-0.0013001392658507083,0.3011764705882354
1,0.0,7.0,0.0,16,Flow302,4,Flow30,,6,1200,0.0,0.0,1.0,False,False,False,True,False,2,1,0.0,,1.9459101490553132,,3.3333333333333335
2,216.0,7.0,0.0,16,Flow302,4,Flow30,0.0,6,1200,216.0,0.18,1.0,False,False,False,True,False,2,1,0.0,-6.907755278982137,1.9459101490553132,0.0,0.2366666666666668
3,300.14,6.781180258711434,-0.015130288177063184,16,Flow302,4,Flow30,-0.2188197412885664,6,1200,516.14,0.43011666666666665,0.7811802587114336,False,False,False,True,False,2,1,-0.24694935076559166,-1.5195069872366946,1.9141511662581976,-0.03175898279711564,0.2170950864422201
4,321.51,6.990045484170688,0.02141916303589947,16,Flow302,4,Flow30,0.20886522545925423,6,1200,837.65,0.6980416666666667,0.9900454841706878,False,False,False,True,False,2,1,-0.010004393302121235,-1.5660660892872051,1.9444870632589815,0.030335897000783874,0.36378316659417154
5,210.08000000000004,6.809456165736128,-0.05245985528320855,16,Flow302,4,Flow30,-0.18058931843455994,6,1200,1047.73,0.8731083333333334,0.8094561657361279,False,False,False,True,False,2,1,-0.21139265713155445,-1.7115297846289999,1.9183122587840586,-0.02617480447492282,0.21797752808988768
6,102.17999999999999,6.50597183065557,-0.0006796483863957779,16,Flow302,4,Flow30,-0.30348433508055805,6,1200,1149.91,0.9582583333333334,0.5059718306555698,False,False,False,True,False,2,1,-0.6812742818855055,-1.192425284046743,1.8727204982931804,-0.04559176049087821,0.14835820895522378
7,109.96999999999998,6.610475999392832,0.009038898162800006,16,Flow302,4,Flow30,0.10450416873726187,6,1200,1259.88,1.0499,0.6104759993928317,False,False,False,True,False,2,1,-0.49351629923800994,-2.2585283161503433,1.888655663281873,0.01593516498869252,0.2255555555555553
8,91.73000000000003,6.6757632863483245,-0.004991300413707124,16,Flow302,4,Flow30,0.0652872869554928,6,1200,1351.6100000000001,1.1263416666666668,0.6757632863483245,False,False,False,True,False,2,1,-0.3919124323861268,-2.728957948399575,1.8984835477635789,0.009827884481705906,0.16776536312849188
9,73.63999999999997,6.597496748275561,0.03764026389214906,16,Flow302,4,Flow30,-0.0782665380727634,6,1200,1425.25,1.1877083333333334,0.5974967482755611,False,False,False,True,False,2,1,-0.5150064374079144,-2.547635122720269,1.8866902965230055,-0.011793251240573399,0.19034157832744425
10,216.19999999999996,7.299504950495049,0.0,16,Flow302,4,Flow30,0.7020082022194876,6,1200,1641.45,1.367875,1.2995049504950487,False,False,False,True,False,2,1,0.26198338463047305,-0.35381019095124006,1.987806530854126,0.10111623433112049,0.19034157832744425
11,214.64000000000007,7.171616457369724,-0.0833534857650765,16,Flow302,4,Flow30,-0.12788849312532502,6,1200,1856.0900000000001,1.5467416666666667,1.1716164573697236,False,False,False,True,False,2,1,0.15838438279129205,-2.05659654219038,1.9701310765339983,-0.017675454320127626,0.36443202979515865
12,108.6,6.536535513541135,0.0,16,Flow302,4,Flow30,-0.6350809438285889,6,1200,1964.69,1.6372416666666667,0.5365355135411347,False,False,False,True,False,2,1,-0.6226225242445066,-0.45400281761692846,1.8774072871177139,-0.09272378941628445,0.36443202979515865
1,32.72,10.090909090909092,0.0,17,Flow302,5,Flow30,,14,1100,32.72,0.029745454545454544,3.9090909090909083,False,False,False,False,True,2,1,1.3633048428951917,,2.3116349285139637,,0.36666666666666625
2,486.73,8.831098321446527,-0.28809558984406564,17,Flow302,5,Flow30,-1.2598107694625647,14,1100,519.45,0.4722272727272728,5.168901678553473,False,False,False,False,True,2,1,1.6426602246658963,0.23096152671857717,2.1782793920954515,-0.13335553641851217,0.24761904761904763
3,512.88,8.474741724650634,-0.11198758464165319,17,Flow302,5,Flow30,-0.3563565967958926,14,1100,1032.33,0.9384818181818181,5.5252582753493655,False,False,False,False,True,2,1,1.7093299929807935,-1.031823373080187,2.137090177834666,-0.0411892142607857,0.4009433962264155
4,193.72,10.295168758394775,0.02078523616926673,17,Flow302,5,Flow30,1.8204270337441404,14,1100,1226.05,1.114590909090909,3.704831241605225,False,False,False,False,True,2,1,1.3096377088861704,0.5990711074918214,2.331674732612985,0.19458455477831915,0.6751918158567767
5,238.77999999999997,9.646873145221955,-0.029140470709492387,17,Flow302,5,Flow30,-0.6482956131728201,14,1100,1464.83,1.3316636363636363,4.353126854778045,False,False,False,False,True,2,1,1.4708944040656085,-0.43340849348639765,2.266633836441127,-0.06504089617185782,0.40000000000000036
6,151.06,9.180896363733499,-0.08805013102871631,17,Flow302,5,Flow30,-0.46597678148845567,14,1100,1615.8899999999999,1.468990909090909,4.819103636266501,False,False,False,False,True,2,1,1.5725879431888303,-0.7636194712298737,2.2171248429738455,-0.04950899346728166,0.43333333333333357
7,150.54000000000002,8.12232834151593,0.03425013740939687,17,Flow302,5,Flow30,-1.0585680222175693,14,1100,1766.4299999999998,1.6058454545454544,5.87767165848407,False,False,False,False,True,2,1,1.7711607070428723,0.05691707236936516,2.094616854637082,-0.12250798833676368,0.4948717948717949
8,204.71999999999997,8.731088762571055,0.0,17,Flow302,5,Flow30,0.6087604210551252,14,1100,1971.1499999999999,1.7919545454545454,5.268911237428945,False,False,False,False,True,2,1,1.6618237448960198,-0.49633048595547574,2.1668900771463733,0.07227322250929147,0.4948717948717949
9,100.08000000000001,9.025768254446437,-0.01468401609445844,17,Flow302,5,Flow30,0.29467949187538167,14,1100,2071.23,1.8829363636363636,4.974231745553563,False,False,False,False,True,2,1,1.6042709356817875,-1.2218669814958003,2.2000836257424243,0.03319354859605106,0.5000000000000004
10,90.63000000000005,8.341454755147593,0.017010170608463916,17,Flow302,5,Flow30,-0.6843134992988436,14,1100,2161.86,1.9653272727272728,5.658545244852407,False,False,False,False,True,2,1,1.7331668353011271,-0.3793391340535055,2.1212376322321775,-0.07884599351024679,0.5
11,63.12999999999994,8.816408619689383,-0.008314911181281318,17,Flow302,5,Flow30,0.47495386454179034,14,1100,2224.9900000000002,2.022718181818182,5.183591380310617,False,False,False,False,True,2,1,1.6454981327007077,-0.744537606945097,2.176614601119719,0.05537696888754162,0.6333333333333333
12,31.570000000000036,8.526315789473685,0.0,17,Flow302,5,Flow30,-0.2900928302156984,14,1100,2256.5600000000004,2.0514181818181823,5.473684210526315,False,False,False,False,True,2,1,1.699951919974932,-1.23755430303197,2.143157356065944,-0.03345724505377534,0.6333333333333333
1,0.0,9.274880398628403,0.0,18,Flow302,5,Flow30,,14,1100,0.0,0.0,4.725119601371597,False,False,False,False,True,2,1,1.5528928730849485,,2.22730971338377,,4.25
2,190.88,9.274880398628403,-0.22152888155653921,18,Flow302,5,Flow30,0.0,14,1100,190.88,0.17352727272727272,4.725119601371597,False,False,False,False,True,2,1,1.5528928730849485,-6.907755278982137,2.22730971338377,0.0,0.39705017104150153
3,602.65,9.053413058511573,0.4696726188242899,18,Flow302,5,Flow30,-0.22146734011682945,14,1100,793.53,0.7213909090909091,4.946586941488427,False,False,False,False,True,2,1,1.5986978319914662,-1.5074801490510579,2.2031418201520476,-0.024167893231722193,0.5000000000000009
4,250.87,10.350630699480824,0.04031410463661417,18,Flow302,5,Flow30,1.2972176409692509,14,1100,1044.4,0.9494545454545456,3.649369300519176,False,False,False,False,True,2,1,1.2945543582854235,0.26022169462563255,2.337047455002691,0.13390563485064355,0.2329521064190878
5,131.58999999999997,11.053523726955925,-0.02918924614734111,18,Flow302,5,Flow30,0.7028930274751009,14,1100,1175.99,1.0690818181818182,2.946476273044075,False,False,False,False,True,2,1,1.0806099726735818,-0.3525505645036234,2.4027492664466483,0.06570181144395715,0.1974870844564247
6,253.71000000000004,10.734623618795002,0.005097608024563992,18,Flow302,5,Flow30,-0.31890010816092307,14,1100,1429.7,1.2997272727272728,3.265376381204998,False,False,False,False,True,2,1,1.1833750336357491,-1.1428773657974054,2.373474369588469,-0.0292748968581793,0.18167622733660505
7,231.20999999999998,10.63616528042834,-0.03919258779233322,18,Flow302,5,Flow30,-0.09845833836666174,14,1100,1660.91,1.509918181818182,3.36383471957166,False,False,False,False,True,2,1,1.213081608790618,-2.3181217810217705,2.3642600129768763,-0.009214356611592756,0.3265817675169602
8,79.74999999999997,10.98448427168888,0.02046950274881358,18,Flow302,5,Flow30,0.34831899126053933,14,1100,1740.66,1.582418181818182,3.0155157283111205,False,False,False,False,True,2,1,1.1037708697172621,-1.0546365775137032,2.3964837563219796,0.03222374334510336,0.5440380612548319
9,31.580000000000023,11.473684210526317,0.0,18,Flow302,5,Flow30,0.4891999388374373,14,1100,1772.24,1.6111272727272727,2.526315789473683,False,False,False,False,True,2,1,0.9267620317414501,-0.7149840001948077,2.4400560836226486,0.043572327300668956,0.5456871345029244
10,93.15999999999997,12.465187227407291,0.04485605527856566,18,Flow302,5,Flow30,0.9915030168809746,14,1100,1865.4,1.695818181818182,1.5348127725927085,False,False,False,False,True,2,1,0.42840840134763325,-0.008533288282614319,2.5229397371119995,0.0828836534893509,0.39999999999999947
11,63.099999999999994,12.317511225905168,-0.07143123538853709,18,Flow302,5,Flow30,-0.14767600150212346,14,1100,1928.5,1.7531818181818182,1.682488774094832,False,False,False,False,True,2,1,0.5202741103568833,-1.9127345840131316,2.511021926814106,-0.011917810297893627,3.9333333333333336
12,203.01999999999998,10.284493257632949,0.16159461842675898,18,Flow302,5,Flow30,-2.033017968272219,14,1100,2131.52,1.9377454545454544,3.715506742367051,False,False,False,False,True,2,1,1.3125150732731539,0.709521372911244,2.330637251850563,-0.18038467496354293,0.6333333333333337
1,46.31,10.656222916387788,0.01631799332727621,19,Flow302,5,Flow30,,14,1100,46.31,0.042100000000000005,3.3437770836122116,False,False,False,False,True,2,1,1.207101031401253,,2.366144032909913,,0.27857142857142847
2,529.2199999999999,9.806913450971985,-0.2988989373640354,19,Flow302,5,Flow30,-0.8493094654158035,14,1100,575.53,0.5232090909090908,4.193086549028015,False,False,False,False,True,2,1,1.4334371092892182,-0.16333165329677618,2.283087591141505,-0.08305644176840765,0.43923627935478926
3,404.80000000000007,9.009656026314255,-0.25892682905358916,19,Flow302,5,Flow30,-0.7972574246577295,14,1100,980.33,0.891209090909091,4.990343973685745,False,False,False,False,True,2,1,1.6075048399900382,-0.22657766030030188,2.19829689401183,-0.08479069712967524,2.3333333333333335
4,57.40999999999999,9.050657436024085,0.01912813090009541,19,Flow302,5,Flow30,0.04100140970983013,14,1100,1037.74,0.9434,4.9493425639759145,False,False,False,False,True,2,1,1.599254752401457,-3.1941488297023284,2.2028373999378643,0.004540505926034388,0.46049833887043157
5,142.36999999999998,8.933572974656176,-0.016028102508988368,19,Flow302,5,Flow30,-0.1170844613679094,14,1100,1180.11,1.0728272727272727,5.066427025343824,False,False,False,False,True,2,1,1.6226358404360444,-2.1448597125896898,2.1898164240101172,-0.013020975927747092,0.38181818181818183
6,285.23,9.523502522333194,0.16289680726345876,19,Flow302,5,Flow30,0.5899295476770181,14,1100,1465.34,1.3321272727272726,4.476497477666806,False,False,False,False,True,2,1,1.4988409276309087,-0.5277521599293177,2.253762693150035,0.06394626913991797,0.27705627705627656
7,290.76,9.432570810668524,-0.12248661287591583,19,Flow302,5,Flow30,-0.09093171166466973,14,1100,1756.1,1.5964545454545453,4.567429189331476,False,False,False,False,True,2,1,1.5189505059930846,-2.3976464754396334,2.2441686799226135,-0.009594013227421705,0.31695331695331674
8,137.87000000000003,9.37766490389552,0.13777899140853417,19,Flow302,5,Flow30,-0.05490590677300489,14,1100,1893.97,1.7217909090909091,4.6223350961044805,False,False,False,False,True,2,1,1.5309000094631353,-2.902134344760488,2.2383307878787964,-0.005837892043817128,0.7479166666666659
9,60.51999999999995,10.32374239276916,-0.04065721459425466,19,Flow302,5,Flow30,0.946077488873641,14,1100,1954.49,1.776809090909091,3.6762576072308395,False,False,False,False,True,2,1,1.3018952801748727,-0.05543080115628947,2.334446329275504,0.09611554139670764,0.45833333333333304
10,113.19,9.692307692307693,0.0,19,Flow302,5,Flow30,-0.6314347004614671,14,1100,2067.68,1.8797090909090908,4.307692307692307,False,False,False,False,True,2,1,1.4604023332736122,-0.4597607463996322,2.2713325494899412,-0.06311377978556276,0.4583333333333339
11,95.83000000000007,9.847852366771287,0.02210055139736246,19,Flow302,5,Flow30,0.15554467446359332,14,1100,2163.5099999999998,1.9668272727272724,4.152147633228713,False,False,False,False,True,2,1,1.4236257023674574,-1.8608222930385132,2.28725339758084,0.015920848090898776,0.7000000000000002
12,37.88999999999997,11.256479976663748,0.024640013771140855,19,Flow302,5,Flow30,1.408627609892461,14,1100,2201.3999999999996,2.001272727272727,2.7435200233362522,False,False,False,False,True,2,1,1.009241775954357,0.34261590408302395,2.4209439607529633,0.13369056317212324,0.7999999999999998
1,34.28,9.519719953325554,-0.03889083225397783,20,Flow302,5,Flow30,,14,1100,34.28,0.031163636363636366,4.480280046674446,False,False,False,False,True,2,1,1.4996855548916022,,2.2533654317031115,,0.75
2,538.0699999999999,10.680705435958654,-0.11603984513550199,20,Flow302,5,Flow30,1.1609854826330999,14,1100,572.3499999999999,0.5203181818181818,3.3192945640413463,False,False,False,False,True,2,1,1.199752279640735,0.14926919844558661,2.3684388834067613,0.1150734517036498,0.4055829228243022
3,470.14,9.594555120675096,0.07946732413873207,20,Flow302,5,Flow30,-1.0861503152835574,14,1100,1042.4899999999998,0.9477181818181816,4.405444879324904,False,False,False,False,True,2,1,1.4828412484599491,0.0826396237970181,2.261195762639569,-0.10724312076719222,0.41034482758620694
4,43.19999999999998,13.336143410852715,-0.03704290825526097,20,Flow302,5,Flow30,3.741588290177619,14,1100,1085.6899999999998,0.9869909090909089,0.6638565891472847,False,False,False,False,True,2,1,-0.4096891330326578,1.31951019779497,2.5904778990538935,0.32928213641432436,0.575747508305648
5,227.93,10.854948602981274,-0.15128598114051856,20,Flow302,5,Flow30,-2.481194807871441,14,1100,1313.62,1.1942,3.145051397018726,False,False,False,False,True,2,1,1.1458302324731522,0.9087402215269531,2.3846210684485962,-0.20585683060529725,0.4253559155621014
6,284.19,10.126211014019773,-0.017938130553552787,20,Flow302,5,Flow30,-0.7287375889615006,14,1100,1597.81,1.4525545454545454,3.8737889859802266,False,False,False,False,True,2,1,1.354233094213799,-0.31644157204701867,2.3151272121632775,-0.06949385628531868,0.36818181818181817
7,116.28999999999996,9.830181616436828,0.11994876772684838,20,Flow302,5,Flow30,-0.2960293975829451,14,1100,1714.1,1.5582727272727273,4.169818383563172,False,False,False,False,True,2,1,1.4278724817598893,-1.2172965134310014,2.2854574097195126,-0.029669802443764937,0.5988721804511288
8,88.44999999999999,10.34354634851828,0.0,20,Flow302,5,Flow30,0.5133647320814525,14,1100,1802.55,1.6386818181818181,3.656453651481719,False,False,False,False,True,2,1,1.2964937299974229,-0.6667687077207195,2.3363627840227474,0.05090537430323483,0.5759922346850734
9,85.21,12.57120974011134,-0.05860235591768409,20,Flow302,5,Flow30,2.22766339159306,14,1100,1887.76,1.7161454545454546,1.4287902598886593,False,False,False,False,True,2,1,0.3568281141296412,0.8009532296785635,2.531409258234791,0.19504647421204346,0.5759922346850734
10,86.96999999999996,10.801367356885594,-0.028682188115977905,20,Flow302,5,Flow30,-1.7698423832257468,14,1100,1974.73,1.795209090909091,3.198632643114406,False,False,False,False,True,2,1,1.1627234194606892,0.5708904935956362,2.3796727332352057,-0.15173652499958523,0.2823855267201463
11,93.14000000000001,10.776018099547512,0.0,20,Flow302,5,Flow30,-0.0253492573380818,14,1100,2067.87,1.879881818181818,3.223981900452488,False,False,False,False,True,2,1,1.1706172106250525,-3.6750058457022248,2.3773231187231625,-0.0023496145120431855,0.2823855267201463
12,47.59000000000001,11.200862896693252,0.015694898613767844,20,Flow302,5,Flow30,0.42484479714573986,14,1100,2115.46,1.9231454545454545,2.799137103306748,False,False,False,False,True,2,1,1.0293111922943006,-0.8560313599398324,2.4159908196808972,0.03866770095773475,0.5759922346850734
1,0.0,15.0,0.0,1,Flow303,1,Flow30,,14,1100,0.0,0.0,1.0,True,False,False,False,False,3,1,0.0,,2.70805020110221,,10.0
2,64.0,15.0,-0.09531468739761115,1,Flow303,1,Flow30,0.0,14,1100,64.0,0.05818181818181818,1.0,True,False,False,False,False,3,1,0.0,-6.907755278982137,2.70805020110221,0.0,8.1
3,300.0,14.131494252873562,-0.08473557877481577,1,Flow303,1,Flow30,-0.8685057471264379,14,1100,364.0,0.33090909090909093,0.1314942528735621,True,False,False,False,False,3,1,-2.0287921327029403,-0.1409810760212736,2.6484059414855534,-0.05964425961665665,2.8275862068965516
4,231.21,15.214747066089362,0.06363347383282883,1,Flow303,1,Flow30,1.0832528132158004,14,1100,595.21,0.5411,1.2147470660893624,True,False,False,False,False,3,1,0.19453587906273057,0.07996837864886479,2.7222651592271436,0.07385921774159021,0.28078817733990125
5,283.28999999999996,14.999970661985605,-0.07073016646562334,1,Flow303,1,Flow30,-0.2147764041037572,14,1100,878.5,0.7986363636363636,0.9999706619856052,True,False,False,False,False,3,1,-2.9338444762714792e-05,-1.5381577729226077,2.708048245232671,-0.01421691399447278,0.3379310344827582
6,206.61999999999995,13.251370472925677,-0.6726655026906408,1,Flow303,1,Flow30,-1.7486001890599283,14,1100,1085.12,0.9864727272727272,0.7486295270743231,True,False,False,False,False,3,1,-0.2895110412301904,0.5588155758853891,2.584100979002438,-0.12394726623023278,1.4000000000000004
7,92.86000000000001,11.780122150087688,0.2716521779831582,1,Flow303,1,Flow30,-1.4712483228379885,14,1100,1177.98,1.0708909090909091,2.2198778499123115,True,False,False,False,False,3,1,0.7974521718083696,0.38611123963451255,2.4664135474470728,-0.11768743155536532,1.2000000000000002
8,90.92000000000002,14.126142958083124,0.04191151336178587,1,Flow303,1,Flow30,2.346020807995435,14,1100,1268.9,1.1535454545454547,0.1261429580831237,True,False,False,False,False,3,1,-2.070339427227847,0.852720619755221,2.6480271911452853,0.18161364369821253,2.5328947368421053
9,29.999999999999986,15.190476190476188,0.08297483947559894,1,Flow303,1,Flow30,1.0643332323930643,14,1100,1298.9,1.180818181818182,1.190476190476188,True,False,False,False,False,3,1,0.1743533871447757,0.06234853022556835,2.7206686650614214,0.07264147391613607,1.6845238095238093
10,0.0,15.190476190476188,-0.0,1,Flow303,1,Flow30,0.0,14,1100,1298.9,1.180818181818182,1.190476190476188,True,False,False,False,False,3,1,0.1743533871447757,-6.907755278982137,2.7206686650614214,0.0,2.541666666666667
11,24.130000000000013,15.738652991399274,0.04504850645188112,1,Flow303,1,Flow30,0.5481768009230858,14,1100,1323.0300000000002,1.2027545454545456,1.7386529913992739,True,False,False,False,False,3,1,0.5531106705491254,-0.6011574146461125,2.7561196606359135,0.03545099557449216,2.25
12,19.89,14.857125147213784,-0.01846303842495743,1,Flow303,1,Flow30,-0.8815278441854897,14,1100,1342.9200000000003,1.220836363636364,0.8571251472137842,True,False,False,False,False,3,1,-0.15417134162463023,-0.12609869036515606,2.698479558070892,-0.0576401025650215,1.6590909090909083
1,0.0,13.547169811320753,0.0,2,Flow303,1,Flow30,,14,1100,0.0,0.0,0.45283018867924696,True,False,False,False,False,3,1,-0.7922380832041725,,2.606177655496102,,10.0
2,22.64,13.547169811320753,-0.006689553666567559,2,Flow303,1,Flow30,0.0,14,1100,22.64,0.020581818181818184,0.45283018867924696,True,False,False,False,False,3,1,-0.7922380832041725,-6.907755278982137,2.606177655496102,0.0,1.3249999999999993
3,150.42000000000002,13.291888988164215,-0.10440826918058976,2,Flow303,1,Flow30,-0.25528082315653755,14,1100,173.06,0.15732727272727273,0.7081110118357845,True,False,False,False,False,3,1,-0.3451544012014579,-1.3653910724931486,2.587153998679275,-0.01902365681682694,0.8565517241379306
4,193.48000000000002,13.19854510694023,0.0,2,Flow303,1,Flow30,-0.09334388122398529,14,1100,366.54,0.33321818181818186,0.8014548930597698,True,False,False,False,False,3,1,-0.22132658666995358,-2.37146495775237,2.5801066043465513,-0.007047394332723833,0.7786046511627909
5,158.69,13.093577869200649,-0.05173078619295714,2,Flow303,1,Flow30,-0.10496723773958117,14,1100,525.23,0.4774818181818182,0.906422130799351,True,False,False,False,False,3,1,-0.09825015341531655,-2.2541069990412574,2.572121871008366,-0.00798473333818528,1.0266666666666664
6,199.48999999999998,14.744896174671082,0.0,2,Flow303,1,Flow30,1.6513183054704328,14,1100,724.72,0.6588363636363637,0.7448961746710818,True,False,False,False,False,3,1,-0.2945104331720912,0.5015739419158439,2.690897000850186,0.11877512984181982,0.8597997138769671
7,209.19,14.261310994311359,0.14769964647300848,2,Flow303,1,Flow30,-0.4835851803597233,14,1100,933.9100000000001,0.8490090909090909,0.2613109943113585,True,False,False,False,False,3,1,-1.342044031904978,-0.7265278051284948,2.657550345845327,-0.03334665500485867,0.5131330472103004
8,208.0,13.96683854466884,-0.2196910467045293,2,Flow303,1,Flow30,-0.29447244964251773,14,1100,1141.91,1.0381,0.03316145533115922,True,False,False,False,False,3,1,-3.4063670615249264,-1.222569829867491,2.636685844485132,-0.02086450136019513,0.916666666666667
9,138.44,12.479521985673813,-0.17443279755065483,2,Flow303,1,Flow30,-1.487316558995028,14,1100,1280.3500000000001,1.1639545454545457,1.5204780143261871,True,False,False,False,False,3,1,0.4190247685280706,0.39697352914888884,2.524089059777742,-0.1125967847073901,1.636994949494948
10,46.51,13.378170192478477,0.00554182926154625,2,Flow303,1,Flow30,0.8986482068046637,14,1100,1326.8600000000001,1.2062363636363638,0.6218298075215234,True,False,False,False,False,3,1,-0.47508884503214177,-0.10686363721849547,2.593624288433091,0.069535228655349,1.758241758241759
11,75.02000000000004,14.102184597463905,0.04963333980156739,2,Flow303,1,Flow30,0.7240144049854287,14,1100,1401.88,1.2744363636363638,0.10218459746390529,True,False,False,False,False,3,1,-2.2809743223169114,-0.32294399040563754,2.6463297213731294,0.05270543294003849,1.4076842897108506
12,130.66999999999996,14.585365853658542,0.0,2,Flow303,1,Flow30,0.48318125619463714,14,1100,1532.5500000000002,1.393227272727273,0.5853658536585424,True,False,False,False,False,3,1,-0.5355182363563522,-0.7273634241018415,2.6800186872463243,0.03368896587319492,1.4076842897108506
1,0.0,13.946993621896093,0.0,3,Flow303,1,Flow30,,14,1100,0.0,0.0,0.05300637810390718,True,False,False,False,False,3,1,-2.937343031087328,,2.635263974066357,,10.0
2,92.28,13.946993621896093,-0.06178981552780475,3,Flow303,1,Flow30,0.0,14,1100,92.28,0.08389090909090909,0.05300637810390718,True,False,False,False,False,3,1,-2.937343031087328,-6.907755278982137,2.635263974066357,0.0,0.7714285714285714
3,226.91,13.93551269502773,-0.043670454798327756,3,Flow303,1,Flow30,-0.011480926868362218,14,1100,319.19,0.29017272727272725,0.0644873049722694,True,False,False,False,False,3,1,-2.741286896687787,-4.467068153687612,2.6344404521500184,-0.0008235219163386098,0.7211309523809524
4,254.49000000000004,13.712574850299399,0.0,3,Flow303,1,Flow30,-0.22293784472833167,14,1100,573.6800000000001,0.5215272727272728,0.28742514970060107,True,False,False,False,False,3,1,-1.2467928015088563,-1.500862269563884,2.61831328413153,-0.016127168018488458,0.6640275387263337
5,161.11,12.680180455358236,-0.12881208986790194,3,Flow303,1,Flow30,-1.0323943949411625,14,1100,734.7900000000001,0.6679909090909092,1.3198195446417635,True,False,False,False,False,3,1,0.27749501864808185,0.03188075969334369,2.540040180402942,-0.07827310372858776,0.41903614457831306
6,163.75,12.4375,0.0,3,Flow303,1,Flow30,-0.24268045535823646,14,1100,898.5400000000001,0.8168545454545455,1.5625,True,False,False,False,False,3,1,0.44628710262841953,-1.4160096995366487,2.520716102484711,-0.019324077918231097,0.2999999999999998
7,124.00999999999998,11.777542774496691,-0.20240006361110177,3,Flow303,1,Flow30,-0.6599572255033088,14,1100,1022.5500000000001,0.9295909090909091,2.222457225503309,True,False,False,False,False,3,1,0.7986134421029674,-0.41558025590538594,2.4661945634680102,-0.05452153901670087,5.333333333333333
8,26.89999999999999,11.120689655172416,0.0201858460103371,3,Flow303,1,Flow30,-0.6568531193242748,14,1100,1049.45,0.9540454545454546,2.8793103448275836,True,False,False,False,False,3,1,1.0575508018703348,-0.42029484816372265,2.4088073062493534,-0.057387257218656895,0.4884482758620683
9,148.02000000000004,10.610560217815042,-0.0053809588671800725,3,Flow303,1,Flow30,-0.5101294373573744,14,1100,1197.47,1.0886090909090909,3.389439782184958,True,False,False,False,False,3,1,1.220664651743445,-0.6730907867252677,2.3618497521570467,-0.04695755409230662,0.47368421052631593
10,113.14999999999993,11.260777489250735,0.008145758480271695,3,Flow303,1,Flow30,0.6502172714356931,14,1100,1310.62,1.1914727272727272,2.739222510749265,True,False,False,False,False,3,1,1.0076741249328562,-0.4304487081989143,2.4213256691067158,0.05947591694966903,0.48181818181818237
11,116.83000000000006,11.245358775147505,0.05158530413724472,3,Flow303,1,Flow30,-0.015418714103230258,14,1100,1427.45,1.2976818181818182,2.754641224852495,True,False,False,False,False,3,1,1.013287207210822,-4.172173305813824,2.4199554902066733,-0.0013701789000424291,0.8555555555555552
12,65.99999999999997,11.833333333333332,0.0,3,Flow303,1,Flow30,0.5879745581858273,14,1100,1493.45,1.3576818181818182,2.166666666666668,True,False,False,False,False,3,1,0.7731898882334823,-0.531071600411064,2.4709204078132605,0.05096491760658717,0.6722943722943722
1,0.0,13.88976377952756,0.0,4,Flow303,1,Flow30,,14,1100,0.0,0.0,0.11023622047244075,True,False,False,False,False,3,1,-2.2051297568433346,,2.631152150108145,,3.9333333333333336
2,26.46,13.88976377952756,0.0,4,Flow303,1,Flow30,0.0,14,1100,26.46,0.024054545454545457,0.11023622047244075,True,False,False,False,False,3,1,-2.2051297568433346,-6.907755278982137,2.631152150108145,0.0,0.3143372703412073
3,148.48,13.984136487431305,-0.0027248508938416045,4,Flow303,1,Flow30,0.09437270790374619,14,1100,174.94,0.15903636363636364,0.01586351256869456,True,False,False,False,False,3,1,-4.143733613861081,-2.360503358820508,2.637923579122364,0.006771429014218899,0.3113019314868808
4,186.51,13.901193668749615,-0.02286160217190386,4,Flow303,1,Flow30,-0.08294281868169051,14,1100,361.45,0.3285909090909091,0.09880633125038507,True,False,False,False,False,3,1,-2.314593594799815,-2.4896038401538254,2.6319747118991734,-0.005948867223190657,0.46668806011949204
5,180.25,13.721103653989559,0.0,4,Flow303,1,Flow30,-0.18009001476005615,14,1100,541.7,0.4924545454545455,0.2788963460104412,True,False,False,False,False,3,1,-1.276915085867142,-1.7142984710909468,2.6189350603153985,-0.013039651583774958,0.6791208791208785
6,213.46000000000006,13.555769598566792,-0.023702522373017103,4,Flow303,1,Flow30,-0.16533405542276647,14,1100,755.1600000000001,0.686509090909091,0.4442304014332077,True,False,False,False,False,3,1,-0.811411928996585,-1.7997872734584466,2.6068122573305814,-0.01212280298481705,0.4500000000000002
7,197.78,13.626001190962512,0.023051767530238777,4,Flow303,1,Flow30,0.07023159239571974,14,1100,952.94,0.8663090909090909,0.37399880903748794,True,False,False,False,False,3,1,-0.9835026659644188,-2.6559570350582957,2.6119798197551503,0.005167562424568839,0.4500000000000002
8,168.94,13.577891055542603,-0.06061568810095984,4,Flow303,1,Flow30,-0.04811013541990938,14,1100,1121.88,1.0198909090909092,0.42210894445739733,True,False,False,False,False,3,1,-0.8624918360429367,-3.034262408477202,2.608442812246044,-0.003537007509106349,0.35555555555555607
9,129.86,13.218733004256084,0.012672001177714054,4,Flow303,1,Flow30,-0.3591580512865189,14,1100,1251.7400000000002,1.1379454545454548,0.7812669957439162,True,False,False,False,False,3,1,-0.24683832361593988,-1.0239927330973422,2.581634990515689,-0.02680782173035512,3.2124999999999995
10,62.5,14.065,-0.22578785549577246,4,Flow303,1,Flow30,0.8462669957439157,14,1100,1314.2400000000002,1.1947636363636365,0.0649999999999995,True,False,False,False,False,3,1,-2.7333680090865076,-0.16692037136037882,2.64368944194182,0.06205445142613142,0.9142857142857146
11,131.27999999999997,12.836983458585738,0.03355519677539185,4,Flow303,1,Flow30,-1.2280165414142612,14,1100,1445.5200000000002,1.3141090909090911,1.1630165414142617,True,False,False,False,False,3,1,0.15101709649149564,0.2054002998412814,2.552330337528752,-0.09135910441306816,2.3923076923076936
12,180.73000000000002,13.597729176109638,0.007908632956406337,4,Flow303,1,Flow30,0.7607457175238999,14,1100,1626.2500000000002,1.478409090909091,0.40227082389036184,True,False,False,False,False,3,1,-0.9106297259216535,-0.2734561195026627,2.609902806455693,0.05757246892694079,2.785887796414113
1,0.0,13.41961852861035,0.0,5,Flow303,2,Flow30,,6,1200,0.0,0.0,7.41961852861035,False,True,False,False,False,3,1,2.0041276446191887,,2.596717705551619,,10.0
2,34.760000000000005,13.41961852861035,0.0,5,Flow303,2,Flow30,0.0,6,1200,34.760000000000005,0.028966666666666672,7.41961852861035,False,True,False,False,False,3,1,2.0041276446191887,-6.907755278982137,2.596717705551619,0.0,0.5752351097178687
3,173.7,11.227608564455446,-0.036590447148541067,5,Flow303,2,Flow30,-2.192009964154904,6,1200,208.45999999999998,0.17371666666666666,5.227608564455446,False,True,False,False,False,3,1,1.6539539200543927,0.7848189147665433,2.41837579544585,-0.17834191010576905,4.347389558232932
4,204.88,11.341463414634148,0.0,5,Flow303,2,Flow30,0.11385485017870245,6,1200,413.34,0.34445,5.341463414634148,False,True,False,False,False,3,1,1.6754996631121934,-2.17283088589801,2.428465338883049,0.010089543437199033,4.347389558232932
5,229.05999999999997,11.103780618859433,-0.051965072899193145,5,Flow303,2,Flow30,-0.23768279577471496,6,1200,642.4,0.5353333333333333,5.1037806188594335,False,True,False,False,False,3,1,1.6299815629203407,-1.4368182851288953,2.4072856466221806,-0.021179692260868244,0.3643963609540197
6,252.81,10.970143109879226,-0.019041052950622587,5,Flow303,2,Flow30,-0.13363750898020754,6,1200,895.21,0.7460083333333334,4.970143109879226,False,True,False,False,False,3,1,1.6034486344382877,-2.0126243014442604,2.3951773197698882,-0.01210832685229235,0.3643963609540197
7,170.71,10.884210623809048,-0.04715988784214013,5,Flow303,2,Flow30,-0.08593248607017756,6,1200,1065.92,0.8882666666666668,4.884210623809048,False,True,False,False,False,3,1,1.5860076805866186,-2.45419333673398,2.3873131724251446,-0.00786414734474361,0.4836734693877549
8,242.29999999999995,11.477111630468062,0.20730629044770402,5,Flow303,2,Flow30,0.5929010066590141,6,1200,1308.22,1.0901833333333333,5.4771116304680625,False,True,False,False,False,3,1,1.7005778872751043,-0.522727830413933,2.4403547591013526,0.05304158667620795,0.39641370477105387
9,136.79000000000002,10.20355411954766,0.0,5,Flow303,2,Flow30,-1.2735575109204031,6,1200,1445.01,1.204175,4.203554119547659,False,True,False,False,False,3,1,1.435930386387855,0.2418141741510404,2.322736102690937,-0.11761865641041558,0.4730769230769232
10,102.75999999999998,10.409685493444751,0.06303920604224299,5,Flow303,2,Flow30,0.20613137389709202,6,1200,1547.77,1.2898083333333332,4.409685493444751,False,True,False,False,False,3,1,1.4838033702364046,-1.579241576096088,2.3427366702055257,0.020000567514588674,0.70170803735334
11,95.27000000000005,10.34995422599217,-0.055799680672269696,5,Flow303,2,Flow30,-0.05973126745258206,6,1200,1643.04,1.3692,4.349954225992169,False,True,False,False,False,3,1,1.4701653222848072,-2.8178996527647135,2.336982097092146,-0.0057545731133794575,1.1297213622291018
12,117.50999999999998,10.236598735190384,-0.006913395699314754,5,Flow303,2,Flow30,-0.11335549080178531,6,1200,1760.55,1.467125,4.236598735190384,False,True,False,False,False,3,1,1.4437607622246218,-2.177226462074481,2.325969409669185,-0.011012687422961243,0.6333333333333337
1,0.0,13.04418625993429,0.0,6,Flow303,2,Flow30,,6,1200,0.0,0.0,7.044186259934291,False,True,False,False,False,3,1,1.9522026326373325,,2.568342537182245,,2.8636363636363633
2,86.58,13.04418625993429,-0.0690398018133927,6,Flow303,2,Flow30,0.0,6,1200,86.58,0.07214999999999999,7.044186259934291,False,True,False,False,False,3,1,1.9522026326373325,-6.907755278982137,2.568342537182245,0.0,0.5958944281524934
3,212.60999999999999,12.349404251571388,-0.06928189282465229,6,Flow303,2,Flow30,-0.6947820083629033,6,1200,299.19,0.249325,6.3494042515713875,False,True,False,False,False,3,1,1.8483609898531803,-0.3641571396497939,2.5136078231713017,-0.0547347140109431,0.3015873015873023
4,150.57,11.904157207598606,-0.05416389137106492,6,Flow303,2,Flow30,-0.44524704397278114,6,1200,449.76,0.37479999999999997,5.904157207598606,False,True,False,False,False,3,1,1.775656714246958,-0.8091259958624086,2.476887684287019,-0.036720138884282605,0.6799086757990871
5,211.68,12.007814430161138,-0.09631259780740344,6,Flow303,2,Flow30,0.10365722256253207,6,1200,661.44,0.5512,6.0078144301611385,False,True,False,False,False,3,1,1.7930610268611713,-2.266665760303902,2.4855576403610775,0.008669956074058405,0.2744951383694838
6,240.59,11.700078450304748,0.0,6,Flow303,2,Flow30,-0.3077359798563908,6,1200,902.0300000000001,0.7516916666666668,5.700078450304748,False,True,False,False,False,3,1,1.7404799379571516,-1.1785130718801289,2.459595546935483,-0.025962093425594635,0.6268760907504358
7,148.78,10.979278438876168,-0.1306813395749302,6,Flow303,2,Flow30,-0.7208000114285795,6,1200,1050.8100000000002,0.8756750000000001,4.979278438876168,False,True,False,False,False,3,1,1.6052849887467977,-0.327393556832599,2.3960097179726496,-0.06358582896283327,0.46001016260162597
8,130.82000000000002,10.152223109835278,0.0028881034076627503,6,Flow303,2,Flow30,-0.8270553290408902,6,1200,1181.63,0.9846916666666667,4.152223109835278,False,True,False,False,False,3,1,1.4236438799293467,-0.18988368288211607,2.3176927071047264,-0.0783170108679232,0.5669211195928758
9,117.66000000000003,10.432006468013254,0.03426839841154524,6,Flow303,2,Flow30,0.2797833581779763,6,1200,1299.2900000000002,1.082741666666667,4.432006468013254,False,True,False,False,False,3,1,1.48885240883319,-1.273739696082246,2.344878625200713,0.027185918095986583,4.296321321321322
10,127.13999999999993,10.23113254956027,-0.03352276026004774,6,Flow303,2,Flow30,-0.2008739184529844,6,1200,1426.43,1.1886916666666667,4.23113254956027,False,True,False,False,False,3,1,1.4424696994344666,-1.6050778391182488,2.325435282492702,-0.01944334270801118,0.812643678160919
11,127.68000000000006,10.500087169349037,0.0756172115642371,6,Flow303,2,Flow30,0.2689546197887669,6,1200,1554.1100000000001,1.2950916666666668,4.500087169349037,False,True,False,False,False,3,1,1.504096767555112,-1.3132126132816995,2.351383558971783,0.025948276479081045,0.45846774193548434
12,183.35000000000002,10.992845919067646,-0.09311886029719864,6,Flow303,2,Flow30,0.4927587497186092,6,1200,1737.46,1.4478833333333334,4.992845919067646,False,True,False,False,False,3,1,1.6080060716526952,-0.7077355761945107,2.3972446902215623,0.04586113124977942,0.7408293460925028
1,13.96,14.482972136222909,0.0,7,Flow303,2,Flow30,,6,1200,13.96,0.011633333333333334,8.482972136222909,False,True,False,False,False,3,1,2.138060876159459,,2.6729736239214676,,1.0031055900621118
2,190.41,13.373834985056687,-1.1127945559622296,7,Flow303,2,Flow30,-1.1091371511662214,6,1200,204.37,0.17030833333333334,7.373834985056687,False,True,False,False,False,3,1,1.997937921619698,0.10358237174614512,2.593300185067308,-0.07967343885415978,2.63939393939394
3,16.09999999999999,12.981595092024541,0.06832697106299904,7,Flow303,2,Flow30,-0.392239893032146,6,1200,220.47,0.183725,6.981595092024541,False,True,False,False,False,3,1,1.9432774138795141,-0.9358816543494095,2.563532592171428,-0.029767592895880046,1.1607142857142856
4,198.85000000000002,12.272881228104067,-0.15412146114846587,7,Flow303,2,Flow30,-0.7087138639204742,6,1200,419.32000000000005,0.3494333333333334,6.272881228104067,False,True,False,False,False,3,1,1.8362357751084926,-0.34430341089011224,2.5073920500735603,-0.05614054209786756,1.1955061983471085
5,208.90000000000003,12.072041123761604,-0.09529427127487454,7,Flow303,2,Flow30,-0.20084010434246302,6,1200,628.22,0.5235166666666667,6.072041123761604,False,True,False,False,False,3,1,1.8036948127584054,-1.6052461882854794,2.4908921280006338,-0.0164999220729265,1.1189884523944302
6,148.15000000000003,12.878410480472148,0.48139597060973516,7,Flow303,2,Flow30,0.8063693567105439,6,1200,776.3700000000001,0.6469750000000001,6.878410480472148,False,True,False,False,False,3,1,1.9283875904375032,-0.21521338249798808,2.5555523031593483,0.06466017515871458,2.9375
7,22.539999999999978,12.03149955634428,-0.04504684552169599,7,Flow303,2,Flow30,-0.8469109241278687,6,1200,798.9100000000001,0.6657583333333335,6.031499556344279,False,True,False,False,False,3,1,1.79699566246685,-0.16615975617937484,2.4875281736184367,-0.06802412954091164,3.7333333333333334
8,0.0,12.03149955634428,0.0,7,Flow303,2,Flow30,0.0,6,1200,798.9100000000001,0.6657583333333335,6.031499556344279,False,True,False,False,False,3,1,1.79699566246685,-6.907755278982137,2.4875281736184367,0.0,2.033333333333333
9,0.0,12.03149955634428,0.0,7,Flow303,2,Flow30,0.0,6,1200,798.9100000000001,0.6657583333333335,6.031499556344279,False,True,False,False,False,3,1,1.79699566246685,-6.907755278982137,2.4875281736184367,0.0,1.6583333333333332
10,0.0,12.03149955634428,0.0,7,Flow303,2,Flow30,0.0,6,1200,798.9100000000001,0.6657583333333335,6.031499556344279,False,True,False,False,False,3,1,1.79699566246685,-6.907755278982137,2.4875281736184367,0.0,1.3666666666666663
11,0.0,12.03149955634428,-0.0,7,Flow303,2,Flow30,0.0,6,1200,798.9100000000001,0.6657583333333335,6.031499556344279,False,True,False,False,False,3,1,1.79699566246685,-6.907755278982137,2.4875281736184367,0.0,0.6166666666666663
12,139.27999999999997,9.95490384165,-0.10950618021934189,7,Flow303,2,Flow30,-2.07659571469428,6,1200,938.19,0.781825,3.9549038416499993,False,True,False,False,False,3,1,1.3749562878140613,0.7307298772687336,2.2980652781676496,-0.1894628954507871,0.7025641025641036
1,0.0,12.050004256618148,0.0,8,Flow303,2,Flow30,,6,1200,0.0,0.0,6.0500042566181484,False,True,False,False,False,3,1,1.8000589756157503,,2.489065013182921,,5.2
2,84.09,12.050004256618148,0.2634699374040474,8,Flow303,2,Flow30,0.0,6,1200,84.09,0.070075,6.0500042566181484,False,True,False,False,False,3,1,1.8000589756157503,-6.907755278982137,2.489065013182921,0.0,0.9192546583850936
3,186.57999999999998,11.864049411446757,-0.028388654070644836,8,Flow303,2,Flow30,-0.18595484517139127,6,1200,270.66999999999996,0.2255583333333333,5.864049411446757,False,True,False,False,False,3,1,1.7688403907846544,-1.6822514026375774,2.4735127696488357,-0.015552243534085353,0.8462700090607074
4,198.85999999999999,11.754597807913804,0.0,8,Flow303,2,Flow30,-0.10945160353295336,6,1200,469.53,0.391275,5.754597807913804,False,True,False,False,False,3,1,1.749999154052111,-2.212272804294152,2.4642444668523678,-0.009268302796467953,0.8462700090607074
5,133.35999999999996,11.472027742649335,-0.11816993021893409,8,Flow303,2,Flow30,-0.28257006526446915,6,1200,602.8899999999999,0.5024083333333332,5.472027742649335,False,True,False,False,False,3,1,1.6996492502360039,-1.2638287405118895,2.4399117021466465,-0.02433276470572121,0.7354114539894354
6,67.84,10.643316654753399,0.0,8,Flow303,2,Flow30,-0.8287110878959361,6,1200,670.7299999999999,0.5589416666666666,4.643316654753399,False,True,False,False,False,3,1,1.5354289071760334,-0.18788369134946506,2.3649321510125736,-0.07497955113407295,0.738983050847458
7,85.56000000000004,10.755534859718416,0.024807630537476904,8,Flow303,2,Flow30,0.11221820496501778,6,1200,756.29,0.6302416666666666,4.755534859718416,False,True,False,False,False,3,1,1.5593091733136917,-2.1873100444652174,2.3754204927447264,0.01048834173215285,0.7300084530853761
8,116.50999999999996,11.033108172950602,0.0125219324346237,8,Flow303,2,Flow30,0.27757331323218537,6,1200,872.8,0.7273333333333333,5.033108172950602,False,True,False,False,False,3,1,1.6160377203013065,-1.2816701888604682,2.400900586221232,0.025480093476505594,0.7963032581453637
9,102.46000000000004,11.196150690129715,-0.00444800743875428,8,Flow303,2,Flow30,0.16304251717911278,6,1200,975.26,0.8127166666666666,5.1961506901297145,False,True,False,False,False,3,1,1.6479180995675258,-1.8137442705989786,2.415570030845386,0.014669444624153982,2.7879713114754106
10,97.19999999999997,11.242946767419664,-0.03296997376564164,8,Flow303,2,Flow30,0.04679607728994917,6,1200,1072.46,0.8937166666666667,5.242946767419664,False,True,False,False,False,3,1,1.6568837004623058,-3.0619558981623403,2.41974097802544,0.004170947180054174,1.1957759332148301
11,104.78999999999998,10.742650833879667,-0.03887440587861732,8,Flow303,2,Flow30,-0.5002959335399968,6,1200,1177.25,0.9810416666666667,4.742650833879667,False,True,False,False,False,3,1,1.5565962270402327,-0.6925554885641909,2.37422187742296,-0.04551910060248021,0.8413589015151519
12,76.88,10.462674961119749,0.0,8,Flow303,2,Flow30,-0.279975872759918,6,1200,1254.13,1.0451083333333335,4.462674961119749,False,True,False,False,False,3,1,1.4957483533107974,-1.2730518482402031,2.347814158363441,-0.026407719059518886,0.8413589015151519
1,0.0,13.203714054396468,0.0,9,Flow303,3,Flow30,,9,1500,0.0,0.0,3.2037140543964675,False,False,True,False,False,3,1,1.164310778780362,,2.5804981577731496,,3.033333333333333
2,207.16,13.203714054396468,-0.06824980807251635,9,Flow303,3,Flow30,0.0,9,1500,207.16,0.13810666666666666,3.2037140543964675,False,False,True,False,False,3,1,1.164310778780362,-6.907755278982137,2.5804981577731496,0.0,3.73859649122807
3,173.15,12.099538080940304,0.04088183040810733,9,Flow303,3,Flow30,-1.1041759734561634,9,1500,380.31,0.25354,2.099538080940304,False,False,True,False,False,3,1,0.74171735907731,0.09909933139919642,2.493167276745106,-0.08733088102804354,0.40278977413750194
4,302.77,12.179243933741347,-0.13028786477375398,9,Flow303,3,Flow30,0.07970585280104281,9,1500,683.0799999999999,0.4553866666666666,2.179243933741347,False,False,True,False,False,3,1,0.7789779972605424,-2.529412260486445,2.499733185949583,0.00656590920447675,0.2102941176470594
5,246.97000000000006,12.59718264912474,0.19927785230038697,9,Flow303,3,Flow30,0.4179387153833929,9,1500,930.05,0.6200333333333333,2.59718264912474,False,False,True,False,False,3,1,0.9544272610218166,-0.8724204711215795,2.533473189679573,0.033740003729989976,0.39999999999999947
6,191.30999999999995,12.475381847288794,-0.20285809824093132,9,Flow303,3,Flow30,-0.12180080183594555,9,1500,1121.36,0.7475733333333333,2.4753818472887943,False,False,True,False,False,3,1,0.9063946658532972,-2.105368340510066,2.523757250170242,-0.009715939509330696,0.9438596491228077
7,233.15999999999994,11.770050872102805,0.011683552999251844,9,Flow303,3,Flow30,-0.7053309751859889,9,1500,1354.5199999999998,0.9030133333333332,1.7700508721028054,False,False,True,False,False,3,1,0.5710082874737346,-0.3490881179867351,2.4655582434466004,-0.058199006723641755,0.5616161616161621
8,146.83000000000007,10.995316907993963,-0.11073683768392992,9,Flow303,3,Flow30,-0.774733964108842,9,1500,1501.35,1.0009,0.9953169079939634,False,False,True,False,False,3,1,-0.0046940920376144675,-0.25523558067777335,2.397469446510312,-0.06808879693628844,0.7274220032840724
9,126.21999999999998,9.966670857344253,-0.048643125076981625,9,Flow303,3,Flow30,-1.0286460506497104,9,1500,1627.57,1.0850466666666667,0.0,False,False,True,False,False,3,1,-6.907755278982137,0.02824342357790126,2.2992466121977655,-0.09822283431254641,0.3742779476724438
10,132.12,9.565414935345386,-0.01800317440168672,9,Flow303,3,Flow30,-0.4012559219988674,9,1500,1759.69,1.1731266666666667,0.0,False,False,True,False,False,3,1,-6.907755278982137,-0.9131558457711406,2.2581539825415184,-0.04109262965624705,0.29782534828406426
11,112.41999999999999,9.57733006836758,0.0121295469917951,9,Flow303,3,Flow30,0.011915133022194269,9,1500,1872.1100000000001,1.2480733333333334,0.0,False,False,True,False,False,3,1,-6.907755278982137,-4.4299460042306995,2.259398854638872,0.0012448720973536886,0.3360516479782536
12,82.21000000000004,9.839183025744642,0.0059527246339137994,9,Flow303,3,Flow30,0.26185295737706227,9,1500,1954.3200000000002,1.30288,0.0,False,False,True,False,False,3,1,-6.907755278982137,-1.339972164155583,2.286372681778367,0.026973827139495032,0.2883597883597879
1,0.0,11.002882701516945,0.0,10,Flow303,3,Flow30,,9,1500,0.0,0.0,1.0028827015169455,False,False,True,False,False,3,1,0.0028785545007558875,,2.3981573022399254,,3.9166666666666665
2,202.60000000000002,11.002882701516945,-0.037367982189228745,10,Flow303,3,Flow30,0.0,9,1500,202.60000000000002,0.13506666666666667,1.0028827015169455,False,False,True,False,False,3,1,0.0028785545007558875,-6.907755278982137,2.3981573022399254,0.0,0.29393939393939394
3,166.88,10.855783823624405,0.1441214214296425,10,Flow303,3,Flow30,-0.1470988778925406,9,1500,369.48,0.24632,0.8557838236244049,False,False,True,False,False,3,1,-0.1557374772294748,-1.9166502795986693,2.384698009256224,-0.01345929298370141,0.5666666666666664
4,175.93,11.275754848399918,-0.03410136648147166,10,Flow303,3,Flow30,0.4199710247755135,9,1500,545.4100000000001,0.36360666666666674,1.2757548483999184,False,False,True,False,False,3,1,0.24353804138577712,-0.8675695587142778,2.42265483200807,0.03795682275184609,0.5958333333333323
5,181.5,11.13820018365473,0.09686509334272643,10,Flow303,3,Flow30,-0.1375546647451884,9,1500,726.9100000000001,0.48460666666666674,1.13820018365473,False,False,True,False,False,3,1,0.1294482285422855,-1.983733879099069,2.410380658040147,-0.012274173967923296,2.700000000000001
6,163.09,11.535477676807517,-0.12766135867536185,10,Flow303,3,Flow30,0.39727749315278693,9,1500,890.0000000000001,0.5933333333333334,1.535477676807517,False,False,True,False,False,3,1,0.4288415227321802,-0.9231202672683998,2.4454273018482775,0.03504664380813072,0.39934281404869587
7,226.66,11.301857362904592,0.0978944913928876,10,Flow303,3,Flow30,-0.23362031390292515,9,1500,1116.66,0.7444400000000001,1.3018573629045918,False,False,True,False,False,3,1,0.26379198548446514,-1.454058071608006,2.424967080609926,-0.02046022123835156,0.2484848484848481
8,283.01000000000005,11.32977754928018,-0.001514368360572075,10,Flow303,3,Flow30,0.027920186375588685,9,1500,1399.67,0.9331133333333334,1.3297775492801804,False,False,True,False,False,3,1,0.28501167206447214,-3.578405325766811,2.427434441067839,0.0024673604579130703,1.0666666666666664
9,143.26999999999998,10.737965468665408,-0.07646672828229563,10,Flow303,3,Flow30,-0.5918120806147726,9,1500,1542.94,1.0286266666666668,0.7379654686654078,False,False,True,False,False,3,1,-0.3038582459026474,-0.5245661258841058,2.373785636188298,-0.053648804879541157,0.470936794319492
10,231.22000000000003,10.292664456811817,0.06958940067099342,10,Flow303,3,Flow30,-0.4453010118535907,9,1500,1774.16,1.1827733333333335,0.2926644568118171,False,False,True,False,False,3,1,-1.2287285248005264,-0.8090047943606535,2.3314314528497255,-0.04235418333857233,0.6666666666666661
11,275.22999999999996,10.728137414077592,-0.08283492235393787,10,Flow303,3,Flow30,0.43547295726577495,9,1500,2049.39,1.3662599999999998,0.728137414077592,False,False,True,False,False,3,1,-0.31726549299646023,-0.8313225804482026,2.3728699548158367,0.04143850196611121,0.470936794319492
12,136.64000000000004,10.149959711760324,-0.024099911593770337,10,Flow303,3,Flow30,-0.5781777023172676,9,1500,2186.0299999999997,1.457353333333333,0.1499597117603244,False,False,True,False,False,3,1,-1.897388609226673,-0.547874014105334,2.3174697361952217,-0.05540021862061506,1.0628731733382892
1,0.0,9.897266817333739,0.0,11,Flow303,3,Flow30,,9,1500,0.0,0.0,0.0,False,False,True,False,False,3,1,-6.907755278982137,,2.2922586399665077,,5.2
2,59.58,9.897266817333739,-0.001216932486466493,11,Flow303,3,Flow30,0.0,9,1500,59.58,0.03972,0.0,False,False,True,False,False,3,1,-6.907755278982137,-6.907755278982137,2.2922586399665077,0.0,0.5166666666666666
3,226.54999999999998,10.758794553586808,0.07203586576379602,11,Flow303,3,Flow30,0.8615277362530698,9,1500,286.13,0.19075333333333333,0.7587945535868084,False,False,True,False,False,3,1,-0.2760242186133417,-0.1490480282299498,2.375723518121973,0.08346487815546544,0.34685457516339824
4,304.15999999999997,10.607999999999999,0.0,11,Flow303,3,Flow30,-0.1507945535868096,9,1500,590.29,0.39352666666666664,0.6079999999999988,False,False,True,False,False,3,1,-0.49758039701597206,-1.8918369408588536,2.361608433443507,-0.014115084678466339,0.3546568627450979
5,251.72,10.423360516209565,-0.07499248856127978,11,Flow303,3,Flow30,-0.18463948379043416,9,1500,842.01,0.56134,0.4233605162095646,False,False,True,False,False,3,1,-0.8595311787404245,-1.6893500914286905,2.34404949068531,-0.017558942758196583,0.15122549019607856
6,303.02000000000004,10.67114741359471,0.12829785967915353,11,Flow303,3,Flow30,0.24778689738514537,9,1500,1145.03,0.7633533333333333,0.67114741359471,False,False,True,False,False,3,1,-0.39876647374777474,-1.3951861869512283,2.3675435959514086,0.02349410526609841,3.0088219448684574
7,236.09,10.728508491662248,-0.09995987621824086,11,Flow303,3,Flow30,0.05736107806753843,9,1500,1381.12,0.9207466666666666,0.7285084916622484,False,False,True,False,False,3,1,-0.3167559970493376,-2.8583892881055637,2.372904543407765,0.005360947456356513,0.5510683760683763
8,205.19000000000003,10.08911749864593,0.05728196640521509,11,Flow303,3,Flow30,-0.6393909930163186,9,1500,1586.31,1.05754,0.08911749864592977,False,False,True,False,False,3,1,-2.417799570455474,-0.44723912907382,2.3114573675717205,-0.06144717583604464,0.31047979797979774
9,215.62999999999994,10.623304209116192,-0.07325083552754498,11,Flow303,3,Flow30,0.5341867104702622,9,1500,1801.9399999999998,1.2012933333333333,0.623304209116192,False,False,True,False,False,3,1,-0.4727205822361913,-0.6270098560581396,2.363050098224543,0.05159273065282255,0.4243055555555557
10,117.07999999999998,9.963302752293577,0.0,11,Flow303,3,Flow30,-0.6600014568226147,9,1500,1919.0199999999998,1.2793466666666664,0.0,False,False,True,False,False,3,1,-6.907755278982137,-0.41551323665711,2.298908618264737,-0.0641414799598059,0.2833333333333332
11,162.03000000000006,10.538344071519205,0.053432565479109476,11,Flow303,3,Flow30,0.5750413192256278,9,1500,2081.0499999999997,1.3873666666666664,0.5383440715192052,False,False,True,False,False,3,1,-0.6192573850979317,-0.5533133812437274,2.355020421806288,0.05611180354155065,0.2833333333333341
12,172.39999999999992,10.37064129706259,-0.0547278358417486,11,Flow303,3,Flow30,-0.16770277445661463,9,1500,2253.45,1.5023,0.3706412970625905,False,False,True,False,False,3,1,-0.9925205383585245,-1.7855620661239675,2.3389788618975595,-0.016041559908728242,0.5261904761904752
1,0.0,10.271091272492816,0.0,12,Flow303,3,Flow30,,9,1500,0.0,0.0,0.27109127249281606,False,False,True,False,False,3,1,-1.3052997159399629,,2.3293332765712904,,4.333333333333333
2,211.82999999999998,10.271091272492816,0.02670903639338112,12,Flow303,3,Flow30,0.0,9,1500,211.82999999999998,0.14121999999999998,0.27109127249281606,False,False,True,False,False,3,1,-1.3052997159399629,-6.907755278982137,2.3293332765712904,0.0,0.39480519480519494
3,305.53999999999996,10.600803994463933,0.09069040420205923,12,Flow303,3,Flow30,0.32971272197111645,9,1500,517.3699999999999,0.34491333333333324,0.6008039944639325,False,False,True,False,False,3,1,-0.5094865299791931,-1.109533543142624,2.360929846776,0.03159657020470963,0.5316115702479349
4,296.52,10.83920159732795,-0.007209718801809455,12,Flow303,3,Flow30,0.23839760286401734,9,1500,813.8899999999999,0.5425933333333333,0.8392015973279499,False,False,True,False,False,3,1,-0.17530431850821254,-1.4338153989420936,2.383169339915926,0.022239493139926125,0.11090934259538976
5,180.73,10.12652213257969,0.005184764116077947,12,Flow303,3,Flow30,-0.712679464748259,9,1500,994.6199999999999,0.6630799999999999,0.1265221325796908,False,False,True,False,False,3,1,-2.067338025014196,-0.3387235182074269,2.315157935775512,-0.06801140414041429,0.6152406417112308
6,361.91999999999996,10.604271018795451,0.09932608232388881,12,Flow303,3,Flow30,0.4777488862157604,9,1500,1356.54,0.9043599999999999,0.6042710187954512,False,False,True,False,False,3,1,-0.5037324750710461,-0.738670027176329,2.361256846266475,0.04609891049096326,0.1396178092986604
7,348.37,10.442703603198343,-0.16168383263504302,12,Flow303,3,Flow30,-0.16156741559710852,9,1500,1704.9099999999999,1.1366066666666665,0.4427036031983427,False,False,True,False,False,3,1,-0.8148548001347594,-1.8228327893829517,2.345903514752228,-0.015353331514247337,0.34679069172740107
8,164.43,9.867593947796502,0.00770080401655013,12,Flow303,3,Flow30,-0.5751096554018407,9,1500,1869.34,1.2462266666666666,0.0,False,False,True,False,False,3,1,-6.907755278982137,-0.5531945513200031,2.2892560494415406,-0.056647465310687206,0.2448717948717949
9,215.69,10.903175989362772,0.0,12,Flow303,3,Flow30,1.0355820415662702,9,1500,2085.0299999999997,1.3900199999999998,0.9031759893627722,False,False,True,False,False,3,1,-0.1018378504650887,0.03496362765399309,2.3890541219644934,0.09979807252295281,0.2448717948717949
10,164.70999999999998,9.746671701095329,-0.0019096588828270795,12,Flow303,3,Flow30,-1.1565042882674437,9,1500,2249.74,1.4998266666666664,0.0,False,False,True,False,False,3,1,-6.907755278982137,0.14540191065260222,2.276925862741583,-0.11212825922291048,0.33337574215436927
11,80.20000000000006,9.521325657718062,0.02943969459706929,12,Flow303,3,Flow30,-0.22534604337726627,9,1500,2329.94,1.5532933333333334,0.0,False,False,True,False,False,3,1,-6.907755278982137,-1.4901180876776017,2.253534088869227,-0.023391773872356136,3.1226190476190485
12,100.97000000000003,9.911355834179878,0.0010857830131621967,12,Flow303,3,Flow30,0.39003017646181526,9,1500,2430.91,1.6206066666666665,0.0,False,False,True,False,False,3,1,-6.907755278982137,-0.9415311673086618,2.2936811537343567,0.04014706486512987,2.785313360881543
1,0.0,10.804286984096477,0.0,13,Flow303,4,Flow30,,6,1200,0.0,0.0,4.804286984096477,False,False,False,True,False,3,1,1.5695086410047496,,2.37994299834105,,5.111111111111111
2,160.10000000000002,10.804286984096477,0.02410978741002243,13,Flow303,4,Flow30,0.0,6,1200,160.10000000000002,0.13341666666666668,4.804286984096477,False,False,False,True,False,3,1,1.5695086410047496,-6.907755278982137,2.37994299834105,0.0,0.13712121212121176
3,359.51,10.930829891384066,-0.015595175287526635,13,Flow303,4,Flow30,0.12654290728758966,6,1200,519.61,0.43300833333333333,4.930829891384066,False,False,False,True,False,3,1,1.5955073088542002,-2.0671738402816353,2.3915872271545706,0.011644228813520563,0.11746031746031793
4,388.96000000000004,10.917120944055226,0.05002323847194794,13,Flow303,4,Flow30,-0.013708947328840537,6,1200,908.57,0.7571416666666667,4.917120944055226,False,False,False,True,False,3,1,1.5927231852505899,-4.289706569621936,2.390332285743245,-0.0012549414113256496,0.5727961432506881
5,95.53,10.659159463478481,-0.16900418930425415,13,Flow303,4,Flow30,-0.2579614805767445,6,1200,1004.1,0.83675,4.659159463478481,False,False,False,True,False,3,1,1.53883505922435,-1.354945005297025,2.3664195660490273,-0.02391271969421771,0.7000000000000002
6,75.33999999999999,11.157635772096729,0.0,13,Flow303,4,Flow30,0.49847630861824754,6,1200,1079.44,0.8995333333333334,5.157635772096729,False,False,False,True,False,3,1,1.640478290793061,-0.6961992160491323,2.412124086131698,0.045704520082670896,0.7000000000000002
7,0.0,11.157635772096729,0.0,13,Flow303,4,Flow30,0.0,6,1200,1079.44,0.8995333333333334,5.157635772096729,False,False,False,True,False,3,1,1.640478290793061,-6.907755278982137,2.412124086131698,0.0,0.6933333333333338
8,0.0,11.157635772096729,-0.0,13,Flow303,4,Flow30,0.0,6,1200,1079.44,0.8995333333333334,5.157635772096729,False,False,False,True,False,3,1,1.640478290793061,-6.907755278982137,2.412124086131698,0.0,0.8666666666666663
9,125.67000000000002,9.206593562889687,0.01667105007744326,13,Flow303,4,Flow30,-1.951042209207042,6,1200,1205.1100000000001,1.0042583333333335,3.2065935628896867,False,False,False,True,False,3,1,1.1652091783139913,0.6683636960594559,2.2199199189726437,-0.19220416715905442,0.40000000000000036
10,117.52999999999996,8.68183640720026,-0.09022472618695601,13,Flow303,4,Flow30,-0.5247571556894268,6,1200,1322.64,1.1022,2.68183640720026,False,False,False,True,False,3,1,0.9865017864294932,-0.6448196839962334,2.1612330739447794,-0.058686845027864365,0.8666666666666667
11,142.64,7.7411225104978305,-0.014104257986911067,13,Flow303,4,Flow30,-0.9407138967024293,6,1200,1465.2800000000002,1.2210666666666667,1.7411225104978305,False,False,False,True,False,3,1,0.554530026201118,-0.06111622738832372,2.046546704282311,-0.11468636966246848,0.13034825870646793
12,290.6100000000001,8.4455084076568,0.1822865786939531,13,Flow303,4,Flow30,0.7043858971589687,6,1200,1755.8900000000003,1.463241666666667,2.445508407656799,False,False,False,True,False,3,1,0.8942530390027323,-0.3504289236295496,2.1336347506568956,0.08708804637458467,4.638461538461538
1,0.0,10.139772567018372,0.0,14,Flow303,4,Flow30,,6,1200,0.0,0.0,4.1397725670183725,False,False,False,True,False,3,1,1.4206408508254045,,2.316465568623368,,1.4666666666666668
2,0.0,10.139772567018372,0.0,14,Flow303,4,Flow30,0.0,6,1200,0.0,0.0,4.1397725670183725,False,False,False,True,False,3,1,1.4206408508254045,-6.907755278982137,2.316465568623368,0.0,0.8999999999999995
3,222.86,10.139772567018372,-0.200646513059683,14,Flow303,4,Flow30,0.0,6,1200,222.86,0.18571666666666667,4.1397725670183725,False,False,False,True,False,3,1,1.4206408508254045,-6.907755278982137,2.316465568623368,0.0,0.4666666666666668
4,339.29999999999995,10.288532317116324,0.06238325225780334,14,Flow303,4,Flow30,0.14875975009795184,6,1200,562.16,0.46846666666666664,4.288532317116324,False,False,False,True,False,3,1,1.4559445571821756,-1.9054226898275135,2.331029907711568,0.014564339088200207,0.3791666666666673
5,396.28,10.458776188644581,0.008843401328509057,14,Flow303,4,Flow30,0.17024387152825682,6,1200,958.4399999999999,0.7987,4.458776188644581,False,False,False,True,False,3,1,1.4948743312132904,-1.770523331497589,2.3474414526182814,0.01641154490671326,0.3689102564102562
6,280.82,10.010205727131487,-0.34186627073381726,14,Flow303,4,Flow30,-0.44857046151309454,6,1200,1239.26,1.0327166666666667,4.010205727131487,False,False,False,True,False,3,1,1.3888425435265586,-0.8016895050000032,2.303605145276924,-0.04383630734135746,0.29027777777777786
7,124.5,9.335240963855423,0.0,14,Flow303,4,Flow30,-0.6749647632760638,6,1200,1363.76,1.1364666666666667,3.335240963855423,False,False,False,True,False,3,1,1.2045449297875743,-0.3930947920261875,2.233796589607021,-0.06980855566990307,0.5333333333333332
8,123.71,7.795064238767084,0.003042979288861217,14,Flow303,4,Flow30,-1.5401767250883385,6,1200,1487.47,1.2395583333333333,1.7950642387670843,False,False,False,True,False,3,1,0.5850408089138553,0.43189716639237763,2.053490743497859,-0.180305846109162,0.3027271971397689
9,220.37000000000006,8.504794738483081,-0.04991521662012112,14,Flow303,4,Flow30,0.709730499715997,6,1200,1707.8400000000001,1.4232,2.5047947384830813,False,False,False,True,False,3,1,0.9182067904541866,-0.3428699588694816,2.140630091339433,0.08713934784157429,0.4491228070175435
10,188.56999999999994,8.088830113388541,-0.059983414245708196,14,Flow303,4,Flow30,-0.41596462509454035,6,1200,1896.41,1.5803416666666668,2.088830113388541,False,False,False,True,False,3,1,0.7366041548962121,-0.8771550581670569,2.0904841116380557,-0.05014597970137746,0.2834847782964518
11,118.46000000000004,7.80355902478883,-0.0035838826444070664,14,Flow303,4,Flow30,-0.2852710885997114,6,1200,2014.8700000000001,1.6790583333333335,1.8035590247888296,False,False,False,True,False,3,1,0.5897619487376538,-1.2543153627370345,2.0545799148584325,-0.0359041967796232,0.2834847782964518
12,143.07999999999996,7.766407621452129,0.01077045135070552,14,Flow303,4,Flow30,-0.03715140333670064,6,1200,2157.9500000000003,1.7982916666666668,1.766407621452129,False,False,False,True,False,3,1,0.5689478917721105,-3.2927537336542807,2.049807717886207,-0.00477219697222564,0.9424242424242419
1,0.0,8.89416877862256,0.0,15,Flow303,4,Flow30,,6,1200,0.0,0.0,2.8941687786225607,False,False,False,True,False,3,1,1.0626979466962139,,2.1853958685918946,,0.4166666666666661
2,85.67999999999999,8.89416877862256,-0.0042287555376560905,15,Flow303,4,Flow30,0.0,6,1200,85.67999999999999,0.07139999999999999,2.8941687786225607,False,False,False,True,False,3,1,1.0626979466962139,-6.907755278982137,2.1853958685918946,0.0,0.44583333333333375
3,163.64999999999998,8.9293849103557,0.001755865718085096,15,Flow303,4,Flow30,0.03521613173314009,6,1200,249.32999999999998,0.207775,2.929384910355701,False,False,False,True,False,3,1,1.0747924727847202,-3.3462510134866017,2.1893475134966205,0.003951644904725882,0.6489361702127656
4,312.14,9.068394531848897,0.08886838048892783,15,Flow303,4,Flow30,0.13900962149319618,6,1200,561.47,0.4678916666666667,3.068394531848897,False,False,False,True,False,3,1,1.121154471015931,-1.9732121288714837,2.204795239842732,0.01544772634611169,0.16303030303030308
5,438.3800000000001,9.415492957746476,0.0,15,Flow303,4,Flow30,0.34709842589757933,6,1200,999.8500000000001,0.8332083333333334,3.4154929577464763,False,False,False,True,False,3,1,1.2283218333362218,-1.0581468911359753,2.242356519500682,0.037561279657949864,0.16303030303030308
6,257.2,9.580586037609796,0.06238019193314845,15,Flow303,4,Flow30,0.1650930798633201,6,1200,1257.0500000000002,1.0475416666666668,3.5805860376097964,False,False,False,True,False,3,1,1.2755264846719774,-1.8012458437538867,2.2597387631399384,0.017382243639256334,0.3199999999999994
7,136.84,9.49292499739372,-0.057652626092724604,15,Flow303,4,Flow30,-0.08766104021607646,6,1200,1393.89,1.161575,3.49292499739372,False,False,False,True,False,3,1,1.2507394933335614,-2.434277717576865,2.250546784035596,-0.00919197910434244,0.5038461538461538
8,127.99000000000005,9.142506851095069,0.015910669748375218,15,Flow303,4,Flow30,-0.35041814629865087,6,1200,1521.88,1.2682333333333333,3.142506851095069,False,False,False,True,False,3,1,1.145020841621518,-1.0486281338788264,2.2129346204089138,-0.03761216362668218,0.39420289855072443
9,101.66999999999999,9.12183367277924,-0.04295521492663514,15,Flow303,4,Flow30,-0.020673178315828267,6,1200,1623.5500000000002,1.3529583333333335,3.121833672779241,False,False,False,True,False,3,1,1.1384205448185674,-3.878918152434229,2.210670844488023,-0.002263775920890776,0.4542510679344085
10,14.170000000000002,8.359556475246103,-0.0051207633643571915,15,Flow303,4,Flow30,-0.7622771975331375,6,1200,1637.7200000000003,1.364766666666667,2.3595564752461033,False,False,False,True,False,3,1,0.858473667157918,-0.2714450131558366,2.1234053724890125,-0.08726547199901047,0.2333333333333334
11,0.0,8.359556475246103,0.0,15,Flow303,4,Flow30,0.0,6,1200,1637.7200000000003,1.364766666666667,2.3595564752461033,False,False,False,True,False,3,1,0.858473667157918,-6.907755278982137,2.1234053724890125,0.0,0.5333333333333332
12,50.719999999999956,7.878641965632777,-0.0037316227511859502,15,Flow303,4,Flow30,-0.48091450961332605,6,1200,1688.4400000000003,1.4070333333333336,1.8786419656327773,False,False,False,True,False,3,1,0.6305491571091274,-0.7320657593646878,2.064155549630946,-0.05924982285806646,1.1760698198198187
1,0.0,9.341258675832027,0.0,16,Flow303,4,Flow30,,6,1200,0.0,0.0,3.3412586758320266,False,False,False,True,False,3,1,1.2063475850503447,,2.2344410050275707,,4.833333333333333
2,0.0,9.341258675832027,0.0,16,Flow303,4,Flow30,0.0,6,1200,0.0,0.0,3.3412586758320266,False,False,False,True,False,3,1,1.2063475850503447,-6.907755278982137,2.2344410050275707,0.0,2.033333333333333
3,113.02,9.341258675832027,-0.22681932284086584,16,Flow303,4,Flow30,0.0,6,1200,113.02,0.09418333333333333,3.3412586758320266,False,False,False,True,False,3,1,1.2063475850503447,-6.907755278982137,2.2344410050275707,0.0,0.5365007541478128
4,303.41,9.233734578791744,-0.02332802862525545,16,Flow303,4,Flow30,-0.1075240970402831,6,1200,416.43,0.34702500000000003,3.2337345787917435,False,False,False,True,False,3,1,1.1736376856754185,-2.230040298019924,2.222863579767822,-0.011577425259748697,0.5270224873166054
5,291.38,9.02877070619006,0.0,16,Flow303,4,Flow30,-0.2049638726016827,6,1200,707.81,0.5898416666666666,3.028770706190061,False,False,False,True,False,3,1,1.1081568296716795,-1.5849215465855775,2.2004162237420575,-0.02244735602576453,0.5270224873166054
6,226.22000000000003,8.92511970779665,0.03838135588743151,16,Flow303,4,Flow30,-0.10365099839341063,6,1200,934.03,0.7783583333333333,2.92511970779665,False,False,False,True,False,3,1,1.073335405588829,-2.266725807793525,2.1888697402140345,-0.01154648352802301,0.2874493927125501
7,166.66,9.403188240205663,0.004187734895135203,16,Flow303,4,Flow30,0.47806853240901326,6,1200,1100.69,0.9172416666666667,3.4031882402056635,False,False,False,True,False,3,1,1.2247127099470707,-0.7380011835270284,2.2410488062592577,0.052179066045223266,5.31025641025641
8,241.20999999999995,8.842774080783638,-0.09604775290160597,16,Flow303,4,Flow30,-0.5604141594220255,6,1200,1341.9,1.11825,2.842774080783638,False,False,False,True,False,3,1,1.044780364433484,-0.5790791982038888,2.179600637464877,-0.06144816879438064,0.8939102564102566
9,260.0,8.64113475177305,0.0,16,Flow303,4,Flow30,-0.2016393290105878,6,1200,1601.9,1.3349166666666668,2.64113475177305,False,False,False,True,False,3,1,0.971208655024744,-1.6012746774334907,2.156533911202784,-0.023066726262093162,0.8939102564102566
10,90.23000000000002,7.874666355363915,6.427614553093972e-05,16,Flow303,4,Flow30,-0.7664683964091354,6,1200,1692.13,1.4101083333333335,1.8746663553639147,False,False,False,True,False,3,1,0.6284306997825846,-0.2659618125586008,2.0636508162413296,-0.0928830949614543,0.18380945923070824
11,87.64000000000003,7.855067312376975,-0.001201342742896357,16,Flow303,4,Flow30,-0.019599042986939708,6,1200,1779.7700000000002,1.4831416666666668,1.855067312376975,False,False,False,True,False,3,1,0.6179209823967152,-3.9322745411347055,2.0611588410377646,-0.0024919752035650333,0.3689542483660131
12,126.01,7.790006752194463,0.0,16,Flow303,4,Flow30,-0.06506056018251183,6,1200,1905.7800000000002,1.5881500000000002,1.7900067521944631,False,False,False,True,False,3,1,0.5822193920212267,-2.732436747729428,2.0528417266594907,-0.008317114378273871,0.19934966844993873
1,0.0,15.756118072271823,0.0,17,Flow303,5,Flow30,,14,1100,0.0,0.0,1.756118072271823,False,False,False,False,True,3,1,0.5631057322872134,,2.75722873887798,,10.0
2,93.96,15.756118072271823,-0.009793300490269486,17,Flow303,5,Flow30,0.0,14,1100,93.96,0.08541818181818181,1.756118072271823,False,False,False,False,True,3,1,0.5631057322872134,-6.907755278982137,2.75722873887798,0.0,0.1722222222222225
3,333.87999999999994,15.436731341245522,-0.02899981523778917,17,Flow303,5,Flow30,-0.31938673102630055,14,1100,427.8399999999999,0.3889454545454545,1.4367313412455225,False,False,False,False,True,3,1,0.36237063154255944,-1.141352587500932,2.736749821488341,-0.02047891738963914,0.1722222222222225
4,167.48,15.13010063684252,-0.3919073356643403,17,Flow303,5,Flow30,-0.3066307044030019,14,1100,595.3199999999999,0.5411999999999999,1.1301006368425206,False,False,False,False,True,3,1,0.1223066879113914,-1.1821111727347005,2.7166861792548467,-0.020063642233494328,0.38333333333333375
5,0.0,15.13010063684252,-0.0,17,Flow303,5,Flow30,0.0,14,1100,595.3199999999999,0.5411999999999999,1.1301006368425206,False,False,False,False,True,3,1,0.1223066879113914,-6.907755278982137,2.7166861792548467,0.0,0.8000000000000007
6,26.060000000000002,11.332310053722178,0.0024057701557103723,17,Flow303,5,Flow30,-3.7977905831203422,14,1100,621.3799999999999,0.564890909090909,2.6676899462778216,False,False,False,False,True,3,1,0.981212909260438,1.3344194721443439,2.4276579424942657,-0.289028236760581,5.047619047619048
7,137.76000000000002,11.542287654735656,0.014944896935654295,17,Flow303,5,Flow30,0.2099776010134775,14,1100,759.1399999999999,0.6901272727272726,2.457712345264344,False,False,False,False,True,3,1,0.8992309763314781,-1.5607544157940303,2.4460174784124264,0.018359535918160752,0.4666666666666668
8,229.55,11.852581681205988,0.35005811638775997,17,Flow303,5,Flow30,0.31029402647033244,14,1100,988.6899999999998,0.8988090909090908,2.1474183187940117,False,False,False,False,True,3,1,0.7642663386669976,-1.1702349585338159,2.472545707245268,0.02652822883284145,0.8830453308083799
9,52.11,12.468098219015204,-0.07462373377500874,17,Flow303,5,Flow30,0.6155165378092153,14,1100,1040.7999999999997,0.9461818181818179,1.5319017809847963,False,False,False,False,True,3,1,0.4265099576344382,-0.48529346481653557,2.5231732395621598,0.05062753231689188,0.24444444444444446
10,152.24,11.61584438867985,0.04208767327619009,17,Flow303,5,Flow30,-0.8522538303353535,14,1100,1193.0399999999997,1.0845818181818179,2.38415561132015,False,False,False,False,True,3,1,0.8688450202776612,-0.15987087359422603,2.452370061701374,-0.07080317786078583,0.5740740740740735
11,201.09000000000003,12.43908319976981,0.21020933979904197,17,Flow303,5,Flow30,0.8232388110899596,14,1100,1394.1299999999997,1.2673909090909088,1.5609168002301903,False,False,False,False,True,3,1,0.4452733410931146,-0.19450894896292567,2.520843386827519,0.06847332512614512,1.0059523809523814
12,153.33999999999997,11.635994228401712,-0.18769934278447456,17,Flow303,5,Flow30,-0.8030889713680978,14,1100,1547.4699999999996,1.4067909090909088,2.364005771598288,False,False,False,False,True,3,1,0.860357540995308,-0.21928977245815845,2.454103244620604,-0.06674014220691493,0.878974358974359
1,0.0,12.746424487496062,0.0,18,Flow303,5,Flow30,,14,1100,0.0,0.0,1.2535755125039376,False,False,False,False,True,3,1,0.2259998781292084,,2.54525079992268,,1.39047619047619
2,50.89,12.746424487496062,0.006526581440646936,18,Flow303,5,Flow30,0.0,14,1100,50.89,0.04626363636363636,1.2535755125039376,False,False,False,False,True,3,1,0.2259998781292084,-6.907755278982137,2.54525079992268,0.0,1.1226764199655763
3,240.61,12.509590470874137,-0.13290318707476398,18,Flow303,5,Flow30,-0.23683401662192516,14,1100,291.5,0.265,1.4904095291258628,False,False,False,False,True,3,1,0.3990509339548658,-1.440395735014121,2.5264955878018247,-0.01875521212085518,0.6597222222222223
4,192.63,12.989410154092118,0.15514988069022667,18,Flow303,5,Flow30,0.47981968321798085,14,1100,484.13,0.4401181818181818,1.010589845907882,False,False,False,False,True,3,1,0.010534166237505228,-0.7343449056206202,2.56413442196041,0.037638834158585155,1.0926406926406935
5,168.07999999999998,13.393384102808186,0.051005307489457294,18,Flow303,5,Flow30,0.40397394871606807,14,1100,652.21,0.5929181818181819,0.6066158971918139,False,False,False,False,True,3,1,-0.49985947702882955,-0.9064048864761984,2.594760861364171,0.030626439403761196,0.9660173160173162
6,138.34,13.402497873094,-0.050011075888255895,18,Flow303,5,Flow30,0.009113770285813061,14,1100,790.5500000000001,0.7186818181818182,0.5975021269060008,False,False,False,False,True,3,1,-0.5149974355074918,-4.6979687909991155,2.595441098024822,0.0006802366606510901,0.23950617283950582
7,219.17999999999998,13.85643376810725,0.21157881382252428,18,Flow303,5,Flow30,0.4539358950132506,14,1100,1009.73,0.9179363636363637,0.1435662318927502,False,False,False,False,True,3,1,-1.9409588039712462,-0.7897992913218479,2.6287496567650663,0.03330855874024419,0.3234032797497042
8,242.56,13.873740589663653,-0.3036888482119509,18,Flow303,5,Flow30,0.01730682155640295,14,1100,1252.29,1.1384454545454545,0.12625941033634724,False,False,False,False,True,3,1,-2.0694166762868336,-4.056654545579344,2.6299978872002763,0.0012482304352099405,0.17999999999999972
9,117.76,12.969845932731907,0.006513076982295398,18,Flow303,5,Flow30,-0.9038946569317456,14,1100,1370.05,1.2455,1.0301540672680929,False,False,False,False,True,3,1,0.02970837092752565,-0.10104245532286109,2.562627119517006,-0.06737076768327022,0.6781573498964804
10,139.41,12.752475247524753,0.0,18,Flow303,5,Flow30,-0.21737068520715397,14,1100,1509.46,1.3722363636363637,1.2475247524752469,False,False,False,False,True,3,1,0.22116139011021801,-1.5261511560405014,2.5457253898230396,-0.016901729693966416,0.6781573498964804
11,190.96000000000004,14.13885491248269,0.21540180406388632,18,Flow303,5,Flow30,1.3863796649579374,14,1100,1700.42,1.5458363636363637,0.13885491248269055,False,False,False,False,True,3,1,-1.9743256860734673,0.32669579179721925,2.6489266750451144,0.10320128522207472,0.29761904761904745
12,97.03999999999996,13.69556202629825,-0.07027737207915127,18,Flow303,5,Flow30,-0.44329288618444096,14,1100,1797.46,1.6340545454545454,0.3044379737017504,False,False,False,False,True,3,1,-1.189287911426439,-0.8135245847669713,2.617071840668026,-0.03185483437708836,0.6911564625850328
1,0.0,11.733741206156873,0.0,19,Flow303,5,Flow30,,14,1100,0.0,0.0,2.266258793843127,False,False,False,False,True,3,1,0.8181303634293685,,2.462468555220131,,0.5428571428571436
2,166.74,11.733741206156873,0.16080928742214112,19,Flow303,5,Flow30,0.0,14,1100,166.74,0.15158181818181818,2.266258793843127,False,False,False,False,True,3,1,0.8181303634293685,-6.907755278982137,2.462468555220131,0.0,0.3282051282051288
3,148.13999999999996,11.830704218143767,0.016689664455135138,19,Flow303,5,Flow30,0.09696301198689383,14,1100,314.88,0.28625454545454543,2.169295781856233,False,False,False,False,True,3,1,0.7744025903926853,-2.3334256929223507,2.4706982043794916,0.00822964915936053,0.36666666666666625
4,93.23999999999998,13.124221304004028,0.1278127807226694,19,Flow303,5,Flow30,1.2935170858602607,14,1100,408.12,0.3710181818181818,0.8757786959959724,False,False,False,False,True,3,1,-0.13264185010369936,0.2573649315712123,2.574459477498899,0.10376127311940753,0.3095238095238093
5,199.09000000000003,13.185859411640138,-0.15259480972426884,19,Flow303,5,Flow30,0.06163810763611011,14,1100,607.21,0.5520090909090909,0.8141405883598622,False,False,False,False,True,3,1,-0.20562221491996138,-2.78647496925927,2.5791449986928265,0.0046855211939274,0.3438596491228081
6,204.65,13.487215047919799,0.07216043184936968,19,Flow303,5,Flow30,0.301355636279661,14,1100,811.86,0.7380545454545455,0.5127849520802013,False,False,False,False,True,3,1,-0.6678987184236307,-1.1994641957945713,2.6017422032374244,0.022597204544597904,0.6771929824561402
7,209.1,13.431147956231218,0.03037153529108694,19,Flow303,5,Flow30,-0.05606709168858082,14,1100,1020.96,0.9281454545454546,0.5688520437687821,False,False,False,False,True,3,1,-0.5641349071949513,-2.88120623948768,2.5975764838912205,-0.004165719346203911,0.8822510822510825
8,159.18000000000004,14.44258095186597,0.11442035484177597,19,Flow303,5,Flow30,1.0114329956347525,14,1100,1180.14,1.0728545454545455,0.44258095186597046,False,False,False,False,True,3,1,-0.815131889196023,0.011368132855899042,2.6701808537720613,0.07260436988084074,0.4666666666666668
9,292.53999999999996,14.048443225126363,-0.045121899739574714,19,Flow303,5,Flow30,-0.3941377267396078,14,1100,1472.68,1.3388,0.04844322512636268,False,False,False,False,True,3,1,-3.027362782696022,-0.9310548705133427,2.6425115871585967,-0.027669266613464583,0.33968253968254025
10,130.26,13.90001863084904,-0.089069775748641,19,Flow303,5,Flow30,-0.1484245942773228,14,1100,1602.94,1.457218181818182,0.09998136915096012,False,False,False,False,True,3,1,-2.302771418842027,-1.90767823234894,2.6318901804845996,-0.010621406673997136,0.6558558558558563
11,74.32999999999998,12.265486725663715,0.0,19,Flow303,5,Flow30,-1.6345319051853249,14,1100,1677.27,1.524790909090909,1.734513274336285,False,False,False,False,True,3,1,0.5507268405181777,0.4913564668358063,2.506789361037508,-0.12510081944709173,0.538095238095238
12,82.48999999999998,12.379718283516755,-0.017132449879528923,19,Flow303,5,Flow30,0.1142315578530404,14,1100,1759.76,1.5997818181818182,1.6202817164832446,False,False,False,False,True,3,1,0.4826000331893345,-2.1695276814667146,2.5160595112234425,0.009270150185934689,0.33333333333333304
1,0.0,11.868523767714626,0.0,20,Flow303,5,Flow30,,14,1100,0.0,0.0,2.131476232285374,False,False,False,False,True,3,1,0.7568148064620958,,2.4738898342247757,,5.166666666666667
2,106.2,11.868523767714626,0.05062713879719953,20,Flow303,5,Flow30,0.0,14,1100,106.2,0.09654545454545455,2.131476232285374,False,False,False,False,True,3,1,0.7568148064620958,-6.907755278982137,2.4738898342247757,0.0,0.19855072463768142
3,200.43999999999997,12.482296907072318,0.10999264532645345,20,Flow303,5,Flow30,0.6137731393576917,14,1100,306.64,0.2787636363636363,1.5177030929276825,False,False,False,False,True,3,1,0.41719806888630157,-0.48812989898296716,2.524311393047754,0.05042155882297816,0.7972222222222225
4,252.72000000000003,12.63510392805965,0.027364697755302637,20,Flow303,5,Flow30,0.152807020987332,14,1100,559.36,0.5085090909090909,1.3648960719403505,False,False,False,False,True,3,1,0.3110782879656587,-1.87857945443536,2.536478966216669,0.012167573168915258,0.2102564102564104
5,100.66000000000003,13.433543448079082,-0.013850988130999746,20,Flow303,5,Flow30,0.7984395200194321,14,1100,660.02,0.6000181818181818,0.5664565519209184,False,False,False,False,True,3,1,-0.5683548970936099,-0.22509605618758424,2.5977548214584134,0.06127585524174428,0.19583333333333286
6,258.68999999999994,12.528991661078848,0.03651402203876818,20,Flow303,5,Flow30,-0.9045517870002335,14,1100,918.7099999999999,0.835190909090909,1.471008338921152,False,False,False,False,True,3,1,0.3859481104823296,-0.1003157209485982,2.5280452916936236,-0.06970952976478983,0.1365740740740744
7,229.14,13.733381995427274,0.005752805033055287,20,Flow303,5,Flow30,1.2043903343484264,14,1100,1147.85,1.0434999999999999,0.26661800457272555,False,False,False,False,True,3,1,-1.3219383394866202,0.18597349230963414,2.619829511037448,0.09178421934382452,0.5272916666666676
8,324.94000000000005,13.143928532959654,0.34968436108867246,20,Flow303,5,Flow30,-0.5894534624676204,14,1100,1472.79,1.3389,0.856071467040346,False,False,False,False,True,3,1,-0.15540141679233757,-0.5285595061962424,2.575959943483397,-0.04386956755405125,2.713541666666666
9,161.7,13.578796333822908,-0.1271337996564998,20,Flow303,5,Flow30,0.4348678008632536,14,1100,1634.49,1.4859,0.4212036661770924,False,False,False,False,True,3,1,-0.8646387946360463,-0.8327132001437443,2.608509482990355,0.03254953950695816,0.22222222222222232
10,71.66999999999996,13.137486873315563,-0.0130809905977691,20,Flow303,5,Flow30,-0.44130946050734465,14,1100,1706.1599999999999,1.5510545454545452,0.862513126684437,False,False,False,False,True,3,1,-0.14790491084816046,-0.8180089251223622,2.5754697370258293,-0.033039745964525746,0.7666666666666657
11,51.95000000000002,12.860484987910516,-0.01819263777031012,20,Flow303,5,Flow30,-0.27700188540504733,14,1100,1758.11,1.5982818181818181,1.1395150120894844,False,False,False,False,True,3,1,0.13060274389456153,-1.2837309663015464,2.554159430999644,-0.021310306026185444,0.9963838166845687
12,159.52,12.395121951219512,0.0,20,Flow303,5,Flow30,-0.465363036691004,14,1100,1917.6299999999999,1.7432999999999998,1.6048780487804883,False,False,False,False,True,3,1,0.47304777162696404,-0.7649374539346075,2.517303004181756,-0.03685642681788792,0.9963838166845687
1,0.0,12.25,0.0,1,Flow304,1,Flow30,,14,1100,0.0,0.0,1.75,True,False,False,False,False,4,1,0.5596157879354227,,2.505525936990736,,3.5666666666666664
2,90.0,12.25,-0.050212753295444404,1,Flow304,1,Flow30,0.0,14,1100,90.0,0.08181818181818182,1.75,True,False,False,False,False,4,1,0.5596157879354227,-6.907755278982137,2.505525936990736,0.0,0.5180555555555557
3,139.59,11.002174396934448,-0.3970060145378418,1,Flow304,1,Flow30,-1.247825603065552,14,1100,229.59,0.20871818181818183,2.997825603065552,True,False,False,False,False,4,1,1.0978872268961914,0.22140251904916217,2.3980929257123327,-0.10743301127840343,0.6541666666666668
4,75.26,8.900254648872941,0.061462887863347415,1,Flow304,1,Flow30,-2.1019197480615066,14,1100,304.85,0.2771363636363637,5.0997453511270585,True,False,False,False,False,4,1,1.6291906073321214,0.7428510928779298,2.186079888561687,-0.2120130371506459,0.7332119004250153
5,108.2,9.524590163934427,0.0,1,Flow304,1,Flow30,0.6243355150614853,14,1100,413.05,0.3755,4.475409836065573,True,False,False,False,False,4,1,1.4985979310116484,-0.4710673707197621,2.2538768926786,0.06779700411691314,0.7332119004250153
6,86.58,9.112615398508684,-0.07070763793793008,1,Flow304,1,Flow30,-0.4119747654257431,14,1100,499.63,0.4542090909090909,4.887384601491316,True,False,False,False,False,4,1,1.5866573140846731,-0.8867931804750483,2.209659761014118,-0.04421713166448171,0.6541666666666668
7,136.00000000000003,9.393026743207312,0.15260732036828317,1,Flow304,1,Flow30,0.28041134469862783,14,1100,635.63,0.5778454545454546,4.606973256792688,True,False,False,False,False,4,1,1.5275710810297658,-1.271497665657877,2.239967578150592,0.03030781713647368,0.306954887218045
8,213.73999999999995,9.929474084906733,-0.004584065399067828,1,Flow304,1,Flow30,0.5364473416994215,14,1100,849.3699999999999,0.7721545454545453,4.070525915093267,True,False,False,False,False,4,1,1.403772208574279,-0.6227868732673842,2.29550751440949,0.05553993625889797,0.2999999999999998
9,174.41,9.94040264569525,0.016257718175484038,1,Flow304,1,Flow30,0.010928560788517672,14,1100,1023.7799999999999,0.9307090909090908,4.059597354304749,True,False,False,False,False,4,1,1.401083794879029,-4.516375660805124,2.2966075274632876,0.0011000130537976993,0.6723930078360452
10,99.21000000000001,10.031662269129288,0.0,1,Flow304,1,Flow30,0.0912596234340377,14,1100,1122.9899999999998,1.0208999999999997,3.9683377308707115,True,False,False,False,False,4,1,1.3783472994273585,-2.3940468297894686,2.3057463179659483,0.009138790502660754,0.15158730158730105
11,99.21000000000001,10.031662269129288,0.0,1,Flow304,1,Flow30,0.0,14,1100,1222.1999999999998,1.111090909090909,3.9683377308707115,True,False,False,False,False,4,1,1.3783472994273585,-6.907755278982137,2.3057463179659483,0.0,0.6723930078360452
12,122.07999999999998,10.154413810634626,0.03725190865451519,1,Flow304,1,Flow30,0.12275154150533751,14,1100,1344.2799999999997,1.222072727272727,3.845586189365374,True,False,False,False,False,4,1,1.3469260463090178,-2.09759295429807,2.317908469154979,0.012162151189030634,0.5374999999999996
1,0.0,14.630136986301368,0.0,2,Flow304,1,Flow30,,14,1100,0.0,0.0,0.6301369863013679,True,False,False,False,False,4,1,-0.46181804465929915,,2.683083578371749,,4.5625
2,9.86,14.630136986301368,0.01570811215727495,2,Flow304,1,Flow30,0.0,14,1100,9.86,0.008963636363636363,0.6301369863013679,True,False,False,False,False,4,1,-0.46181804465929915,-6.907755278982137,2.683083578371749,0.0,3.041666666666666
3,130.5,11.852213196515706,-0.26305683382226464,2,Flow304,1,Flow30,-2.777923789785662,14,1100,140.36,0.12760000000000002,2.147786803484294,True,False,False,False,False,4,1,0.7644379182217318,1.0217038104733642,2.4725146177806923,-0.2105689605910568,0.6907894736842106
4,301.6,11.992294837601857,0.0,2,Flow304,1,Flow30,0.14008164108615162,14,1100,441.96000000000004,0.40178181818181824,2.0077051623981426,True,False,False,False,False,4,1,0.6969923595736578,-1.96552987572371,2.48426434668901,0.011749728908317714,0.6907894736842106
5,230.56,11.318941653896985,0.08343519054113284,2,Flow304,1,Flow30,-0.6733531837048723,14,1100,672.52,0.6113818181818181,2.681058346103015,True,False,False,False,False,4,1,0.9862116218305236,-0.3954852969397347,2.426477574932252,-0.05778677175675817,0.38245614035087705
6,289.69000000000005,11.801299877088411,-0.0002576589808663113,2,Flow304,1,Flow30,0.48235822319142585,14,1100,962.21,0.8747363636363636,2.198700122911589,True,False,False,False,False,4,1,0.7878663325197126,-0.7290682393271555,2.468209684479843,0.0417321095475911,1.252876229455027
7,274.09,11.675153643546968,0.0,2,Flow304,1,Flow30,-0.1261462335414425,14,1100,1236.3,1.123909090909091,2.3248463564530315,True,False,False,False,False,4,1,0.8436539536097177,-2.070313461325004,2.457462963515218,-0.010746720964625034,0.3619433198380557
8,173.65999999999997,11.59320971578665,-0.07522598140354385,2,Flow304,1,Flow30,-0.08194392776031911,14,1100,1409.96,1.2817818181818181,2.4067902842133506,True,False,False,False,False,4,1,0.8782940275490938,-2.5017200734220606,2.4504195573880665,-0.007043406127151375,1.3157894736842097
9,81.42,11.409241613533691,0.04014004143094227,2,Flow304,1,Flow30,-0.18396810225295823,14,1100,1491.38,1.3558000000000001,2.590758386466309,True,False,False,False,False,4,1,0.9519506461574517,-1.692992893722148,2.4344236948405755,-0.01599586254749097,1.2593272171253824
10,112.35000000000002,11.773913043478261,0.0,2,Flow304,1,Flow30,0.36467142994457014,14,1100,1603.73,1.4579363636363636,2.2260869565217387,True,False,False,False,False,4,1,0.8002453161163122,-1.0087585227484077,2.46588632510897,0.03146263026839469,0.38245614035087794
11,23.279999999999966,12.798232889178658,0.02369869439812728,2,Flow304,1,Flow30,1.024319845700397,14,1100,1627.01,1.4791,1.2017671108213417,True,False,False,False,False,4,1,0.18379306594423486,0.0240288271632176,2.5493071058621117,0.08342078075314152,1.5214015151515152
12,23.930000000000025,14.291192571856,0.01570342770052194,2,Flow304,1,Flow30,1.4929596826773412,14,1100,1650.94,1.5008545454545454,0.29119257185599956,True,False,False,False,False,4,1,-1.2337704717212248,0.40076051395756385,2.6596434434530236,0.11033633759091188,0.4954656862745095
1,0.0,12.923076923076923,0.0,3,Flow304,1,Flow30,,14,1100,0.0,0.0,1.0769230769230766,True,False,False,False,False,4,1,0.07410797215372163,,2.559014621941722,,4.566666666666666
2,4.16,12.923076923076923,0.0,3,Flow304,1,Flow30,0.0,14,1100,4.16,0.0037818181818181818,1.0769230769230766,True,False,False,False,False,4,1,0.07410797215372163,-6.907755278982137,2.559014621941722,0.0,0.9758955152213584
3,148.48999999999998,11.316162617151486,-0.11054794941093285,3,Flow304,1,Flow30,-1.6069143059254376,14,1100,152.64999999999998,0.13877272727272724,2.6838373828485143,True,False,False,False,False,4,1,0.9872476296616048,0.4743157598359709,2.4262320238867447,-0.13278259805497727,0.35271013354281244
4,275.4,11.916414477925096,0.033261858858136005,3,Flow304,1,Flow30,0.6002518607736107,14,1100,428.04999999999995,0.3891363636363636,2.0835855220749036,True,False,False,False,False,4,1,0.734090218350122,-0.510405943887894,2.4779168175563737,0.05168479366962897,0.20149664355672936
5,324.12000000000006,10.58848383719084,-0.16653704838835737,3,Flow304,1,Flow30,-1.327930640734257,14,1100,752.1700000000001,0.6837909090909091,3.4115161628091606,True,False,False,False,False,4,1,1.2271568150048004,0.28362182132753544,2.359766980070964,-0.11814983748540975,0.19188125894134522
6,344.41999999999996,10.754493318843956,-0.056819531728885334,3,Flow304,1,Flow30,0.16600948165311635,14,1100,1096.5900000000001,0.9969000000000001,3.2455066811560442,True,False,False,False,False,4,1,1.1772714800799449,-1.79571037386452,2.375323650391325,0.015556670320361121,0.30482456140350855
7,310.6,10.467131480520845,-0.06420737389894743,3,Flow304,1,Flow30,-0.28736183832311113,14,1100,1407.19,1.2792636363636365,3.5328685194791554,True,False,False,False,False,4,1,1.262110152705503,-1.2470130966062232,2.348240012227009,-0.027083638164316248,0.2502145922746779
8,150.60999999999999,9.678921508111786,0.0012025910224016008,3,Flow304,1,Flow30,-0.7882099724090583,14,1100,1557.8,1.4161818181818182,4.321078491888214,True,False,False,False,False,4,1,1.463505021998468,-0.23799076217102727,2.2699504806301727,-0.07828953159683616,0.9298245614035086
9,30.04,11.49643871064995,0.036644946792990706,3,Flow304,1,Flow30,1.8175172025381645,14,1100,1587.84,1.443490909090909,2.503561289350049,True,False,False,False,False,4,1,0.9177142339541635,0.5974713953260901,2.44203731007449,0.1720868294443174,1.1111111111111107
10,34.640000000000015,13.184286185605885,0.022967002146581147,3,Flow304,1,Flow30,1.6878474749559338,14,1100,1622.48,1.4749818181818182,0.8157138143941154,True,False,False,False,False,4,1,-0.20369170318812047,0.5234540336527679,2.579025679970803,0.1369883698963128,0.3276785714285708
11,81.81999999999996,13.744393359910017,0.025627998793708095,3,Flow304,1,Flow30,0.5601071743041324,14,1100,1704.3,1.5493636363636363,0.255606640089983,True,False,False,False,False,4,1,-1.3641155783733783,-0.5796271308783214,2.620630985314735,0.04160530534393203,0.1750000000000007
12,154.85,14.214983713355053,0.0,3,Flow304,1,Flow30,0.4705903534450364,14,1100,1859.1499999999999,1.6901363636363635,0.2149837133550534,True,False,False,False,False,4,1,-1.5371930055607506,-0.7537673013158076,2.6542965993657646,0.033665614051029635,0.1750000000000007
1,0.0,13.175023731540948,0.0,4,Flow304,1,Flow30,,14,1100,0.0,0.0,0.8249762684590518,True,False,False,False,False,4,1,-0.19240065856537075,,2.578322895681284,,10.0
2,142.58,13.175023731540948,0.011673846766808186,4,Flow304,1,Flow30,0.0,14,1100,142.58,0.12961818181818183,0.8249762684590518,True,False,False,False,False,4,1,-0.19240065856537075,-6.907755278982137,2.578322895681284,0.0,0.3762962962962959
3,181.73,12.501724985207849,-0.01995276635688097,4,Flow304,1,Flow30,-0.6732987463330993,14,1100,324.31,0.2948272727272727,1.498275014792151,True,False,False,False,False,4,1,0.4043144562235561,-0.395566145406348,2.5258666336039224,-0.052456262077361426,0.4333333333333327
4,289.77000000000004,12.397908642589378,0.016233249153091347,4,Flow304,1,Flow30,-0.10381634261847061,14,1100,614.08,0.5582545454545454,1.6020913574106217,True,False,False,False,False,4,1,0.4713098741179507,-2.2651318773053832,2.5175278005309605,-0.008338833072961904,0.2650103519668736
5,132.94,11.36529578323442,0.037896518753245095,4,Flow304,1,Flow30,-1.032612859354959,14,1100,747.02,0.6791090909090909,2.6347042167655808,True,False,False,False,False,4,1,0.9687709239907649,0.03209234676080519,2.430564482767374,-0.08696331776358646,0.37774538386783174
6,198.51,11.856966086947953,0.04292981574225155,4,Flow304,1,Flow30,0.4916703037135335,14,1100,945.53,0.8595727272727273,2.1430339130520473,True,False,False,False,False,4,1,0.7622225414021784,-0.7099469015202291,2.472915550300464,0.042351067533089815,0.6651785714285712
7,180.42000000000002,11.716831793968367,-0.031967542275735714,4,Flow304,1,Flow30,-0.14013429297958524,14,1100,1125.95,1.0235909090909092,2.2831682060316325,True,False,False,False,False,4,1,0.8255640424646212,-1.9651540805768082,2.46102642285782,-0.011889127442644032,0.267391304347826
8,150.23,11.71604547605137,0.01893730633896815,4,Flow304,1,Flow30,-0.0007863179169973478,14,1100,1276.18,1.1601636363636365,2.28395452394863,True,False,False,False,False,4,1,0.8259083808900395,-7.148149372761515,2.4609593104918708,-6.711236594902914e-05,0.8353658536585371
9,73.52,11.80573391518645,-0.006479709798866979,4,Flow304,1,Flow30,0.08968843913507918,14,1100,1349.7,1.227,2.1942660848135507,True,False,False,False,False,4,1,0.7858476329012084,-2.4114134018904987,2.4685853384640914,0.0076260279722206725,0.41739130434782634
10,97.65000000000003,12.12889863353168,0.04399650095013343,4,Flow304,1,Flow30,0.32316471834523064,14,1100,1447.3500000000001,1.3157727272727273,1.87110136646832,True,False,False,False,False,4,1,0.6265272235199153,-1.1295931218297655,2.4955909219277905,0.02700558346369908,0.637428533439703
11,166.71000000000004,12.499705362404242,0.0,4,Flow304,1,Flow30,0.3708067288725623,14,1100,1614.0600000000002,1.4673272727272728,1.5002946375957578,True,False,False,False,False,4,1,0.4056615138831259,-0.9920742985495823,2.5257050730227943,0.030114151095003816,0.637428533439703
12,72.88999999999993,11.739644970414203,0.0,4,Flow304,1,Flow30,-0.7600603919900397,14,1100,1686.95,1.5335909090909092,2.2603550295857975,True,False,False,False,False,4,1,0.8155218936835011,-0.27435738571399965,2.4629715729217447,-0.06273350010104961,0.41739130434782634
1,0.0,10.297763578274758,0.0,5,Flow304,2,Flow30,,6,1200,0.0,0.0,4.297763578274758,False,True,False,False,False,4,1,1.4580947893259606,,2.331926743336984,,4.541666666666667
2,168.54,10.297763578274758,0.0,5,Flow304,2,Flow30,0.0,6,1200,168.54,0.14045,4.297763578274758,False,True,False,False,False,4,1,1.4580947893259606,-6.907755278982137,2.331926743336984,0.0,0.40403839732134816
3,127.21,5.964009886500661,0.0504135871289721,5,Flow304,2,Flow30,-4.333753691774096,6,1200,295.75,0.24645833333333333,0.03599011349933878,False,True,False,False,False,4,1,-3.32451100326075,1.4664340698826914,1.785743054597406,-0.5461836887395781,0.42630461504078676
4,191.71000000000004,6.4856637378054875,-0.020171728104509557,5,Flow304,2,Flow30,0.5216538513048263,6,1200,487.46000000000004,0.40621666666666667,0.48566373780548755,False,True,False,False,False,4,1,-0.7222387920727712,-0.6507510311665782,1.8695941622311862,0.08385110763378023,0.4162679425837319
5,145.02,5.900984959618714,-0.0579909681951561,5,Flow304,2,Flow30,-0.5846787781867739,6,1200,632.48,0.5270666666666667,0.09901504038128639,False,True,False,False,False,4,1,-2.312483517343387,-0.5366926796759365,1.775119279286614,-0.09447488294457229,0.5042735042735038
6,210.79999999999993,6.682136238042519,0.13768982742041397,5,Flow304,2,Flow30,0.7811512784238053,6,1200,843.28,0.7027333333333333,0.6821362380425189,False,True,False,False,False,4,1,-0.382525878562864,-0.2469864495336096,1.8994377325388259,0.12431845325221191,0.8272540412486058
7,233.83000000000004,6.808537131998947,0.0257837845164436,5,Flow304,2,Flow30,0.12640089395642828,6,1200,1077.1100000000001,0.8975916666666668,0.8085371319989472,False,True,False,False,False,4,1,-0.2125286739955356,-2.0682967248542923,1.918177285338488,0.018739552799662107,0.6875
8,223.18999999999997,7.793362760399177,0.030146592729760214,5,Flow304,2,Flow30,0.9848256284002295,6,1200,1300.3000000000002,1.0835833333333336,1.7933627603991766,False,True,False,False,False,4,1,0.5840924945154771,-0.015290680486021073,2.0532724432967218,0.1350951579582338,0.6875
9,161.82,7.981805129875028,-0.0018781457238163186,5,Flow304,2,Flow30,0.18844236947585102,6,1200,1462.1200000000001,1.2184333333333335,1.9818051298750277,False,True,False,False,False,4,1,0.68400811113211,-1.6689630510632978,2.0771645926320845,0.023892149335362767,0.6875
10,202.91999999999996,8.602526105147115,0.08301968169730593,5,Flow304,2,Flow30,0.6207209752720875,6,1200,1665.04,1.3875333333333333,2.602526105147115,False,True,False,False,False,4,1,0.9564825522528806,-0.47687361320279503,2.1520558932849654,0.07489130065288085,0.337968319559228
11,166.41,7.734684360150542,-0.29553137254450346,5,Flow304,2,Flow30,-0.8678417449965732,6,1200,1831.45,1.5262083333333334,1.734684360150542,False,True,False,False,False,4,1,0.5508254718631866,-0.1417459023768791,2.0457146764891867,-0.10634121679577868,1.0078672710033323
12,56.97,5.389714285714286,0.0,5,Flow304,2,Flow30,-2.3449700744362563,6,1200,1888.42,1.5736833333333333,0.6102857142857143,False,True,False,False,False,4,1,-0.49382804739741953,0.8522726403823826,1.684492375299647,-0.3612223011895397,0.6726190476190474
1,0.0,7.792001231489818,0.0,6,Flow304,2,Flow30,,6,1200,0.0,0.0,1.7920012314898184,False,True,False,False,False,4,1,0.583333001767803,,2.0530977243856294,,6.033333333333333
2,94.8,7.792001231489818,-0.0019439063289224958,6,Flow304,2,Flow30,0.0,6,1200,94.8,0.079,1.7920012314898184,False,True,False,False,False,4,1,0.583333001767803,-6.907755278982137,2.0530977243856294,0.0,0.5627450980392159
3,178.24,7.322650441726461,-0.0990393631982102,6,Flow304,2,Flow30,-0.4693507897633573,6,1200,273.04,0.22753333333333334,1.322650441726461,False,True,False,False,False,4,1,0.2796376338394052,-0.75640483752588,1.990972344640347,-0.06212537974528254,0.5499999999999998
4,140.25,6.656596013850499,0.024151642358677772,6,Flow304,2,Flow30,-0.6660544278759621,6,1200,413.29,0.34440833333333337,0.6565960138504989,False,True,False,False,False,4,1,-0.42068634482783523,-0.40638388824345356,1.895608244860097,-0.09536409978024984,0.3333333333333335
5,266.93,7.034522861775988,0.04154069049522421,6,Flow304,2,Flow30,0.37792684792548936,6,1200,680.22,0.5668500000000001,1.0345228617759883,False,True,False,False,False,4,1,0.03394031730773987,-0.9730546260973781,1.9508298647802356,0.05522161992013852,0.3812500000000001
6,295.24,7.159795838241067,0.0,6,Flow304,2,Flow30,0.1252729764650784,6,1200,975.46,0.8128833333333334,1.1597958382410667,False,True,False,False,False,4,1,0.14824398811186704,-2.077260111010143,1.9684814663538748,0.01765160157363921,0.3812500000000001
7,294.53999999999996,7.480109838124922,0.07048607964843204,6,Flow304,2,Flow30,0.32031399988385534,6,1200,1270.0,1.0583333333333333,1.480109838124922,False,True,False,False,False,4,1,0.3921162999715022,-1.1384535146620411,2.012247476119873,0.043766009765998426,0.18388157894736823
8,310.63,7.7323450689726165,0.0,6,Flow304,2,Flow30,0.2522352308476945,6,1200,1580.63,1.3171916666666668,1.7323450689726165,False,True,False,False,False,4,1,0.5494760218047212,-1.3773931711247787,2.0454121890326933,0.03316471291282008,0.18388157894736823
9,297.82000000000005,7.199529138574103,-0.02340482753831126,6,Flow304,2,Flow30,-0.5328159303985132,6,1200,1878.4500000000003,1.5653750000000002,1.1995291385741034,False,True,False,False,False,4,1,0.18192909526942388,-0.629579260806327,1.9740156264632416,-0.0713965625694517,0.18388157894736867
10,257.82000000000005,6.933413339319951,-0.07386242668432054,6,Flow304,2,Flow30,-0.26611579925415274,6,1200,2136.2700000000004,1.7802250000000004,0.9334133393199506,False,True,False,False,False,4,1,-0.06890715446081361,-1.3238237293895352,1.9363522372975779,-0.0376633891656637,0.3812500000000001
11,128.15999999999983,6.513081642461702,0.003843957508613101,6,Flow304,2,Flow30,-0.42033169685824845,6,1200,2264.4300000000003,1.8870250000000002,0.5130816424617022,False,True,False,False,False,4,1,-0.667320299375089,-0.8667111249722514,1.8738127147938053,-0.0625395225037726,0.8899671760654329
12,128.0800000000001,6.505580687904365,-0.0038415580345128515,6,Flow304,2,Flow30,-0.007500954557337458,6,1200,2392.51,1.9937583333333335,0.5055806879043647,False,True,False,False,False,4,1,-0.6820476332706739,-4.892724992226899,1.8726603759133544,-0.0011523388804508539,0.3812500000000001
1,0.0,8.009559375992605,0.0,7,Flow304,2,Flow30,,6,1200,0.0,0.0,2.0095593759926054,False,True,False,False,False,4,1,0.6979154821155846,,2.080635750327829,,10.0
2,226.22,8.009559375992605,-0.1742923443597985,7,Flow304,2,Flow30,0.0,6,1200,226.22,0.18851666666666667,2.0095593759926054,False,True,False,False,False,4,1,0.6979154821155846,-6.907755278982137,2.080635750327829,0.0,0.21897635307369523
3,254.97,7.033828764113215,0.06388271125796131,7,Flow304,2,Flow30,-0.9757306118793903,6,1200,481.19,0.4009916666666667,1.0338287641132151,False,True,False,False,False,4,1,0.033269157065796175,-0.02456874308614031,1.9507311897283468,-0.1299045605994824,0.3351851851851846
4,263.02,7.675208201292324,0.054920423754386154,7,Flow304,2,Flow30,0.6413794371791086,6,1200,744.21,0.620175,1.6752082012923237,False,True,False,False,False,4,1,0.5159374568315137,-0.4441340515149644,2.0379954203095365,0.0872642305811897,0.32727272727272716
5,372.2699999999999,7.754074664729699,-0.02368892025794994,7,Flow304,2,Flow30,0.07886646343737524,6,1200,1116.48,0.9304,1.754074664729699,False,True,False,False,False,4,1,0.5619414613049344,-2.5399991929811074,2.048218468391144,0.010223048081607455,0.11958041958041932
6,435.9100000000001,7.69230769230769,0.0,7,Flow304,2,Flow30,-0.061766972422009125,6,1200,1552.39,1.2936583333333334,1.6923076923076898,False,True,False,False,False,4,1,0.5260930958967777,-2.7843864842037407,2.040220828526554,-0.00799763986458979,0.11958041958041932
7,413.87000000000006,7.446096374865667,-0.18777211982962047,7,Flow304,2,Flow30,-0.24621131744202263,6,1200,1966.2600000000002,1.6385500000000002,1.4460963748656672,False,True,False,False,False,4,1,0.36886777080030186,-1.4015650977991774,2.0076899185396972,-0.032530909986856926,0.23108108108108105
8,167.38,6.724513361102473,0.023548604623128043,7,Flow304,2,Flow30,-0.721583013763194,6,1200,2133.6400000000003,1.7780333333333336,0.7245133611024732,False,True,False,False,False,4,1,-0.3222550755660885,-0.32630785019593833,1.9057595602082569,-0.10193035833144037,0.35689655172413826
9,147.52000000000004,6.946023741787383,0.0,7,Flow304,2,Flow30,0.2215103806849097,6,1200,2281.1600000000003,1.900966666666667,0.9460237417873829,False,True,False,False,False,4,1,-0.05548761321835206,-1.5072858252004688,1.9381693723677802,0.03240981215952332,0.35689655172413826
10,141.43999999999997,6.746804013135672,-0.11807671462467181,7,Flow304,2,Flow30,-0.19921972865171078,6,1200,2422.6000000000004,2.0188333333333337,0.7468040131356721,False,True,False,False,False,4,1,-0.2919524935533358,-1.6133468993194997,1.9090689132221526,-0.029100459145627644,0.831042249145697
11,16.219999999999956,4.864864864864865,0.0,7,Flow304,2,Flow30,-1.8819391482708072,6,1200,2438.82,2.03235,1.135135135135135,False,True,False,False,False,4,1,0.1267517056391438,0.6323027070967745,1.5820389382459858,-0.3270299749761667,0.8746058558558558
12,24.480000000000036,4.780452327327327,-0.001141514184992448,7,Flow304,2,Flow30,-0.08441253753753752,6,1200,2463.3,2.05275,1.2195476726726726,False,True,False,False,False,4,1,0.19848002989227764,-2.4720393393895828,1.5645351711742856,-0.017503767071700205,0.6666666666666665
1,0.0,6.7146978592654705,0.0,8,Flow304,2,Flow30,,6,1200,0.0,0.0,0.7146978592654705,False,True,False,False,False,4,1,-0.33589540005176227,,1.9042988340657252,,6.533333333333333
2,126.95999999999998,6.7146978592654705,-0.01464765043402255,8,Flow304,2,Flow30,0.0,6,1200,126.95999999999998,0.10579999999999998,0.7146978592654705,False,True,False,False,False,4,1,-0.33589540005176227,-6.907755278982137,1.9042988340657252,0.0,0.23881278538812767
3,193.13000000000002,6.66008733443789,0.01555003275139062,8,Flow304,2,Flow30,-0.054610524827580775,6,1200,320.09000000000003,0.2667416666666667,0.6600873344378897,False,True,False,False,False,4,1,-0.41538312780994047,-2.9075286523976596,1.8961325977452819,-0.008166236320443332,0.27142857142857135
4,148.94999999999996,7.318632608369116,0.043972163551796686,8,Flow304,2,Flow30,0.6585452739312263,6,1200,469.03999999999996,0.39086666666666664,1.318632608369116,False,True,False,False,False,4,1,0.2765952969295267,-0.4177220070395977,1.9904235083881614,0.09429091064287953,0.6880952380952379
5,176.73000000000002,6.988122587996521,-0.0683344847472058,8,Flow304,2,Flow30,-0.3305100203725946,6,1200,645.77,0.5381416666666666,0.9881225879965214,False,True,False,False,False,4,1,-0.011948512011617464,-1.1071183013221821,1.9442119347619755,-0.04621157362618589,0.6112903225806452
6,279.98,7.288923861661255,0.058164880379554175,8,Flow304,2,Flow30,0.3008012736647334,6,1200,925.75,0.7714583333333334,1.2889238616612548,False,True,False,False,False,4,1,0.2538076544555033,-1.2013054526576594,1.986355916696083,0.0421439819341074,0.2724014336917562
7,278.08000000000004,7.8169260501999975,0.0356731777035749,8,Flow304,2,Flow30,0.5280021885387427,6,1200,1203.83,1.0031916666666667,1.8169260501999975,False,True,False,False,False,4,1,0.5971460897415636,-0.6386548503247259,2.056291389068078,0.06993547237199516,0.5885863856969387
8,137.04999999999995,7.983389361281394,-1.2526677035159343e-16,8,Flow304,2,Flow30,0.16646331108139645,6,1200,1340.8799999999999,1.1174,1.983389361281394,False,True,False,False,False,4,1,0.6848071798759992,-1.7929803477086055,2.0773630532787672,0.02107166421068918,0.62343866494427
9,161.89,8.43724681852926,0.039236830688875804,8,Flow304,2,Flow30,0.4538574572478664,6,1200,1502.77,1.2523083333333334,2.4372468185292604,False,True,False,False,False,4,1,0.8908690491737445,-0.7899721010596237,2.13265604905561,0.05529299577684288,0.5212121212121206
10,209.98000000000008,8.09201842328061,-0.13067369785319516,8,Flow304,2,Flow30,-0.34522839524865034,6,1200,1712.75,1.4272916666666666,2.09201842328061,False,True,False,False,False,4,1,0.7381293527033876,-1.063549065772705,2.090878196030615,-0.04177785302499526,0.4588171550671549
11,146.94999999999993,7.433104725291285,0.040345795314173476,8,Flow304,2,Flow30,-0.6589136979893251,6,1200,1859.6999999999998,1.5497499999999997,1.433104725291285,False,True,False,False,False,4,1,0.35984322732806473,-0.4171627121005445,2.0059436348799173,-0.08493456115069753,0.4801864801864797
12,83.75,7.52242513964222,0.01560685688472657,8,Flow304,2,Flow30,0.08932041435093474,6,1200,1943.4499999999998,1.6195416666666664,1.5224251396422197,False,True,False,False,False,4,1,0.4203045500283461,-2.415525213071827,2.0178885779460884,0.01194494306617111,0.5656565656565657
1,0.0,11.733056546400796,0.0,9,Flow304,3,Flow30,,9,1500,0.0,0.0,1.733056546400796,False,False,True,False,False,4,1,0.5498866393995304,,2.4624102038623112,,6.533333333333333
2,97.72,11.733056546400796,-0.05185826166002375,9,Flow304,3,Flow30,0.0,9,1500,97.72,0.06514666666666667,1.733056546400796,False,False,True,False,False,4,1,0.5498866393995304,-6.907755278982137,2.4624102038623112,0.0,0.5833333333333339
3,175.76999999999998,10.288539040241474,-0.1366873521281597,9,Flow304,3,Flow30,-1.4445175061593218,9,1500,273.49,0.18232666666666666,0.28853904024147425,False,False,True,False,False,4,1,-1.2429248807281899,0.36777536003335504,2.3310305611694906,-0.13137964269282065,0.3173913043478267
4,245.10999999999999,10.024917942358007,0.07842130448837897,9,Flow304,3,Flow30,-0.2636210978834672,9,1500,518.6,0.34573333333333334,0.02491794235800704,False,False,True,False,False,4,1,-3.6921671583753763,-1.3332424420624291,2.3050737878581864,-0.025956773311304193,0.14191729323308255
5,192.71,9.495598780860604,-0.08304757606279414,9,Flow304,3,Flow30,-0.5293191614974031,9,1500,711.3100000000001,0.4742066666666667,0.0,False,False,True,False,False,4,1,-6.907755278982137,-0.6361636991913612,2.250828405031075,-0.05424538282711122,0.3738738738738743
6,213.92999999999998,9.596194989053755,0.04322014683624973,9,Flow304,3,Flow30,0.10059620819315107,9,1500,925.24,0.6168266666666666,0.0,False,False,True,False,False,4,1,-6.907755278982137,-2.2966407139438436,2.2613666645973636,0.0105382595662884,0.212169312169312
7,498.1200000000001,10.307314399845817,-0.05870184438238421,9,Flow304,3,Flow30,0.7111194107920618,9,1500,1423.3600000000001,0.9489066666666668,0.30731439984581677,False,False,True,False,False,4,1,-1.179883951699117,-0.3409149156123669,2.332853779115756,0.0714871145183924,0.17491441020852783
8,327.19999999999993,9.830728826869391,-0.18376026979962998,9,Flow304,3,Flow30,-0.47658557297642545,9,1500,1750.56,1.1670399999999999,0.0,False,False,True,False,False,4,1,-6.907755278982137,-0.7411079854923529,2.2855130745305887,-0.04734070458516726,0.47483896940418724
9,192.88,9.703717460441927,0.1528396677467769,9,Flow304,3,Flow30,-0.1270113664274639,9,1500,1943.44,1.2956266666666667,0.0,False,False,True,False,False,4,1,-6.907755278982137,-2.063478697099531,2.272509055434893,-0.013004019095695707,0.4350649350649345
10,84.47000000000007,10.685357720080743,0.00825983130330753,9,Flow304,3,Flow30,0.9816402596388158,9,1500,2027.91,1.3519400000000001,0.6853577200807432,False,False,True,False,False,4,1,-0.37781435793287493,-0.018530372124526722,2.368874366926738,0.0963653114918448,0.6574465447488818
11,227.79999999999998,9.976013640567578,-0.1883974058071764,9,Flow304,3,Flow30,-0.7093440795131656,9,1500,2255.71,1.5038066666666667,0.0,False,False,True,False,False,4,1,-6.907755278982137,-0.34341456761385397,2.3001835757151703,-0.06869079121156751,1.0357142857142847
12,32.449999999999996,7.960282626799516,-0.028830124300630595,9,Flow304,3,Flow30,-2.015731013768062,9,1500,2288.16,1.52544,0.039717373200484296,False,False,True,False,False,4,1,-3.225966574910364,0.7009819155968335,2.074464505105309,-0.2257190706098613,0.540637610976594
1,0.0,9.999830281843852,0.0,10,Flow304,3,Flow30,,9,1500,0.0,0.0,0.0,False,False,True,False,False,4,1,-6.907755278982137,,2.302568121034408,,5.033333333333333
2,201.75,9.999830281843852,-0.17935956601012992,10,Flow304,3,Flow30,0.0,9,1500,201.75,0.1345,0.0,False,False,True,False,False,4,1,-6.907755278982137,-6.907755278982137,2.302568121034408,0.0,3.0
3,371.21999999999997,8.973897753635757,-0.3001766389718641,10,Flow304,3,Flow30,-1.025932528208095,9,1500,572.97,0.38198000000000004,0.0,False,False,True,False,False,4,1,-6.907755278982137,0.025601982605749828,2.1943201138668376,-0.10824800716757066,0.3506493506493502
4,421.28,8.577338994964972,-0.16356334558002916,10,Flow304,3,Flow30,-0.3965587586707855,9,1500,994.25,0.6628333333333334,0.0,False,False,True,False,False,4,1,-6.907755278982137,-0.9249310555178449,2.1491237249494035,-0.04519638891743405,0.3506493506493502
5,386.7099999999999,8.357790914456357,0.09764945454894171,10,Flow304,3,Flow30,-0.21954808050861452,9,1500,1380.96,0.92064,0.0,False,False,True,False,False,4,1,-6.907755278982137,-1.5161840248565623,2.1231941474955787,-0.025929577453824848,0.2817014446227928
6,424.3800000000001,8.573815526287843,-0.03795827278771168,10,Flow304,3,Flow30,0.2160246118314859,9,1500,1805.3400000000001,1.2035600000000002,0.0,False,False,True,False,False,4,1,-6.907755278982137,-1.5323629341247718,2.1487128524658825,0.02551870497030384,0.24761904761904763
7,284.62,8.468450908929793,0.05858058771977116,10,Flow304,3,Flow30,-0.1053646173580507,9,1500,2089.96,1.3933066666666667,0.0,False,False,True,False,False,4,1,-6.907755278982137,-2.2503283979245152,2.136347600429573,-0.01236525203630956,0.8918941273779977
8,96.77999999999997,8.838709677419356,0.0,10,Flow304,3,Flow30,0.3702587684895633,9,1500,2186.74,1.4578266666666666,0.0,False,False,True,False,False,4,1,-6.907755278982137,-0.9935531434959857,2.179140901902924,0.04279330147335125,0.9365591397849462
9,68.79000000000002,7.517212272976661,-0.053033252988321816,10,Flow304,3,Flow30,-1.3214974044426953,9,1500,2255.5299999999997,1.5036866666666664,0.4827877270233394,False,False,True,False,False,4,1,-0.7281782104974833,0.27876549096091763,2.0171953608516473,-0.1619455410512769,1.333333333333333
10,62.840000000000046,7.095229320915274,-0.02080097203608768,10,Flow304,3,Flow30,-0.4219829520613869,9,1500,2318.37,1.54558,0.9047706790847263,False,False,True,False,False,4,1,-0.10007376066825709,-0.8627903637209435,1.9594226315717462,-0.05777272927990107,1.333333333333333
11,60.0,7.0,0.0,10,Flow304,3,Flow30,-0.0952293209152737,9,1500,2378.37,1.58558,1.0,False,False,True,False,False,4,1,0.0,-2.3514673917973687,1.9459101490553132,-0.013512482516433,1.145833333333333
12,6.639999999999986,7.928571428571429,0.0029829165136773844,10,Flow304,3,Flow30,0.9285714285714288,9,1500,2385.0099999999998,1.5900066666666666,0.07142857142857117,False,False,True,False,False,4,1,-2.639057329615262,-0.0741079721537216,2.0704728716970755,0.12456272264176227,1.0714285714285716
1,0.0,9.71189245490096,0.0,11,Flow304,3,Flow30,,9,1500,0.0,0.0,0.0,False,False,True,False,False,4,1,-6.907755278982137,,2.273351160831301,,10.0
2,269.34000000000003,9.71189245490096,-0.18607581317940508,11,Flow304,3,Flow30,0.0,9,1500,269.34000000000003,0.17956000000000003,0.0,False,False,True,False,False,4,1,-6.907755278982137,-6.907755278982137,2.273351160831301,0.0,0.48028673835125524
3,336.83000000000004,7.425361265518683,0.073919851064049,11,Flow304,3,Flow30,-2.286531189382277,9,1500,606.1700000000001,0.4041133333333334,0.5746387344813169,False,False,True,False,False,4,1,-0.5540137234988929,0.8270359046887071,2.004901338793845,-0.26844982203745626,0.5014492753623188
4,406.51000000000005,7.613203538868922,-0.07147644795562123,11,Flow304,3,Flow30,0.18784227335023918,9,1500,1012.6800000000001,0.67512,0.3867964611310777,False,False,True,False,False,4,1,-0.9498566645372044,-1.6721526398270594,2.0298840476646896,0.02498270887084475,0.2698239883868623
5,414.70000000000005,7.650928015935059,0.0,11,Flow304,3,Flow30,0.037724477066136686,9,1500,1427.38,0.9515866666666667,0.349071984064941,False,False,True,False,False,4,1,-1.0524771199822467,-3.277446136156925,2.034826949753626,0.004942902088936663,0.4650856389986826
6,336.21000000000004,7.168836467070464,-0.04118412431894815,11,Flow304,3,Flow30,-0.48209154886459515,9,1500,1763.5900000000001,1.1757266666666668,0.8311635329295362,False,False,True,False,False,4,1,-0.18492871295848065,-0.7296212475632575,1.969743363489127,-0.06508358626449917,0.3910361095989838
7,259.47,7.3394123073215445,0.03448018938883191,11,Flow304,3,Flow30,0.17057584025108063,9,1500,2023.0600000000002,1.3487066666666667,0.6605876926784555,False,False,True,False,False,4,1,-0.41462539671904725,-1.7685752703008104,1.9932587722984756,0.023515408809348548,0.49033816425120724
8,155.59000000000003,7.502157100270853,-0.020928971621484594,11,Flow304,3,Flow30,0.16274479294930888,9,1500,2178.65,1.4524333333333335,0.49784289972914664,False,False,True,False,False,4,1,-0.6974707141174832,-1.8155719925723557,2.0151905925589157,0.02193182026044016,0.7681159420289849
9,52.079999999999956,7.132075471698113,0.0,11,Flow304,3,Flow30,-0.3700816285727404,9,1500,2230.73,1.4871533333333333,0.867924528301887,False,False,True,False,False,4,1,-0.14165051706302653,-0.9940316799122239,1.9646022820674658,-0.05058831049144996,0.7681159420289849
10,58.83000000000001,7.193845761307491,0.00890989733871801,11,Flow304,3,Flow30,0.06177028960937836,9,1500,2289.56,1.5263733333333334,0.8061542386925087,False,False,True,False,False,4,1,-0.21548019164102894,-2.7843327807734477,1.9732259051363785,0.008623623068912734,0.7681159420289849
11,53.47000000000003,7.132075471698113,0.0,11,Flow304,3,Flow30,-0.06177028960937836,9,1500,2343.0299999999997,1.5620199999999997,0.867924528301887,False,False,True,False,False,4,1,-0.14165051706302653,-2.7843327807734477,1.9646022820674658,-0.008623623068912734,0.7681159420289849
12,52.74999999999994,7.132075471698113,0.0,11,Flow304,3,Flow30,0.0,9,1500,2395.7799999999997,1.5971866666666665,0.867924528301887,False,False,True,False,False,4,1,-0.14165051706302653,-6.907755278982137,1.9646022820674658,0.0,0.7681159420289849
1,0.0,9.244638916906371,0.0,12,Flow304,3,Flow30,,9,1500,0.0,0.0,0.0,False,False,True,False,False,4,1,-6.907755278982137,,2.224043806954259,,10.0
2,204.46999999999997,9.244638916906371,-0.05085842712631973,12,Flow304,3,Flow30,0.0,9,1500,204.46999999999997,0.13631333333333331,0.0,False,False,True,False,False,4,1,-6.907755278982137,-6.907755278982137,2.224043806954259,0.0,0.3940753200635463
3,100.75999999999999,6.94310881752566,-0.02073996892833346,12,Flow304,3,Flow30,-2.3015300993807113,9,1500,305.22999999999996,0.20348666666666665,1.0568911824743399,False,False,True,False,False,4,1,0.05533175217911801,0.833574162347673,1.9377496306319921,-0.28629417632226684,0.32587397982134814
4,203.71999999999997,7.462438030245156,0.0631640668763147,12,Flow304,3,Flow30,0.5193292127194962,9,1500,508.94999999999993,0.33929999999999993,0.5375619697548437,False,False,True,False,False,4,1,-0.6207112330588453,-0.6552172756807559,2.009882174529488,0.0721325438974958,0.7083672652091746
5,189.26999999999998,7.790892113914423,0.02669104155759913,12,Flow304,3,Flow30,0.32845408366926687,9,1500,698.2199999999999,0.46547999999999995,0.20910788608557684,False,False,True,False,False,4,1,-1.5649049588370232,-1.1133582265674467,2.052955373725494,0.04307319919600605,0.3248313090418353
6,307.88000000000005,8.128511457974087,-0.27775775981764367,12,Flow304,3,Flow30,0.33761934405966354,9,1500,1006.0999999999999,0.6707333333333333,0.0,False,False,True,False,False,4,1,-6.907755278982137,-1.0858362191469184,2.095377814296129,0.04242244057063482,0.4668154761904768
7,168.04000000000002,6.059405940594058,0.0,12,Flow304,3,Flow30,-2.069105517380029,9,1500,1174.1399999999999,0.7827599999999999,1.9405940594059423,False,False,True,False,False,4,1,0.6629941423892587,0.7271163966800172,1.8016117656710664,-0.2937660486250624,0.4668154761904768
8,220.32999999999998,6.709394039703354,0.09700344473466996,12,Flow304,3,Flow30,0.6499880991092963,9,1500,1394.4699999999998,0.9296466666666665,1.290605960296646,False,False,True,False,False,4,1,0.25511184474591797,-0.4308012253226882,1.903508639856983,0.10189687418591653,0.21562499999999973
9,164.85000000000005,6.923076923076923,0.0,12,Flow304,3,Flow30,0.21368288337356933,9,1500,1559.32,1.0395466666666666,1.0769230769230766,False,False,True,False,False,4,1,0.07410797215372163,-1.543262216385432,1.9348603128687283,0.03135167301174535,0.2666666666666666
10,131.32999999999996,7.422275079662062,0.06639573913655204,12,Flow304,3,Flow30,0.49919815658513844,9,1500,1690.6499999999999,1.1271,0.5777249203379382,False,False,True,False,False,4,1,-0.5486574399642484,-0.6947521546718414,2.0044856246923786,0.06962531182365028,1.0476190476190474
11,34.98000000000001,7.9148471615720535,0.1620008290156087,12,Flow304,3,Flow30,0.4925720819099917,9,1500,1725.6299999999999,1.15042,0.08515283842794652,False,False,True,False,False,4,1,-2.463307537984551,-0.7081144698713525,2.0687403831745903,0.06425475848221174,4.416666666666666
12,236.07999999999998,7.684868049256075,-0.26855822874450436,12,Flow304,3,Flow30,-0.2299791123159789,9,1500,1961.7099999999998,1.3078066666666666,0.3151319507439254,False,False,True,False,False,4,1,-1.1547638366163937,-1.469766790200449,2.0392532069350318,-0.029487176239558544,0.3736737400530501
1,0.0,9.033930915165254,0.0,13,Flow304,4,Flow30,,6,1200,0.0,0.0,3.0339309151652536,False,False,False,True,False,4,1,1.1098591104512923,,2.2009875899998574,,10.0
2,177.48000000000002,9.033930915165254,-0.11587998897836754,13,Flow304,4,Flow30,0.0,6,1200,177.48000000000002,0.1479,3.0339309151652536,False,False,False,True,False,4,1,1.1098591104512923,-6.907755278982137,2.2009875899998574,0.0,0.5666666666666669
3,77.72000000000001,7.173914190409947,-0.08369394187182988,13,Flow304,4,Flow30,-1.8600167247553063,6,1200,255.20000000000005,0.2126666666666667,1.1739141904099473,False,False,False,True,False,4,1,0.1603436270905831,0.620585479488612,1.970451417846744,-0.2305361721531134,0.19881450488145047
4,243.04000000000002,7.1251697614023595,-0.0017434961849751777,13,Flow304,4,Flow30,-0.0487444290075878,6,1200,498.24000000000007,0.41520000000000007,1.1251697614023595,False,False,False,True,False,4,1,0.11793392329659043,-3.0211643648357978,1.9636335520326105,-0.006817865814133572,0.48362573099415185
5,110.85999999999999,6.436719685544664,0.0,13,Flow304,4,Flow30,-0.6884500758576957,6,1200,609.1,0.5075833333333334,0.4367196855446638,False,False,False,True,False,4,1,-0.8284637415476747,-0.3733124749055526,1.862019044746882,-0.1016145072857284,0.4913793103448274
6,189.31,6.327390799637788,0.006156110555930493,13,Flow304,4,Flow30,-0.1093288859068755,6,1200,798.4100000000001,0.6653416666666667,0.3273907996377883,False,False,False,True,False,4,1,-1.116600715729541,-2.213394637774479,1.8448879552301858,-0.017131089516696285,0.2463826910074376
7,162.34999999999997,6.045005488474204,0.0,13,Flow304,4,Flow30,-0.28238531116358434,6,1200,960.76,0.8006333333333333,0.045005488474203936,False,False,False,True,False,4,1,-3.1009708305556556,-1.2644827890090968,1.799232392002523,-0.04565556322766273,0.2463826910074376
8,295.44,6.50622674559419,-0.002147891591083911,13,Flow304,4,Flow30,0.46122125711998585,6,1200,1256.2,1.0468333333333333,0.5062267455941898,False,False,False,True,False,4,1,-0.6807705962451764,-0.7738774007560946,1.8727596792105572,0.07352728720803414,0.2540106951871657
9,145.57000000000002,6.133418140058004,0.014159404384983627,13,Flow304,4,Flow30,-0.37280860553618567,6,1200,1401.77,1.1681416666666666,0.13341814005800412,False,False,False,True,False,4,1,-2.014267172301579,-0.9866901129173099,1.8137522030346058,-0.05900747617595137,0.2540106951871657
10,222.45000000000005,6.6092721967248895,0.10183377357165686,13,Flow304,4,Flow30,0.4758540566668854,6,1200,1624.22,1.3535166666666667,0.6092721967248895,False,False,False,True,False,4,1,-0.4954901542723829,-0.7426440754042202,1.8884735414058114,0.07472133837120554,0.2087203337203336
11,170.13000000000002,6.195704352454912,-0.05162713477425311,13,Flow304,4,Flow30,-0.41356784426997795,6,1200,1794.3500000000001,1.4952916666666667,0.19570435245491158,False,False,False,True,False,4,1,-1.6311501643833153,-0.8829337047726273,1.8238562055438325,-0.06461733586197882,0.2540106951871657
12,129.13999999999996,6.237342256593725,0.0,13,Flow304,4,Flow30,0.0416379041388133,6,1200,1923.49,1.6029083333333334,0.23734225659372488,False,False,False,True,False,4,1,-1.4382520589377905,-3.178744369383636,1.8305541712337996,0.006697965689967056,0.2540106951871657
1,0.0,7.9258836480318395,0.0,14,Flow304,4,Flow30,,6,1200,0.0,0.0,1.9258836480318395,False,False,False,True,False,4,1,0.655384900352682,,2.070133814876472,,5.133333333333334
2,284.56,7.9258836480318395,-0.30635761966031966,14,Flow304,4,Flow30,0.0,6,1200,284.56,0.23713333333333333,1.9258836480318395,False,False,False,True,False,4,1,0.655384900352682,-6.907755278982137,2.070133814876472,0.0,0.42166266986410905
3,177.39,7.806054524481845,0.028560143390520935,14,Flow304,4,Flow30,-0.11982912354999442,6,1200,461.95,0.38495833333333335,1.8060545244818451,False,False,False,True,False,4,1,0.5911446452820552,-2.1216885214261647,2.054899653679179,-0.015234161197292817,0.36666666666666714
4,230.64999999999998,6.808014466295095,-0.15453432445497925,14,Flow304,4,Flow30,-0.9980400581867501,6,1200,692.5999999999999,0.5771666666666666,0.808014466295095,False,False,False,True,False,4,1,-0.21317531679075022,-0.0019618650125221774,1.9181005161652747,-0.13679913751390438,0.37336601307189543
5,327.71000000000004,7.328859613208108,0.16737823586621745,14,Flow304,4,Flow30,0.5208451469130129,6,1200,1020.31,0.8502583333333333,1.3288596132081079,False,False,False,True,False,4,1,0.2843211407490303,-0.6523025042239398,1.9918199257879672,0.07371940962269252,0.24848484848484897
6,192.8,7.103100033313621,-0.12636584222006794,14,Flow304,4,Flow30,-0.22575957989448714,6,1200,1213.11,1.0109249999999999,1.1031000333136207,False,False,False,True,False,4,1,0.09812442819319916,-1.4882846517294392,1.960531313164938,-0.03128861262302918,0.29292929292929326
7,133.69,6.660426101086206,0.020162672505326076,14,Flow304,4,Flow30,-0.44267393222741447,6,1200,1346.8,1.1223333333333334,0.6604261010862063,False,False,False,True,False,4,1,-0.414870044570293,-0.8149218245842221,1.8961834616477928,-0.06434785151714517,0.206372549019608
8,146.88,6.690437880434952,0.01465197411296464,14,Flow304,4,Flow30,0.03001177934874555,6,1200,1493.6799999999998,1.2447333333333332,0.6904378804349518,False,False,False,True,False,4,1,-0.37042927334416187,-3.5061653294266564,1.9006793249779976,0.004495863330204797,0.36724806201550386
9,98.25,6.580410249201857,-0.027011051326513852,14,Flow304,4,Flow30,-0.11002763123309478,6,1200,1591.9299999999998,1.3266083333333332,0.580410249201857,False,False,False,True,False,4,1,-0.5440200992688591,-2.207023751705273,1.884097091296694,-0.016582233681303737,0.4366925064599485
10,80.86000000000004,6.58040681701626,0.022230163972131414,14,Flow304,4,Flow30,-3.432185597063153e-06,6,1200,1672.79,1.3939916666666667,0.58040681701626,False,False,False,True,False,4,1,-0.5440260126650297,-12.582313299402388,1.8840965697203238,-5.21576370093868e-07,0.36724806201550386
11,46.66,6.762029096736921,-0.003486631284391602,14,Flow304,4,Flow30,0.1816222797206608,6,1200,1719.45,1.4328750000000001,0.7620290967369208,False,False,False,True,False,4,1,-0.2717705393303859,-1.7058261346537593,1.9113230072543899,0.02722643753406606,0.4366925064599485
12,167.23999999999995,7.659668363371184,0.1225756162109898,14,Flow304,4,Flow30,0.897639266634263,6,1200,1886.69,1.5722416666666668,1.6596683633711837,False,False,False,True,False,4,1,0.5066178013078527,-0.10798699892025151,2.0359686882161996,0.12464568096180972,0.45891472868217065
1,2.74,6.86335403726708,0.0,15,Flow304,4,Flow30,,6,1200,2.74,0.0022833333333333334,0.8633540372670803,False,False,False,True,False,4,1,-0.1469304318537718,,1.92619624896739,,1.4636363636363634
2,142.8,6.51888789920987,-0.02035893402583831,15,Flow304,4,Flow30,-0.3444661380572098,6,1200,145.54000000000002,0.12128333333333335,0.5188878992098704,False,False,False,True,False,4,1,-0.6560674129615506,-1.065759486371952,1.874703793784405,-0.05149245518298495,0.19136975455265226
3,234.87,6.716629996876013,0.043325453924584506,15,Flow304,4,Flow30,0.1977420976661426,6,1200,380.41,0.31700833333333334,0.716629996876013,False,False,False,True,False,4,1,-0.33319561498737077,-1.6207916343660052,1.9045865401874973,0.029882746403092186,0.28452380952380985
4,225.43,6.889620152745716,-0.010917870783671738,15,Flow304,4,Flow30,0.17299015586970334,6,1200,605.84,0.5048666666666667,0.8896201527457164,False,False,False,True,False,4,1,-0.11696070202645252,-1.7545205885906299,1.930015953280255,0.025429413092757702,0.1705128205128208
5,305.17,6.892336724260233,0.03746703488127524,15,Flow304,4,Flow30,0.0027165715145169855,6,1200,911.01,0.759175,0.8923367242602334,False,False,False,True,False,4,1,-0.11391172406961352,-5.908384666342047,1.9304101747357336,0.0003942214554786272,0.33571428571428585
6,276.94999999999993,7.042586786882223,-0.03507228369931705,15,Flow304,4,Flow30,0.15025006262199003,6,1200,1187.96,0.9899666666666667,1.0425867868822234,False,False,False,True,False,4,1,0.0417049200337179,-1.8954542887816155,1.9519755439984192,0.021565369262685596,0.33571428571428585
7,283.42999999999995,6.8649564006596595,0.037540623621082715,15,Flow304,4,Flow30,-0.17763038622256389,6,1200,1471.3899999999999,1.2261583333333332,0.8649564006596595,False,False,False,True,False,4,1,-0.14507617718224036,-1.72805036946339,1.9264296882397756,-0.025545855758643654,0.4357142857142855
8,305.22999999999996,6.9008033889043,-0.040428058243174955,15,Flow304,4,Flow30,0.035846988244640166,6,1200,1776.62,1.4805166666666665,0.9008033889042997,False,False,False,True,False,4,1,-0.1044682594986594,-3.3284957253779464,1.931637837999934,0.005208149760158376,0.33571428571428585
9,224.82000000000002,7.721687974641787,0.17877285536186882,15,Flow304,4,Flow30,0.8208845857374873,6,1200,2001.4399999999998,1.6678666666666666,1.721687974641787,False,False,False,True,False,4,1,0.5433051901919319,-0.19737275707612387,2.0440329897013507,0.11239515170141678,0.3393939393939389
10,119.00999999999998,7.823212591642631,-0.09361762828627511,15,Flow304,4,Flow30,0.1015246170008437,6,1200,2120.45,1.7670416666666666,1.8232125916426307,False,False,False,True,False,4,1,0.6006001052674319,-2.287453977878416,2.0570952875404833,0.013062297839132597,0.3357142857142854
11,96.74999999999999,7.5233476298241655,0.0,15,Flow304,4,Flow30,-0.2998649618184652,6,1200,2217.2,1.8476666666666666,1.5233476298241655,False,False,False,True,False,4,1,0.4209103011988874,-1.20442303293541,2.0180112024463033,-0.03908408509418004,0.3357142857142854
12,187.76000000000002,6.613598052536655,-0.08785896319741365,15,Flow304,4,Flow30,-0.9097495772875108,6,1200,2404.96,2.0041333333333333,0.6135980525366547,False,False,False,True,False,4,1,-0.48841520276617634,-0.09458590713684491,1.8891278404928546,-0.12888336195344863,0.10405405405405377
1,0.0,8.67727119157423,0.0,16,Flow304,4,Flow30,,6,1200,0.0,0.0,2.6772711915742295,False,False,False,True,False,4,1,0.9847980636935098,,2.160707100393973,,3.5999999999999996
2,138.57999999999998,8.67727119157423,-0.3274550944581216,16,Flow304,4,Flow30,0.0,6,1200,138.57999999999998,0.11548333333333333,2.6772711915742295,False,False,False,True,False,4,1,0.9847980636935098,-6.907755278982137,2.160707100393973,0.0,0.4722222222222223
3,190.33,8.4304953963828,0.14418810246836536,16,Flow304,4,Flow30,-0.24677579519142867,6,1200,328.90999999999997,0.2740916666666666,2.430495396382801,False,False,False,True,False,4,1,0.8880951033986378,-1.3992750663495561,2.1318555361688256,-0.028851564225147452,0.4571428571428573
4,366.33000000000004,9.146362475503429,0.15687294587758888,16,Flow304,4,Flow30,0.7158670791206276,6,1200,695.24,0.5793666666666667,3.1463624755034285,False,False,False,True,False,4,1,1.1462470158958444,-0.33426077294168777,2.2133562565851723,0.0815007204163467,0.711111111111113
5,191.04000000000005,7.795005874257095,-0.24032001820138205,16,Flow304,4,Flow30,-1.3513566012463336,6,1200,886.2800000000001,0.7385666666666667,1.795005874257095,False,False,False,True,False,4,1,0.585008294501514,0.3011089776986622,2.053483256102412,-0.1598730004827602,0.2209132420091322
6,197.53999999999996,7.59951320052077,0.16388255219615286,16,Flow304,4,Flow30,-0.19549267373632517,6,1200,1083.8200000000002,0.9031833333333334,1.5995132005207697,False,False,False,True,False,4,1,0.46969933327789437,-1.6322323747534033,2.0280841926777757,-0.02539906342463638,0.46757990867579924
7,184.06000000000003,7.185930911185986,-0.1522794990117772,16,Flow304,4,Flow30,-0.4135822893347836,6,1200,1267.88,1.0565666666666667,1.1859309111859861,False,False,False,True,False,4,1,0.17052804524127624,-0.8828987774620456,1.9721250742819005,-0.055959118395875196,0.25091324200913245
8,137.73999999999998,6.881002558821178,0.00072964743846276,16,Flow304,4,Flow30,-0.30492835236480786,6,1200,1405.6200000000001,1.1713500000000001,0.8810025588211783,False,False,False,True,False,4,1,-0.1266947485993488,-1.1876784402497853,1.928764362087906,-0.04336071219399451,0.14866684737867208
9,187.52,6.754425878355902,-0.025864649126569363,16,Flow304,4,Flow30,-0.12657668046527615,6,1200,1593.14,1.3276166666666667,0.7544258783559021,False,False,False,True,False,4,1,-0.28179824502230516,-2.0669069847752186,1.910197975698856,-0.01856638638904995,0.23474703751458215
10,335.81,6.480363934208051,-0.03877988836373493,16,Flow304,4,Flow30,-0.2740619441478511,6,1200,1928.95,1.6074583333333334,0.480363934208051,False,False,False,True,False,4,1,-0.7332112660990135,-1.2944011246125335,1.8687766714735463,-0.04142130422530976,0.08100775193798482
11,252.01000000000002,6.59121725051358,0.10205331667638462,16,Flow304,4,Flow30,0.11085331630552897,6,1200,2180.96,1.8174666666666668,0.59121725051358,False,False,False,True,False,4,1,-0.5255717309619642,-2.199547426312483,1.8857380432196023,0.016961371746055942,0.5936444444444442
12,63.26000000000003,7.209302325581396,0.0,16,Flow304,4,Flow30,0.6180850750678157,6,1200,2244.2200000000003,1.8701833333333335,1.2093023255813957,False,False,False,True,False,4,1,0.19004360288786523,-0.4811291690769472,1.9753721817856296,0.08963413856602731,0.5936444444444442
1,0.0,11.31744632442178,0.0,17,Flow304,5,Flow30,,14,1100,0.0,0.0,2.6825536755782196,False,False,False,False,True,4,1,0.9867692048577454,,2.4263454576104593,,3.5999999999999996
2,102.26,11.31744632442178,-0.1581687952628505,17,Flow304,5,Flow30,0.0,14,1100,102.26,0.09296363636363637,2.6825536755782196,False,False,False,False,True,4,1,0.9867692048577454,-6.907755278982137,2.4263454576104593,0.0,1.2892207792207797
3,272.8,10.495226185422002,0.4097432444316989,17,Flow304,5,Flow30,-0.8222201389997785,14,1100,375.06,0.34096363636363636,3.504773814577998,False,False,False,False,True,4,1,1.2541259861868561,-0.19574711077822302,2.3509205047718527,-0.07542495283860662,0.307855973813421
4,266.91,9.916631384204827,-0.20002059967201388,17,Flow304,5,Flow30,-0.5785948012171751,14,1100,641.97,0.583609090909091,4.083368615795173,False,False,False,False,True,4,1,1.406922288888196,-0.5471528715873212,2.294213285421888,-0.0567072193499647,0.48879781420765056
5,379.49,10.936201376117468,0.058496060961466256,17,Flow304,5,Flow30,1.0195699919126415,14,1100,1021.46,0.9286,3.0637986238825317,False,False,False,False,True,4,1,1.1196555264425396,0.019380961851566483,2.392078513308208,0.09786522788632013,0.2815552313106169
6,380.6,11.149026883214052,0.0,17,Flow304,5,Flow30,0.21282550709658388,14,1100,1402.06,1.2746,2.850973116785948,False,False,False,False,True,4,1,1.0476603804879536,-1.5472826645221078,2.411352219049372,0.019273705741163827,0.2815552313106169
7,106.5,11.303108757266461,0.002453133182991893,17,Flow304,5,Flow30,0.1540818740524088,14,1100,1508.56,1.3714181818181819,2.696891242733539,False,False,False,False,True,4,1,0.9920997180695865,-1.870271168153168,2.4250777991446495,0.013725580095277579,0.621052631578948
8,171.31,11.732599571036685,0.005052255009188559,17,Flow304,5,Flow30,0.429490813770224,14,1100,1679.87,1.5271545454545454,2.267400428963315,False,False,False,False,True,4,1,0.818633989788657,-0.8451549259816123,2.462371255421076,0.03729345627642644,0.22422062350119987
9,254.32999999999998,11.234531258365314,-0.03240163811209863,17,Flow304,5,Flow30,-0.4980683126713714,14,1100,1934.1999999999998,1.7583636363636361,2.7654687416346864,False,False,False,False,True,4,1,1.0172101474180735,-0.6970180373260839,2.4189921832151056,-0.04337907220597037,0.13162803090860642
10,359.2800000000001,10.919260796055818,0.07868530096110239,17,Flow304,5,Flow30,-0.3152704623094955,14,1100,2293.48,2.0849818181818183,3.080739203944182,False,False,False,False,True,4,1,1.1251695694703616,-1.1543243980453128,2.3905282753566257,-0.028463907858479853,0.13162803090860642
11,141.15,10.902416193504175,0.0,17,Flow304,5,Flow30,-0.016844602551643106,14,1100,2434.63,2.2133000000000003,3.097583806495825,False,False,False,False,True,4,1,1.1306223903281352,-4.08372499684287,2.3889844337989503,-0.001543841557675396,0.5543859649122806
12,77.16,10.481012658227847,0.0,17,Flow304,5,Flow30,-0.4214035352763279,14,1100,2511.79,2.2834454545454546,3.518987341772153,False,False,False,False,True,4,1,1.2581732612236158,-0.8641643882871821,2.349565301918238,-0.03941913188071222,0.5543859649122806
1,0.0,10.684238710533268,0.0,18,Flow304,5,Flow30,,14,1100,0.0,0.0,3.3157612894667317,False,False,False,False,True,4,1,1.1986872471868701,,2.3687696378035525,,10.0
2,175.39,10.684238710533268,-0.02240059032788939,18,Flow304,5,Flow30,0.0,14,1100,175.39,0.15944545454545453,3.3157612894667317,False,False,False,False,True,4,1,1.1986872471868701,-6.907755278982137,2.3687696378035525,0.0,0.29656844196386345
3,353.22999999999996,10.729237119978684,0.03213316683546411,18,Flow304,5,Flow30,0.04499840944541589,14,1100,528.6199999999999,0.48056363636363625,3.2707628800213158,False,False,False,False,True,4,1,1.1850232543423362,-3.1011281354939144,2.372972456256571,0.004202818453018509,0.2751143245581513
4,345.04,11.801482673182353,0.2578518349545729,18,Flow304,5,Flow30,1.0722455532036683,14,1100,873.6599999999999,0.7942363636363635,2.1985173268176474,False,False,False,False,True,4,1,0.78778319080742,0.06975509724250259,2.468225173847976,0.09525271759140486,0.2666666666666657
5,156.53000000000003,11.712407846601364,0.032126259015672454,18,Flow304,5,Flow30,-0.08907482658098864,14,1100,1030.1899999999998,0.9365363636363635,2.287592153398636,False,False,False,False,True,4,1,0.8274998029948428,-2.4182785143797143,2.460648779580663,-0.007576394267312825,0.17163275193798455
6,430.90000000000003,11.141615805021095,-0.3199262984932747,18,Flow304,5,Flow30,-0.570792041580269,14,1100,1461.09,1.3282636363636362,2.858384194978905,False,False,False,False,True,4,1,1.0502564983872957,-0.560730336048012,2.4106872693151105,-0.04996151026555262,0.4124153471847203
7,243.07,9.529448628441305,-0.21048472730257284,18,Flow304,5,Flow30,-1.6121671765797903,14,1100,1704.1599999999999,1.5492363636363635,4.470551371558695,False,False,False,False,True,4,1,1.4975117503605628,0.4775793462628809,2.2543868595853658,-0.15630040972974468,1.0277777777777777
8,273.15999999999997,10.613050172056782,0.14679578158504872,18,Flow304,5,Flow30,1.0836015436154778,14,1100,1977.3199999999997,1.797563636363636,3.3869498279432175,False,False,False,False,True,4,1,1.2199297606002084,0.08029025575296166,2.362084392183642,0.10769753259827608,1.0277777777777786
9,65.72,10.277409484956655,0.05573107893260845,18,Flow304,5,Flow30,-0.3356406871001276,14,1100,2043.0399999999997,1.8573090909090906,3.722590515043345,False,False,False,False,True,4,1,1.3144198009401362,-1.0917140748481498,2.3299482326440013,-0.03213615953964055,0.6111111111111107
10,32.73000000000002,11.272727272727275,0.0,18,Flow304,5,Flow30,0.9953177877706203,14,1100,2075.7699999999995,1.887063636363636,2.727272727272725,False,False,False,False,True,4,1,1.003302108863784,-0.004693208121887759,2.4223862928066664,0.09243806016266509,0.6111111111111107
11,95.15,12.22977188770712,0.0,18,Flow304,5,Flow30,0.9570446149798446,14,1100,2170.9199999999996,1.973563636363636,1.7702281122928802,False,False,False,False,True,4,1,0.5711084152834377,-0.04390526899218159,2.5038732976614466,0.08148700485478022,0.6111111111111107
12,31.090000000000003,11.272727272727273,0.0,18,Flow304,5,Flow30,-0.9570446149798464,14,1100,2202.0099999999998,2.0018272727272723,2.7272727272727266,False,False,False,False,True,4,1,1.0033021088637846,-0.04390526899217974,2.4223862928066664,-0.08148700485478022,0.6111111111111107
1,16.0,9.733333333333334,0.0,19,Flow304,5,Flow30,,14,1100,16.0,0.014545454545454545,4.266666666666666,False,False,False,False,True,4,1,1.4508328822574617,,2.2755564206061263,,0.5000000000000009
2,226.17,9.778709186009168,0.013448257618402742,19,Flow304,5,Flow30,0.04537585267583388,14,1100,242.17,0.22015454545454544,4.221290813990832,False,False,False,False,True,4,1,1.4401409613687566,-3.09277519481977,2.2802074902652927,0.004651069659166396,0.3406504065040652
3,184.73,11.104878452479419,0.26305740250874504,19,Flow304,5,Flow30,1.3261692664702505,14,1100,426.9,0.3880909090909091,2.8951215475205814,False,False,False,False,True,4,1,1.063027095470225,0.2822945355552041,2.407384511989725,0.12717702172443213,0.5773106060606059
4,204.81,11.618493237074114,-0.16887015397514588,19,Flow304,5,Flow30,0.5136147845946955,14,1100,631.71,0.5742818181818182,2.381506762925886,False,False,False,False,True,4,1,0.8677333810304696,-0.6662817408160754,2.45259807322883,0.04521356123910536,0.25833333333333375
5,209.26999999999998,10.854279749478078,0.0,19,Flow304,5,Flow30,-0.7642134875960362,14,1100,840.98,0.7645272727272727,3.145720250521922,False,False,False,False,True,4,1,1.1460428784069712,-0.26890809482380706,2.384559449169224,-0.06803862405960626,0.25833333333333375
6,237.76,11.125630438797167,0.0,19,Flow304,5,Flow30,0.2713506893190889,14,1100,1078.74,0.9806727272727273,2.8743695612028333,False,False,False,False,True,4,1,1.0558333671433842,-1.3043432381439473,2.4092514951026214,0.024692045933397466,0.25833333333333375
7,167.73000000000002,10.972381585371586,0.046328169720039065,19,Flow304,5,Flow30,-0.15324885342558048,14,1100,1246.47,1.1331545454545455,3.0276184146284137,False,False,False,False,True,4,1,1.1077763086871244,-1.8756921859192175,2.395381350575934,-0.013870144526687334,0.429185867895546
8,67.21999999999998,11.69338212803417,0.06882772788823173,19,Flow304,5,Flow30,0.7210005426625834,14,1100,1313.69,1.1942636363636363,2.3066178719658303,False,False,False,False,True,4,1,0.8357823269656854,-0.32711538904478965,2.459023051692118,0.06364170111618384,0.7851791998850812
9,20.229999999999986,12.98318097534462,0.0006149830676169335,19,Flow304,5,Flow30,1.2897988473104505,14,1100,1333.92,1.2126545454545454,1.0168190246553799,False,False,False,False,True,4,1,0.01667915104004212,0.2544862738973927,2.563654748689777,0.10463169699765906,0.863725490196078
10,86.48,11.652096184861806,-0.06764883966766336,19,Flow304,5,Flow30,-1.331084790482814,14,1100,1420.4,1.2912727272727273,2.347903815138194,False,False,False,False,True,4,1,0.8535229365348675,0.28599424172865273,2.4554860938572993,-0.10816865483247762,0.3569105691056915
11,134.95,12.012216012129132,-0.036715655551723306,19,Flow304,5,Flow30,0.36011982726732583,14,1100,1555.3500000000001,1.4139545454545457,1.987783987870868,False,False,False,False,True,4,1,0.687020444318031,-1.0213184493950755,2.4859241329871242,0.0304380391298249,0.6888888888888891
12,145.76000000000005,12.908901626684035,0.22041786508971115,19,Flow304,5,Flow30,0.8966856145549027,14,1100,1701.1100000000001,1.5464636363636364,1.0910983733159654,False,False,False,False,True,4,1,0.08718487081167448,-0.10904996380375923,2.557917121973732,0.071992988986608,1.0553921568627445
1,0.0,11.226312817116078,0.0,20,Flow304,5,Flow30,,14,1100,0.0,0.0,2.773687182883922,False,False,False,False,True,4,1,1.0201775480082815,,2.41826038154386,,10.0
2,226.63,11.226312817116078,0.2989145980505725,20,Flow304,5,Flow30,0.0,14,1100,226.63,0.20602727272727273,2.773687182883922,False,False,False,False,True,4,1,1.0201775480082815,-6.907755278982137,2.41826038154386,0.0,0.4333333333333327
3,357.73,11.881194994931196,-0.18858541629794764,20,Flow304,5,Flow30,0.6548821778151179,14,1100,584.36,0.5312363636363636,2.118805005068804,False,False,False,False,True,4,1,0.7508522529040608,-0.42329994072574156,2.474956897674707,0.05669651613084703,0.26459293394777283
4,435.90000000000003,11.715243097033428,0.1566334028132125,20,Flow304,5,Flow30,-0.16595189789776832,14,1100,1020.26,0.927509090909091,2.2847569029665724,False,False,False,False,True,4,1,0.8262596304881057,-1.796057304317716,2.460890822664942,-0.0140660750097652,0.26459293394777195
5,596.7399999999999,11.970441100828934,-0.3605588116132435,20,Flow304,5,Flow30,0.25519800379550617,14,1100,1617.0,1.47,2.0295588991710662,False,False,False,False,True,4,1,0.7078184783938398,-1.3657155496600177,2.482440369419651,0.02154954675470888,0.5241606967270691
6,234.0100000000001,11.286547570515058,0.07168704293082204,20,Flow304,5,Flow30,-0.6838935303138758,14,1100,1851.0100000000002,1.682736363636364,2.713452429484942,False,False,False,False,True,4,1,0.9982217833136411,-0.37995303091131666,2.4236115360481056,-0.05882883337154521,0.4001013171225942
7,97.91000000000003,11.091462665307317,-0.02295426544664115,20,Flow304,5,Flow30,-0.19508490520774124,14,1100,1948.9200000000003,1.7717454545454547,2.9085373346926833,False,False,False,False,True,4,1,1.0676503206942984,-1.6343204038606434,2.406175683135043,-0.01743585291306271,0.1696969696969708
8,108.60999999999996,10.99116997792494,0.0,20,Flow304,5,Flow30,-0.1002926873823764,14,1100,2057.53,1.8704818181818184,3.0088300220750597,False,False,False,False,True,4,1,1.1015513062135,-2.2996624941259993,2.397092221159148,-0.009083461975894824,0.1696969696969708
9,81.48999999999998,11.420272263357381,0.017497686663436353,20,Flow304,5,Flow30,0.42910228543244067,14,1100,2139.02,1.9445636363636363,2.579727736642619,False,False,False,False,True,4,1,0.9476838649319158,-0.8460599608920119,2.435390044868138,0.03829782370898993,0.5222222222222221
10,76.74000000000002,12.035692140791085,0.08772920330005606,20,Flow304,5,Flow30,0.6154198774337036,14,1100,2215.76,2.014327272727273,1.9643078592089154,False,False,False,False,True,4,1,0.6751399487728026,-0.48545051659356225,2.4878765802411933,0.052486535373055254,0.9259259259259265
11,0.0,12.035692140791085,0.0,20,Flow304,5,Flow30,0.0,14,1100,2215.76,2.014327272727273,1.9643078592089154,False,False,False,False,True,4,1,0.6751399487728026,-6.907755278982137,2.4878765802411933,0.0,0.9259259259259265
12,0.0,12.035692140791085,0.0,20,Flow304,5,Flow30,0.0,14,1100,2215.76,2.014327272727273,1.9643078592089154,False,False,False,False,True,4,1,0.6751399487728026,-6.907755278982137,2.4878765802411933,0.0,1.1388888888888893
1,0.0,9.910999228551708,0.0,1,Flow305,1,Flow30,,14,1100,0.0,0.0,4.089000771448292,True,False,False,False,False,5,1,1.40830063004678,,2.2936451735869845,,10.0
2,44.78,9.910999228551708,0.030730243783078155,1,Flow305,1,Flow30,0.0,14,1100,44.78,0.04070909090909091,4.089000771448292,True,False,False,False,False,5,1,1.40830063004678,-6.907755278982137,2.2936451735869845,0.0,0.7333333333333334
3,127.04999999999998,10.130877653068998,0.05478600167928136,1,Flow305,1,Flow30,0.21987842451729023,14,1100,171.82999999999998,0.15620909090909088,3.869122346931002,True,False,False,False,False,5,1,1.3530276975836106,-1.5146805012086793,2.315587953507552,0.021942779920567368,0.6682900432900443
4,147.24999999999997,10.45414847161572,0.0,1,Flow305,1,Flow30,0.3232708185467228,14,1100,319.0799999999999,0.2900727272727272,3.5458515283842793,True,False,False,False,False,5,1,1.2657783366074382,-1.1292648595471717,2.3469988825636787,0.03141092905612686,0.7333333333333325
5,109.63000000000001,9.880160040284188,-0.12250772881683893,1,Flow305,1,Flow30,-0.5739884313315322,14,1100,428.7099999999999,0.38973636363636355,4.1198399597158115,True,False,False,False,False,5,1,1.415814317877787,-0.5551460373403574,2.2905287100379144,-0.05647017252576436,0.7333333333333343
6,96.95999999999998,9.714023624806172,0.07471314786319169,1,Flow305,1,Flow30,-0.16613641547801627,14,1100,525.6699999999998,0.477881818181818,4.285976375193828,True,False,False,False,False,5,1,1.4553483849488926,-1.7949460481138435,2.2735705759574674,-0.016958134080446996,3.942028985507246
7,127.46,10.120833465604985,0.0009756573551846562,1,Flow305,1,Flow30,0.40680984079881277,14,1100,653.1299999999999,0.5937545454545453,3.879166534395015,True,False,False,False,False,5,1,1.35562031983712,-0.8994094243461134,2.3145960187294263,0.041025442771958964,0.942028985507247
8,145.06000000000006,10.471688325899603,0.1095123862767656,1,Flow305,1,Flow30,0.35085486029461777,14,1100,798.1899999999999,0.7256272727272727,3.5283116741003973,True,False,False,False,False,5,1,1.2608194772415107,-1.0473826444665286,2.348675265550054,0.034079246820627684,0.6666666666666661
9,32.63999999999996,12.721505636070853,-0.01853399651774713,1,Flow305,1,Flow30,2.2498173101712506,14,1100,830.8299999999999,0.7553,1.2784943639291466,True,False,False,False,False,5,1,0.24568310739300234,0.8108490174403532,2.543293918522716,0.1946186529726619,0.8993135011441646
10,34.22000000000001,13.00933285548926,0.032652235963049274,1,Flow305,1,Flow30,0.28782721941840705,14,1100,865.05,0.7864090909090908,0.9906671445107396,True,False,False,False,False,5,1,-0.009376679466744687,-1.245394911452722,2.5656670118467275,0.022373093324011606,1.124756335282651
11,54.82000000000001,13.322345114419914,0.0018820365716376562,1,Flow305,1,Flow30,0.31301225893065343,14,1100,919.87,0.8362454545454545,0.6776548855800861,True,False,False,False,False,5,1,-0.38911713895400174,-1.1615129232963175,2.589442709256698,0.02377569740997032,1.1428571428571432
12,56.00999999999999,13.199038867365301,-0.007186969401613587,1,Flow305,1,Flow30,-0.12330624705461268,14,1100,975.88,0.8871636363636364,0.8009611326346988,True,False,False,False,False,5,1,-0.22194285664326974,-2.093084204607759,2.580144013862938,-0.009298695393759715,1.0402124274171891
1,0.0,9.436003137902706,0.0,2,Flow305,1,Flow30,,14,1100,0.0,0.0,4.563996862097294,True,False,False,False,False,5,1,1.5181987444661342,,2.24453249409123,,10.0
2,131.9,9.436003137902706,0.0214071487433786,2,Flow305,1,Flow30,0.0,14,1100,131.9,0.11990909090909091,4.563996862097294,True,False,False,False,False,5,1,1.5181987444661342,-6.907755278982137,2.24453249409123,0.0,0.7225609756097562
3,236.69,9.429886285255849,0.26012997800473986,2,Flow305,1,Flow30,-0.006116852646856685,14,1100,368.59000000000003,0.3350818181818182,4.570113714744151,True,False,False,False,False,5,1,1.5195380874727216,-5.096707588131248,2.24388403774507,-0.0006484563461599535,0.9706521739130443
4,155.39,10.58974358974359,0.0,2,Flow305,1,Flow30,1.1598573044877405,14,1100,523.98,0.47634545454545457,3.4102564102564106,True,False,False,False,False,5,1,1.2267874820921074,0.1482969841788703,2.3598859468313864,0.11600190908631625,0.9706521739130443
5,135.06,10.22952473899723,-0.060599221476417615,2,Flow305,1,Flow30,-0.3602188507463602,14,1100,659.04,0.5991272727272727,3.7704752610027708,True,False,False,False,False,5,1,1.3272010574409947,-1.0210435134998348,2.3252781213083202,-0.03460782552306618,0.9583333333333339
6,122.38000000000002,10.039702233250622,0.0,2,Flow305,1,Flow30,-0.18982250574660675,14,1100,781.42,0.7103818181818181,3.9602977667493775,True,False,False,False,False,5,1,1.3763192160630706,-1.661665823721008,2.306547455781008,-0.018730665527312063,0.958333333333333
7,93.58999999999996,9.55987592023248,-0.013043339889535313,2,Flow305,1,Flow30,-0.47982631301814216,14,1100,875.0099999999999,0.7954636363636363,4.44012407976752,True,False,False,False,False,5,1,1.4906823219472396,-0.7343310884418117,2.2575747479239014,-0.04897270785710672,0.7814402810304442
8,116.15000000000006,9.956767307345707,0.063525151737058,2,Flow305,1,Flow30,0.3968913871132269,14,1100,991.16,0.9010545454545454,4.043232692654293,True,False,False,False,False,5,1,1.397044543455641,-0.9240926198235683,2.298252451377493,0.04067770345359145,0.8333333333333339
9,49.569999999999965,12.019999335292548,-0.026840667911622377,2,Flow305,1,Flow30,2.0632320279468406,14,1100,1040.73,0.9461181818181819,1.9800006647074522,True,False,False,False,False,5,1,0.6830971804172219,0.7242736988974501,2.4865718738069393,0.18831942242944644,0.9500000000000002
10,21.049999999999994,11.473684210526317,0.0,2,Flow305,1,Flow30,-0.546315124766231,14,1100,1061.78,0.9652545454545455,2.526315789473683,True,False,False,False,False,5,1,0.9267620317414501,-0.6045593181386492,2.4400560836226486,-0.04651579018429075,0.9500000000000002
11,76.58000000000001,12.836047985089861,0.09344390029455307,2,Flow305,1,Flow30,1.3623637745635442,14,1100,1138.36,1.0348727272727272,1.163952014910139,True,False,False,False,False,5,1,0.1518211241554968,0.30922126058502086,2.5522574615617404,0.1122013779390918,0.9139175257731962
12,87.54,12.96954314720812,0.0,2,Flow305,1,Flow30,0.1334951621182583,14,1100,1225.8999999999999,1.1144545454545454,1.0304568527918807,True,False,False,False,False,5,1,0.030002250303801284,-2.013690040613019,2.562603773899816,0.010346312338075592,0.9139175257731962
1,0.0,10.159927860284778,0.0,3,Flow305,1,Flow30,,14,1100,0.0,0.0,3.8400721397152218,True,False,False,False,False,5,1,1.3454911528073459,,2.3184513417594568,,5.214285714285714
2,264.29,10.159927860284778,0.25420801445155705,3,Flow305,1,Flow30,0.0,14,1100,264.29,0.24026363636363637,3.8400721397152218,True,False,False,False,False,5,1,1.3454911528073459,-6.907755278982137,2.3184513417594568,0.0,0.3250000000000002
3,275.23999999999995,9.479813457848254,-0.15213934756472142,3,Flow305,1,Flow30,-0.6801144024365247,14,1100,539.53,0.49048181818181813,4.520186542151746,True,False,False,False,False,5,1,1.5085532633800953,-0.38549425608531535,2.24916463863116,-0.06928670312829688,0.908379888268156
4,239.46999999999997,10.749136428329162,0.11682458627246485,3,Flow305,1,Flow30,1.2693229704809088,14,1100,779.0,0.7081818181818181,3.2508635716708376,True,False,False,False,False,5,1,1.1789206754060955,0.2384836642157944,2.3748254190984137,0.12566078046725382,0.4644992880873282
5,232.14000000000007,10.909200398537891,0.2613386183482297,3,Flow305,1,Flow30,0.16006397020872853,14,1100,1011.1400000000001,0.9192181818181819,3.090799601462109,True,False,False,False,False,5,1,1.128429828134003,-1.8321817298479988,2.3896065064659497,0.014781087367536028,0.5893419725304563
6,51.51999999999997,11.880379220635225,-0.029624956843222416,3,Flow305,1,Flow30,0.9711788220973343,14,1100,1062.66,0.9660545454545455,2.1196207793647748,True,False,False,False,False,5,1,0.7512371950252795,-0.029244664827614526,2.474888234353928,0.08528172788797805,0.7615384615384615
7,37.219999999999985,11.567593413533332,-0.006273147311728695,3,Flow305,1,Flow30,-0.31278580710189274,14,1100,1099.88,0.9998909090909092,2.4324065864666675,True,False,False,False,False,5,1,0.8888811320658856,-1.162236645055576,2.448207517282584,-0.026680717071343896,1.360522151898734
8,21.52000000000001,9.729836379761617,-0.018821619973368713,3,Flow305,1,Flow30,-1.837757033771716,14,1100,1121.4,1.0194545454545456,4.2701636202383835,True,False,False,False,False,5,1,1.4516521450633946,0.6085458246469779,2.2751970799991343,-0.17301043728344956,1.3375000000000004
9,104.67999999999999,10.093457943925236,0.0,3,Flow305,1,Flow30,0.3636215641636191,14,1100,1226.0800000000002,1.114618181818182,3.9065420560747643,True,False,False,False,False,5,1,1.3626525980628497,-1.011641611056736,2.3118874856563596,0.036690405657225256,1.3375000000000004
10,174.20000000000002,9.75911526143806,0.016800450765386506,3,Flow305,1,Flow30,-0.3343426824871756,14,1100,1400.2800000000002,1.2729818181818184,4.24088473856194,True,False,False,False,False,5,1,1.444771912231579,-1.0955888165084702,2.2782017468732705,-0.033685738783089114,0.5846153846153852
11,16.27000000000001,9.678804323384352,-0.011012241053478096,3,Flow305,1,Flow30,-0.08031093805370837,14,1100,1416.5500000000002,1.2877727272727275,4.321195676615648,True,False,False,False,False,5,1,1.4635321409546957,-2.521849452440215,2.26993837334769,-0.008263373525580597,4.4
12,10.72999999999999,9.073170731707318,0.0,3,Flow305,1,Flow30,-0.6056335916770337,14,1100,1427.2800000000002,1.2975272727272729,4.926829268292682,True,False,False,False,False,5,1,1.5946956306968967,-0.501480109974107,2.2053217875688387,-0.06461658577885121,1.4909090909090912
1,0.0,10.640659211221532,0.0,4,Flow305,1,Flow30,,14,1100,0.0,0.0,3.359340788778468,True,False,False,False,False,5,1,1.2117447609106564,,2.3646824379361817,,10.0
2,115.77,10.640659211221532,0.1551714603023502,4,Flow305,1,Flow30,0.0,14,1100,115.77,0.10524545454545454,3.359340788778468,True,False,False,False,False,5,1,1.2117447609106564,-6.907755278982137,2.3646824379361817,0.0,0.4285606060606062
3,266.21000000000004,10.983280442016024,0.09143782899660124,4,Flow305,1,Flow30,0.34262123079449225,14,1100,381.98,0.3472545454545455,3.0167195579839756,True,False,False,False,False,5,1,1.1041700019233853,-1.0711297253843324,2.3963741566708774,0.03169171873469567,0.35233333333333317
4,236.87999999999997,10.747440080564715,-0.10594086367432938,4,Flow305,1,Flow30,-0.23584036145130938,14,1100,618.86,0.5626,3.252559919435285,True,False,False,False,False,5,1,1.1794423538129342,-1.4446001373699355,2.3746675941752438,-0.02170656249563363,0.4708333333333332
5,210.14,10.52700938846165,0.0010539753147493869,4,Flow305,1,Flow30,-0.22043069210306498,14,1100,829.0,0.7536363636363637,3.47299061153835,True,False,False,False,False,5,1,1.2450160704868607,-1.5121719550326518,2.353944277114677,-0.02072331706056696,0.5160902503293814
6,184.18,10.69004321200126,0.09746554922855473,4,Flow305,1,Flow30,0.16303382353961027,14,1100,1013.1800000000001,0.9210727272727274,3.3099567879987397,True,False,False,False,False,5,1,1.1969351343184795,-1.8137975933238681,2.369312767311409,0.015368490196732143,0.5708333333333329
7,24.25000000000003,10.662378621206011,-0.0216032867659724,4,Flow305,1,Flow30,-0.027664590795248856,14,1100,1037.43,0.9431181818181819,3.3376213787939886,True,False,False,False,False,5,1,1.205258391243036,-3.5876019941656816,2.366721529044305,-0.002591238267104057,1.395833333333333
8,30.0,10.5,0.0,4,Flow305,1,Flow30,-0.16237862120601143,14,1100,1067.43,0.9703909090909092,3.5,True,False,False,False,False,5,1,1.252762968495368,-1.8178245027403628,2.3513752571634776,-0.015346271880827267,1.1739583333333332
9,39.69999999999999,10.74073557219311,0.013886246584317731,4,Flow305,1,Flow30,0.2407355721931097,14,1100,1107.13,1.0064818181818183,3.2592644278068903,True,False,False,False,False,5,1,1.1815015342770068,-1.4240561586849056,2.3740435757664677,0.022668318602990123,1.1414583333333335
10,53.05000000000004,11.307367016796,0.012191284520221132,4,Flow305,1,Flow30,0.5666314446028906,14,1100,1160.18,1.054709090909091,2.6926329832039997,True,False,False,False,False,5,1,0.9905195190623609,-0.5680461961208739,2.4254544616812925,0.05141088591482479,1.1333333333333337
11,184.26999999999998,11.665771296489192,0.01590578429898944,4,Flow305,1,Flow30,0.35840427969319144,14,1100,1344.45,1.2222272727272727,2.3342287035108082,True,False,False,False,False,5,1,0.8476815168577079,-1.026093656844421,2.456659023860966,0.031204562179673268,0.1694444444444443
12,116.69999999999996,11.243786345588878,-0.033218787487822136,4,Flow305,1,Flow30,-0.4219849509003133,14,1100,1461.15,1.328318181818182,2.7562136544111215,True,False,False,False,False,5,1,1.0138578735178652,-0.8627856269556723,2.4198156512263345,-0.03684337263463133,1.0444444444444452
1,0.0,8.975538146527024,0.0,5,Flow305,2,Flow30,,6,1200,0.0,0.0,2.9755381465270236,False,True,False,False,False,5,1,1.0904249122279597,,2.194502893192601,,10.0
2,0.0,8.975538146527024,0.0,5,Flow305,2,Flow30,0.0,6,1200,0.0,0.0,2.9755381465270236,False,True,False,False,False,5,1,1.0904249122279597,-6.907755278982137,2.194502893192601,0.0,1.6217391304347823
3,213.49,8.975538146527024,-0.056032948326312115,5,Flow305,2,Flow30,0.0,6,1200,213.49,0.17790833333333333,2.9755381465270236,False,True,False,False,False,5,1,1.0904249122279597,-6.907755278982137,2.194502893192601,0.0,2.183276522472503
4,286.0,8.240575585146518,-0.39135948922821717,5,Flow305,2,Flow30,-0.734962561380506,6,1200,499.49,0.4162416666666667,2.2405755851465177,False,True,False,False,False,5,1,0.8067327905136801,-0.30793571796389896,2.1090701940481282,-0.08543269914447293,1.8891062862913408
5,159.28,7.031430025938929,0.0498678449129973,5,Flow305,2,Flow30,-1.209145559207589,6,1200,658.77,0.548975,1.0314300259389286,False,True,False,False,False,5,1,0.03094621403852425,0.18991396075250044,1.9503901027660169,-0.15868009128211136,0.5462184873949578
6,193.54999999999995,7.001626379545605,-0.046983879113592114,5,Flow305,2,Flow30,-0.029803646393324,6,1200,852.3199999999999,0.7102666666666666,1.0016263795456046,False,True,False,False,False,5,1,0.0016250584226290658,-3.51312453076434,1.946142462003657,-0.00424764076235995,0.2592213114754096
7,204.94,6.8802883488023765,0.06086263432823369,5,Flow305,2,Flow30,-0.12133803074322813,6,1200,1057.26,0.88105,0.8802883488023765,False,True,False,False,False,5,1,-0.12750575608806863,-2.109174985846194,1.9286605622301403,-0.017481899773516663,0.33005464480874336
8,98.49999999999999,6.613336227499265,0.0077957059699194165,5,Flow305,2,Flow30,-0.2669521213031114,6,1200,1155.76,0.9631333333333333,0.6133362274992651,False,True,False,False,False,5,1,-0.48884199830954694,-1.3206859576239431,1.8890882508144182,-0.03957231141572204,0.49696969696969706
9,35.96000000000002,7.050684006772415,0.010355693443187975,5,Flow305,2,Flow30,0.43734777927314994,6,1200,1191.72,0.9931,1.050684006772415,False,True,False,False,False,5,1,0.049441387099090434,-0.8270265668171721,1.9531246343550464,0.06403638354062813,0.8200492937719219
10,84.67999999999998,6.031082273025732,-0.08780247790533112,5,Flow305,2,Flow30,-1.0196017337466827,6,1200,1276.4,1.0636666666666668,0.0310822730257323,False,True,False,False,False,5,1,-3.471117621480829,0.019412093936858124,1.7969264760646988,-0.15619815829034756,0.3904320437392288
11,215.40000000000003,5.864231128328512,-0.045701220080994004,5,Flow305,2,Flow30,-0.16685114469722073,6,1200,1491.8000000000002,1.2431666666666668,0.13576887167148843,False,True,False,False,False,5,1,-1.9968013119923242,-1.790653213171664,1.7688713785975996,-0.02805509746709922,0.41983122362869185
12,108.49000000000001,7.192701591963981,0.1832267634330031,5,Flow305,2,Flow30,1.3284704636354698,6,1200,1600.2900000000002,1.3335750000000002,1.1927015919639814,False,True,False,False,False,5,1,0.1762209793580149,0.2840282531030348,1.9730668441305894,0.20419546553298984,0.8636363636363642
1,0.0,7.885584126765342,0.0,6,Flow305,2,Flow30,,6,1200,0.0,0.0,1.885584126765342,False,True,False,False,False,5,1,0.6342376544697218,,2.065036298427701,,10.0
2,95.55999999999999,7.885584126765342,0.07200749483306357,6,Flow305,2,Flow30,0.0,6,1200,95.55999999999999,0.07963333333333332,1.885584126765342,False,True,False,False,False,5,1,0.6342376544697218,-6.907755278982137,2.065036298427701,0.0,0.4436170212765962
3,324.84999999999997,6.843193689025316,-0.13847117751126295,6,Flow305,2,Flow30,-1.0423904377400257,6,1200,420.40999999999997,0.35034166666666666,0.8431936890253162,False,True,False,False,False,5,1,-0.1705585857755673,0.04151657347485925,1.923254536264415,-0.14178176216328597,0.30714285714285694
4,188.20000000000002,6.532109845668266,0.04459542943346236,6,Flow305,2,Flow30,-0.31108384335704997,6,1200,608.61,0.507175,0.5321098456682662,False,True,False,False,False,5,1,-0.6309053341338482,-1.1676928103485664,1.8767299915112599,-0.04652454475315504,0.499166666666667
5,281.66,6.823441383185113,-0.0905312729618923,6,Flow305,2,Flow30,0.2913315375168466,6,1200,890.27,0.7418916666666666,0.8234413831851128,False,True,False,False,False,5,1,-0.19426291200094675,-1.2332933561435269,1.9203639462268205,0.04363395471556064,0.7544765744765747
6,324.42,6.996388118713008,0.12361910403727629,6,Flow305,2,Flow30,0.17294673552789508,6,1200,1214.69,1.0122416666666667,0.9963881187130079,False,True,False,False,False,5,1,-0.0036184198793687704,-1.7547716190133227,1.9453940328492558,0.025030086622435332,0.35333333333333306
7,266.81,7.223372737701691,-0.042699770704661875,6,Flow305,2,Flow30,0.22698461898868327,6,1200,1481.5,1.2345833333333334,1.2233727377016912,False,True,False,False,False,5,1,0.2016115835349506,-1.4828730215554995,1.9773219820154897,0.03192794916623387,0.28431372549019596
8,267.88000000000005,6.586730384660764,0.00665236463567848,6,Flow305,2,Flow30,-0.6366423530409273,6,1200,1749.38,1.4578166666666668,0.5867303846607639,False,True,False,False,False,5,1,-0.5331898752985007,-0.45154723627973925,1.8850570773893502,-0.09226490462613945,0.38888888888888884
9,128.14000000000001,6.459021920727473,-0.05371400852836352,6,Flow305,2,Flow30,-0.12770846393329105,6,1200,1877.5200000000002,1.5646000000000002,0.45902192072747283,False,True,False,False,False,5,1,-0.7786573124857551,-2.058005238317884,1.8654779008714033,-0.01957917651794694,1.0045878000322928
10,92.30999999999992,5.682068961720243,-0.06205188356403637,6,Flow305,2,Flow30,-0.7769529590072297,6,1200,1969.8300000000002,1.6415250000000001,0.3179310382797569,False,True,False,False,False,5,1,-1.1459207804751355,-0.25237547226545665,1.7373154202327277,-0.12816248063867564,0.48235294117647065
11,109.14000000000007,5.495116249436019,0.09372251847887256,6,Flow305,2,Flow30,-0.18695271228422428,6,1200,2078.9700000000003,1.7324750000000002,0.5048837505639812,False,True,False,False,False,5,1,-0.6834270731091587,-1.6768995695913789,1.7038597431251714,-0.03345567710755626,1.439163813673618
12,56.23999999999995,6.1081438553766,-0.03769537533679654,6,Flow305,2,Flow30,0.613027605940581,6,1200,2135.21,1.7793416666666666,0.10814385537659987,False,True,False,False,False,5,1,-2.224292943947493,-0.4893453098991157,1.8096229390398484,0.10576319591467698,0.6044776119402986
1,0.0,7.10889772898951,0.0,7,Flow305,2,Flow30,,6,1200,0.0,0.0,1.1088977289895103,False,True,False,False,False,5,1,0.10336648499000528,,1.9613472007121318,,2.4222222222222216
2,136.73,7.10889772898951,-0.09238175320585931,7,Flow305,2,Flow30,0.0,6,1200,136.73,0.11394166666666666,1.1088977289895103,False,True,False,False,False,5,1,0.10336648499000528,-6.907755278982137,1.9613472007121318,0.0,0.3369565217391304
3,247.10999999999999,6.759218879217784,-0.05806794013455975,7,Flow305,2,Flow30,-0.3496788497717267,6,1200,383.84,0.31986666666666663,0.7592188792177836,False,True,False,False,False,5,1,-0.275465164743518,-1.0507401178064106,1.9109073329668391,-0.05043986774529263,0.158385093167702
4,155.47999999999996,6.94586480068215,-0.017636826469962303,7,Flow305,2,Flow30,0.18664592146436654,6,1200,539.3199999999999,0.4494333333333333,0.9458648006821502,False,True,False,False,False,5,1,-0.05565563697032129,-1.678541925109327,1.9381464897906917,0.027239156823852584,0.3214285714285716
5,251.47000000000003,6.3127580653226145,-0.15367005856948057,7,Flow305,2,Flow30,-0.6331067353595357,6,1200,790.79,0.6589916666666666,0.3127580653226145,False,True,False,False,False,5,1,-1.1623253415659864,-0.45711625279091234,1.8425726754011127,-0.09557381438957901,0.3554050116550118
6,249.77999999999997,6.5092547019829885,0.19624305591678032,7,Flow305,2,Flow30,0.19649663666037398,6,1200,1040.57,0.8671416666666666,0.5092547019829885,False,True,False,False,False,5,1,-0.6748069907651942,-1.627109964051499,1.8732249645640988,0.030652289162986124,0.5416666666666665
7,269.64000000000004,6.530488900550357,-0.09942738259260842,7,Flow305,2,Flow30,0.021234198567368523,6,1200,1310.21,1.0918416666666666,0.530488900550357,False,True,False,False,False,5,1,-0.633956243766477,-3.8521422570466806,1.8764818104015555,0.0032568458374566678,0.21515151515151532
8,87.10000000000001,6.844599153839857,-0.010882557731104456,7,Flow305,2,Flow30,0.31411025328949993,6,1200,1397.31,1.164425,0.844599153839857,False,True,False,False,False,5,1,-0.16889313832999325,-1.1580112295780887,1.92345989659323,0.04697808619167443,0.5151515151515151
9,271.36999999999995,6.185391821145479,0.0,7,Flow305,2,Flow30,-0.6592073326943781,6,1200,1668.6799999999998,1.3905666666666665,0.1853918211454788,False,True,False,False,False,5,1,-1.685283741464892,-0.41671717682256176,1.8221903540635336,-0.10126954252969633,0.5151515151515151
10,104.72000000000006,6.6223066597631846,-0.0240499298552176,7,Flow305,2,Flow30,0.43691483861770575,6,1200,1773.3999999999999,1.477833333333333,0.6223066597631846,False,True,False,False,False,5,1,-0.4743222856111286,-0.8280169801826174,1.8904437472891762,0.06825339322564261,0.40404040404040353
11,105.25000000000001,6.092715490361489,-0.0306899407782266,7,Flow305,2,Flow30,-0.5295911694016953,6,1200,1878.6499999999999,1.5655416666666666,0.0927154903614893,False,True,False,False,False,5,1,-2.3782197183046345,-0.6356499485888074,1.807093875667927,-0.0833498716212493,0.8980135361714305
12,88.40000000000003,6.02566020860779,0.023197349958816803,7,Flow305,2,Flow30,-0.06705528175369935,6,1200,1967.05,1.6392083333333334,0.025660208607789947,False,True,False,False,False,5,1,-3.6628137901398534,-2.70223789899823,1.7960270515656314,-0.011066824102295536,0.44444444444444464
1,0.0,6.906574111199417,0.0,8,Flow305,2,Flow30,,6,1200,0.0,0.0,0.9065741111994168,False,True,False,False,False,5,1,-0.09808249680698929,,1.9324737277452646,,5.357142857142858
2,187.28000000000003,6.906574111199417,0.016444049614875812,8,Flow305,2,Flow30,0.0,6,1200,187.28000000000003,0.1560666666666667,0.9065741111994168,False,True,False,False,False,5,1,-0.09808249680698929,-6.907755278982137,1.9324737277452646,0.0,0.5750000000000002
3,268.03,6.787687840698141,-0.0010161397631521494,8,Flow305,2,Flow30,-0.11888627050127543,6,1200,455.31,0.379425,0.7876878406981414,False,True,False,False,False,5,1,-0.23865340885494288,-2.1295879529259802,1.915110359381452,-0.01736336836381258,0.30000000000000027
4,226.03000000000003,6.392519605016481,-0.06567654452432357,8,Flow305,2,Flow30,-0.39516823568165993,6,1200,681.34,0.5677833333333333,0.3925196050164814,False,True,False,False,False,5,1,-0.9351687939205111,-0.9284436916381352,1.8551284950563245,-0.05998186432512753,0.2999999999999998
5,236.19,6.439426146859124,0.05832923977542102,8,Flow305,2,Flow30,0.046906541842642646,6,1200,917.53,0.7646083333333333,0.43942614685912407,False,True,False,False,False,5,1,-0.8222856149778954,-3.059598128339266,1.8624394285153707,0.007310933459046209,0.2999999999999998
6,283.58000000000004,6.588068181818182,0.0,8,Flow305,2,Flow30,0.1486420349590576,6,1200,1201.1100000000001,1.000925,0.5880681818181817,False,True,False,False,False,5,1,-0.5309123823327283,-1.9062143134892144,1.8852601616574345,0.022820733142063787,0.2999999999999998
7,247.29999999999995,6.506460111416531,-0.013084385787837657,8,Flow305,2,Flow30,-0.08160807040165086,6,1200,1448.41,1.2070083333333335,0.5064601114165308,False,True,False,False,False,5,1,-0.680309711767697,-2.505827119921539,1.8727955466413084,-0.012464615016126057,0.36352657004830924
8,140.23000000000005,6.28845638393847,-0.038551856079684324,8,Flow305,2,Flow30,-0.2180037274780604,6,1200,1588.64,1.3238666666666667,0.2884563839384704,False,True,False,False,False,5,1,-1.2432113866521726,-1.5232431178160133,1.8387156326359808,-0.034079914005327616,1.064793431728721
9,80.15999999999997,5.983193277310924,0.0,8,Flow305,2,Flow30,-0.30526310662754597,6,1200,1668.8000000000002,1.3906666666666667,0.01680672268907557,False,True,False,False,False,5,1,-4.085976312551588,-1.186581229558327,1.7889544183004464,-0.049761214335534376,1.1176358168685532
10,80.76999999999998,5.215098406632688,-0.07563838997822823,8,Flow305,2,Flow30,-0.7680948706782367,6,1200,1749.5700000000002,1.4579750000000002,0.7849015933673122,False,True,False,False,False,5,1,-0.24219692782555077,-0.2638420239346549,1.6515579581946795,-0.1373964601057669,0.7460317460317463
11,26.809999999999995,4.25531914893617,0.0,8,Flow305,2,Flow30,-0.9597792576965176,6,1200,1776.38,1.4803166666666667,1.7446808510638299,False,True,False,False,False,5,1,0.5565716455541946,-0.04105196085994781,1.448169764837978,-0.20338819335670144,0.7460317460317463
12,68.72000000000001,4.569348644453941,0.011811281448713268,8,Flow305,2,Flow30,0.3140294955177705,6,1200,1845.1000000000001,1.5375833333333335,1.4306513555460594,False,True,False,False,False,5,1,0.3581298339550453,-1.1582683627155081,1.5193706661820747,0.07120090134409662,0.6340245775729649
1,0.0,8.663311205851656,0.0,9,Flow305,3,Flow30,,9,1500,0.0,0.0,0.0,False,False,True,False,False,5,1,-6.907755278982137,,2.159097005828698,,10.0
2,180.2,8.663311205851656,0.026168314077413088,9,Flow305,3,Flow30,0.0,9,1500,180.2,0.12013333333333333,0.0,False,False,True,False,False,5,1,-6.907755278982137,-6.907755278982137,2.159097005828698,0.0,0.5288461538461533
3,473.19,8.146130026185016,-0.12179234725072025,9,Flow305,3,Flow30,-0.5171811796666397,9,1500,653.39,0.43559333333333333,0.0,False,False,True,False,False,5,1,-6.907755278982137,-0.6593620216354674,2.0975429710660554,-0.06155403476264265,0.5288461538461533
4,347.31999999999994,7.306704599548276,-0.1666164923326486,9,Flow305,3,Flow30,-0.8394254266367405,9,1500,1000.7099999999999,0.66714,0.6932954004517242,False,False,True,False,False,5,1,-0.36629910733851445,-0.17503763709903505,1.988792364942245,-0.10875060612381038,0.5223684210526316
5,250.01,6.972766172420317,0.028098319748534148,9,Flow305,3,Flow30,-0.3339384271279586,9,1500,1250.7199999999998,0.8338133333333332,1.0272338275796828,False,False,True,False,False,5,1,0.026869585245122136,-1.0967986529162626,1.9420120143940043,-0.0467803505482407,0.58051282051282
6,237.75,7.331810707828418,0.05919159227160868,9,Flow305,3,Flow30,0.3590445354081009,9,1500,1488.4699999999998,0.9923133333333332,0.668189292171582,False,False,True,False,False,5,1,-0.4031837740732714,-1.0243088441263646,1.9922225123812873,0.050210497987283054,0.313333333333333
7,367.4599999999999,7.383839547834388,1.5069794241086154e-05,9,Flow305,3,Flow30,0.052028840005969634,9,1500,1855.9299999999998,1.2372866666666666,0.6161604521656123,False,False,True,False,False,5,1,-0.48424787507133155,-2.955957098643627,1.9992937672562219,0.0070712548749345405,0.37926739926739916
8,187.23000000000002,8.098152285878133,0.04574197651308582,9,Flow305,3,Flow30,0.7143127380437448,9,1500,2043.1599999999999,1.3621066666666666,0.0,False,False,True,False,False,5,1,-6.907755278982137,-0.3364344040756299,2.091635922802147,0.09234215554592495,0.29449656035021876
9,114.35999999999994,7.998436908480811,-0.052077903132758965,9,Flow305,3,Flow30,-0.09971537739732117,9,1500,2157.52,1.4383466666666667,0.001563091519188653,False,False,True,False,False,5,1,-6.461089675713385,-2.3054353772243372,2.07924613614952,-0.0123897866526268,1.9781554750626915
10,107.48000000000005,7.152432949202004,-0.0008768446133233668,9,Flow305,3,Flow30,-0.8460039592788071,9,1500,2265.0,1.51,0.8475670507979958,False,False,True,False,False,5,1,-0.16538532687120056,-0.16723123938827497,1.9674525714419842,-0.11179356470753588,0.5766272189349113
11,195.99999999999994,7.096611702600591,0.03465722966165243,9,Flow305,3,Flow30,-0.055821246601412966,9,1500,2461.0,1.6406666666666667,0.9033882973994087,False,False,True,False,False,5,1,-0.1016028097979288,-2.885600718600702,1.9596174451533526,-0.007835126288631589,0.913930581613509
12,63.780000000000044,7.98678062736169,0.02107035569308737,9,Flow305,3,Flow30,0.8901689247610989,9,1500,2524.78,1.6831866666666668,0.013219372638309856,False,False,True,False,False,5,1,-4.326071901183143,-0.11634403116392317,2.077787753345665,0.11817030819231222,0.7788461538461542
1,0.0,6.3895004448780055,0.0,10,Flow305,3,Flow30,,9,1500,0.0,0.0,1.6104995551219945,False,False,True,False,False,5,1,0.4765444135531233,,1.8546560876930378,,6.15
2,165.09999999999997,6.3895004448780055,-0.042161253620556165,10,Flow305,3,Flow30,0.0,9,1500,165.09999999999997,0.11006666666666665,1.6104995551219945,False,False,True,False,False,5,1,0.4765444135531233,-6.907755278982137,1.8546560876930378,0.0,0.2833333333333332
3,281.79,6.09518769446514,-0.1092513121939162,10,Flow305,3,Flow30,-0.29431275041286575,9,1500,446.89,0.2979266666666667,1.9048123055348603,False,False,True,False,False,5,1,0.6443834764462446,-1.2231123001386637,1.8074995572851937,-0.047156530407844066,0.4194444444444443
4,391.02,5.706306362647308,0.040441586901284396,10,Flow305,3,Flow30,-0.38888133181783147,9,1500,837.91,0.5586066666666667,2.2936936373526917,False,False,True,False,False,5,1,0.8301634602475341,-0.9444810414980976,1.741571942665668,-0.06592761461952579,0.21111111111111125
5,460.79,5.807973699537986,-0.06272021091193675,10,Flow305,3,Flow30,0.10166733689067797,9,1500,1298.7,0.8658,2.1920263004620137,False,False,True,False,False,5,1,0.7848263673997442,-2.28604919869724,1.7592317491957796,0.017659806530111677,0.4194444444444443
6,266.53,5.508573029499937,0.0013976420456587146,10,Flow305,3,Flow30,-0.2994006700380494,9,1500,1565.23,1.0434866666666667,2.491426970500063,False,False,True,False,False,5,1,0.9128556268507979,-1.2059725690630765,1.7063056113119779,-0.05292613788380174,0.911776447105789
7,236.05,6.129440434915583,0.09552548854262735,10,Flow305,3,Flow30,0.6208674054156464,9,1500,1801.28,1.2008533333333333,1.8705595650844167,False,False,True,False,False,5,1,0.6262376187707938,-0.4766377376960401,1.8131034627335403,0.1067978514215624,0.30980392156862724
8,330.0,6.388328230252475,-0.04798687309768384,10,Flow305,3,Flow30,0.258887795336892,9,1500,2131.2799999999997,1.420853333333333,1.6116717697475247,False,False,True,False,False,5,1,0.47727200656979263,-1.3513605337881203,1.8544726113515368,0.041369148617996565,0.276470588235294
9,181.77000000000004,6.559344136586125,0.1127290472486019,10,Flow305,3,Flow30,0.1710159063336496,9,1500,2313.0499999999997,1.5420333333333331,1.440655863413875,False,False,True,False,False,5,1,0.3650984706012462,-1.7659987073104952,1.8808906187788021,0.0264180074272653,0.6833333333333336
10,116.24999999999994,7.621622825391926,0.039439893079972255,10,Flow305,3,Flow30,1.062278688805801,9,1500,2429.2999999999997,1.619533333333333,0.3783771746080742,False,False,True,False,False,5,1,-0.9718637644269733,0.06041630723180033,2.0309893162353703,0.15009869745656812,0.6977346278317151
11,99.86,8.369371436282758,0.00923603596066496,10,Flow305,3,Flow30,0.7477486108908327,9,1500,2529.16,1.6861066666666666,0.0,False,False,True,False,False,5,1,-6.907755278982137,-0.2906884391925178,2.124578784463138,0.09358946822776781,0.19166666666666643
12,72.03,8.50125156445557,0.0,10,Flow305,3,Flow30,0.1318801281728117,9,1500,2601.19,1.7341266666666666,0.0,False,False,True,False,False,5,1,-6.907755278982137,-2.0258618888893936,2.140213395534228,0.0156346110710901,5.352564102564102
1,13.0,7.8157774737802095,0.0,11,Flow305,3,Flow30,,9,1500,13.0,0.008666666666666666,0.18422252621979052,False,False,True,False,False,5,1,-1.6916108704567365,,2.0561444437338827,,0.5270833333333336
2,259.74,7.057485132845663,-0.09481604574485548,11,Flow305,3,Flow30,-0.7582923409345463,9,1500,272.74,0.18182666666666666,0.9425148671543369,False,False,True,False,False,5,1,-0.05920358561532445,-0.2766862936367577,1.954088774568108,-0.1020556691657748,0.1841847826086953
3,333.39,6.628751175533107,-0.07437765703606931,11,Flow305,3,Flow30,-0.4287339573125557,9,1500,606.13,0.40408666666666665,1.3712488244668926,False,False,True,False,False,5,1,0.31572187533575413,-0.8469186985488426,1.8914164268077662,-0.0626723477603417,0.3868421052631583
4,270.75,6.724663523211168,0.025957443517063968,11,Flow305,3,Flow30,0.09591234767806078,9,1500,876.88,0.5845866666666667,1.2753364767888318,False,False,True,False,False,5,1,0.2432100471578117,-2.344320549614,1.905781890512928,0.014365463705161785,0.2684210526315791
5,416.27,5.99975753179167,-0.23364125749867848,11,Flow305,3,Flow30,-0.7249059914194982,9,1500,1293.15,0.8621000000000001,2.00024246820833,False,False,True,False,False,5,1,0.6932684073158502,-0.3217132995425442,1.7917190570434387,-0.11406283346948931,0.762434522324769
6,244.86,5.343115205210854,0.05647851425752492,11,Flow305,3,Flow30,-0.6566423265808163,9,1500,1538.0100000000002,1.0253400000000001,2.6568847947891463,False,False,True,False,False,5,1,0.9771543067067224,-0.42061581272576243,1.6758088546392784,-0.11591020240416028,0.30350877192982395
7,249.8,6.099242788913198,0.08455375608008041,11,Flow305,3,Flow30,0.7561275837023445,9,1500,1787.8100000000002,1.1918733333333333,1.9007572110868018,False,False,True,False,False,5,1,0.6422523389304985,-0.27954515553018827,1.808164630509082,0.13235577586980352,0.47017543859649136
8,301.09,7.412610625592358,0.19295316341190652,11,Flow305,3,Flow30,1.3133678366791601,9,1500,2088.9,1.3926,0.5873893744076417,False,False,True,False,False,5,1,-0.5320673495748929,0.2725947058797576,2.0031826884070636,0.19501805789798166,0.1873829873829873
9,143.09000000000003,7.749772608401398,-0.04543145028218083,11,Flow305,3,Flow30,0.33716198280903953,9,1500,2231.9900000000002,1.4879933333333335,0.2502273915986022,False,False,True,False,False,5,1,-1.3853852081303344,-1.0871918029559249,2.047663502083372,0.044480813676308184,0.9284567507494237
10,94.14999999999998,7.001114875203828,-0.04780656102009248,11,Flow305,3,Flow30,-0.7486577331975699,9,1500,2326.1400000000003,1.5507600000000001,0.9988851247961721,False,False,True,False,False,5,1,-0.0011154971394847027,-0.28947336492852327,1.9460694042597912,-0.10159409782358053,2.833333333333333
11,93.24000000000001,7.317388279115434,0.05901797412960683,11,Flow305,3,Flow30,0.3162734039116062,9,1500,2419.38,1.6129200000000001,0.6826117208845659,False,False,True,False,False,5,1,-0.38182907171559877,-1.1511482372150255,1.9902534718370735,0.044184067577282216,0.5691376593611226
12,80.42999999999999,8.261414503133391,0.0,11,Flow305,3,Flow30,0.9440262240179571,9,1500,2499.81,1.66654,0.0,False,False,True,False,False,5,1,-6.907755278982137,-0.057601333542445225,2.1115958202244434,0.1213423483873699,0.37916666666666643
1,0.0,7.793730295045652,0.0,12,Flow305,3,Flow30,,9,1500,0.0,0.0,0.20626970495434804,False,False,True,False,False,5,1,-1.5785707191583263,,2.053319602140932,,5.615384615384615
2,145.20999999999998,7.793730295045652,-0.008482619946649997,12,Flow305,3,Flow30,0.0,9,1500,145.20999999999998,0.09680666666666665,0.20626970495434804,False,False,True,False,False,5,1,-1.5785707191583263,-6.907755278982137,2.053319602140932,0.0,0.2528604118993134
3,287.58000000000004,7.435308704949354,-0.11121678991754212,12,Flow305,3,Flow30,-0.3584215900962979,9,1500,432.79,0.28852666666666665,0.564691295050646,False,False,True,False,False,5,1,-0.5714760775972169,-1.0260453594716856,2.0062400995544505,-0.047079502586481414,0.4239130434782612
4,177.76,6.558282360932189,-0.021861990086174274,12,Flow305,3,Flow30,-0.8770263440171648,9,1500,610.55,0.4070333333333333,1.4417176390678108,False,False,True,False,False,5,1,0.36583520766953215,-0.13121824827300807,1.880728733447419,-0.1255113661070315,0.42391304347826075
5,382.61000000000007,6.4225455835375325,-0.003001718045586708,12,Flow305,3,Flow30,-0.13573677739465673,9,1500,993.1600000000001,0.6621066666666667,1.5774544164624675,False,False,True,False,False,5,1,0.4558124189539047,-1.9970377290031052,1.859814547452391,-0.020914185995027923,0.2236477115117892
6,309.24999999999994,7.037528178584949,0.13179914015921115,12,Flow305,3,Flow30,0.6149825950474161,9,1500,1302.41,0.8682733333333333,0.9624718214150514,False,False,True,False,False,5,1,-0.03825048970065611,-0.48616131231200127,1.951256997519597,0.09144245006720597,0.6771654158849278
7,133.0,6.827869620042737,-0.06005794091033859,12,Flow305,3,Flow30,-0.20965855854221171,9,1500,1435.41,0.95694,1.172130379957263,False,False,True,False,False,5,1,0.15882293066480063,-1.562274983197353,1.9210127098528043,-0.03024428766679277,0.528571428571428
8,191.36999999999998,6.781789587594237,0.04207832940247598,12,Flow305,3,Flow30,-0.046080032448499786,9,1500,1626.78,1.08452,1.2182104124057629,False,False,True,False,False,5,1,0.197382906753414,-3.0773755584172364,1.9142410180959761,-0.006771691756828124,0.5285714285714289
9,171.75000000000009,7.263808044748208,0.030080913071763575,12,Flow305,3,Flow30,0.48201845715397074,9,1500,1798.53,1.19902,0.7361919552517922,False,False,True,False,False,5,1,-0.30626438549193274,-0.7297728728141275,1.9829042153920402,0.06866319729606407,0.5503387533875341
10,332.40999999999997,6.600950173392764,0.0,12,Flow305,3,Flow30,-0.6628578713554436,9,1500,2130.94,1.4206266666666667,1.3990498266072358,False,False,True,False,False,5,1,0.33579331092276354,-0.41119468379014446,1.8872136043358883,-0.09569061105615195,0.5503387533875341
11,143.31000000000003,7.194863979757282,-0.10894463566390149,12,Flow305,3,Flow30,0.593913806364518,9,1500,2274.25,1.5161666666666667,0.8051360202427178,False,False,True,False,False,5,1,-0.21674404659165664,-0.5210210772789915,1.973367435331902,0.0861538309960137,2.147619047619047
12,90.86999999999996,6.11272990692521,0.09741776123326683,12,Flow305,3,Flow30,-1.0821340728320719,9,1500,2365.12,1.5767466666666665,1.8872700930747897,False,False,True,False,False,5,1,0.6351313897287232,0.07893508479225524,1.8103734666785565,-0.16299396865334548,0.33279857397504475
1,0.0,6.590285949848309,0.0,13,Flow305,4,Flow30,,6,1200,0.0,0.0,0.5902859498483091,False,False,False,True,False,5,1,-0.5271481987326176,,1.8855967390522907,,3.4
2,245.77999999999997,6.590285949848309,-0.22027765995689194,13,Flow305,4,Flow30,0.0,6,1200,245.77999999999997,0.20481666666666665,0.5902859498483091,False,False,False,True,False,5,1,-0.5271481987326176,-6.907755278982137,1.8855967390522907,0.0,0.17142857142857126
3,308.80999999999995,5.83171108553021,0.09455655900611153,13,Flow305,4,Flow30,-0.7585748643180992,6,1200,554.5899999999999,0.4621583333333333,0.1682889144697901,False,False,False,True,False,5,1,-1.7820730476327622,-0.27631378457882366,1.7633104539610949,-0.12228628509119588,0.20059220059220007
4,192.13,5.769621524792868,-0.08159331837789663,13,Flow305,4,Flow30,-0.062089560737342175,6,1200,746.7199999999999,0.6222666666666666,0.23037847520713228,False,False,False,True,False,5,1,-1.4680317781048104,-2.7791774082423406,1.7526064847452325,-0.010703969215862363,0.1782869785082175
5,318.99,5.271422561272185,0.1319937640753303,13,Flow305,4,Flow30,-0.49819896352068316,6,1200,1065.71,0.8880916666666667,0.7285774387278154,False,False,False,True,False,5,1,-0.31666136012480145,-0.6967557566044685,1.6623002618524503,-0.09030622289278223,0.1714285714285717
6,239.92999999999998,6.534048556672263,0.10042535686599748,13,Flow305,4,Flow30,1.2626259954000787,6,1200,1305.64,1.0880333333333334,0.5340485566722633,False,False,False,True,False,5,1,-0.6272685140579617,0.23319367552455111,1.8770267445366748,0.21472648268422456,0.33566433566433584
7,135.57,6.614271921727058,-0.03859862843685903,13,Flow305,4,Flow30,0.08022336505479455,6,1200,1441.21,1.2010083333333335,0.6142719217270578,False,False,False,True,False,5,1,-0.48731757961033306,-2.522940471691612,1.8892297267666536,0.012202982229978732,0.18955223880597005
8,205.07,7.693305743260422,0.11917735225054174,13,Flow305,4,Flow30,1.079033821533364,6,1200,1646.28,1.3719,1.6933057432604217,False,False,False,True,False,5,1,0.5266826794393981,0.07606603104272851,2.0403505667340442,0.15112083996739067,0.4316239316239314
9,227.33999999999997,7.755407625756882,-0.09425304144436372,13,Flow305,4,Flow30,0.06210188249646009,6,1200,1873.62,1.56135,1.7554076257568818,False,False,False,True,False,5,1,0.5627010953369364,-2.778978976549504,2.048390358207387,0.00803979147334255,1.0824175824175821
10,155.34000000000003,7.245136209073627,0.033267074255499254,13,Flow305,4,Flow30,-0.5102714166832545,6,1200,2028.96,1.6908,1.2451362090736273,False,False,False,True,False,5,1,0.2192449288108092,-0.6728125052514055,1.9803303760201612,-0.06805998218722564,0.28717948717948705
11,166.38000000000002,7.269266505736806,-0.030179145528905774,13,Flow305,4,Flow30,0.024130296663178896,6,1200,2195.34,1.82945,1.2692665057368062,False,False,False,True,False,5,1,0.23843917908368392,-3.7242871050494957,1.9836553931591818,0.0033250171390206695,0.2871794871794875
12,139.27999999999994,7.071428571428571,0.0,13,Flow305,4,Flow30,-0.19783793430823504,6,1200,2334.62,1.9455166666666666,1.0714285714285712,False,False,False,True,False,5,1,0.06899287148695121,-1.6203070970475306,1.9560625205193314,-0.02759287263985044,0.2871794871794875
1,0.0,7.042689785305588,0.0,14,Flow305,4,Flow30,,6,1200,0.0,0.0,1.0426897853055879,False,False,False,True,False,5,1,0.041803706376807324,,1.951990168975478,,6.103448275862069
2,179.23999999999995,7.042689785305588,-0.059002757171856116,14,Flow305,4,Flow30,0.0,6,1200,179.23999999999995,0.14936666666666662,1.0426897853055879,False,False,False,True,False,5,1,0.041803706376807324,-6.907755278982137,1.951990168975478,0.0,0.13263184424421892
3,194.78,6.687366701386177,-0.013733858887849289,14,Flow305,4,Flow30,-0.35532308391941125,6,1200,374.02,0.3116833333333333,0.6873667013861766,False,False,False,True,False,5,1,-0.37488735713312604,-1.0347278078449387,1.9002201795204683,-0.05176998945500966,0.18178438661710006
4,275.1,7.027300044444585,0.04201691665059589,14,Flow305,4,Flow30,0.3399333430584086,6,1200,649.12,0.5409333333333334,1.0273000444445852,False,False,False,True,False,5,1,0.026934044503571904,-1.0790057304204197,1.9498025700952177,0.049582390574749446,0.1389272437599578
5,222.98000000000002,7.02229436174537,-0.015900271301447597,14,Flow305,4,Flow30,-0.005005682699215086,6,1200,872.1,0.72675,1.0222943617453701,False,False,False,True,False,5,1,0.022049475501384832,-5.297181472077479,1.9490899967971849,-0.0007125732980328703,0.22941176470588243
6,142.7,6.763194176690395,-0.0010676309045645272,14,Flow305,4,Flow30,-0.259100185054975,6,1200,1014.8,0.8456666666666667,0.7631941766903951,False,False,False,True,False,5,1,-0.2702427889998177,-1.3505404771921163,1.9114952898012731,-0.03759470699591172,0.2078431372549021
7,171.86999999999995,6.963593146864759,-0.013549135487091387,14,Flow305,4,Flow30,0.2003989701743638,6,1200,1186.6699999999998,0.9888916666666665,0.9635931468647589,False,False,False,True,False,5,1,-0.037086120279207144,-1.6074450486351113,1.94069559786511,0.029200308063836777,0.13484162895927598
8,270.71000000000004,6.432904137329573,-0.05806620797647051,14,Flow305,4,Flow30,-0.5306890095351857,6,1200,1457.3799999999999,1.2144833333333331,0.4329041373295732,False,False,False,True,False,5,1,-0.8372389673390009,-0.633579098736791,1.8614260906124958,-0.07926950725261417,0.1564102564102563
9,218.92,6.402857217123536,0.031749634822444056,14,Flow305,4,Flow30,-0.030046920206037164,6,1200,1676.3,1.3969166666666666,0.40285721712353606,False,False,False,True,False,5,1,-0.9091730797561051,-3.5049951122370633,1.8567443309164133,-0.0046817596960824215,0.12617769827072145
10,229.70000000000005,6.786184050516669,0.028253632171400523,14,Flow305,4,Flow30,0.38332683339313256,6,1200,1906.0,1.5883333333333334,0.7861840505166686,False,False,False,True,False,5,1,-0.24056435300164697,-0.9588673028024529,1.9148887880862937,0.05814445716988037,0.30934065934065913
11,120.21000000000001,6.503284786231566,-0.04872260094905045,14,Flow305,4,Flow30,-0.2828992642851027,6,1200,2026.21,1.6885083333333333,0.5032847862315659,False,False,False,True,False,5,1,-0.6865990936885568,-1.2626644012962274,1.8723074009823428,-0.042581387103950874,0.9952380952380957
12,36.16999999999997,5.79417623541032,0.00719784910649979,14,Flow305,4,Flow30,-0.709108550821246,6,1200,2062.38,1.71865,0.2058237645896801,False,False,False,True,False,5,1,-1.5807349880521233,-0.34374666004901505,1.7568533157658863,-0.1154540852164565,0.30934065934065913
1,0.0,7.301186619511409,0.0,15,Flow305,4,Flow30,,6,1200,0.0,0.0,1.3011866195114088,False,False,False,True,False,5,1,0.2632766323728319,,1.9880368855624264,,3.2
2,233.24,7.301186619511409,-0.05712623793473127,15,Flow305,4,Flow30,0.0,6,1200,233.24,0.1943666666666667,1.3011866195114088,False,False,False,True,False,5,1,0.2632766323728319,-6.907755278982137,1.9880368855624264,0.0,0.23589743589743595
3,362.21000000000004,7.015356898791734,0.12555530749998878,15,Flow305,4,Flow30,-0.2858297207196747,6,1200,595.45,0.49620833333333336,1.015356898791734,False,False,False,True,False,5,1,0.015240175113723933,-1.2523590275716276,1.9481015887808188,-0.039935296781607565,0.18256410256410271
4,283.39,7.432001364773157,-0.01738432991353018,15,Flow305,4,Flow30,0.416644465981423,6,1200,878.84,0.7323666666666667,1.432001364773157,False,False,False,True,False,5,1,0.35907302159188037,-0.875522020418002,2.0057951851462295,0.057693596365410604,0.21333333333333337
5,130.10000000000002,7.235689808312707,0.00023036453100355405,15,Flow305,4,Flow30,-0.19631155646044984,6,1200,1008.94,0.8407833333333333,1.2356898083127072,False,False,False,True,False,5,1,0.21162936339043223,-1.6280523080089904,1.979025698774604,-0.02676948637162546,0.3476190476190477
6,251.84999999999997,7.575844141222526,0.0015239227193331816,15,Flow305,4,Flow30,0.3401543329098189,6,1200,1260.79,1.0506583333333332,1.5758441412225261,False,False,False,True,False,5,1,0.4547910913818665,-1.078355844039598,2.024964782971856,0.04593908419725201,0.16219178082191776
7,223.66999999999993,7.408235171196162,-0.02530512572431221,15,Flow305,4,Flow30,-0.16760897002636455,6,1200,1484.4599999999998,1.2370499999999998,1.4082351711961616,False,False,False,True,False,5,1,0.3423372687860026,-1.7861215719226198,2.0025922424118345,-0.02237254056002147,0.21333333333333337
8,250.46000000000006,7.518409930594654,0.02833603875759485,15,Flow305,4,Flow30,0.1101747593984923,6,1200,1734.9199999999998,1.4457666666666666,1.518409930594654,False,False,False,True,False,5,1,0.4176636890224859,-2.205687452068658,2.017354670204371,0.01476242779253667,0.16219178082191776
9,249.21000000000004,7.601714669124608,-0.017638850589601948,15,Flow305,4,Flow30,0.08330473852995368,6,1200,1984.1299999999999,1.6534416666666665,1.6017146691246076,False,False,False,True,False,5,1,0.4710747236221779,-2.485249846313747,2.0283738362036945,0.011019165999323288,0.21333333333333382
10,219.23999999999995,7.566266294347914,0.0149619695690501,15,Flow305,4,Flow30,-0.035448374776693825,6,1200,2203.37,1.8361416666666666,1.5662662943479138,False,False,False,True,False,5,1,0.44869463058849596,-3.33967787256428,2.023699721778079,-0.004674114425615272,0.21212121212121238
11,203.14000000000001,7.329690621531049,-0.2827536807176632,15,Flow305,4,Flow30,-0.23657567281686465,6,1200,2406.5099999999998,2.005425,1.329690621531049,False,False,False,True,False,5,1,0.28494629978431757,-1.441487152602179,1.9919333078497024,-0.03176641392837687,3.0300000000000002
12,18.0,4.199999999999999,0.0,15,Flow305,4,Flow30,-3.12969062153105,6,1200,2424.5099999999998,2.020425,1.8000000000000007,False,False,False,True,False,5,1,0.5877866649021194,1.1409341567054485,1.4350845252893225,-0.5568487825603798,3.0300000000000002
1,0.0,7.516897480412846,0.0,16,Flow305,4,Flow30,,6,1200,0.0,0.0,1.5168974804128457,False,False,False,True,False,5,1,0.41666711760339464,,2.0171534837376677,,6.2
2,127.94,7.516897480412846,0.030052213744067184,16,Flow305,4,Flow30,0.0,6,1200,127.94,0.10661666666666667,1.5168974804128457,False,False,False,True,False,5,1,0.41666711760339464,-6.907755278982137,2.0171534837376677,0.0,0.28000000000000025
3,278.95,7.344663232564129,-0.05037068161010187,16,Flow305,4,Flow30,-0.1722342478487171,6,1200,406.89,0.339075,1.3446632325641286,False,False,False,True,False,5,1,0.2961435969916323,-1.7588998226244437,1.9939739586855436,-0.02317952505212406,0.28000000000000025
4,267.13,7.17673037615611,-0.026801926160467508,16,Flow305,4,Flow30,-0.1679328564080187,6,1200,674.02,0.5616833333333333,1.1767303761561099,False,False,False,True,False,5,1,0.1627397248533797,-1.7841910437038997,1.9708438999780171,-0.02313005870752649,0.39655725700501776
5,275.65999999999997,7.21488148967196,0.09052518620488272,16,Flow305,4,Flow30,0.0381511135158501,6,1200,949.68,0.7914,1.21488148967196,False,False,False,True,False,5,1,0.1946465326705966,-3.2662003338440733,1.9761457665430415,0.0053018665650244046,0.28450704225352075
6,280.94,6.736934919602948,-0.29091102964498544,16,Flow305,4,Flow30,-0.47794657006901176,6,1200,1230.62,1.0255166666666666,0.7369349196029482,False,False,False,True,False,5,1,-0.3052556951654817,-0.73825633083662,1.9076050617868356,-0.06854070475620588,1.3261538461538462
7,224.79999999999998,6.274559823959831,0.216001595785005,16,Flow305,4,Flow30,-0.4623750956431172,6,1200,1455.4199999999998,1.2128499999999998,0.27455982395983103,False,False,False,True,False,5,1,-1.2925861038546893,-0.7713788219777055,1.8365033349812687,-0.07110172680556692,0.2977777777777777
8,199.14000000000004,7.847927501833812,0.061730303436363446,16,Flow305,4,Flow30,1.5733676778739811,6,1200,1654.56,1.3788,1.8479275018338122,False,False,False,True,False,5,1,0.6140647418405429,0.45321833984829313,2.0602494844316332,0.22374614945036453,0.37543554006968716
9,321.80999999999995,6.791519177050343,-0.20989092671879322,16,Flow305,4,Flow30,-1.0564083247834688,6,1200,1976.37,1.6469749999999999,0.7915191770503434,False,False,False,True,False,5,1,-0.23380117121125443,0.05487478174249472,1.9156746539604892,-0.14457483047114406,0.6885941644562337
10,332.62000000000006,6.83333816516307,0.10347514181866752,16,Flow305,4,Flow30,0.041818988112726885,6,1200,2308.99,1.9241583333333332,0.8333381651630702,False,False,False,True,False,5,1,-0.18231575861507981,-3.1744047815267296,1.9218133045730375,0.006138650612548258,0.12307692307692264
11,157.76000000000002,7.451451753829551,0.017366986553708733,16,Flow305,4,Flow30,0.618113588666481,6,1200,2466.75,2.055625,1.4514517538295513,False,False,False,True,False,5,1,0.3725642650941288,-0.481083037982477,2.0084088796933455,0.08659557512030802,0.43648293963254625
12,44.130000000000024,7.2303066746843045,0.0,16,Flow305,4,Flow30,-0.22114507914524673,6,1200,2510.88,2.0924,1.2303066746843045,False,False,False,True,False,5,1,0.20726346731864337,-1.5089363261238338,1.9782814522398826,-0.030127427453462863,3.043307086614173
1,0.0,10.47274849930596,0.0,17,Flow305,5,Flow30,,14,1100,0.0,0.0,3.5272515006940406,False,False,False,False,True,5,1,1.2605189559682768,,2.3487765023048173,,10.0
2,23.699999999999996,10.47274849930596,-0.04802308041156206,17,Flow305,5,Flow30,0.0,14,1100,23.699999999999996,0.02154545454545454,3.5272515006940406,False,False,False,False,True,5,1,1.2605189559682768,-6.907755278982137,2.3487765023048173,0.0,0.684676044330776
3,307.37,8.46045872205822,-0.4030205516992213,17,Flow305,5,Flow30,-2.012289777247739,14,1100,331.07,0.3009727272727273,5.53954127794178,False,False,False,False,True,5,1,1.7119116955153697,0.699273266343971,2.135403394613658,-0.21337310769115936,0.4395161290322589
4,428.78999999999996,7.32216416231908,-0.21352582325753355,17,Flow305,5,Flow30,-1.1382945597391405,14,1100,759.8599999999999,0.690781818181818,6.67783583768092,False,False,False,False,True,5,1,1.8987939586617926,0.12953114205195948,1.990905934867235,-0.1444974597464228,0.36668547890751846
5,414.2900000000001,7.259749879925305,0.051103498353933144,17,Flow305,5,Flow30,-0.062414282393774556,14,1100,1174.15,1.067409090909091,6.740250120074695,False,False,False,False,True,5,1,1.908097034039031,-2.7739611452812016,1.9823453764423056,-0.008560558424929532,0.35507910512793517
6,298.84999999999997,8.73990999673624,-0.21048043691581306,17,Flow305,5,Flow30,1.480160116810934,14,1100,1473.0,1.339090909090909,5.260090003263761,False,False,False,False,True,5,1,1.6601481374898754,0.39215026895864336,2.167899891758155,0.18555451531584954,0.839285714285714
7,68.33999999999999,9.052576641806995,0.17006028135650458,17,Flow305,5,Flow30,0.31266664507075603,14,1100,1541.34,1.4012181818181817,4.947423358193005,False,False,False,False,True,5,1,1.5988669073575184,-1.162617687714101,2.2030494289909988,0.03514953723284364,2.0910476718403546
8,66.56000000000003,9.945855878115784,-0.10651744551236322,17,Flow305,5,Flow30,0.8932792363087891,14,1100,1607.8999999999999,1.4617272727272725,4.054144121884216,False,False,False,False,True,5,1,1.3997395979366831,-0.11285605234971385,2.2971559697507793,0.09410654075978053,0.7884615384615383
9,114.55999999999995,10.265578751021302,0.27452898997632436,17,Flow305,5,Flow30,0.31972287290551726,14,1100,1722.4599999999998,1.565872727272727,3.7344212489786983,False,False,False,False,True,5,1,1.3175928531589014,-1.1403006805724678,2.3287964298870327,0.031640460136253434,1.386243386243386
10,28.60000000000005,12.336608379757848,-0.03421480563196347,17,Flow305,5,Flow30,2.0710296287365466,14,1100,1751.06,1.5918727272727273,1.6633916202421517,False,False,False,False,True,5,1,0.5088586627111036,0.7280458887990613,2.5125711330301566,0.18377470314312383,0.9999999999999991
11,47.31999999999995,12.132387430364872,0.03022193251650338,17,Flow305,5,Flow30,-0.20422094939297608,14,1100,1798.3799999999999,1.634890909090909,1.8676125696351278,False,False,False,False,True,5,1,0.6246609144599163,-1.5885527859919046,2.4958785238997594,-0.016692609130397162,0.6894409937888195
12,30.520000000000024,12.280413304137062,0.03501330210556013,17,Flow305,5,Flow30,0.14802587377218934,14,1100,1828.8999999999999,1.6626363636363635,1.7195866958629384,False,False,False,False,True,5,1,0.5420839688474055,-1.9103681977126812,2.5080055788413085,0.012127054941549087,1.533333333333334
1,0.0,11.37875762650767,0.0,18,Flow305,5,Flow30,,14,1100,0.0,0.0,2.621242373492329,False,False,False,False,True,5,1,0.9636483937370864,,2.431748251078391,,10.0
2,99.02,11.37875762650767,-0.15024379032909896,18,Flow305,5,Flow30,0.0,14,1100,99.02,0.09001818181818182,2.621242373492329,False,False,False,False,True,5,1,0.9636483937370864,-6.907755278982137,2.431748251078391,0.0,0.2738095238095246
3,200.23,11.236559975590785,-0.07362921039107626,18,Flow305,5,Flow30,-0.14219765091688608,14,1100,299.25,0.27204545454545453,2.763440024409215,False,False,False,False,True,5,1,1.0164762892907782,-1.950537281321274,2.4191727456283734,-0.012575505450017843,0.1547619047619051
4,175.96,11.049702624612845,0.03365702686265313,18,Flow305,5,Flow30,-0.18685735097793987,14,1100,475.21000000000004,0.43200909090909095,2.950297375387155,False,False,False,False,True,5,1,1.081905970487209,-1.6774097822246123,2.40240351580189,-0.016769229826483212,0.3974358974358978
5,153.17000000000002,11.214354012249938,0.0036200178098901976,18,Flow305,5,Flow30,0.1646513876370932,14,1100,628.3800000000001,0.5712545454545456,2.785645987750062,False,False,False,False,True,5,1,1.0244797989959094,-1.8039248423963512,2.4171945659788294,0.014791050176939269,0.29874551971326113
6,245.67000000000002,8.393411164400845,-0.679244743647831,18,Flow305,5,Flow30,-2.8209428478490928,14,1100,874.0500000000002,0.7945909090909092,5.606588835599155,False,False,False,False,True,5,1,1.7239424839014716,1.0370711722786847,2.1274470128678673,-0.2897475531109621,0.9025641025641034
7,393.05,8.183678312341197,0.9723678899818979,18,Flow305,5,Flow30,-0.20973285205964842,14,1100,1267.1000000000001,1.151909090909091,5.816321687658803,False,False,False,False,True,5,1,1.7606680495095417,-1.561920691162105,2.1021417209781084,-0.02530529188975894,0.4560975609756097
8,65.74999999999999,10.547945205479452,0.0,18,Flow305,5,Flow30,2.3642668931382556,14,1100,1332.8500000000001,1.2116818181818183,3.4520547945205475,False,False,False,False,True,5,1,1.238969646363032,0.8604679921298969,2.3559310736993386,0.25378935272123027,0.571725383920505
9,56.72,10.507478400520386,0.008997754284852102,18,Flow305,5,Flow30,-0.04046680495906685,14,1100,1389.5700000000002,1.2632454545454548,3.4925215994796144,False,False,False,False,True,5,1,1.2506239966623152,-3.2072732715908154,2.352087232270029,-0.0038438414293096024,0.5555555555555554
10,196.32,7.075812136955859,0.36519926985870477,18,Flow305,5,Flow30,-3.4316662635645265,14,1100,1585.89,1.441718181818182,6.924187863044141,False,False,False,False,True,5,1,1.9350207691013144,1.233045934346224,1.9566822266172104,-0.39540500565281866,0.9338820638820637
11,51.05999999999999,10.425442291491155,0.0,18,Flow305,5,Flow30,3.349630154535296,14,1100,1636.95,1.4881363636363636,3.574557708508845,False,False,False,False,True,5,1,1.2738414505926565,1.2088499381110114,2.344249192827223,0.38756696621001274,1.004230118443317
12,123.33000000000003,11.72212252538051,-0.010756550483992199,18,Flow305,5,Flow30,1.2966802338893544,14,1100,1760.28,1.6002545454545454,2.2778774746194905,False,False,False,False,True,5,1,0.8232440771954355,0.25980733206125056,2.4614778705998916,0.11722867777266854,0.6698162729658801
1,0.0,7.772429124546455,0.0,19,Flow305,5,Flow30,,14,1100,0.0,0.0,6.227570875453545,False,False,False,False,True,5,1,1.8289863491337617,,2.050582744163162,,0.8974358974358978
2,456.96000000000004,7.772429124546455,-1.8381913126934977,19,Flow305,5,Flow30,0.0,14,1100,456.96000000000004,0.41541818181818185,6.227570875453545,False,False,False,False,True,5,1,1.8289863491337617,-6.907755278982137,2.050582744163162,0.0,0.38695652173913064
3,198.68,6.163963205155556,0.12087762106996128,19,Flow305,5,Flow30,-1.6084659193908983,14,1100,655.6400000000001,0.5960363636363637,7.836036794844444,False,False,False,False,True,5,1,2.058733195686947,0.47528087965208626,1.818719948127197,-0.23186279603596516,0.4333333333333331
4,156.26,8.842100772217245,0.6392497222637706,19,Flow305,5,Flow30,2.6781375670616887,14,1100,811.9000000000001,0.7380909090909091,5.157899227782755,False,False,False,False,True,5,1,1.6405293701963273,0.9851216152781092,2.1795244923326873,0.36080454420549035,1.333333333333333
5,140.60000000000002,9.540343789461854,-0.29293661477569516,19,Flow305,5,Flow30,0.698243017244609,14,1100,952.5000000000001,0.865909090909091,4.459656210538146,False,False,False,False,True,5,1,1.4950716802219572,-0.35918807457261354,2.255529521442113,0.07600502910942586,2.3342563291139244
6,211.57999999999998,10.238172314736794,0.0,19,Flow305,5,Flow30,0.6978285252749394,14,1100,1164.0800000000002,1.0582545454545456,3.7618276852632064,False,False,False,False,True,5,1,1.3249049258061996,-0.3597818721957648,2.3261231187920535,0.0705935973499403,2.2254901960784315
7,139.74,8.867548903562215,-0.0706134839406042,19,Flow305,5,Flow30,-1.370623411174579,14,1100,1303.8200000000002,1.1852909090909092,5.132451096437785,False,False,False,False,True,5,1,1.6355833416508059,0.31526568099159014,2.1823984225714606,-0.14372469622059292,2.712121212121213
8,157.49999999999997,9.5,0.4077353215284248,19,Flow305,5,Flow30,0.6324510964377854,14,1100,1461.3200000000002,1.3284727272727275,4.5,False,False,False,False,True,5,1,1.5040773967762742,-0.45815237925456775,2.2512917986064953,0.06889337603503476,1.416666666666667
9,15.0,9.5,-0.03883193538365951,19,Flow305,5,Flow30,0.0,14,1100,1476.3200000000002,1.3421090909090911,4.5,False,False,False,False,True,5,1,1.5040773967762742,-6.907755278982137,2.2512917986064953,0.0,1.0666666666666664
10,125.61000000000004,10.56628398398422,0.056879429788272484,19,Flow305,5,Flow30,1.0662839839842206,14,1100,1601.9300000000003,1.4563000000000004,3.4337160160157794,False,False,False,False,True,5,1,1.2336430613316371,0.06417969175121346,2.357668175532579,0.1063763769260837,0.4757763975155278
11,119.67999999999998,11.718147987234287,0.06933165098636812,19,Flow305,5,Flow30,1.1518640032500667,14,1100,1721.6100000000004,1.5651000000000004,2.2818520127657127,False,False,False,False,True,5,1,0.8249873995411259,0.14138150257060986,2.461138750095103,0.10347057456252395,0.9741048593350374
12,16.65,8.657004830917874,0.0511781146463805,19,Flow305,5,Flow30,-3.0611431563164135,14,1100,1738.2600000000004,1.580236363636364,5.342995169082126,False,False,False,False,True,5,1,1.675786388816911,1.1187884266960304,2.1583688002695065,-0.30276994982559646,2.0087719298245617
1,0.0,7.859305268871525,0.0,20,Flow305,5,Flow30,,14,1100,0.0,0.0,6.140694731128475,False,False,False,False,True,5,1,1.8149378841505144,,2.0616982143503653,,4.169014084507042
2,345.39000000000004,7.859305268871525,-0.908425611311395,20,Flow305,5,Flow30,0.0,14,1100,345.39000000000004,0.31399090909090915,6.140694731128475,False,False,False,False,True,5,1,1.8149378841505144,-6.907755278982137,2.0616982143503653,0.0,0.5204301075268818
3,364.88,7.55987590049197,0.21601753873471155,20,Flow305,5,Flow30,-0.29942936837955525,14,1100,710.27,0.6456999999999999,6.44012409950803,False,False,False,False,True,5,1,1.8625478100405386,-1.2058767210271173,2.0228547747778696,-0.0388434395724957,0.2666666666666666
4,149.83,7.968486010859119,0.2819172494948478,20,Flow305,5,Flow30,0.40861011036714956,14,1100,860.1,0.7819090909090909,6.031513989140881,False,False,False,False,True,5,1,1.7969980553675204,-0.8949938529812229,2.0754945137609018,0.0526397389830322,0.7333333333333334
5,136.42000000000002,11.244659061175751,0.0,20,Flow305,5,Flow30,3.2761730503166318,14,1100,996.52,0.9059272727272727,2.755340938824249,False,False,False,False,True,5,1,1.0135411876974116,1.186675988257678,2.419893265803201,0.3443987520422991,0.3469695071010861
6,130.32999999999996,11.303173531397704,0.0,20,Flow305,5,Flow30,0.058514470221952664,14,1100,1126.85,1.0244090909090908,2.6968264686022962,False,False,False,False,True,5,1,0.9920756997079619,-2.838481201109925,2.4250835297756677,0.005190263972466802,0.3454545454545457
7,128.57000000000005,11.0082048701677,-0.03646850543825126,20,Flow305,5,Flow30,-0.2949686612300031,14,1100,1255.42,1.1412909090909091,2.9917951298322993,False,False,False,False,True,5,1,1.0958735851182393,-1.2208861614040882,2.398640892043214,-0.02644263773245381,0.6131455399061032
8,83.56999999999998,10.835756718097414,-0.0006072324789683078,20,Flow305,5,Flow30,-0.1724481520702863,14,1100,1338.99,1.2172636363636364,3.1642432819025856,False,False,False,False,True,5,1,1.1519139375634408,-1.7576586553987348,2.3828514727062724,-0.015789419336941446,0.7333333333333334
9,83.72999999999999,10.850178979955375,-0.01490327548097883,20,Flow305,5,Flow30,0.014422261857960805,14,1100,1422.72,1.2933818181818182,3.149821020044625,False,False,False,False,True,5,1,1.1473456321898268,-4.23898230381141,2.384181575698835,0.0013301029925627539,1.3320754716981131
10,53.84000000000002,10.538243626062322,0.0,20,Flow305,5,Flow30,-0.3119353538930536,14,1100,1476.56,1.3423272727272726,3.4617563739376784,False,False,False,False,True,5,1,1.2417760827982443,-1.1649593117020713,2.3550108903338955,-0.029170685364939608,1.3320754716981131
11,40.910000000000004,8.87053925855125,0.0889547482274743,20,Flow305,5,Flow30,-1.667704367511071,14,1100,1517.47,1.3795181818181819,5.129460741448749,False,False,False,False,True,5,1,1.6350005350313535,0.5114480505249023,2.1827355902515437,-0.1722753000823518,0.6510501355013547
12,113.83999999999997,10.674807250659786,-0.29700343278769653,20,Flow305,5,Flow30,1.8042679921085352,14,1100,1631.31,1.483009090909091,3.3251927493402142,False,False,False,False,True,5,1,1.201527642154018,0.5901549649912108,2.3678865028073917,0.18515091255584792,1.3820754716981134
1,0.0,10.2425735565594,0.0,1,Flow606,1,Flow60,,14,1100,0.0,0.0,3.7574264434406004,True,False,False,False,False,6,2,1.3237342665227363,,2.326552911917559,,4.138888888888889
2,277.16,10.2425735565594,-0.612546310574406,1,Flow606,1,Flow60,0.0,14,1100,277.16,0.2519636363636364,3.7574264434406004,True,False,False,False,False,6,2,1.3237342665227363,-6.907755278982137,2.326552911917559,0.0,0.43300653594771177
3,471.84,9.812172646222193,-0.08879491350270431,1,Flow606,1,Flow60,-0.43040091033720707,14,1100,749.0,0.6809090909090909,4.1878273537778075,True,False,False,False,False,6,2,1.4321820681322455,-0.8430381550410578,2.283623721657486,-0.042929190260073025,0.41176470588235325
4,304.76,9.50052777173553,-0.2095310984451808,1,Flow606,1,Flow60,-0.311644874486662,14,1100,1053.76,0.9579636363636364,4.4994722282644695,True,False,False,False,False,6,2,1.5039601072902355,-1.1658909622393472,2.2513473519829073,-0.03227636967457892,3.7941176470588234
5,134.51999999999998,9.480084092333229,0.21306520114460062,1,Flow606,1,Flow60,-0.02044367940230174,14,1100,1188.28,1.0802545454545454,4.519915907666771,True,False,False,False,False,6,2,1.508493389172572,-3.8900815199491254,2.2491931867268735,-0.0021541652560337354,1.1785714285714288
6,259.96000000000004,12.096019708503077,0.33558100038757877,1,Flow606,1,Flow60,2.615935616169848,14,1100,1448.24,1.3165818181818183,1.9039802914969233,True,False,False,False,False,6,2,0.6439465852110434,0.9616218217362145,2.492876448776382,0.24368326204950863,0.4954954954954962
7,100.19,13.318694480487071,-0.0951356541097155,1,Flow606,1,Flow60,1.2226747719839945,14,1100,1548.43,1.4076636363636363,0.6813055195129287,True,False,False,False,False,6,2,-0.3837444397926058,0.20104089491678107,2.5891686483333105,0.09629219955692836,4.245495495495495
8,0.0,13.318694480487071,0.0,1,Flow606,1,Flow60,0.0,14,1100,1548.43,1.4076636363636363,0.6813055195129287,True,False,False,False,False,6,2,-0.3837444397926058,-6.907755278982137,2.5891686483333105,0.0,1.4045864045864045
9,0.0,13.318694480487071,0.0,1,Flow606,1,Flow60,0.0,14,1100,1548.43,1.4076636363636363,0.6813055195129287,True,False,False,False,False,6,2,-0.3837444397926058,-6.907755278982137,2.5891686483333105,0.0,0.3103103103103102
10,0.0,13.318694480487071,0.0,1,Flow606,1,Flow60,0.0,14,1100,1548.43,1.4076636363636363,0.6813055195129287,True,False,False,False,False,6,2,-0.3837444397926058,-6.907755278982137,2.5891686483333105,0.0,0.3103103103103102
11,22.980000000000004,12.931677018633541,0.012423801942899545,1,Flow606,1,Flow60,-0.3870174618535298,14,1100,1571.41,1.4285545454545456,1.0683229813664585,True,False,False,False,False,6,2,0.06609011182898902,-0.9492854659017276,2.559679884190451,-0.02948876414285939,0.5221621621621617
12,151.89,13.249750578099635,0.033032271295550614,1,Flow606,1,Flow60,0.31807355946609306,14,1100,1723.3000000000002,1.5666363636363638,0.7502494219003655,True,False,False,False,False,6,2,-0.28734956520462257,-1.145472603876328,2.5839787279606847,0.024298843770233614,0.3690587138863002
1,0.0,10.535822053564557,0.0,2,Flow606,1,Flow60,,14,1100,0.0,0.0,3.464177946435443,True,False,False,False,False,6,2,1.2424753595988682,,2.354781074925209,,6.1
2,0.0,10.535822053564557,0.0,2,Flow606,1,Flow60,0.0,14,1100,0.0,0.0,3.464177946435443,True,False,False,False,False,6,2,1.2424753595988682,-6.907755278982137,2.354781074925209,0.0,1.1392438728331582
3,59.620000000000005,10.535822053564557,-0.10031483097332504,2,Flow606,1,Flow60,0.0,14,1100,59.620000000000005,0.054200000000000005,3.464177946435443,True,False,False,False,False,6,2,1.2424753595988682,-6.907755278982137,2.354781074925209,0.0,1.0105081138600696
4,177.74,10.397513468100318,0.0,2,Flow606,1,Flow60,-0.1383085854642392,14,1100,237.36,0.21578181818181819,3.6024865318996824,True,False,False,False,False,6,2,1.2816243103417848,-1.9782679636826204,2.341566687955112,-0.013214386970097358,0.5364821398340949
5,155.09,10.468045711216778,0.024794568093209665,2,Flow606,1,Flow60,0.07053224311646034,14,1100,392.45000000000005,0.3567727272727273,3.531954288783222,True,False,False,False,False,6,2,1.2618513406373597,-2.6516853245465186,2.3483273514157954,0.0067606634606836025,0.793111715339542
6,125.01000000000002,10.631881726472935,0.12962127975264834,2,Flow606,1,Flow60,0.1638360152561571,14,1100,517.46,0.47041818181818185,3.368118273527065,True,False,False,False,False,6,2,1.2143542126064513,-1.8088892583730598,2.363857197051941,0.015529845636145456,0.3714285714285719
7,174.23,12.263318123627892,0.04757788644210719,2,Flow606,1,Flow60,1.6314363971549568,14,1100,691.69,0.628809090909091,1.7366818763721081,True,False,False,False,False,6,2,0.5519763250465931,0.4894608520160983,2.506612540189138,0.14275534313719707,0.33402356157774094
8,160.01999999999998,12.5095051822899,0.01675357604908272,2,Flow606,1,Flow60,0.24618705866200763,14,1100,851.71,0.7742818181818182,1.4904948177101005,True,False,False,False,False,6,2,0.3991081572497706,-1.401663630943119,2.52648876992276,0.01987622973362191,0.2195767195767191
9,199.06,12.59257748998652,-0.013812104038299912,2,Flow606,1,Flow60,0.08307230769661977,14,1100,1050.77,0.9552454545454545,1.4074225100134807,True,False,False,False,False,6,2,0.3417600244635342,-2.4880438733723236,2.533107552280559,0.006618782357799002,0.17399267399267426
10,152.65999999999994,12.027557421278432,-0.17825261561987424,2,Flow606,1,Flow60,-0.5650200687080869,14,1100,1203.4299999999998,1.0940272727272726,1.9724425787215676,True,False,False,False,False,6,2,0.6792726623998737,-0.5708940286291887,2.487200468745815,-0.04590708353474371,2.106782106782106
11,45.27999999999999,11.129890845624525,0.04352027041151519,2,Flow606,1,Flow60,-0.8976665756539077,14,1100,1248.7099999999998,1.135190909090909,2.8701091543754753,True,False,False,False,False,6,2,1.0543500619317387,-0.10795657622679884,2.409634358017846,-0.07756611072796904,0.12131948273027149
12,163.81,11.694636703267607,-0.03130200040048288,2,Flow606,1,Flow60,0.5647458576430822,14,1100,1412.5199999999998,1.2841090909090906,2.305363296732393,True,False,False,False,False,6,2,0.8352382764943187,-0.571379458511598,2.4591303352755367,0.049495977257690615,0.2314527470490777
1,0.0,11.071639149691947,-0.0,3,Flow606,1,Flow60,,14,1100,0.0,0.0,2.928360850308053,True,False,False,False,False,6,2,1.0744428297309172,,2.4043868070952863,,4.517543859649122
2,143.6,11.071639149691947,-0.05843351469097859,3,Flow606,1,Flow60,0.0,14,1100,143.6,0.13054545454545455,2.928360850308053,True,False,False,False,False,6,2,1.0744428297309172,-6.907755278982137,2.4043868070952863,0.0,0.25563909774436055
3,455.16,12.07263050586952,0.2741679953591136,3,Flow606,1,Flow60,1.0009913561775736,14,1100,598.76,0.5443272727272728,1.9273694941304793,True,False,False,False,False,6,2,0.6561561168378005,0.0009908651085609496,2.4909409488847674,0.08655414178948106,0.034806295399516074
4,449.19999999999993,12.092741729391808,-0.08760205419286585,3,Flow606,1,Flow60,0.020111223522286892,14,1100,1047.96,0.9526909090909091,1.9072582706081924,True,False,False,False,False,6,2,0.6456667503836716,-3.906477235562174,2.492605415541402,0.0016644666566345556,0.1836158192090389
5,309.84000000000003,11.89589177761961,-0.004879520232354873,3,Flow606,1,Flow60,-0.19684995177219733,14,1100,1357.8000000000002,1.2343636363636366,2.1041082223803897,True,False,False,False,False,6,2,0.7438917300452331,-1.625313506590148,2.4761931117408515,-0.016412303800550365,0.053785528620171164
6,106.19999999999999,11.965059708093765,0.0,3,Flow606,1,Flow60,0.06916793047415482,14,1100,1464.0000000000002,1.330909090909091,2.034940291906235,True,False,False,False,False,6,2,0.7104664778774982,-2.6712179562309317,2.4819907115772013,0.005797599836349754,0.053785528620171164
7,167.51000000000002,12.106177572877689,0.010083984282917112,3,Flow606,1,Flow60,0.14111786478392396,14,1100,1631.5100000000002,1.4831909090909092,1.893822427122311,True,False,False,False,False,6,2,0.6385972348893224,-1.958159817337528,2.493715865532883,0.011725153955681744,0.09359104148335629
8,141.86000000000004,12.125692223656895,-0.003481669362295761,3,Flow606,1,Flow60,0.019514650779205667,14,1100,1773.3700000000003,1.6121545454545458,1.8743077763431053,True,False,False,False,False,6,2,0.6282394053061195,-3.9365897735029804,2.495326525804818,0.001610660271934794,0.16384180790960468
9,274.8599999999999,12.660354908681324,0.09950346682204626,3,Flow606,1,Flow60,0.5346626850244292,14,1100,2048.2300000000005,1.862027272727273,1.3396450913186762,True,False,False,False,False,6,2,0.29240472165708226,-0.6261192262133065,2.5384754501841726,0.0431489243793548,0.6347852568225241
10,129.29000000000002,12.896746363398034,0.0034826560948081333,3,Flow606,1,Flow60,0.23639145471670986,14,1100,2177.5200000000004,1.9795636363636369,1.1032536366019663,True,False,False,False,False,6,2,0.09826366542491606,-1.4422661416639817,2.556975059663215,0.018499609479042167,1.0608328641584004
11,80.80000000000005,13.056745472064454,0.07418849095016886,3,Flow606,1,Flow60,0.15999910866642075,14,1100,2258.3200000000006,2.0530181818181825,0.9432545279355455,True,False,False,False,False,6,2,-0.058419119793505475,-1.8325870345986977,2.5693048946358723,0.012329834972657494,0.9500000000000002
12,20.90999999999996,15.016452382494396,-2.5317980065324752e-05,3,Flow606,1,Flow60,1.9597069104299418,14,1100,2279.2300000000005,2.072027272727273,1.0164523824943963,True,False,False,False,False,6,2,0.01631850841882764,0.6727949265659514,2.7091464255282234,0.13984153089235107,0.9473389355742299
1,0.0,12.00358799268805,0.0,4,Flow606,1,Flow60,,14,1100,0.0,0.0,1.9964120073119496,True,False,False,False,False,6,2,0.6913515730772727,,2.4852056044872617,,4.550749711649366
2,143.12,12.00358799268805,0.09657565031028632,4,Flow606,1,Flow60,0.0,14,1100,143.12,0.13010909090909092,1.9964120073119496,True,False,False,False,False,6,2,0.6913515730772727,-6.907755278982137,2.4852056044872617,0.0,1.083333333333333
3,189.39,12.697103265375981,0.05744340037679445,4,Flow606,1,Flow60,0.6935152726879306,14,1100,332.51,0.30228181818181815,1.302896734624019,True,False,False,False,False,6,2,0.2645900429867666,-0.36598201684836007,2.5413738781077417,0.05616827362048005,0.26785714285714235
4,387.78000000000003,12.78152518477228,-0.010130381071884385,4,Flow606,1,Flow60,0.0844219193962985,14,1100,720.29,0.6548090909090909,1.2184748152277205,True,False,False,False,False,6,2,0.19759992520126016,-2.4719282026116876,2.548000783360232,0.006626905252490101,0.10909005452152609
5,300.78999999999996,12.844446469825673,0.02195264369872465,4,Flow606,1,Flow60,0.06292128505339356,14,1100,1021.0799999999999,0.9282545454545454,1.155553530174327,True,False,False,False,False,6,2,0.14457947607581603,-2.7658707773929656,2.552911536587435,0.004910753227203024,0.2664974619289344
6,233.48000000000002,13.091021582945036,0.06902549906474126,4,Flow606,1,Flow60,0.24657511311936275,14,1100,1254.56,1.140509090909091,0.9089784170549642,True,False,False,False,False,6,2,-0.09543392870044307,-1.400088613379688,2.571926619882344,0.019015083294909196,0.4243275759773226
7,278.48,13.483356775958379,-0.053846719202029825,4,Flow606,1,Flow60,0.3923351930133432,14,1100,1533.04,1.3936727272727272,0.516643224041621,True,False,False,False,False,6,2,-0.6604027315890011,-0.9356387203502019,2.6014560934720894,0.029529473589745336,0.4833333333333334
8,243.57000000000005,13.158443363446839,0.0,4,Flow606,1,Flow60,-0.32491341251154005,14,1100,1776.6100000000001,1.6151000000000002,0.841556636553161,True,False,False,False,False,6,2,-0.17250196333427661,-1.1241965551907382,2.5770636334485273,-0.0243924600235621,0.4833333333333334
9,179.74999999999991,12.963451569847736,-0.013273063231626622,4,Flow606,1,Flow60,-0.1949917935991028,14,1100,1956.3600000000001,1.778509090909091,1.0365484301522638,True,False,False,False,False,6,2,0.0358963765028211,-1.6347978054111163,2.5621339802998957,-0.014929653148631594,0.26785714285714235
10,89.27000000000008,13.137425404164832,-0.0037951517392482382,4,Flow606,1,Flow60,0.17397383431709557,14,1100,2045.63,1.8596636363636365,0.8625745958351683,True,False,False,False,False,6,2,-0.1478336458916544,-1.7488503685633927,2.5754650581024454,0.013331077802549718,0.19285714285714306
11,198.09999999999994,12.90775263297056,0.007095298737252369,4,Flow606,1,Flow60,-0.22967277119427187,14,1100,2243.73,2.0397545454545454,1.0922473670294401,True,False,False,False,False,6,2,0.08823737825317715,-1.4710997170437974,2.557828110151931,-0.017636947950514514,1.0178571428571432
12,70.88999999999994,13.291571596692204,0.06211081605746817,4,Flow606,1,Flow60,0.3838189637216445,14,1100,2314.62,2.1042,0.7084284033077957,True,False,False,False,False,6,2,-0.3447062788634143,-0.9575842862028129,2.5871301198113597,0.02930200965942875,0.7266666666666666
1,29.7,10.7,0.0,5,Flow606,2,Flow60,,6,1200,29.7,0.024749999999999998,4.699999999999999,False,True,False,False,False,6,2,1.5475625087160128,,2.3702437414678603,,0.404040404040404
2,379.39000000000004,10.743899202771095,-0.009789092898204645,5,Flow606,2,Flow60,0.0438992027710956,6,1200,409.09000000000003,0.34090833333333337,4.743899202771095,False,True,False,False,False,6,2,1.5568594141617491,-3.1258591191776257,2.3743380774542078,0.004094335986347453,0.22291021671826616
3,319.88999999999993,9.873763799604406,-0.12405511331245658,5,Flow606,2,Flow60,-0.8701354031666888,6,1200,728.98,0.6074833333333334,3.873763799604406,False,True,False,False,False,6,2,1.3542265924508508,-0.13910644361972577,2.2898811181007215,-0.0844569593534863,0.21666666666666679
4,227.77000000000007,10.803376008607474,0.2060518670918333,5,Flow606,2,Flow60,0.9296122090030678,6,1200,956.7500000000001,0.7972916666666667,4.803376008607474,False,True,False,False,False,6,2,1.5693190058161663,-0.07298775936158321,2.379858678672621,0.08997756057189932,2.3666666666666663
5,55.210000000000036,11.444203658546078,-0.0030819425534627074,5,Flow606,2,Flow60,0.6408276499386041,6,1200,1011.9600000000002,0.8433000000000002,5.444203658546078,False,True,False,False,False,6,2,1.694551493815077,-0.4449947350661799,2.4374833711275645,0.05762469245494373,0.7939086294416251
6,85.38000000000001,11.113195502181094,-0.019336739328009552,5,Flow606,2,Flow60,-0.3310081563649838,6,1200,1097.3400000000001,0.9144500000000001,5.113195502181094,False,True,False,False,False,6,2,1.6318245516628045,-1.1056122623226192,2.4081331862543918,-0.029350184873172758,1.0181818181818185
7,107.66999999999996,11.168468961853888,0.0016929827450905795,5,Flow606,2,Flow60,0.055273459672793734,6,1200,1205.0100000000002,1.0041750000000003,5.168468961853888,False,True,False,False,False,6,2,1.6425765057561483,-2.8954624192430325,2.4130945367084067,0.004961350454014912,0.21666666666666679
8,125.4,11.062475995391113,0.0,5,Flow606,2,Flow60,-0.10599296646277523,6,1200,1330.4100000000003,1.1086750000000003,5.062475995391113,False,True,False,False,False,6,2,1.6218556907702777,-2.244382541196364,2.4035588404235457,-0.00953569628486095,0.21666666666666679
9,79.93999999999998,10.628284360242741,-0.018113158056483527,5,Flow606,2,Flow60,-0.43419163514837145,6,1200,1410.3500000000004,1.175291666666667,4.628284360242741,False,True,False,False,False,6,2,1.5321862508843824,-0.8342692866973281,2.363518783302034,-0.04004005712151182,0.4257575757575758
10,109.48,10.745719125323292,0.036396722681231695,5,Flow606,2,Flow60,0.11743476508055117,6,1200,1519.8300000000004,1.2665250000000003,4.745719125323292,False,True,False,False,False,6,2,1.5572429749144765,-2.1418722903772247,2.374507454362514,0.010988671060480293,1.1424242424242426
11,95.02000000000001,10.70878563896575,-0.1888542915968331,5,Flow606,2,Flow60,-0.03693348635754212,6,1200,1614.8500000000004,1.3457083333333337,4.70878563896575,False,True,False,False,False,6,2,1.5494300486635364,-3.298636650090896,2.3710644923135273,-0.003442962048986864,1.2405303030303028
12,0.0,10.70878563896575,0.0,5,Flow606,2,Flow60,0.0,6,1200,1614.8500000000004,1.3457083333333337,4.70878563896575,False,True,False,False,False,6,2,1.5494300486635364,-6.907755278982137,2.3710644923135273,0.0,1.2405303030303028
1,0.0,8.370356434732495,0.0,6,Flow606,2,Flow60,,6,1200,0.0,0.0,2.3703564347324946,False,True,False,False,False,6,2,0.8630403382408319,,2.1246964683894793,,0.16666666666666696
2,0.0,8.370356434732495,-0.0,6,Flow606,2,Flow60,0.0,6,1200,0.0,0.0,2.3703564347324946,False,True,False,False,False,6,2,0.8630403382408319,-6.907755278982137,2.1246964683894793,0.0,0.19285714285714262
3,187.9,8.370356434732495,0.03802807613955808,6,Flow606,2,Flow60,0.0,6,1200,187.9,0.15658333333333332,2.3703564347324946,False,True,False,False,False,6,2,0.8630403382408319,-6.907755278982137,2.1246964683894793,0.0,0.1984899662229278
4,201.54000000000002,8.439439439439438,0.0,6,Flow606,2,Flow60,0.06908300470694329,6,1200,389.44000000000005,0.3245333333333334,2.439439439439438,False,True,False,False,False,6,2,0.891768274976652,-2.6724465306023455,2.132915889274122,0.00821942088464267,0.1984899662229278
5,314.94999999999993,8.130643545141234,0.0,6,Flow606,2,Flow60,-0.3087958942982034,6,1200,704.39,0.5869916666666667,2.1306435451412344,False,True,False,False,False,6,2,0.7564240679572118,-1.1750747565863437,2.095640077270922,-0.03727581200319996,0.07229949003245206
6,282.23,8.21494143716366,0.0,6,Flow606,2,Flow60,0.0842978920224251,6,1200,986.62,0.8221833333333334,2.2149414371636595,False,True,False,False,False,6,2,0.7952259639438116,-2.4733984199521566,2.105954622694943,0.010314545424020771,0.07229949003245206
7,222.88,8.292152977487863,0.06305964922804476,6,Flow606,2,Flow60,0.0772115403242033,6,1200,1209.5,1.0079166666666666,2.292152977487863,False,True,False,False,False,6,2,0.8294915407298566,-2.5612063470585253,2.1153096432079703,0.009355020513027501,1.0556328233657855
8,37.90000000000002,8.89459815546772,0.0,6,Flow606,2,Flow60,0.6024451779798579,6,1200,1247.4,1.0395,2.8945981554677207,False,True,False,False,False,6,2,1.0628462949889803,-0.5067586086620507,2.1854441436462406,0.0701345004382703,1.0556328233657855
9,432.73999999999995,7.613270525007968,-0.23841051554362958,6,Flow606,2,Flow60,-1.281327630459753,6,1200,1680.14,1.4001166666666667,1.6132705250079677,False,True,False,False,False,6,2,0.4782635005224229,0.24789675169622818,2.0298928463056307,-0.1555512973406099,0.03306010928961767
10,207.54000000000005,7.951458607814128,0.46903001656397897,6,Flow606,2,Flow60,0.33818808280615986,6,1200,1887.68,1.5730666666666666,1.9514586078141276,False,True,False,False,False,6,2,0.6685770969673299,-1.0841530802580737,2.073355384518209,0.043462538212578394,2.173529411764706
11,302.4200000000001,7.799052312306221,-0.6560313085500817,6,Flow606,2,Flow60,-0.1524062955079062,6,1200,2190.1000000000004,1.8250833333333336,1.7990523123062214,False,True,False,False,False,6,2,0.5872600330927169,-1.881205327475793,2.0540022278917354,-0.019353156626473744,0.05537634408602132
12,212.09999999999997,7.661826252393278,-0.06966174213778943,6,Flow606,2,Flow60,-0.13722605991294312,6,1200,2402.2000000000003,2.0018333333333334,1.6618262523932783,False,True,False,False,False,6,2,0.5079171496888201,-1.986125640670434,2.0362503694869214,-0.01775185840481397,0.5553763440860213
1,0.0,9.903735981458114,0.0,7,Flow606,2,Flow60,,6,1200,0.0,0.0,3.903735981458114,False,True,False,False,False,6,2,1.3619340385637118,,2.292912057818147,,4.2
2,464.41999999999996,9.903735981458114,0.06973915085036564,7,Flow606,2,Flow60,0.0,6,1200,464.41999999999996,0.3870166666666666,3.903735981458114,False,True,False,False,False,6,2,1.3619340385637118,-6.907755278982137,2.292912057818147,0.0,0.1253623188405797
3,377.49,9.566865416823576,-0.1154319495718131,7,Flow606,2,Flow60,-0.3368705646345376,6,1200,841.91,0.7015916666666666,3.5668654168235765,False,True,False,False,False,6,2,1.2716871755902661,-1.088056503611005,2.2583056091593883,-0.034606448658758726,0.2508474576271178
4,291.32000000000005,9.65393753930199,0.12119727982648903,7,Flow606,2,Flow60,0.08707212247841412,6,1200,1133.23,0.9443583333333333,3.6539375393019906,False,True,False,False,False,6,2,1.2958053640226292,-2.4410185097485377,2.2673658672880146,0.00906025812862632,0.12142857142857189
5,303.40999999999997,10.042616442240002,-0.04080084876201483,7,Flow606,2,Flow60,0.3886789029380111,6,1200,1436.6399999999999,1.1971999999999998,4.042616442240002,False,True,False,False,False,6,2,1.3968921165663426,-0.9450017185475282,2.306837682129561,0.03947181484154649,0.23666666666666636
6,173.59000000000003,10.039206372671122,0.01280692200034405,7,Flow606,2,Flow60,-0.003410069568879237,6,1200,1610.23,1.3418583333333334,4.0392063726711225,False,True,False,False,False,6,2,1.3960482302675836,-5.681022586463957,2.3064980645925393,-0.0003396175370218302,2.562121212121212
7,0.0,10.039206372671122,-0.0,7,Flow606,2,Flow60,0.0,6,1200,1610.23,1.3418583333333334,4.0392063726711225,False,True,False,False,False,6,2,1.3960482302675836,-6.907755278982137,2.3064980645925393,0.0,2.945454545454545
8,10.5,6.947521865889214,-0.010982307045753164,7,Flow606,2,Flow60,-3.0916845067819088,6,1200,1620.73,1.3506083333333334,0.9475218658892137,False,True,False,False,False,6,2,-0.053905264836201484,1.12871609019642,1.9383850299328023,-0.368113034659737,1.3668131868131868
9,13.180000000000005,6.952250979023145,0.00015620735318563325,7,Flow606,2,Flow60,0.004729113133930873,6,1200,1633.91,1.3615916666666668,0.9522509790231446,False,True,False,False,False,6,2,-0.04892664550828441,-5.35401759217013,1.9390654890121226,0.0006804590793203502,1.48792270531401
10,45.63000000000001,6.717030145306512,-0.012216653392670761,7,Flow606,2,Flow60,-0.2352208337166326,6,1200,1679.5400000000002,1.3996166666666667,0.717030145306512,False,True,False,False,False,6,2,-0.3326373956031301,-1.4472304881533495,1.9046461141868962,-0.03441937482522639,0.13844155844155814
11,132.48000000000002,6.36825623011665,-0.02849911488105266,7,Flow606,2,Flow60,-0.3487739151898621,6,1200,1812.0200000000002,1.5100166666666668,0.3682562301166499,False,True,False,False,False,6,2,-0.9989763056110216,-1.0533313741765424,1.8513256848740236,-0.05332042931287262,0.5798056904927136
12,150.31999999999996,6.645466847090663,0.049444324864533394,7,Flow606,2,Flow60,0.2772106169740134,6,1200,1962.3400000000001,1.6352833333333334,0.6454668470906633,False,True,False,False,False,6,2,-0.43778143005986025,-1.2829777116277907,1.8939349450910428,0.04260926021701916,0.05321906956646982
1,0.0,9.06958178401922,0.0,8,Flow606,2,Flow60,,6,1200,0.0,0.0,3.0695817840192205,False,True,False,False,False,6,2,1.1215413256155686,,2.2049261532535054,,4.683333333333334
2,210.46,9.06958178401922,-0.011825050602617876,8,Flow606,2,Flow60,0.0,6,1200,210.46,0.17538333333333334,3.0695817840192205,False,True,False,False,False,6,2,1.1215413256155686,-6.907755278982137,2.2049261532535054,0.0,0.197338935574229
3,258.8,9.081876316109478,0.006634781880511597,8,Flow606,2,Flow60,0.012294532090256993,6,1200,469.26,0.39105,3.0818763161094775,False,True,False,False,False,6,2,1.1255386050444616,-4.398600660950975,2.2062808140088657,0.0013546607553602819,0.2738095238095237
4,277.5,9.098830449353668,0.0,8,Flow606,2,Flow60,0.016954133244190928,6,1200,746.76,0.6223,3.0988304493536685,False,True,False,False,False,6,2,1.131024765903166,-4.077243625667261,2.2081458832140908,0.0018650692052251117,0.2738095238095237
5,258.31,8.845724364130685,-0.1335011849481757,8,Flow606,2,Flow60,-0.25310608522298317,6,1200,1005.0699999999999,0.8375583333333333,2.8457243641306853,False,True,False,False,False,6,2,1.045817644707056,-1.3739465689583934,2.1799342195813685,-0.028211663632722317,0.11813008130081304
6,60.209999999999994,7.982260778258418,0.0018202404021317319,8,Flow606,2,Flow60,-0.8634635858722675,6,1200,1065.28,0.8877333333333333,1.9822607782584178,False,True,False,False,False,6,2,0.6842380005415984,-0.14680355266992956,2.077221676884447,-0.10271254269692154,0.3618789521228547
7,66.46999999999997,7.818184765495455,-0.023223203057520816,8,Flow606,2,Flow60,-0.1640760127629628,6,1200,1131.75,0.943125,1.818184765495455,False,True,False,False,False,6,2,0.5978386217768069,-1.8074254660802989,2.056452400437043,-0.020769276447404117,0.25013354700854684
8,34.910000000000025,7.041141272605946,-0.0041968004186119425,8,Flow606,2,Flow60,-0.7770434928895087,6,1200,1166.66,0.9722166666666667,1.0411412726059464,False,True,False,False,False,6,2,0.0403174889804427,-0.252258954776281,1.9517702696171977,-0.10468213081984512,0.6833333333333331
9,245.73000000000008,7.190573671536198,0.0008849601343880625,8,Flow606,2,Flow60,0.1494323989302515,6,1200,1412.39,1.1769916666666667,1.1905736715361979,False,True,False,False,False,6,2,0.17443526788286481,-1.9009111694846363,1.9727709559682167,0.021000686351019038,0.061862907031618786
10,318.65999999999997,7.251015522905217,-0.036084732710801835,8,Flow606,2,Flow60,0.060441851369018806,6,1200,1731.0500000000002,1.4425416666666668,1.2510155229052167,False,True,False,False,False,6,2,0.22395563980524594,-2.8060735105275607,1.9811415311822569,0.008370575214040166,0.09074074074074057
11,321.53,6.7343958042989245,0.0,8,Flow606,2,Flow60,-0.5166197186062922,6,1200,2052.58,1.7104833333333334,0.7343958042989245,False,True,False,False,False,6,2,-0.30870715279276917,-0.6604482290792578,1.90722809600875,-0.0739134351735069,0.09074074074074057
12,167.92000000000002,6.867178924259056,0.0,8,Flow606,2,Flow60,0.13278311996013148,6,1200,2220.5,1.8504166666666666,0.867178924259056,False,True,False,False,False,6,2,-0.14250995179889117,-2.019038158752753,1.9267533849651888,0.01952528895643879,0.6833333333333331
1,0.0,7.9857772114144145,0.0,9,Flow606,3,Flow60,,9,1500,0.0,0.0,0.014222788585585455,False,False,True,False,False,6,2,-4.252909770767654,,2.077662110858253,,1.1238095238095234
2,99.9,7.9857772114144145,-0.06816364091066268,9,Flow606,3,Flow60,0.0,9,1500,99.9,0.0666,0.014222788585585455,False,False,True,False,False,6,2,-4.252909770767654,-6.907755278982137,2.077662110858253,0.0,0.037962962962962976
3,343.88,8.15976211136315,0.023155751932713544,9,Flow606,3,Flow60,0.1739848999487359,9,1500,443.78,0.2958533333333333,0.0,False,False,True,False,False,6,2,-6.907755278982137,-1.748786765437192,2.0992150155318363,0.021552904673583395,0.16666666666666696
4,666.3999999999999,8.433230517048123,0.019614589233803072,9,Flow606,3,Flow60,0.273468405684973,9,1500,1110.1799999999998,0.7401199999999999,0.0,False,False,True,False,False,6,2,-6.907755278982137,-1.2965691823121737,2.1321799153366734,0.03296489980483708,0.08333333333333393
5,345.08,8.596634959000601,0.06824659513965668,9,Flow606,3,Flow60,0.16340444195247805,9,1500,1455.2599999999998,0.9701733333333332,0.0,False,False,True,False,False,6,2,-6.907755278982137,-1.8115269123940378,2.1513708428508274,0.019190927514153966,0.09657898931930475
6,221.10999999999999,8.826921245049942,-0.0026187023469667796,9,Flow606,3,Flow60,0.2302862860493402,9,1500,1676.3699999999997,1.1175799999999998,0.0,False,False,True,False,False,6,2,-6.907755278982137,-1.4684320221294296,2.177806283946628,0.026435441095800538,0.11190193752471345
7,228.42999999999998,8.932145719808858,0.01256804718650912,9,Flow606,3,Flow60,0.10522447475891639,9,1500,1904.7999999999997,1.2698666666666665,0.0,False,False,True,False,False,6,2,-6.907755278982137,-2.25165935593771,2.189656648198714,0.011850364252086187,0.06786596904479492
8,189.92000000000004,9.12326924864776,0.0345085004101172,9,Flow606,3,Flow60,0.1911235288389026,9,1500,2094.72,1.39648,0.0,False,False,True,False,False,6,2,-6.907755278982137,-1.654835312139108,2.2108282100975964,0.021171561898882363,1.0216684723726983
9,355.45000000000005,8.285049574366932,-0.16645668660310114,9,Flow606,3,Flow60,-0.838219674280829,9,1500,2450.17,1.6334466666666667,0.0,False,False,True,False,False,6,2,-6.907755278982137,-0.17647507170646698,2.1144526344897048,-0.09637557560789167,0.18333333333333313
10,373.90999999999997,8.412151761556766,0.26665270662398527,9,Flow606,3,Flow60,0.12710218718983413,9,1500,2824.08,1.88272,0.0,False,False,True,False,False,6,2,-6.907755278982137,-2.0627638925175287,2.1296772987567407,0.015224664267035948,1.0564102564102562
11,97.79000000000002,10.004970007881534,-0.1106384060194431,9,Flow606,3,Flow60,1.592818246324768,9,1500,2921.87,1.9479133333333332,0.004970007881533789,False,False,True,False,False,6,2,-5.304333853053169,0.46550492920497805,2.3030819703182135,0.17340467156147277,1.0361459392296397
12,40.05000000000001,6.8916385043061155,0.0,9,Flow606,3,Flow60,-3.1133315035754183,9,1500,2961.92,1.9746133333333333,1.1083614956938845,False,False,True,False,False,6,2,0.10288279476550574,1.1356933758557939,1.9303088657964564,-0.37277310452175705,1.0361459392296397
1,0.0,8.208974833781866,0.0,10,Flow606,3,Flow60,,9,1500,0.0,0.0,0.0,False,False,True,False,False,6,2,-6.907755278982137,,2.1052280476752157,,0.6000000000000001
2,319.26,8.208974833781866,0.024623404888263638,10,Flow606,3,Flow60,0.0,9,1500,319.26,0.21284,0.0,False,False,True,False,False,6,2,-6.907755278982137,-6.907755278982137,2.1052280476752157,0.0,0.10438596491228092
3,392.37,8.196681501017421,-0.018793726615159836,10,Flow606,3,Flow60,-0.012293332764444997,9,1500,711.63,0.47442,0.0,False,False,True,False,False,6,2,-6.907755278982137,-4.398698215238021,2.103729377361211,-0.0014986703140045243,0.18333333333333357
4,503.74,8.624483379648545,0.17563732434085857,10,Flow606,3,Flow60,0.42780187863112396,9,1500,1215.37,0.8102466666666666,0.0,False,False,True,False,False,6,2,-6.907755278982137,-0.8490950909663725,2.154605063111703,0.05087568575049195,0.08862423249646145
5,223.07000000000002,9.137814350396562,0.022063930309702745,10,Flow606,3,Flow60,0.5133309707480169,9,1500,1438.4399999999998,0.9589599999999999,0.0,False,False,True,False,False,6,2,-6.907755278982137,-0.6668344746920912,2.2124212267163355,0.057816163604632376,0.13888888888888928
6,255.52999999999997,9.237059028304408,-0.009590647239977297,10,Flow606,3,Flow60,0.09924467790784597,9,1500,1693.9699999999998,1.1293133333333332,0.0,False,False,True,False,False,6,2,-6.907755278982137,-2.3101669839473575,2.2232235480094986,0.010802321293163164,0.13888888888888928
7,189.20999999999995,9.22759910129503,-7.314693733821108e-05,10,Flow606,3,Flow60,-0.009459927009377367,9,1500,1883.1799999999998,1.2554533333333333,0.0,False,False,True,False,False,6,2,-6.907755278982137,-4.6606906116587545,2.222198895641645,-0.0010246523678536512,0.1341826196961291
8,172.22000000000006,9.187973661324389,0.0,10,Flow606,3,Flow60,-0.03962543997064216,9,1500,2055.4,1.3702666666666667,0.0,False,False,True,False,False,6,2,-6.907755278982137,-3.2282839434862796,2.2178954181841264,-0.004303477457518579,0.18071895424836626
9,111.37999999999997,9.166708375590801,-0.001267044332761586,10,Flow606,3,Flow60,-0.021265285733587547,9,1500,2166.78,1.44452,0.0,False,False,True,False,False,6,2,-6.907755278982137,-3.850679313565142,2.2155782660585155,-0.0023171521256108996,0.4666666666666668
10,267.01,9.61411808977318,0.05796688646971063,10,Flow606,3,Flow60,0.4474097141823794,9,1500,2433.79,1.6225266666666667,0.0,False,False,True,False,False,6,2,-6.907755278982137,-0.8042805176397394,2.26323265250151,0.04765438644299458,0.06485148514851513
11,158.48999999999995,9.890888803997319,0.009963103626370413,10,Flow606,3,Flow60,0.27677071422413846,9,1500,2592.2799999999997,1.7281866666666665,0.0,False,False,True,False,False,6,2,-6.907755278982137,-1.2845658620493383,2.2916140105549205,0.028381358053410466,0.46939693969396945
12,114.51000000000005,9.914971730670388,0.0,10,Flow606,3,Flow60,0.024082926673068883,9,1500,2706.79,1.8045266666666666,0.0,False,False,True,False,False,6,2,-6.907755278982137,-3.7262521263475805,2.2940459107998064,0.0024319002448858207,0.46939693969396945
1,0.0,8.373400878318305,0.0,11,Flow606,3,Flow60,,9,1500,0.0,0.0,0.0,False,False,True,False,False,6,2,-6.907755278982137,,2.1250601195774945,,4.016666666666667
2,504.3400000000001,8.373400878318305,0.05722995558645346,11,Flow606,3,Flow60,0.0,9,1500,504.3400000000001,0.33622666666666673,0.0,False,False,True,False,False,6,2,-6.907755278982137,-6.907755278982137,2.1250601195774945,0.0,0.05512820512820493
3,431.15999999999997,8.211719871544572,-0.04766947077375309,11,Flow606,3,Flow60,-0.16168100677373332,9,1500,935.5,0.6236666666666667,0.0,False,False,True,False,False,6,2,-6.907755278982137,-1.8221299789533303,2.105562386488224,-0.019497733089270497,0.09424243918474717
4,305.86000000000007,8.107381469335685,0.0,11,Flow606,3,Flow60,-0.1043384022088869,9,1500,1241.3600000000001,0.8275733333333334,0.0,False,False,True,False,False,6,2,-6.907755278982137,-2.2601157948184727,2.0927749392140416,-0.012787447274182462,0.12696078431372548
5,224.37,8.914129695027569,0.10867280908060867,11,Flow606,3,Flow60,0.8067482256918836,9,1500,1465.73,0.9771533333333333,0.0,False,False,True,False,False,6,2,-6.907755278982137,-0.21474364738079718,2.1876376240065354,0.09486268479249382,0.20446194225721825
6,215.65999999999997,9.338656361810711,0.0009909140622211422,11,Flow606,3,Flow60,0.42452666678314266,9,1500,1681.3899999999999,1.1209266666666666,0.0,False,False,True,False,False,6,2,-6.907755278982137,-0.8567804559266509,2.2341623834136173,0.046524759407081895,0.14209770114942444
7,194.67999999999995,9.124740301038797,0.0,11,Flow606,3,Flow60,-0.21391606077191483,9,1500,1876.0699999999997,1.2507133333333331,0.0,False,False,True,False,False,6,2,-6.907755278982137,-1.5421715802898497,2.2109894389034253,-0.02317294451019203,0.15877192982456112
8,146.35000000000008,8.916098944197717,0.009265384677452122,11,Flow606,3,Flow60,-0.20864135684107943,9,1500,2022.4199999999998,1.34828,0.0,False,False,True,False,False,6,2,-6.907755278982137,-1.567138497000619,2.1878585128372956,-0.023130926066129653,0.14561750571365994
9,152.06999999999994,9.018880479081762,0.0,11,Flow606,3,Flow60,0.10278153488404485,9,1500,2174.49,1.44966,0.0,False,False,True,False,False,6,2,-6.907755278982137,-2.2751495638455275,2.1993202109704435,0.011461698133147902,0.14561750571365994
10,127.77999999999994,8.677420853194782,-0.06026662630725824,11,Flow606,3,Flow60,-0.34145962588698,9,1500,2302.2699999999995,1.5348466666666662,0.0,False,False,True,False,False,6,2,-6.907755278982137,-1.0745258327673075,2.1607243477896825,-0.038595863180761025,1.010344992697934
11,98.55999999999999,8.334986899365099,0.0370597593944929,11,Flow606,3,Flow60,-0.34243395382968345,9,1500,2400.8299999999995,1.600553333333333,0.0,False,False,True,False,False,6,2,-6.907755278982137,-1.0716764754087902,2.120461944439686,-0.04026240334999631,0.6928571428571431
12,132.3000000000001,8.77901427995478,0.00015540000841360993,11,Flow606,3,Flow60,0.44402738058968083,9,1500,2533.1299999999997,1.688753333333333,0.0,False,False,True,False,False,6,2,-6.907755278982137,-0.8118690504565282,2.172364132546551,0.051902188106864866,0.14660904995591117
1,0.0,8.520890667851974,0.0,12,Flow606,3,Flow60,,9,1500,0.0,0.0,0.0,False,False,True,False,False,6,2,-6.907755278982137,,2.142520873857737,,0.043939393939393945
2,681.7099999999999,8.520890667851974,0.011546269679364774,12,Flow606,3,Flow60,0.0,9,1500,681.7099999999999,0.4544733333333333,0.0,False,False,True,False,False,6,2,-6.907755278982137,-6.907755278982137,2.142520873857737,0.0,0.043939393939393945
3,391.03999999999996,8.850808733922355,0.04716681178706032,12,Flow606,3,Flow60,0.32991806607038043,9,1500,1072.75,0.7151666666666666,0.0,False,False,True,False,False,6,2,-6.907755278982137,-1.1089109399845547,2.180508837208832,0.03798796335109511,0.08786689700559425
4,208.80000000000004,8.77593903240506,-0.004165271766216266,12,Flow606,3,Flow60,-0.07486970151729544,9,1500,1281.55,0.8543666666666666,0.0,False,False,True,False,False,6,2,-6.907755278982137,-2.592005989427129,2.172013775866421,-0.00849506134241107,0.12355297795327491
5,236.77999999999997,8.978133783815146,0.023338611404272937,12,Flow606,3,Flow60,0.20219475141008658,9,1500,1518.33,1.01222,0.0,False,False,True,False,False,6,2,-6.907755278982137,-1.598523930150635,2.1947920415424513,0.02277826567603025,0.2967367256637168
6,199.47,9.323256953962668,0.042082685467424906,12,Flow606,3,Flow60,0.3451231701475219,9,1500,1717.8,1.1452,0.0,False,False,True,False,False,6,2,-6.907755278982137,-1.0638539107450864,2.2325120262307574,0.03771998468830606,0.7379310344827585
7,187.56,9.06811358235632,-0.07092090752531134,12,Flow606,3,Flow60,-0.2551433716063478,9,1500,1905.36,1.27024,0.0,False,False,True,False,False,6,2,-6.907755278982137,-1.3659296502287754,2.204764258190605,-0.027747768040152554,0.45935960591133007
8,346.58000000000004,9.063350186340186,0.061101160349344756,12,Flow606,3,Flow60,-0.00476339601613418,9,1500,2251.94,1.5012933333333334,0.0,False,False,True,False,False,6,2,-6.907755278982137,-5.34679441635471,2.2042388294456905,-0.0005254287449143469,0.05364640024879552
9,202.65000000000003,8.624636175283152,-0.22410419716583363,12,Flow606,3,Flow60,-0.43871401105703356,9,1500,2454.59,1.6363933333333334,0.0,False,False,True,False,False,6,2,-6.907755278982137,-0.8239075336472196,2.1546227794518473,-0.04961604999384317,1.0702380952380954
10,44.62000000000002,8.093407575403244,0.03339136449839021,12,Flow606,3,Flow60,-0.531228599879908,9,1500,2499.21,1.66614,0.0,False,False,True,False,False,6,2,-6.907755278982137,-0.632562842133872,2.091049850718747,-0.06357292873310039,0.18647798742138377
11,308.36,8.160294662689083,-0.0022179861435036668,12,Flow606,3,Flow60,0.06688708728583848,9,1500,2807.57,1.8717133333333333,0.0,False,False,True,False,False,6,2,-6.907755278982137,-2.7047493456371425,2.0992802789477047,0.008230428228957809,0.18333333333333357
12,64.44999999999999,8.104455451339083,-0.002886257431189249,12,Flow606,3,Flow60,-0.055839211349999474,9,1500,2872.02,1.91468,0.0,False,False,True,False,False,6,2,-6.907755278982137,-2.8852789440160174,2.092413966174072,-0.00686631277363281,1.5333333333333332
1,55.720000000000006,7.928571428571427,0.0,13,Flow606,4,Flow60,,6,1200,55.720000000000006,0.04643333333333334,1.928571428571427,False,False,False,True,False,6,2,0.6567795363890697,,2.0704728716970755,,0.13333333333333286
2,204.88,7.863848462658466,-0.012882100781124128,13,Flow606,4,Flow60,-0.0647229659129609,6,1200,260.6,0.21716666666666667,1.8638484626584662,False,False,False,True,False,6,2,0.6226434161015848,-2.737639180443833,2.0622761129057,-0.00819675879137538,0.09837337102567822
3,312.23999999999995,7.794701986754968,0.0,13,Flow606,4,Flow60,-0.06914647590349787,6,1200,572.8399999999999,0.4773666666666666,1.7947019867549683,False,False,False,True,False,6,2,0.5848389840647773,-2.671528185243092,2.0534442704453526,-0.008831842460347517,0.09837337102567822
4,304.92,7.768243061558523,-0.005051340748340786,13,Flow606,4,Flow60,-0.02645892519644555,6,1200,877.76,0.7314666666666667,1.7682430615585227,False,False,False,True,False,6,2,0.5699864330232651,-3.6321617410581495,2.0500440206074444,-0.003400249837908209,0.12301587301587258
5,218.73000000000002,7.87427876701943,0.016631734293122518,13,Flow606,4,Flow60,0.1060357054609069,6,1200,1096.49,0.9137416666666667,1.8742787670194296,False,False,False,True,False,6,2,0.628223927833029,-2.243979397618444,2.063601595377132,0.013557574769687442,0.3886043533930854
6,346.87000000000006,7.247690667008912,-0.10801851228248432,13,Flow606,4,Flow60,-0.626588100010518,6,1200,1443.3600000000001,1.2028,1.2476906670089116,False,False,False,True,False,6,2,0.22129437625050372,-0.46746589200966004,1.9806828894371196,-0.08291870594001227,0.08708920187793412
7,469.8399999999999,7.3068901167747144,0.027380775732056235,13,Flow606,4,Flow60,0.059199449765802825,6,1200,1913.2,1.5943333333333334,1.3068901167747144,False,False,False,True,False,6,2,0.2676503582498562,-2.826843031631945,1.9888177546194667,0.008134865182347184,0.04087974172719955
8,259.58,6.940873090986412,-0.26919872991193927,13,Flow606,4,Flow60,-0.3660170257883024,6,1200,2172.78,1.81065,0.940873090986412,False,False,False,True,False,6,2,-0.06094701460634324,-1.0050754281154506,1.9374275722234886,-0.051390182395978146,0.8343326885880078
9,18.12999999999999,6.316317186982779,-0.007529598562615917,13,Flow606,4,Flow60,-0.6245559040036328,6,1200,2190.9100000000003,1.8257583333333336,0.3163171869827792,False,False,False,True,False,6,2,-1.1510098125470865,-0.47071443540277486,1.8431363147307207,-0.0942912574927679,2.3894927536231885
10,9.659999999999968,4.554543087737568,0.0015054670975308592,13,Flow606,4,Flow60,-1.7617740992452111,6,1200,2200.57,1.8338083333333335,1.445456912262432,False,False,False,True,False,6,2,0.3684254738407358,0.5663213122829679,1.5161252156338954,-0.32701109909682535,1.1271647438224157
11,29.58999999999999,4.733372841471413,0.006171940107660627,13,Flow606,4,Flow60,0.17882975373384458,6,1200,2230.1600000000003,1.858466666666667,1.2666271585285873,False,False,False,True,False,6,2,0.2363575869424666,-1.7213210221795752,1.5546380226940062,0.03851280706011084,0.521289537712895
12,75.21000000000001,5.700807777227395,0.0,13,Flow606,4,Flow60,0.9674349357559819,6,1200,2305.3700000000003,1.921141666666667,0.2991922227726054,False,False,False,True,False,6,2,-1.2066690266267168,-0.03310710620419186,1.7406078801028912,0.18596985740888505,0.5379562043795616
1,0.0,6.931596091205212,0.0,14,Flow606,4,Flow60,,6,1200,0.0,0.0,0.9315960912052121,False,False,False,True,False,6,2,-0.07085593676734411,,1.9360901028743378,,8.55
2,65.66,6.931596091205212,-0.002027271913421333,14,Flow606,4,Flow60,0.0,6,1200,65.66,0.05471666666666666,0.9315960912052121,False,False,False,True,False,6,2,-0.07085593676734411,-6.907755278982137,1.9360901028743378,0.0,0.06277008686210639
3,204.08999999999997,7.111978173177631,0.021036855215874933,14,Flow606,4,Flow60,0.1803820819724189,6,1200,269.75,0.22479166666666667,1.111978173177631,False,False,False,True,False,6,2,0.10614056719836817,-1.7126780001645008,1.961780429193625,0.025690326319287138,0.06842262031402901
4,353.21000000000004,7.159960745829243,0.0,14,Flow606,4,Flow60,0.047982572651611655,6,1200,622.96,0.5191333333333333,1.1599607458292427,False,False,False,True,False,6,2,0.14838616474331726,-3.036917403758119,1.9685044985314424,0.00672406933781744,0.06842262031402901
5,157.99,7.079801310027959,-0.010340245935284795,14,Flow606,4,Flow60,-0.08015943580128404,6,1200,780.95,0.6507916666666667,1.0798013100279586,False,False,False,True,False,6,2,0.07677705201483338,-2.5237376800774873,1.9572458437564664,-0.011258654774976007,0.37572095578137876
6,109.18000000000004,7.014959723820482,0.0,14,Flow606,4,Flow60,-0.06484158620747671,6,1200,890.1300000000001,0.7417750000000001,1.014959723820482,False,False,False,True,False,6,2,0.014848930741397912,-2.735808119004313,1.94804497210109,-0.00920087165537642,0.07728067057638777
7,515.4399999999999,7.383195889082488,0.09360343080913822,14,Flow606,4,Flow60,0.3682361652620063,6,1200,1405.5700000000002,1.1713083333333334,1.3831958890824883,False,False,False,True,False,6,2,0.3243966833484672,-0.999030793219514,1.9992065921756097,0.05116162007451974,0.028751258811682057
8,289.39000000000004,7.27295692498117,-0.029897221158655556,14,Flow606,4,Flow60,-0.11023896410131862,6,1200,1694.9600000000003,1.412466666666667,1.2729569249811696,False,False,False,True,False,6,2,0.24134248159599195,-2.2051048685196593,1.984162938561873,-0.015043653613736607,0.7272727272727266
9,284.85,7.5402212147524885,-0.09022597115857221,14,Flow606,4,Flow60,0.2672642897713189,6,1200,1979.8100000000004,1.649841666666667,1.5402212147524885,False,False,False,True,False,6,2,0.4319260520526216,-1.3195172608289085,2.0202515204160796,0.03608858185420649,0.05989229893612347
10,133.42999999999995,7.606285443053788,0.04226382773982196,14,Flow606,4,Flow60,0.06606422830129954,6,1200,2113.2400000000002,1.7610333333333335,1.606285443053788,False,False,False,True,False,6,2,0.47392433513236915,-2.717127854084814,2.0289749374705397,0.008723417054460114,0.40759240759240756
11,55.00000000000001,8.0,0.0,14,Flow606,4,Flow60,0.39371455694621194,6,1200,2168.2400000000002,1.8068666666666668,2.0,False,False,False,True,False,6,2,0.6931471805599453,-0.9321291069986655,2.0794415416798357,0.05046660420929605,0.40759240759240756
12,47.25,7.8791208791208796,0.0,14,Flow606,4,Flow60,-0.12087912087912045,6,1200,2215.4900000000002,1.8462416666666668,1.8791208791208796,False,False,False,True,False,6,2,0.6308040499858101,-2.112964233718483,2.0642163340827704,-0.01522520759706536,0.4136363636363636
1,0.0,7.083890829369796,0.0,15,Flow606,4,Flow60,,6,1200,0.0,0.0,1.0838908293697962,False,False,False,True,False,6,2,0.08055718703229775,,1.9578233089280095,,6.121212121212121
2,105.75,7.083890829369796,-0.002258386710850749,15,Flow606,4,Flow60,0.0,6,1200,105.75,0.088125,1.0838908293697962,False,False,False,True,False,6,2,0.08055718703229775,-6.907755278982137,1.9578233089280095,0.0,0.1378787878787877
3,149.50000000000003,7.051723980538915,-0.0022001496763201663,15,Flow606,4,Flow60,-0.03216684883088128,6,1200,255.25000000000003,0.21270833333333336,1.051723980538915,False,False,False,True,False,6,2,0.05043070397535719,-3.4368188961851365,1.9532721231767174,-0.004551185751292097,0.038459595959595916
4,99.05,7.018802727879424,-3.406718118850621e-05,15,Flow606,4,Flow60,-0.03292125265949064,6,1200,354.3,0.29525,1.0188027278794243,False,False,False,True,False,6,2,0.0186281416612217,-3.413636852272345,1.9485926519080168,-0.004679471268700608,0.03563354413557107
5,99.09,7.018392153235845,3.408093875789077e-05,15,Flow606,4,Flow60,-0.00041057464357940887,6,1200,453.39,0.37782499999999997,1.0183921532358449,False,False,False,True,False,6,2,0.018225063239079235,-7.797952809842083,1.9485341538039194,-5.849810409741529e-05,0.1173928307464891
6,183.09000000000003,7.166013046559994,0.019862301468159534,15,Flow606,4,Flow60,0.14762089332414874,6,1200,636.48,0.5304,1.1660130465599936,False,False,False,True,False,6,2,0.1535902770252167,-1.913107823146898,1.9693494395006963,0.02081528569677693,0.04583333333333339
7,520.2699999999999,7.276476432488405,-0.0034493644324182144,15,Flow606,4,Flow60,0.1104633859284112,6,1200,1156.75,0.9639583333333334,1.2764764324884048,False,False,False,True,False,6,2,0.24410349492685413,-2.203071161996712,1.9846467385133093,0.015297299012613008,0.044846491228070384
8,428.5199999999999,7.294168170767238,0.01842761738120103,15,Flow606,4,Flow60,0.017691738278832858,6,1200,1585.27,1.3210583333333332,1.2941681707672377,False,False,False,True,False,6,2,0.2578681495874288,-4.034657512278284,1.9870751481622757,0.002428409648966401,0.09437689969604879
9,182.07000000000002,7.608419117630269,0.021838184372014957,15,Flow606,4,Flow60,0.314250946863031,6,1200,1767.34,1.4727833333333333,1.6084191176302687,False,False,False,True,False,6,2,0.4752517820871473,-1.1575634184279153,2.0292554127938636,0.04218026463158786,0.21249999999999947
10,394.49,7.073353621933468,0.028076581789627797,15,Flow606,4,Flow60,-0.5350654956968004,6,1200,2161.83,1.801525,1.0733536219334683,False,False,False,True,False,6,2,0.07078797313204468,-0.625366117715897,1.9563347128359703,-0.0729206999578933,0.20297619047619087
11,112.61000000000001,7.821114369501466,0.0,15,Flow606,4,Flow60,0.7477607475679982,6,1200,2274.44,1.8953666666666666,1.8211143695014664,False,False,False,True,False,6,2,0.5994486046499621,-0.2906722083650782,2.0568270468984977,0.10049233406252744,0.20297619047619087
12,112.61000000000001,7.821114369501466,0.0,15,Flow606,4,Flow60,0.0,6,1200,2387.05,1.9892083333333335,1.8211143695014664,False,False,False,True,False,6,2,0.5994486046499621,-6.907755278982137,2.0568270468984977,0.0,0.21250000000000036
1,0.0,6.893760539629005,0.0,16,Flow606,4,Flow60,,6,1200,0.0,0.0,0.8937605396290049,False,False,False,True,False,6,2,-0.11231739245155808,,1.9306167328858148,,6.553571428571429
2,17.36,6.893760539629005,-0.0008187140018823965,16,Flow606,4,Flow60,0.0,6,1200,17.36,0.014466666666666666,0.8937605396290049,False,False,False,True,False,6,2,-0.11231739245155808,-6.907755278982137,1.9306167328858148,0.0,0.0974147984186513
3,85.76999999999998,7.01023890784983,0.0,16,Flow606,4,Flow60,0.11647836822082525,6,1200,103.12999999999998,0.08594166666666665,1.0102389078498302,False,False,False,True,False,6,2,0.010186845306993876,-2.150049703725079,1.9473717814714364,0.0167550485856216,0.05567245072120963
4,299.63,7.191918794516596,0.0,16,Flow606,4,Flow60,0.1816798866667657,6,1200,402.76,0.33563333333333334,1.1919187945165959,False,False,False,True,False,6,2,0.17556444091697682,-1.7055090049919104,1.9729580060205627,0.02558622454912629,0.23877634820695315
5,212.01,7.067707322382285,0.005884962117695205,16,Flow606,4,Flow60,-0.12421147213431105,6,1200,614.77,0.5123083333333334,1.0677073223822848,False,False,False,True,False,6,2,0.06551366026822075,-2.0857697455172732,1.9555361447690514,-0.01742186125151135,0.08413448118387601
6,429.11,7.146333193946859,0.0,16,Flow606,4,Flow60,0.07862587156457401,6,1200,1043.88,0.8699000000000001,1.1463331939468588,False,False,False,True,False,6,2,0.13656832118869325,-2.5430544789409493,1.9665993851510701,0.01106324038201878,0.04778014761266869
7,429.09999999999997,7.146333193946861,0.0,16,Flow606,4,Flow60,1.7763568394002505e-15,6,1200,1472.98,1.2274833333333333,1.1463331939468606,False,False,False,True,False,6,2,0.13656832118869477,-33.96421184743732,1.9665993851510706,4.440892098500626e-16,0.04778014761266869
8,380.22999999999996,7.2570921015726615,0.09483650164208864,16,Flow606,4,Flow60,0.11075890762580087,6,1200,1853.21,1.5443416666666667,1.2570921015726615,False,False,False,True,False,6,2,0.22880119786478648,-2.200399443261409,1.9819792116268828,0.015379826475812264,0.23511334097943992
9,123.16999999999994,7.529511746275095,0.0003491180834280428,16,Flow606,4,Flow60,0.27241964470243385,6,1200,1976.3799999999999,1.6469833333333332,1.5295117462750953,False,False,False,True,False,6,2,0.4249485643930584,-1.3004115901909639,2.0188301985773998,0.03685098695051692,0.28068758652515013
10,122.74000000000001,7.5327102803738315,0.0,16,Flow606,4,Flow60,0.003198534098736161,6,1200,2099.12,1.7492666666666665,1.5327102803738315,False,False,False,True,False,6,2,0.4270375933622921,-5.7450626682785835,2.019254908044722,0.0004247094673224261,0.28068758652515013
11,107.63000000000001,7.428125149345901,-0.0030019420901651124,16,Flow606,4,Flow60,-0.10458513102793088,6,1200,2206.75,1.8389583333333333,1.4281251493459006,False,False,False,True,False,6,2,0.3563624996752371,-2.2577538882402943,2.0052734916718857,-0.013981416372836453,0.435314685314685
12,45.949999999999974,7.46987951807229,0.0,16,Flow606,4,Flow60,0.041754368726389046,6,1200,2252.7,1.8772499999999999,1.4698795180722897,False,False,False,True,False,6,2,0.385180436936659,-3.1759511930066404,2.0108788702425393,0.005605378570653574,0.435314685314685
1,0.0,7.228116492038612,0.0,17,Flow606,5,Flow60,,14,1100,0.0,0.0,6.771883507961388,False,False,False,False,True,6,2,1.9127792621089617,,1.9779784893735741,,7.016666666666667
2,117.3,7.228116492038612,-0.03669564047657403,17,Flow606,5,Flow60,0.0,14,1100,117.3,0.10663636363636364,6.771883507961388,False,False,False,False,True,6,2,1.9127792621089617,-6.907755278982137,1.9779784893735741,0.0,0.09393939393939421
3,709.5699999999999,7.9654705172437925,-0.07411957243227188,17,Flow606,5,Flow60,0.7373540252051809,14,1100,826.8699999999999,0.7516999999999999,6.0345294827562075,False,False,False,False,True,6,2,1.7974978867638072,-0.30468714228444926,2.075116014717553,0.09713752534397879,0.42997275204359653
4,121.22,7.221916169555443,0.010173652357701455,17,Flow606,5,Flow60,-0.7435543476883497,14,1100,948.0899999999999,0.8618999999999999,6.778083830444557,False,False,False,False,True,6,2,1.9136944411291135,-0.2963134186607874,1.977120315138415,-0.09799569957913801,0.1333333333333333
5,54.83000000000004,8.027027027027025,0.0,17,Flow606,5,Flow60,0.8051108574715817,14,1100,1002.92,0.9117454545454545,5.9729729729729755,False,False,False,False,True,6,2,1.7872447888735288,-0.21677529990006092,2.082814226158475,0.1056939110200601,0.04072822822822797
6,141.71999999999997,8.004502655262058,0.005459525728537245,17,Flow606,5,Flow60,-0.022524371764966133,14,1100,1144.6399999999999,1.040581818181818,5.995497344737942,False,False,False,False,True,6,2,1.7910087449614196,-3.793157366444226,2.080004215257121,-0.002810010901353799,0.043135587568361
7,172.79000000000008,8.056714134758558,0.004868834912778828,17,Flow606,5,Flow60,0.05221147949649918,14,1100,1317.4299999999998,1.1976636363636362,5.943285865241442,False,False,False,False,True,6,2,1.7822621563957026,-2.952452894544985,2.086505797807984,0.00650158255086275,0.12020202020201998
8,166.36999999999998,8.092436974789916,0.0,17,Flow606,5,Flow60,0.03572284003135806,14,1100,1483.7999999999997,1.3489090909090906,5.907563025210084,False,False,False,False,True,6,2,1.7762333986991357,-3.331965017977724,2.090929918686596,0.004424120878612214,0.12020202020201998
9,138.91000000000003,8.081875135265609,-0.004405807032799766,17,Flow606,5,Flow60,-0.010561839524307004,14,1100,1622.7099999999998,1.475190909090909,5.918124864734391,False,False,False,False,True,6,2,1.7780196528994678,-4.550507818497066,2.089623916804888,-0.001306001881708152,0.41111111111111054
10,76.14000000000001,8.027027027027026,0.0,17,Flow606,5,Flow60,-0.05484810823858233,14,1100,1698.85,1.5444090909090908,5.972972972972974,False,False,False,False,True,6,2,1.7872447888735286,-2.903187582580708,2.082814226158475,-0.006809690646413014,0.41111111111111054
11,259.73,8.292982352082186,0.03857680111377456,17,Flow606,5,Flow60,0.2659553250551596,14,1100,1958.58,1.7805272727272727,5.707017647917814,False,False,False,False,True,6,2,1.741696583878126,-1.3244269352262257,2.1154096574169032,0.03259543125842823,0.04999999999999982
12,103.72,10.762797877297855,0.2111273416412096,17,Flow606,5,Flow60,2.469815525215669,14,1100,2062.2999999999997,1.8748181818181815,3.2372021227021452,False,False,False,False,True,6,2,1.174709414360851,0.9041434617032341,2.376095546703973,0.2606858892870698,0.37647058823529456
1,28.3,7.056701030927835,0.0,18,Flow606,5,Flow60,,14,1100,28.3,0.025727272727272727,6.943298969072165,False,False,False,False,True,6,2,1.937777017347036,,1.9539776662251207,,0.15000000000000036
2,474.40000000000003,7.704192432439684,-0.20366624911929893,18,Flow606,5,Flow60,0.6474914015118491,14,1100,502.70000000000005,0.457,6.295807567560316,False,False,False,False,True,6,2,1.8398839464104453,-0.4346497650149975,2.0417646524340918,0.08778698620897107,3.5166666666666666
3,71.0,7.072289156626506,0.002863687660679095,18,Flow606,5,Flow60,-0.631903275813178,14,1100,573.7,0.5215454545454545,6.927710843373494,False,False,False,False,True,6,2,1.9355294330007524,-0.4590189411472013,1.9561842120314985,-0.08558044040259327,3.5166666666666666
4,211.68,7.2211089420454435,0.04049881923045752,18,Flow606,5,Flow60,0.14881978541893748,14,1100,785.3800000000001,0.7139818181818183,6.7788910579545565,False,False,False,False,True,6,2,1.913813527801118,-1.9050191988972929,1.9770085341916115,0.020824322160112985,0.04406392694063932
5,35.71000000000001,15.0,0.0,18,Flow606,5,Flow60,7.7788910579545565,14,1100,821.0900000000001,0.7464454545454546,1.0,False,False,False,False,True,6,2,0.0,2.051413790492885,2.70805020110221,0.7310416669105986,3.1559526121577006
6,0.0,15.0,-0.0,18,Flow606,5,Flow60,0.0,14,1100,821.0900000000001,0.7464454545454546,1.0,False,False,False,False,True,6,2,0.0,-6.907755278982137,2.70805020110221,0.0,1.8746153846153852
7,246.73000000000002,9.18658295401815,-0.4904231621175263,18,Flow606,5,Flow60,-5.813417045981851,14,1100,1067.8200000000002,0.9707454545454547,4.813417045981851,False,False,False,False,True,6,2,1.5714072364698186,1.7601685298206002,2.2177440450285166,-0.49030615607369343,0.2666666666666666
8,432.85,8.420801969488815,0.01805200419076962,18,Flow606,5,Flow60,-0.765780984529334,14,1100,1500.67,1.3642454545454545,5.579198030511185,False,False,False,False,True,6,2,1.7190450439335925,-0.266859071104724,2.1307050695011633,-0.08703897552735329,0.062294043092522955
9,175.01999999999992,10.735547956425178,0.33138066655893983,18,Flow606,5,Flow60,2.3147459869363622,14,1100,1675.69,1.5233545454545454,3.2644520435748223,False,False,False,False,True,6,2,1.183091921254774,0.8392999566524817,2.3735604739428293,0.24285540444166598,1.1490909090909094
10,0.0,10.735547956425178,0.0,18,Flow606,5,Flow60,0.0,14,1100,1675.69,1.5233545454545454,3.2644520435748223,False,False,False,False,True,6,2,1.183091921254774,-6.907755278982137,2.3735604739428293,0.0,0.765352112676057
11,0.0,10.735547956425178,0.0,18,Flow606,5,Flow60,0.0,14,1100,1675.69,1.5233545454545454,3.2644520435748223,False,False,False,False,True,6,2,1.183091921254774,-6.907755278982137,2.3735604739428293,0.0,0.7670270270270274
12,116.59000000000002,13.648767454275635,0.1018193003616477,18,Flow606,5,Flow60,2.9132194978504575,14,1100,1792.28,1.6293454545454544,0.3512325457243648,False,False,False,False,True,6,2,-1.0463067514567936,1.0692588262715532,2.613649221163941,0.24008874722111173,0.30666666666666664
1,28.47,8.23728813559322,0.0,19,Flow606,5,Flow60,,14,1100,28.47,0.02588181818181818,5.76271186440678,False,False,False,False,True,6,2,1.7514081737044878,,2.1086711799947744,,0.07023809523809454
2,491.89,8.441444250692378,0.07264672917615439,19,Flow606,5,Flow60,0.204156115099158,14,1100,520.36,0.47305454545454545,5.558555749307622,False,False,False,False,True,6,2,1.7153383172009422,-1.5888703077138624,2.133153413718833,0.024482233724058666,0.0639107611548555
3,287.52,9.204693155512857,-0.0013558888233717147,19,Flow606,5,Flow60,0.7632489048204789,14,1100,807.88,0.7344363636363637,4.795306844487143,False,False,False,False,True,6,2,1.5676376988817362,-0.27017108225782366,2.2197134795843874,0.08656006586555431,0.5119047619047619
4,129.22999999999996,8.82766275541877,0.07117506073098774,19,Flow606,5,Flow60,-0.37703040009408717,14,1100,937.1099999999999,0.8519181818181817,5.172337244581231,False,False,False,False,True,6,2,1.6433246646193078,-0.9754294579307601,2.1778902859677736,-0.041823193616613796,0.5119047619047619
5,728.7700000000001,7.543587185352756,-0.0937195826801684,19,Flow606,5,Flow60,-1.2840755700660136,14,1100,1665.88,1.5144363636363638,6.456412814647244,False,False,False,False,True,6,2,1.8650738717126207,0.25003905872746995,2.0206978229103645,-0.15719246305740908,0.1669398907103825
6,126.18000000000004,7.549697206809599,0.23795992255264772,19,Flow606,5,Flow60,0.006110021456843029,14,1100,1792.0600000000002,1.6291454545454547,6.450302793190401,False,False,False,False,True,6,2,1.8641270743864964,-5.09782499404653,2.0215074573983727,0.0008096344880081929,1.3999999999999995
7,0.0,7.549697206809599,0.0,19,Flow606,5,Flow60,0.0,14,1100,1792.0600000000002,1.6291454545454547,6.450302793190401,False,False,False,False,True,6,2,1.8641270743864964,-6.907755278982137,2.0215074573983727,0.0,1.3999999999999995
8,0.0,7.549697206809599,0.0,19,Flow606,5,Flow60,0.0,14,1100,1792.0600000000002,1.6291454545454547,6.450302793190401,False,False,False,False,True,6,2,1.8641270743864964,-6.907755278982137,2.0215074573983727,0.0,1.3999999999999995
9,0.0,7.549697206809599,0.0,19,Flow606,5,Flow60,0.0,14,1100,1792.0600000000002,1.6291454545454547,6.450302793190401,False,False,False,False,True,6,2,1.8641270743864964,-6.907755278982137,2.0215074573983727,0.0,6.205882352941177
10,26.840000000000003,12.552631578947366,0.007730079725533069,19,Flow606,5,Flow60,5.0029343721377675,14,1100,1818.9,1.6535454545454547,1.4473684210526336,False,False,False,False,True,6,2,0.36974702550608657,1.6100246147182047,2.5299303311619554,0.5084228737635827,0.3725490196078436
11,58.819999999999986,12.608946831303605,0.0013569917602571596,19,Flow606,5,Flow60,0.05631525235623869,14,1100,1877.72,1.7070181818181818,1.391053168696395,False,False,False,False,True,6,2,0.33006113557270605,-2.876789868337609,2.534406627956337,0.00447629679438144,0.3725490196078436
12,41.09999999999998,12.459692086106996,-0.0032148551465488433,19,Flow606,5,Flow60,-0.1492547451966093,14,1100,1918.82,1.744381818181818,1.5403079138930043,False,False,False,False,True,6,2,0.4319823405257494,-1.9021007336027091,2.5224988008635063,-0.011907827092830559,0.5392156862745097
1,0.0,9.054054054054054,0.0,20,Flow606,5,Flow60,,14,1100,0.0,0.0,4.945945945945946,False,False,False,False,True,6,2,1.5985682401971963,,2.203212619180842,,0.6499999999999999
2,45.4,9.054054054054054,0.001266405919080854,20,Flow606,5,Flow60,0.0,14,1100,45.4,0.04127272727272727,4.945945945945946,False,False,False,False,True,6,2,1.5985682401971963,-6.907755278982137,2.203212619180842,0.0,0.5454954954954956
3,64.88,9.054054054054056,0.0,20,Flow606,5,Flow60,1.7763568394002505e-15,14,1100,110.28,0.10025454545454546,4.945945945945944,False,False,False,False,True,6,2,1.5985682401971961,-33.96421184743732,2.2032126191808423,4.440892098500626e-16,0.6166666666666667
4,510.05999999999995,9.483259101079666,0.08279587566742089,20,Flow606,5,Flow60,0.4292050470256097,14,1100,620.3399999999999,0.5639454545454544,4.516740898920334,False,False,False,False,True,6,2,1.5077906937078578,-0.8458205091483906,2.2495280442194288,0.04631542503858643,0.029487179487179382
5,194.64999999999998,10.263978979466849,0.2428502963122789,20,Flow606,5,Flow60,0.7807198783871829,14,1100,814.9899999999999,0.7408999999999999,3.736021020533151,False,False,False,False,True,6,2,1.3180211468318037,-0.24753886391902374,2.328640579324766,0.07911253510533722,1.1518018018018017
6,0.0,10.263978979466849,0.0,20,Flow606,5,Flow60,0.0,14,1100,814.9899999999999,0.7408999999999999,3.736021020533151,False,False,False,False,True,6,2,1.3180211468318037,-6.907755278982137,2.328640579324766,0.0,1.1518018018018017
7,0.0,10.263978979466849,0.0,20,Flow606,5,Flow60,0.0,14,1100,814.9899999999999,0.7408999999999999,3.736021020533151,False,False,False,False,True,6,2,1.3180211468318037,-6.907755278982137,2.328640579324766,0.0,0.801801801801802
8,0.0,10.263978979466849,0.0,20,Flow606,5,Flow60,0.0,14,1100,814.9899999999999,0.7408999999999999,3.736021020533151,False,False,False,False,True,6,2,1.3180211468318037,-6.907755278982137,2.328640579324766,0.0,0.8184684684684687
9,813.5500000000001,8.426806462959206,0.0,20,Flow606,5,Flow60,-1.8371725165076427,14,1100,1628.54,1.480490909090909,5.573193537040794,False,False,False,False,True,6,2,1.7179682356070174,0.6082277139126059,2.1314178702228443,-0.19722270910192163,0.8184684684684687
10,0.0,8.426806462959206,0.0,20,Flow606,5,Flow60,0.0,14,1100,1628.54,1.480490909090909,5.573193537040794,False,False,False,False,True,6,2,1.7179682356070174,-6.907755278982137,2.1314178702228443,0.0,1.2232408620073816
11,79.63999999999999,13.345291479820627,0.05528870913707471,20,Flow606,5,Flow60,4.918485016861421,14,1100,1708.1799999999998,1.5528909090909089,0.6547085201793728,False,False,False,False,True,6,2,-0.42356514975178144,1.5930005596839214,2.5911636244928635,0.4597457542700192,0.4018018018018017
12,229.63000000000002,13.506930357457678,-0.05173278377642059,20,Flow606,5,Flow60,0.16163887763705098,14,1100,1937.81,1.7616454545454545,0.4930696425423218,False,False,False,False,True,6,2,-0.7071048521527614,-1.8223905823925375,2.603202913531995,0.012039289039131429,0.4351351351351349
1,0.0,10.412330382542748,0.0,1,Flow607,1,Flow60,,14,1100,0.0,0.0,3.5876696174572515,True,False,False,False,False,7,2,1.2775028600955263,,2.342990717568468,,4.122448979591836
2,71.42,10.412330382542748,0.0484376263292167,1,Flow607,1,Flow60,0.0,14,1100,71.42,0.06492727272727272,3.5876696174572515,True,False,False,False,False,7,2,1.2775028600955263,-6.907755278982137,2.342990717568468,0.0,4.487575301204819
3,487.65999999999997,10.59422020027544,0.0,1,Flow607,1,Flow60,0.1818898177326922,14,1100,559.0799999999999,0.5082545454545454,3.4057797997245594,True,False,False,False,False,7,2,1.2254739294531218,-1.7043541723052638,2.36030858828252,0.017317870714051775,1.0416293552588733
4,280.0,11.382227632379792,0.0,1,Flow607,1,Flow60,0.7880074321043509,14,1100,839.0799999999999,0.7627999999999999,2.6177723676202085,True,False,False,False,False,7,2,0.9623237147464688,-0.23824775756422906,2.432053159311452,0.07174457102893195,1.0416293552588733
5,190.01,12.141318881056488,0.6963668747123126,1,Flow607,1,Flow60,0.7590912486766968,14,1100,1029.09,0.9355363636363636,1.8586811189435117,True,False,False,False,False,7,2,0.6198671603751154,-0.27563328657718383,2.4966144190267823,0.06456125971533044,1.4652777777777786
6,244.41000000000003,11.12215501247795,-0.9804896977636244,1,Flow607,1,Flow60,-1.0191638685785378,14,1100,1273.5,1.1577272727272727,2.8778449875220495,True,False,False,False,False,7,2,1.0570417458339467,0.01898255444062779,2.408939066132547,-0.08767535289423511,0.25185106646168
7,155.40999999999997,11.973240818475091,0.6234520024935347,1,Flow607,1,Flow60,0.8510858059971405,14,1100,1428.9099999999999,1.2990090909090908,2.026759181524909,True,False,False,False,False,7,2,0.7064380550468302,-0.16124232588286555,2.4826742279939795,0.07373516186143236,2.6173264486517507
8,0.0,11.973240818475091,-0.0,1,Flow607,1,Flow60,0.0,14,1100,1428.9099999999999,1.2990090909090908,2.026759181524909,True,False,False,False,False,7,2,0.7064380550468302,-6.907755278982137,2.4826742279939795,0.0,0.16792168674698793
9,103.94999999999999,10.762437022291035,0.0,1,Flow607,1,Flow60,-1.2108037961840559,14,1100,1532.86,1.3935090909090908,3.237562977708965,True,False,False,False,False,7,2,1.174820879410655,0.1912844334298012,2.3760620181493683,-0.10661220984461117,0.22159090909090917
10,0.0,10.762437022291035,0.0,1,Flow607,1,Flow60,0.0,14,1100,1532.86,1.3935090909090908,3.237562977708965,True,False,False,False,False,7,2,1.174820879410655,-6.907755278982137,2.3760620181493683,0.0,0.22159090909090917
11,0.0,10.762437022291035,0.0,1,Flow607,1,Flow60,0.0,14,1100,1532.86,1.3935090909090908,3.237562977708965,True,False,False,False,False,7,2,1.174820879410655,-6.907755278982137,2.3760620181493683,0.0,0.22159090909090917
12,0.0,10.762437022291035,0.0,1,Flow607,1,Flow60,0.0,14,1100,1532.86,1.3935090909090908,3.237562977708965,True,False,False,False,False,7,2,1.174820879410655,-6.907755278982137,2.3760620181493683,0.0,0.6761363636363633
1,0.0,9.79415636329231,0.0,2,Flow607,1,Flow60,,14,1100,0.0,0.0,4.205843636707691,True,False,False,False,False,7,2,1.436474900343066,,2.2817859183652938,,5.1063829787234045
2,415.32000000000005,9.79415636329231,0.12991443170238867,2,Flow607,1,Flow60,0.0,14,1100,415.32000000000005,0.37756363636363643,4.205843636707691,True,False,False,False,False,7,2,1.436474900343066,-6.907755278982137,2.2817859183652938,0.0,0.15504477921002202
3,410.83,9.939971656930503,-0.09889211287661114,2,Flow607,1,Flow60,0.14581529363819357,14,1100,826.1500000000001,0.7510454545454547,4.060028343069497,True,False,False,False,False,7,2,1.4011899546408741,-1.9254145702708212,2.296564169248975,0.014778250883681121,0.2970760233918135
4,136.35,9.139000269689014,-0.01542649669796471,2,Flow607,1,Flow60,-0.8009713872414892,14,1100,962.5000000000001,0.8750000000000001,4.860999730310986,True,False,False,False,False,7,2,1.581244122583166,-0.2219300538483164,2.2125509997997495,-0.08401316944922543,0.2344497607655498
5,300.56,8.566762084216457,0.08713443687510943,2,Flow607,1,Flow60,-0.5722381854725569,14,1100,1263.0600000000002,1.1482363636363637,5.433237915783543,True,False,False,False,False,7,2,1.6925352574781705,-0.5581999661073547,2.147889841406419,-0.06466115839333053,0.3630434782608698
6,287.36999999999995,8.956796210721922,0.0708057327214206,2,Flow607,1,Flow60,0.39003412650546565,14,1100,1550.43,1.4094818181818183,5.043203789278078,True,False,False,False,False,7,2,1.6180415526049179,-0.941521039826516,2.1924125972773147,0.044522755870895825,0.26508429458740057
7,124.73999999999994,9.044770688076877,-0.012533259670146636,2,Flow607,1,Flow60,0.08797447735495467,14,1100,1675.17,1.5228818181818182,4.955229311923123,True,False,False,False,False,7,2,1.600443445605793,-2.430708536628115,2.2021867661850174,0.009774168907702663,0.32177363699102823
8,122.96000000000006,9.023513328594028,0.013689736117304617,2,Flow607,1,Flow60,-0.021257359482849125,14,1100,1798.13,1.6346636363636364,4.976486671405972,True,False,False,False,False,7,2,1.6047241543935467,-3.8510521149649546,2.1998337625161497,-0.0023530036688677036,0.2601308569016467
9,175.67000000000002,9.446923852310762,0.024234696407601966,2,Flow607,1,Flow60,0.4234105237167345,14,1100,1973.8000000000002,1.7943636363636366,4.553076147689238,True,False,False,False,False,7,2,1.5158030809413712,-0.8594130653310846,2.245689170239084,0.045855407722934505,0.23616962085684712
10,76.62,10.001666551619241,0.021289445700386073,2,Flow607,1,Flow60,0.5547426993084787,14,1100,2050.42,1.8640181818181818,3.998333448380759,True,False,False,False,False,7,2,1.3858776363973933,-0.5892508775832443,2.302751734270541,0.05706256403145682,0.7412438163621538
11,36.47000000000003,10.883019549502965,0.11581270066754067,2,Flow607,1,Flow60,0.8813529978837238,14,1100,2086.8900000000003,1.8971727272727277,3.116980450497035,True,False,False,False,False,7,2,1.1368647288685265,-0.1262970546540708,2.3872037350463153,0.0844520007757743,2.670189098998889
12,70.07000000000002,8.915715863084284,-0.2626222968778671,2,Flow607,1,Flow60,-1.9673036864186813,14,1100,2156.9600000000005,1.9608727272727278,5.084284136915716,True,False,False,False,False,7,2,1.6261542402225706,0.676663918145062,2.1878155468108273,-0.19938818823548798,4.127493438333413
1,0.0,9.929107266803138,0.0,3,Flow607,1,Flow60,,14,1100,0.0,0.0,4.070892733196862,True,False,False,False,False,7,2,1.4038623201677713,,2.2954705713774435,,5.205882352941177
2,259.26,9.929107266803138,-0.7000436427249161,3,Flow607,1,Flow60,0.0,14,1100,259.26,0.2356909090909091,4.070892733196862,True,False,False,False,False,7,2,1.4038623201677713,-6.907755278982137,2.2954705713774435,0.0,0.3963585434173673
3,193.22,9.607562657939754,0.274251444808455,3,Flow607,1,Flow60,-0.321544608863384,14,1100,452.48,0.41134545454545457,4.392437342060246,True,False,False,False,False,7,2,1.479884276221595,-1.1346189926329884,2.262550565209184,-0.03292000616825952,0.45032258064516206
4,527.1,8.369196513869294,-0.25856164865293235,3,Flow607,1,Flow60,-1.2383661440704596,14,1100,979.58,0.8905272727272727,5.630803486130706,True,False,False,False,False,7,2,1.728252147089672,0.21379288503522725,2.124557883939988,-0.13799268126919584,0.30058406341259936
5,106.78,9.409772133589673,0.38036066976367516,3,Flow607,1,Flow60,1.0405756197203786,14,1100,1086.3600000000001,0.9876000000000001,4.590227866410327,True,False,False,False,False,7,2,1.5239296669383369,0.0397740405398076,2.2417487379576175,0.11719085401762941,2.7225490196078432
6,317.82000000000005,9.109142448744317,-0.9010611487503943,3,Flow607,1,Flow60,-0.30062968484535624,14,1100,1404.1800000000003,1.276527272727273,4.890857551255683,True,False,False,False,False,7,2,1.5873676564664936,-1.201876054558359,2.2092785738821705,-0.032470164075447006,0.28380443086325435
7,432.88000000000005,9.117706248504858,0.02742780153455774,3,Flow607,1,Flow60,0.008563799760541002,14,1100,1837.0600000000004,1.670054545454546,4.882293751495142,True,False,False,False,False,7,2,1.5856151404791534,-4.760211290062266,2.2102182646134594,0.0009396907312888558,0.28380443086325524
8,56.67999999999995,10.849135005676215,0.1492619328238572,3,Flow607,1,Flow60,1.7314287571713578,14,1100,1893.7400000000002,1.7215818181818183,3.1508649943237845,True,False,False,False,False,7,2,1.1476770165141155,0.5489469388630361,2.3840853538292723,0.17386708921581295,2.7225490196078432
9,0.0,10.849135005676215,0.0,3,Flow607,1,Flow60,0.0,14,1100,1893.7400000000002,1.7215818181818183,3.1508649943237845,True,False,False,False,False,7,2,1.1476770165141155,-6.907755278982137,2.3840853538292723,0.0,2.1003168567807347
10,141.82,11.597080111342864,0.13512007126626238,3,Flow607,1,Flow60,0.7479451056666484,14,1100,2035.5600000000002,1.850509090909091,2.402919888657136,True,False,False,False,False,7,2,0.8766846181449803,-0.29042569184689354,2.4507533518874887,0.06666799805821633,1.7166666666666677
11,29.64000000000002,13.629629629629633,0.0,3,Flow607,1,Flow60,2.0325495182867694,14,1100,2065.2000000000003,1.8774545454545457,0.3703703703703667,True,False,False,False,False,7,2,-0.9932517730102933,0.7092909253837727,2.612246072164602,0.16149272027711348,3.3851851851851853
12,33.96999999999996,13.411971288332786,-0.004503262295627826,3,Flow607,1,Flow60,-0.2176583412968469,14,1100,2099.17,1.9083363636363637,0.5880287116672136,True,False,False,False,False,7,2,-0.5309795029096153,-1.524828687358682,2.596147687857043,-0.016098384307559055,3.0904977375565608
1,0.0,9.358626843159596,0.0,4,Flow607,1,Flow60,,14,1100,0.0,0.0,4.6413731568404035,True,False,False,False,False,7,2,1.535010261431088,,2.236298574936659,,5.169491525423728
2,405.74,9.358626843159596,-0.0975390678126268,4,Flow607,1,Flow60,0.0,14,1100,405.74,0.3688545454545455,4.6413731568404035,True,False,False,False,False,7,2,1.535010261431088,-6.907755278982137,2.236298574936659,0.0,0.13914060216311075
3,618.53,9.298221316767457,-0.2088903687650907,4,Flow607,1,Flow60,-0.06040552639213992,14,1100,1024.27,0.9311545454545455,4.701778683232543,True,False,False,False,False,7,2,1.547940880365398,-2.806674681668315,2.229823125605835,-0.006475449330823668,0.16285153695225674
4,442.16999999999996,9.087189295641434,0.15788600616692908,4,Flow607,1,Flow60,-0.21103202112602304,14,1100,1466.44,1.3331272727272727,4.9128107043585665,True,False,False,False,False,7,2,1.5918462229019061,-1.5557453981291818,2.206865651974331,-0.022957473631504133,0.1085568326947639
5,146.75,10.558874784489754,0.6021164133171082,4,Flow607,1,Flow60,1.4716854888483208,14,1100,1613.19,1.4665363636363637,3.4411252155102456,True,False,False,False,False,7,2,1.2357985154326203,0.38640833501043437,2.356966718101705,0.15010106612737406,2.3723825693265423
6,150.23,9.36491660408461,-0.6123339039700009,4,Flow607,1,Flow60,-1.1939581804051436,14,1100,1763.42,1.603109090909091,4.635083395915389,True,False,False,False,False,7,2,1.5336541915022073,0.17727398957071627,2.2369704307933596,-0.11999628730834555,0.375
7,53.140000000000015,11.213422593070096,0.2165973750713297,4,Flow607,1,Flow60,1.848505988985485,14,1100,1816.5600000000002,1.651418181818182,2.7865774069299043,True,False,False,False,False,7,2,1.0248141069094818,0.6143777393057116,2.4171115065479487,0.18014107575458915,3.2139724310776945
8,0.0,11.213422593070096,0.0,4,Flow607,1,Flow60,0.0,14,1100,1816.5600000000002,1.651418181818182,2.7865774069299043,True,False,False,False,False,7,2,1.0248141069094818,-6.907755278982137,2.4171115065479487,0.0,3.2756083757781553
9,0.0,11.213422593070096,0.0,4,Flow607,1,Flow60,0.0,14,1100,1816.5600000000002,1.651418181818182,2.7865774069299043,True,False,False,False,False,7,2,1.0248141069094818,-6.907755278982137,2.4171115065479487,0.0,5.552026618269813
10,0.0,11.213422593070096,0.0,4,Flow607,1,Flow60,0.0,14,1100,1816.5600000000002,1.651418181818182,2.7865774069299043,True,False,False,False,False,7,2,1.0248141069094818,-6.907755278982137,2.4171115065479487,0.0,3.56572295247725
11,0.0,11.213422593070096,0.0,4,Flow607,1,Flow60,0.0,14,1100,1816.5600000000002,1.651418181818182,2.7865774069299043,True,False,False,False,False,7,2,1.0248141069094818,-6.907755278982137,2.4171115065479487,0.0,3.716666666666667
12,0.0,11.213422593070096,0.0,4,Flow607,1,Flow60,0.0,14,1100,1816.5600000000002,1.651418181818182,2.7865774069299043,True,False,False,False,False,7,2,1.0248141069094818,-6.907755278982137,2.4171115065479487,0.0,2.730769230769231
1,0.0,8.482907456467828,0.0,5,Flow607,2,Flow60,,6,1200,0.0,0.0,2.482907456467828,False,True,False,False,False,7,2,0.9094302349767733,,2.138053251473132,,7.1
2,310.89000000000004,8.482907456467828,0.11483746342979992,5,Flow607,2,Flow60,0.0,6,1200,310.89000000000004,0.25907500000000006,2.482907456467828,False,True,False,False,False,7,2,0.9094302349767733,-6.907755278982137,2.138053251473132,0.0,0.19091691777873443
3,354.43,8.0688903105339,-0.18369230397336797,5,Flow607,2,Flow60,-0.41401714593392747,6,1200,665.32,0.5544333333333333,2.0688903105339005,False,True,False,False,False,7,2,0.727012381666338,-0.8818478907150707,2.088015964838403,-0.05003728663472895,0.3869565217391302
4,523.9899999999999,7.136902213128814,-0.28195595440958626,5,Flow607,2,Flow60,-0.9319880974050863,6,1200,1189.31,0.9910916666666666,1.1369022131288142,False,True,False,False,False,7,2,0.12830720678557417,-0.07043523540268165,1.9652788184979537,-0.12273714634044919,0.6403508771929824
5,547.95,7.452851868682222,-0.024320577298912634,5,Flow607,2,Flow60,0.3159496555534078,6,1200,1737.26,1.4477166666666668,1.452851868682222,False,True,False,False,False,7,2,0.3735284307896727,-1.1521723959566272,2.008596760307194,0.0433179418092402,0.30555555555555536
6,84.32999999999998,7.53692893272056,-0.0025784827404015495,5,Flow607,2,Flow60,0.08407706403833792,6,1200,1821.59,1.5179916666666666,1.53692893272056,False,True,False,False,False,7,2,0.4297862258300548,-2.476021471691786,2.0198147956966133,0.011218035389419345,0.7222222222222219
7,11.0,7.242424242424243,0.0,5,Flow607,2,Flow60,-0.2945046902963169,6,1200,1832.59,1.5271583333333332,1.242424242424243,False,True,False,False,False,7,2,0.2170645052378281,-1.2224603497140347,1.9799559904650306,-0.039858805231582695,0.20438596491228056
8,0.0,7.242424242424243,0.0,5,Flow607,2,Flow60,0.0,6,1200,1832.59,1.5271583333333332,1.242424242424243,False,True,False,False,False,7,2,0.2170645052378281,-6.907755278982137,1.9799559904650306,0.0,0.20438596491228056
9,0.0,7.242424242424243,0.0,5,Flow607,2,Flow60,0.0,6,1200,1832.59,1.5271583333333332,1.242424242424243,False,True,False,False,False,7,2,0.2170645052378281,-6.907755278982137,1.9799559904650306,0.0,0.3018518518518518
10,0.0,7.242424242424243,-0.0,5,Flow607,2,Flow60,0.0,6,1200,1832.59,1.5271583333333332,1.242424242424243,False,True,False,False,False,7,2,0.2170645052378281,-6.907755278982137,1.9799559904650306,0.0,1.1848484848484848
11,167.23999999999998,6.253393665158371,0.0207318483430619,5,Flow607,2,Flow60,-0.9890305772658721,6,1200,1999.83,1.666525,0.25339366515837103,False,True,False,False,False,7,2,-1.3728110107826037,-0.011030030480559729,1.8331243028098625,-0.14683168765516807,0.07175324675324646
12,44.250000000000036,6.1596523250760535,-0.00548543583580776,5,Flow607,2,Flow60,-0.09374134008231749,6,1200,2044.08,1.7034,0.15965232507605354,False,True,False,False,False,7,2,-1.8347567963442213,-2.367215990853495,1.8180203352181834,-0.01510396759167909,0.5998144712430427
1,0.0,8.087133230524259,0.0,6,Flow607,2,Flow60,,6,1200,0.0,0.0,2.087133230524259,False,True,False,False,False,7,2,0.7357914643537292,,2.090274308631653,,6.55
2,71.62,8.087133230524259,0.03169668036697895,6,Flow607,2,Flow60,0.0,6,1200,71.62,0.05968333333333334,2.087133230524259,False,True,False,False,False,7,2,0.7357914643537292,-6.907755278982137,2.090274308631653,0.0,0.41721601984759804
3,104.98999999999998,7.926315789473685,0.0,6,Flow607,2,Flow60,-0.1608174410505736,6,1200,176.60999999999999,0.147175,1.9263157894736853,False,True,False,False,False,7,2,0.6556092612408807,-1.8274854638742313,2.0701883361993527,-0.02008597243230037,0.41721601984759804
4,104.97999999999999,7.926315789473684,0.0,6,Flow607,2,Flow60,-8.881784197001252e-16,6,1200,281.59,0.2346583333333333,1.9263157894736844,False,True,False,False,False,7,2,0.6556092612408803,-34.657359027997266,2.0701883361993527,0.0,0.3810160427807485
5,279.84999999999997,8.454925223694593,-0.08681983274727176,6,Flow607,2,Flow60,0.5286094342209084,6,1200,561.4399999999999,0.4678666666666666,2.454925223694593,False,True,False,False,False,7,2,0.8980963020023993,-0.6375054294099041,2.134749138277679,0.06456080207832615,0.30799373040752354
6,322.55999999999995,8.254658385093169,0.0,6,Flow607,2,Flow60,-0.2002668386014239,6,1200,883.9999999999999,0.7366666666666666,2.254658385093169,False,True,False,False,False,7,2,0.8129984692803883,-1.6081046086716095,2.1107776937287825,-0.023971444548896326,0.3810160427807494
7,469.51,6.692878387580415,-0.5267916298631629,6,Flow607,2,Flow60,-1.5617799975127538,6,1200,1353.5099999999998,1.1279249999999998,0.6928783875804152,False,True,False,False,False,7,2,-0.3669007820888087,0.4458261948349019,1.901044033862349,-0.20973365986643344,0.4805555555555556
8,415.3699999999999,6.33464985783851,0.2958317441802578,6,Flow607,2,Flow60,-0.358228529741905,6,1200,1768.8799999999997,1.4740666666666664,0.3346498578385102,False,True,False,False,False,7,2,-1.0946704942420598,-1.0265841450065483,1.846034541186171,-0.05500949267617816,0.38101604278074896
9,192.42999999999998,7.6295317196075,0.03245888656223402,6,Flow607,2,Flow60,1.2948818617689897,6,1200,1961.3099999999997,1.6344249999999998,1.6295317196074999,False,True,False,False,False,7,2,0.48829268495904427,0.25841946455690434,2.032026469835932,0.1859919286497611,0.30344827586206913
10,78.5,6.833333333333334,0.0,6,Flow607,2,Flow60,-0.796198386274166,6,1200,2039.8099999999997,1.6998416666666665,0.8333333333333339,False,True,False,False,False,7,2,-0.18232155679395393,-0.2279068952024932,1.921812597476253,-0.11021387235967905,0.14444444444444438
11,53.23999999999998,6.853900576008014,0.00423942731102138,6,Flow607,2,Flow60,0.02056724267468013,6,1200,2093.0499999999997,1.7442083333333331,0.8539005760080141,False,True,False,False,False,7,2,-0.1579405135073636,-3.884055630258474,1.9248179173664652,0.0030053198902122435,0.06666666666666643
12,0.0,6.853900576008014,0.0,6,Flow607,2,Flow60,0.0,6,1200,2093.0499999999997,1.7442083333333331,0.8539005760080141,False,True,False,False,False,7,2,-0.1579405135073636,-6.907755278982137,1.9248179173664652,0.0,0.46176470588235263
1,0.0,7.001541841913052,0.0,7,Flow607,2,Flow60,,6,1200,0.0,0.0,1.0015418419130517,False,True,False,False,False,7,2,0.0015406544951930327,,1.9461303879313874,,6.55
2,243.25,7.001541841913052,0.0006159686586638258,7,Flow607,2,Flow60,0.0,6,1200,243.25,0.20270833333333332,1.0015418419130517,False,True,False,False,False,7,2,0.0015406544951930327,-6.907755278982137,1.9461303879313874,0.0,0.06573275862068995
3,499.7099999999999,7.513175515985063,0.18805109102904416,7,Flow607,2,Flow60,0.5116336740720113,6,1200,742.9599999999999,0.6191333333333333,1.513175515985063,False,True,False,False,False,7,2,0.41421043335576285,-0.6701463903489353,2.0166582147519807,0.07052782682059333,0.14015151515151514
4,551.4000000000001,7.5455518893183475,-0.1561008303319819,7,Flow607,2,Flow60,0.03237637333328447,6,1200,1294.3600000000001,1.0786333333333333,1.5455518893183475,False,True,False,False,False,7,2,0.43538105648022435,-3.430326340301209,2.020958235909008,0.004300021157027434,0.15693173821252682
5,542.66,6.841011131630709,0.059257205912316036,7,Flow607,2,Flow60,-0.7045407576876386,6,1200,1837.02,1.53085,0.841011131630709,False,True,False,False,False,7,2,-0.1731503829128282,-0.350209095963204,1.9229355469710334,-0.09802268893797472,0.34636496875172806
6,127.95999999999995,9.051232383864578,0.10509268303067087,7,Flow607,2,Flow60,2.210221252233869,6,1200,1964.98,1.6374833333333334,3.051232383864578,False,True,False,False,False,7,2,1.115545569292415,0.7930926246515485,2.20290092345352,0.27996537648248654,0.9770114942528734
7,127.90000000000002,7.142520365504107,-0.13964589100303235,7,Flow607,2,Flow60,-1.9087120183604709,6,1200,2092.88,1.7440666666666667,1.1425203655041072,False,True,False,False,False,7,2,0.13323666901387948,0.6464286786548693,1.9660657064318667,-0.23683521702165322,0.15040650406504064
8,132.97000000000006,6.756756756756757,0.0,7,Flow607,2,Flow60,-0.38576360874735016,6,1200,2225.8500000000004,1.8548750000000003,0.756756756756757,False,True,False,False,False,7,2,-0.27871340246902016,-0.9525305096901137,1.9105430052180221,-0.055522701213844616,0.15040650406504064
9,122.11999999999996,6.732343724592686,0.008711992427021868,7,Flow607,2,Flow60,-0.024413032164071424,6,1200,2347.9700000000003,1.9566416666666668,0.7323437245926856,False,True,False,False,False,7,2,-0.3115053061182116,-3.71263818418144,1.9069233333425204,-0.0036196718755017177,0.1322674418604648
10,27.89999999999999,6.930232558139536,0.0,7,Flow607,2,Flow60,0.19788883354685005,6,1200,2375.8700000000003,1.979891666666667,0.9302325581395356,False,True,False,False,False,7,2,-0.0723206615796253,-1.6200498526909177,1.9358933708118422,0.028970037469321808,0.1322674418604648
11,27.92,6.930232558139534,0.0,7,Flow607,2,Flow60,-1.7763568394002505e-15,6,1200,2403.7900000000004,2.003158333333334,0.9302325581395339,False,True,False,False,False,7,2,-0.0723206615796272,-33.96421184743732,1.935893370811842,-2.220446049250313e-16,0.7166666666666668
12,27.900000000000006,6.930232558139534,0.0,7,Flow607,2,Flow60,0.0,6,1200,2431.6900000000005,2.026408333333334,0.9302325581395339,False,True,False,False,False,7,2,-0.0723206615796272,-6.907755278982137,1.935893370811842,0.0,0.7166666666666668
1,0.0,6.700836394216502,0.0,8,Flow607,2,Flow60,,6,1200,0.0,0.0,0.7008363942165019,False,True,False,False,False,7,2,-0.35548080832183415,,1.9022323535633723,,10.0
2,201.55,6.700836394216502,0.02663019765507649,8,Flow607,2,Flow60,0.0,6,1200,201.55,0.16795833333333335,0.7008363942165019,False,True,False,False,False,7,2,-0.35548080832183415,-6.907755278982137,1.9022323535633723,0.0,0.20625000000000027
3,343.88,6.846849392073728,-0.07740854805243393,8,Flow607,2,Flow60,0.146012997857226,6,1200,545.4300000000001,0.45452500000000007,0.8468493920737279,False,True,False,False,False,7,2,-0.16623241351297668,-1.924059634817061,1.9237886037050576,0.021556250141685274,0.20596891216605773
4,379.53,6.667277003032101,0.08563280519877632,8,Flow607,2,Flow60,-0.17957238904162676,6,1200,924.96,0.7708,0.6672770030321011,False,True,False,False,False,7,2,-0.40455002237870075,-1.717176870781008,1.8972115311502094,-0.026577072554848202,0.3692307692307688
5,369.34000000000003,6.788078059736462,-0.028051552960159706,8,Flow607,2,Flow60,0.12080105670436048,6,1200,1294.3000000000002,1.0785833333333334,0.7880780597364616,False,True,False,False,False,7,2,-0.2381581334511671,-2.113610245967029,1.9151678469723974,0.01795631582218804,0.13563218390804588
6,223.91999999999996,6.898358010629092,-0.01001525276370353,8,Flow607,2,Flow60,0.11027995089263065,6,1200,1518.2200000000003,1.2651833333333335,0.8983580106290923,False,True,False,False,False,7,2,-0.10718661459640184,-2.204733138123787,1.931283413809941,0.01611556683754367,6.2
7,438.24,5.977855526976556,-0.15868871953353617,8,Flow607,2,Flow60,-0.9205024836525366,6,1200,1956.4600000000003,1.6303833333333335,0.022144473023444355,False,True,False,False,False,7,2,-3.810167338528442,-0.0828355801567112,1.78806189611848,-0.14322151769146108,0.29638701775872667
8,385.79,6.284291619763924,0.09473515163332713,8,Flow607,2,Flow60,0.3064360927873686,6,1200,2342.2500000000005,1.9518750000000005,0.28429161976392425,False,True,False,False,False,7,2,-1.2577547374957394,-1.1827460517497181,1.8380531260263437,0.049991229907863755,0.08840579710144914
9,52.629999999999995,6.148952009543892,-0.0054039464518842294,8,Flow607,2,Flow60,-0.13533961022003194,6,1200,2394.8800000000006,1.9957333333333338,0.14895200954389232,False,True,False,False,False,7,2,-1.9041311085147783,-1.99996802818788,1.8162816623456404,-0.021771463680703373,0.151098901098901
10,0.0,6.148952009543892,0.0,8,Flow607,2,Flow60,0.0,6,1200,2394.8800000000006,1.9957333333333338,0.14895200954389232,False,True,False,False,False,7,2,-1.9041311085147783,-6.907755278982137,1.8162816623456404,0.0,0.151098901098901
11,0.0,6.148952009543892,0.0,8,Flow607,2,Flow60,0.0,6,1200,2394.8800000000006,1.9957333333333338,0.14895200954389232,False,True,False,False,False,7,2,-1.9041311085147783,-6.907755278982137,1.8162816623456404,0.0,0.151098901098901
12,0.0,6.148952009543892,0.0,8,Flow607,2,Flow60,0.0,6,1200,2394.8800000000006,1.9957333333333338,0.14895200954389232,False,True,False,False,False,7,2,-1.9041311085147783,-6.907755278982137,1.8162816623456404,0.0,0.14688067837674135
1,0.0,9.174348188015607,0.0,9,Flow607,3,Flow60,,9,1500,0.0,0.0,0.0,False,False,True,False,False,7,2,-6.907755278982137,,2.2164113492388835,,4.083333333333333
2,313.86,9.174348188015607,-0.5314131098154207,9,Flow607,3,Flow60,0.0,9,1500,313.86,0.20924,0.0,False,False,True,False,False,7,2,-6.907755278982137,-6.907755278982137,2.2164113492388835,0.0,0.2691645133505598
3,254.44,8.680618756450675,0.15206020087974734,9,Flow607,3,Flow60,-0.49372943156493143,9,1500,568.3,0.37886666666666663,0.0,False,False,True,False,False,7,2,-6.907755278982137,-0.7057676212245192,2.1610928114369594,-0.055318537801924084,1.2368421052631575
4,554.55,8.443648926924473,-0.29186353014106603,9,Flow607,3,Flow60,-0.2369698295262026,9,1500,1122.85,0.7485666666666666,0.0,False,False,True,False,False,7,2,-6.907755278982137,-1.4398224475277437,2.133414552490344,-0.027678258946615575,0.24349659851398275
5,308.19,8.038525323372108,0.09415840295345371,9,Flow607,3,Flow60,-0.4051236035523651,9,1500,1431.04,0.9540266666666667,0.0,False,False,True,False,False,7,2,-6.907755278982137,-0.9035630644813429,2.0842456488767986,-0.0491689036135452,1.3666666666666671
6,176.37000000000003,8.651884700665185,0.0,9,Flow607,3,Flow60,0.6133593772930777,9,1500,1607.41,1.0716066666666668,0.0,False,False,True,False,False,7,2,-6.907755278982137,-0.48880425497089813,2.1577771816803777,0.07353153280357905,1.3666666666666671
7,220.00999999999996,6.2324742814720535,-0.21929228766992598,9,Flow607,3,Flow60,-2.419410419193132,9,1500,1827.42,1.21828,1.7675257185279465,False,False,True,False,False,7,2,0.5695806694764752,0.8835238820537772,1.829773409888338,-0.32800377179203966,0.2999999999999994
8,290.68000000000006,6.207536976224807,0.3404629895374056,9,Flow607,3,Flow60,-0.024937305247246577,9,1500,2118.1000000000004,1.4120666666666668,1.792463023775193,False,False,True,False,False,7,2,0.5835906649805139,-3.6913903939967727,1.8257641950839831,-0.004009214804354899,1.2466666666666661
9,147.85999999999996,8.408560311284045,0.0,9,Flow607,3,Flow60,2.2010233350592383,9,1500,2265.9600000000005,1.5106400000000004,0.0,False,False,True,False,False,7,2,-6.907755278982137,0.7889224045141291,2.129250271611666,0.3034860765276828,1.2466666666666661
10,40.05000000000003,8.741114717529241,0.009020664962446375,9,Flow607,3,Flow60,0.3325544062451957,9,1500,2306.0100000000007,1.5373400000000004,0.0,False,False,True,False,False,7,2,-6.907755278982137,-1.1009518044666975,2.168037723586049,0.038787451974382936,1.246666666666667
11,14.620000000000005,8.853658536585366,0.0,9,Flow607,3,Flow60,0.11254381905612476,9,1500,2320.6300000000006,1.547086666666667,0.0,False,False,True,False,False,7,2,-6.907755278982137,-2.1844126304530462,2.180830767560543,0.0127930439744941,1.3666666666666671
12,20.340000000000003,9.404717365757728,0.009642344423205013,9,Flow607,3,Flow60,0.5510588291723622,9,1500,2340.9700000000007,1.5606466666666672,0.0,False,False,True,False,False,7,2,-6.907755278982137,-0.5959137075206039,2.2412114108136905,0.060380643253147515,1.1884057971014492
1,0.0,9.312168087848585,0.0,10,Flow607,3,Flow60,,9,1500,0.0,0.0,0.0,False,False,True,False,False,7,2,-6.907755278982137,,2.2313219414971956,,5.05
2,188.78,9.312168087848585,-0.013260228643631102,10,Flow607,3,Flow60,0.0,9,1500,188.78,0.12585333333333334,0.0,False,False,True,False,False,7,2,-6.907755278982137,-6.907755278982137,2.2313219414971956,0.0,0.20602836879432562
3,313.95000000000005,9.215146299483647,0.0,10,Flow607,3,Flow60,-0.09702178836493758,9,1500,502.73,0.33515333333333336,0.0,False,False,True,False,False,7,2,-6.907755278982137,-2.332819703383626,2.2208484672283864,-0.01047347426880929,0.20602836879432562
4,318.69,9.192996227996742,-0.0418350509496187,10,Flow607,3,Flow60,-0.022150071486905176,9,1500,821.4200000000001,0.5476133333333334,0.0,False,False,True,False,False,7,2,-6.907755278982137,-3.809914555096418,2.218441914568985,-0.002406552659401484,0.241742654508613
5,502.61,8.976025833375315,0.10982953159110366,10,Flow607,3,Flow60,-0.21697039462142698,9,1500,1324.0300000000002,0.8826866666666668,0.0,False,False,True,False,False,7,2,-6.907755278982137,-1.5279943650651444,2.1945572268260336,-0.02388468774295127,0.1876073161627474
6,721.8499999999999,8.690600477643732,-0.2262542052960678,10,Flow607,3,Flow60,-0.2854253557315829,9,1500,2045.88,1.36392,0.0,False,False,True,False,False,7,2,-6.907755278982137,-1.2537747350980812,2.1622420367339443,-0.032315190092089274,0.06491228070175392
7,103.53000000000003,11.744688182822058,0.010135525813527876,10,Flow607,3,Flow60,3.0540877051783255,9,1500,2149.4100000000003,1.43294,1.744688182822058,False,False,True,False,False,7,2,0.556575847894593,1.11648092451713,2.463401068828865,0.3011590320949207,5.085714285714285
8,165.6,8.998315630508229,-0.04422185247670123,10,Flow607,3,Flow60,-2.7463725523138294,9,1500,2315.01,1.5433400000000002,0.0,False,False,True,False,False,7,2,-6.907755278982137,1.010280969051482,2.197037407655315,-0.2663636611735498,0.13571428571428523
9,283.3399999999999,8.773467740743145,0.07566316232336065,10,Flow607,3,Flow60,-0.2248478897650834,9,1500,2598.3500000000004,1.7322333333333335,0.0,False,False,True,False,False,7,2,-6.907755278982137,-1.4923311508880313,2.1717321376651766,-0.0253052699901386,0.36571428571428566
10,158.03,9.605793797063848,0.2696416472873841,10,Flow607,3,Flow60,0.8323260563207029,9,1500,2756.3800000000006,1.8375866666666671,0.0,False,False,True,False,False,7,2,-6.907755278982137,-0.18353102031533747,2.262366436956003,0.09063429929082645,5.085714285714285
11,0.0,9.605793797063848,0.0,10,Flow607,3,Flow60,0.0,9,1500,2756.3800000000006,1.8375866666666671,0.0,False,False,True,False,False,7,2,-6.907755278982137,-6.907755278982137,2.262366436956003,0.0,3.114285714285714
12,0.0,9.605793797063848,-0.0,10,Flow607,3,Flow60,0.0,9,1500,2756.3800000000006,1.8375866666666671,0.0,False,False,True,False,False,7,2,-6.907755278982137,-6.907755278982137,2.262366436956003,0.0,2.7523809523809524
1,0.0,8.797562045204993,0.0,11,Flow607,3,Flow60,,9,1500,0.0,0.0,0.0,False,False,True,False,False,7,2,-6.907755278982137,,2.1744746427837884,,5.566666666666666
2,194.04000000000002,8.797562045204993,-0.0028095309902055406,11,Flow607,3,Flow60,0.0,9,1500,194.04000000000002,0.12936,0.0,False,False,True,False,False,7,2,-6.907755278982137,-6.907755278982137,2.1744746427837884,0.0,0.09796408476745189
3,313.65999999999997,8.663736699492782,-0.049677796497305804,11,Flow607,3,Flow60,-0.13382534571221072,9,1500,507.7,0.33846666666666664,0.0,False,False,True,False,False,7,2,-6.907755278982137,-2.0112197193904247,2.1591461190583185,-0.01532852372546989,0.041041592839049734
4,852.41,8.19616436698693,0.14234541246313095,11,Flow607,3,Flow60,-0.46757233250585273,9,1500,1360.11,0.9067399999999999,0.0,False,False,True,False,False,7,2,-6.907755278982137,-0.760201220283947,2.1036662847127685,-0.05547983434555004,0.1470600941806719
5,146.73000000000005,8.946051916955039,0.002857225495188545,11,Flow607,3,Flow60,0.7498875499681095,9,1500,1506.84,1.00456,0.0,False,False,True,False,False,7,2,-6.907755278982137,-0.2878320170687672,2.1912123083646016,0.08754602365183306,0.1250074324243977
6,165.07999999999998,8.884786104146373,-0.008877592195351057,11,Flow607,3,Flow60,-0.06126581280866539,9,1500,1671.9199999999998,1.1146133333333332,0.0,False,False,True,False,False,7,2,-6.907755278982137,-2.792533294572262,2.1843403875010083,-0.006871920863593228,0.1351418616226976
7,307.35,8.511657797469981,0.034369002785690855,11,Flow607,3,Flow60,-0.3731283066763922,9,1500,1979.27,1.3195133333333333,0.0,False,False,True,False,False,7,2,-6.907755278982137,-0.9858329327602549,2.141436729426253,-0.04290365807475549,0.1351418616226976
8,154.79999999999998,8.828352803025615,0.009176952486149569,11,Flow607,3,Flow60,0.31669500555563346,9,1500,2134.07,1.4227133333333335,0.0,False,False,True,False,False,7,2,-6.907755278982137,-1.1498160958314452,2.1779684516903752,0.03653172226412238,0.14848566068078295
9,229.83999999999997,8.781407859486213,-0.02886619086602776,11,Flow607,3,Flow60,-0.04694494353940115,9,1500,2363.9100000000003,1.5759400000000001,0.0,False,False,True,False,False,7,2,-6.907755278982137,-3.058779777969098,2.1726367432534293,-0.00533170843694597,0.10048853814355496
10,134.35000000000002,8.310645538687478,-0.015740532927645746,11,Flow607,3,Flow60,-0.4707623207987357,9,1500,2498.26,1.665506666666667,0.0,False,False,True,False,False,7,2,-6.907755278982137,-0.7534019390869269,2.117537288002779,-0.0550994552506503,0.08645345042425712
11,194.82999999999998,8.549120169776284,0.037241218437152224,11,Flow607,3,Flow60,0.23847463108880618,9,1500,2693.09,1.7953933333333334,0.0,False,False,True,False,False,7,2,-6.907755278982137,-1.4334923429116753,2.1458283735339436,0.02829108553116466,0.08645345042425667
12,179.67000000000007,8.436286307063131,0.025545321075994026,11,Flow607,3,Flow60,-0.11283386271315266,9,1500,2872.76,1.9151733333333334,0.0,False,False,True,False,False,7,2,-6.907755278982137,-2.1818387836118536,2.132542200763137,-0.01328617277080646,0.2937188059139286
1,0.0,8.571156381398755,0.0,12,Flow607,3,Flow60,,9,1500,0.0,0.0,0.0,False,False,True,False,False,7,2,-6.907755278982137,,2.148402657159092,,5.583333333333333
2,319.41999999999996,8.571156381398755,0.03696712558964197,12,Flow607,3,Flow60,0.0,9,1500,319.41999999999996,0.21294666666666665,0.0,False,False,True,False,False,7,2,-6.907755278982137,-6.907755278982137,2.148402657159092,0.0,0.06289173789173752
3,483.7800000000001,8.738565685448192,0.1637726386229803,12,Flow607,3,Flow60,0.16740930404943732,9,1500,803.2,0.5354666666666666,0.0,False,False,True,False,False,7,2,-6.907755278982137,-1.7873135427255162,2.1677460669835993,0.01934340982450733,0.19455782312925152
4,17.159999999999997,8.0,0.002745089276140175,12,Flow607,3,Flow60,-0.7385656854481919,9,1500,820.36,0.5469066666666667,0.0,False,False,True,False,False,7,2,-6.907755278982137,-0.30304523655411714,2.0794415416798357,-0.08830452530376354,3.8333333333333335
5,543.6800000000001,7.635795039526098,0.016873510053358045,12,Flow607,3,Flow60,-0.36420496047390216,9,1500,1364.04,0.90936,0.36420496047390216,False,False,True,False,False,7,2,-1.01003849158945,-1.01003849158945,2.0328470641630485,-0.04659447751678725,0.06967741935483929
6,476.6,8.553743513713862,0.0,12,Flow607,3,Flow60,0.9179484741877637,9,1500,1840.6399999999999,1.2270933333333331,0.0,False,False,True,False,False,7,2,-6.907755278982137,-0.08561401827266996,2.1463690249869116,0.11352196082386312,0.06967741935483929
7,403.27,9.012323724588963,0.04395915727847337,12,Flow607,3,Flow60,0.4585802108751018,9,1500,2243.91,1.4959399999999998,0.0,False,False,True,False,False,7,2,-6.907755278982137,-0.7796200606557433,2.198592943428272,0.05222391844136043,0.17634408602150575
8,172.61,8.732394387176189,0.018912555572404403,12,Flow607,3,Flow60,-0.27992933741277426,9,1500,2416.52,1.6110133333333334,0.0,False,False,True,False,False,7,2,-6.907755278982137,-1.2732180740455907,2.1670396034002564,-0.031553340028015686,0.1720235988200587
9,209.03,8.949107208726785,-0.022903027004806745,12,Flow607,3,Flow60,0.2167128215505958,9,1500,2625.55,1.7503666666666668,0.0,False,False,True,False,False,7,2,-6.907755278982137,-1.5291822049054324,2.191553774096197,0.024514170695940418,0.17634408602150575
10,138.82999999999996,8.591067424955401,-0.006341459937997167,12,Flow607,3,Flow60,-0.35803978377138357,9,1500,2764.38,1.8429200000000001,0.0,False,False,True,False,False,7,2,-6.907755278982137,-1.0271111709026524,2.1507229919495776,-0.04083078214661917,0.9666666666666668
11,83.18000000000004,6.652822705446429,-0.021069940090902795,12,Flow607,3,Flow60,-1.9382447195089725,9,1500,2847.56,1.8983733333333332,1.3471772945535712,False,False,True,False,False,7,2,0.2980115105586512,0.6617827797530874,1.895041231591562,-0.2556817603580157,3.8333333333333335
12,51.53,7.2730003491665745,-0.018208965042132874,12,Flow607,3,Flow60,0.6201776437201456,9,1500,2899.09,1.9327266666666667,0.7269996508334255,False,False,True,False,False,7,2,-0.31882928173287944,-0.477749319853359,1.9841689091810062,0.08912767758944429,0.16416666666666657
1,0.0,8.00869702546435,0.0,13,Flow607,4,Flow60,,6,1200,0.0,0.0,2.0086970254643504,False,False,False,True,False,7,2,0.6974862658310383,,2.080528079366961,,4.666666666666667
2,341.35,8.00869702546435,-0.17073856509814653,13,Flow607,4,Flow60,0.0,6,1200,341.35,0.28445833333333337,2.0086970254643504,False,False,False,True,False,7,2,0.6974862658310383,-6.907755278982137,2.080528079366961,0.0,0.40873015873015905
3,149.69,7.575590526427016,0.03539861692807815,13,Flow607,4,Flow60,-0.43310649903733456,6,1200,491.04,0.4092,1.5755905264270158,False,False,False,True,False,7,2,0.4546301394201069,-0.8367716250156008,2.024931305641016,-0.05559677372594507,0.4017857142857144
4,67.06,8.333545224661307,0.018060510663897338,13,Flow607,4,Flow60,0.7579546982342915,6,1200,558.1,0.46508333333333335,2.3335452246613073,False,False,False,True,False,7,2,0.8473886668333052,-0.2771316599881682,2.120288962836188,0.09535765719517197,0.5091575091575091
5,245.66000000000003,7.482937446594332,-0.1643380842989264,13,Flow607,4,Flow60,-0.8506077780669754,6,1200,803.76,0.6698,1.482937446594332,False,False,False,True,False,7,2,0.3940248819521765,-0.16180415199212014,2.0126254216612143,-0.10766354117497379,0.39595389320160024
6,268.07000000000005,7.781871152457527,0.12179263873113323,13,Flow607,4,Flow60,0.29893370586319534,6,1200,1071.83,0.8931916666666666,1.7818711524575273,False,False,False,True,False,7,2,0.577664021416261,-1.2075334496959433,2.0517968173008407,0.03917139563962646,0.08763269909103233
7,172.91000000000003,8.134974737001647,0.02277545592622751,13,Flow607,4,Flow60,0.3531035845441197,6,1200,1244.74,1.0372833333333333,2.134974737001647,False,False,False,True,False,7,2,0.7584548138244661,-1.0409938244592227,2.096172635196191,0.04437581789535017,0.08383838383838427
8,195.23999999999998,8.467035611573811,0.0420339301840002,13,Flow607,4,Flow60,0.33206087457216427,6,1200,1439.98,1.1999833333333334,2.4670356115738112,False,False,False,True,False,7,2,0.9030172726168524,-1.1024369697284422,2.1361804605771026,0.04000782538091174,0.43145743145743154
9,380.77000000000004,7.023699695271373,-0.3303007411365719,13,Flow607,4,Flow60,-1.4433359163024386,6,1200,1820.75,1.5172916666666667,1.0236996952713726,False,False,False,True,False,7,2,0.023423217269784462,0.36695704293067266,1.949290101328767,-0.18689035924833575,1.4642857142857144
10,0.0,7.023699695271373,0.0,13,Flow607,4,Flow60,0.0,6,1200,1820.75,1.5172916666666667,1.0236996952713726,False,False,False,True,False,7,2,0.023423217269784462,-6.907755278982137,1.949290101328767,0.0,1.4642857142857144
11,119.28999999999999,8.207062622894213,0.07382515887490275,13,Flow607,4,Flow60,1.1833629276228406,6,1200,1940.04,1.6167,2.207062622894213,False,False,False,True,False,7,2,0.7916625015409238,0.16836032376522694,2.1049950790430048,0.15570497771423786,0.10000000000000053
12,95.67000000000002,8.08686341321655,-0.015175234734569708,13,Flow607,4,Flow60,-0.12019920967766318,6,1200,2035.71,1.696425,2.08686341321655,False,False,False,True,False,7,2,0.7356621794830817,-2.118604831963684,2.090240944298313,-0.014754134744691783,0.08774688149688137
1,0.0,7.432517326503104,0.0,14,Flow607,4,Flow60,,6,1200,0.0,0.0,1.4325173265031044,False,False,False,True,False,7,2,0.3594332648237354,,2.0058646070684416,,10.0
2,0.0,7.432517326503104,0.0,14,Flow607,4,Flow60,0.0,6,1200,0.0,0.0,1.4325173265031044,False,False,False,True,False,7,2,0.3594332648237354,-6.907755278982137,2.0058646070684416,0.0,6.08
3,305.48,7.432517326503104,0.0,14,Flow607,4,Flow60,0.0,6,1200,305.48,0.25456666666666666,1.4325173265031044,False,False,False,True,False,7,2,0.3594332648237354,-6.907755278982137,2.0058646070684416,0.0,0.6034877072612921
4,0.0,7.432517326503104,-0.0,14,Flow607,4,Flow60,0.0,6,1200,305.48,0.25456666666666666,1.4325173265031044,False,False,False,True,False,7,2,0.3594332648237354,-6.907755278982137,2.0058646070684416,0.0,0.06257861635220108
5,119.96,7.897551689347099,-0.0057370642257881755,14,Flow607,4,Flow60,0.465034362843995,6,1200,425.44,0.3545333333333333,1.8975516893470994,False,False,False,True,False,7,2,0.6405644706792598,-0.7656439775359104,2.0665527986992247,0.060688191630783095,0.09055052453993717
6,373.5900000000001,7.65751333727846,0.0,14,Flow607,4,Flow60,-0.24003835206863933,6,1200,799.0300000000001,0.6658583333333334,1.65751333727846,False,False,False,True,False,7,2,0.5053184896690119,-1.4269565681208543,2.0356873014507935,-0.03086549724843124,0.09055052453993717
7,173.28999999999996,7.879011007794811,-0.0013478840487504103,14,Flow607,4,Flow60,0.22149767051635116,6,1200,972.32,0.8102666666666667,1.8790110077948112,False,False,False,True,False,7,2,0.6307455787403052,-1.5073432064084518,2.0642023893681483,0.028515087917354798,0.0974466158321512
8,176.90999999999997,7.900558156567319,0.004430704086014366,14,Flow607,4,Flow60,0.021547148772508073,6,1200,1149.23,0.9576916666666667,1.9005581565673193,False,False,False,True,False,7,2,0.6421476096458102,-3.837511778726024,2.0669334097072296,0.002731020339081347,0.13998357963875208
9,183.24000000000004,7.929515418502204,0.0,14,Flow607,4,Flow60,0.02895726193488457,6,1200,1332.47,1.1103916666666667,1.9295154185022039,False,False,False,True,False,7,2,0.6572688928950441,-3.5419342623817744,2.0705919264028534,0.0036585166956237813,0.16811594202898572
10,432.90999999999997,7.314098115971087,-0.07419897059540104,14,Flow607,4,Flow60,-0.6154173025311165,6,1200,1765.38,1.4711500000000002,1.3140981159710874,False,False,False,True,False,7,2,0.2731505869635795,-0.48545470057927387,1.98980373445415,-0.08078819194870346,0.09620253164556969
11,329.9100000000001,7.481358511944317,-0.032490634258752975,14,Flow607,4,Flow60,0.16726039597322995,6,1200,2095.29,1.746075,1.4813585119443173,False,False,False,True,False,7,2,0.3929595802269625,-1.7882034236201645,2.0124143947395003,0.022610660285350415,0.09620253164556969
12,211.29,7.295569373820602,-0.0020642573737481174,14,Flow607,4,Flow60,-0.1857891381237149,6,1200,2306.58,1.92215,1.2955693738206024,False,False,False,True,False,7,2,0.25895026942851096,-1.6831429143558454,1.9872672288016142,-0.02514716593788613,0.09620253164556969
1,0.0,7.683765732246115,0.0,15,Flow607,4,Flow60,,6,1200,0.0,0.0,1.6837657322461146,False,False,False,True,False,7,2,0.5210327922748004,,2.0391097567067913,,5.616279069767442
2,312.2,7.683765732246115,-0.022989031070025284,15,Flow607,4,Flow60,0.0,6,1200,312.2,0.26016666666666666,1.6837657322461146,False,False,False,True,False,7,2,0.5210327922748004,-6.907755278982137,2.0391097567067913,0.0,0.06871035940803383
3,608.3599999999999,7.472968136613342,0.008749808216056967,15,Flow607,4,Flow60,-0.21079759563277278,6,1200,920.56,0.7671333333333333,1.4729681366133418,False,False,False,True,False,7,2,0.387279505619467,-1.5568568682966155,2.0112922611378243,-0.027817495568966955,0.08893280632411038
4,453.8399999999999,7.612535978023974,0.04640406423074109,15,Flow607,4,Flow60,0.13956784141063228,6,1200,1374.3999999999999,1.1453333333333333,1.612535978023974,False,False,False,True,False,7,2,0.47780808139173475,-1.9692044775793764,2.0297963592020523,0.018504098064227925,0.06871035940803383
5,271.28,7.830212880598982,0.004420310373427718,15,Flow607,4,Flow60,0.2176769025750076,6,1200,1645.6799999999998,1.3714,1.8302128805989817,False,False,False,True,False,7,2,0.6044322882838945,-1.5247434138668927,2.057989697449092,0.028193338247039623,6.093023255813954
6,237.45,7.656314348318049,-0.024850268550998422,15,Flow607,4,Flow60,-0.17389853228093255,6,1200,1883.1299999999999,1.569275,1.6563143483180491,False,False,False,True,False,7,2,0.5045948618123542,-1.749283297675156,2.035530712387957,-0.02245898506113475,0.07325581395348868
7,309.22,7.57888054498921,-0.010342509147170931,15,Flow607,4,Flow60,-0.07743380332883909,6,1200,2192.35,1.8269583333333332,1.57888054498921,False,False,False,True,False,7,2,0.45671608009330106,-2.5583318582129353,2.0253655033901,-0.010165208997857,0.09999999999999964
8,200.0,7.5,0.0,15,Flow607,4,Flow60,-0.07888054498921004,6,1200,2392.35,1.993625,1.5,False,False,False,True,False,7,2,0.4054651081081644,-2.5398206596192052,2.0149030205422647,-0.010462482847835464,0.09999999999999964
9,157.79000000000002,4.513664740606439,-0.16471169351457965,15,Flow607,4,Flow60,-2.9863352593935613,6,1200,2550.14,2.1251166666666665,1.4863352593935613,False,False,False,True,False,7,2,0.396313532823146,1.0940469699053426,1.5071094046150588,-0.5077936159272058,1.4847826086956522
10,59.99999999999997,5.183574879227052,0.06263198942185674,15,Flow607,4,Flow60,0.6699101386206134,6,1200,2610.14,2.1751166666666664,0.8164251207729478,False,False,False,True,False,7,2,-0.20282007834229443,-0.40061169705398386,1.6454949493653293,0.13838554475027043,1.1224637681159417
11,0.0,5.183574879227052,0.0,15,Flow607,4,Flow60,0.0,6,1200,2610.14,2.1751166666666664,0.8164251207729478,False,False,False,True,False,7,2,-0.20282007834229443,-6.907755278982137,1.6454949493653293,0.0,1.1224637681159417
12,0.0,5.183574879227052,0.0,15,Flow607,4,Flow60,0.0,6,1200,2610.14,2.1751166666666664,0.8164251207729478,False,False,False,True,False,7,2,-0.20282007834229443,-6.907755278982137,1.6454949493653293,0.0,1.1224637681159417
1,0.0,7.49462363053185,0.0,16,Flow607,4,Flow60,,6,1200,0.0,0.0,1.4946236305318497,False,False,False,True,False,7,2,0.40187442299514803,,2.0141859142205565,,10.0
2,151.72,7.49462363053185,-0.043665944964405526,16,Flow607,4,Flow60,0.0,6,1200,151.72,0.12643333333333334,1.4946236305318497,False,False,False,True,False,7,2,0.40187442299514803,-6.907755278982137,2.0141859142205565,0.0,0.07857142857142874
3,406.75,7.594837123540258,0.04865683089138495,16,Flow607,4,Flow60,0.10021349300840843,6,1200,558.47,0.4653916666666667,1.594837123540258,False,False,False,True,False,7,2,0.4667716141198625,-2.30045243863476,2.0274686905959616,0.013282776375405092,0.2333333333333334
4,409.46,7.557331937515594,-0.04898101039160782,16,Flow607,4,Flow60,-0.03750518602466446,6,1200,967.9300000000001,0.8066083333333334,1.5573319375155936,False,False,False,True,False,7,2,0.44297406057033856,-3.2832760615764522,2.022518209583073,-0.004950481012888641,0.06190476190476213
5,518.9100000000001,7.445945945945944,0.0,16,Flow607,4,Flow60,-0.11138599156964979,6,1200,1486.8400000000001,1.2390333333333334,1.4459459459459438,False,False,False,True,False,7,2,0.368763741257735,-2.194753708321957,2.0076697159487447,-0.014848493634328275,0.06190476190476213
6,385.05999999999995,7.59468367098347,0.09156606762989747,16,Flow607,4,Flow60,0.14873772503752658,6,1200,1871.9,1.5599166666666668,1.5946836709834704,False,False,False,True,False,7,2,0.46667539116551177,-1.9055707587175466,2.02744848554027,0.019778769591525247,0.26969696969696955
7,119.43999999999998,8.312684406857754,-0.010984923423548681,16,Flow607,4,Flow60,0.7180007358742833,6,1200,1991.3400000000001,1.65945,2.3126844068577537,False,False,False,True,False,7,2,0.8384089307311545,-0.33128468503989317,2.1177825900195444,0.09033410447927448,0.23333333333333295
8,263.26,5.968233468271453,-0.01972836219972065,16,Flow607,4,Flow60,-2.3444509385863004,6,1200,2254.6000000000004,1.8788333333333336,0.03176653172854671,False,False,False,True,False,7,2,-3.4493420047888277,0.8520512331550788,1.786450982154967,-0.3313316078645774,0.2739130434782604
9,66.66,7.666666666666664,0.0,16,Flow607,4,Flow60,1.698433198395211,6,1200,2321.26,1.9343833333333336,1.6666666666666643,False,False,False,True,False,7,2,0.5108256237659893,0.5297061780806922,2.0368819272610397,0.25043094510607267,0.2739130434782604
10,220.5,5.827363135730482,-0.05783394183557843,16,Flow607,4,Flow60,-1.8393035309361823,6,1200,2541.76,2.1181333333333336,0.17263686426951796,False,False,False,True,False,7,2,-1.7565649410436759,0.609386984170155,1.7625646057198412,-0.2743173215411985,1.2555555555555555
11,0.0,5.827363135730482,0.0,16,Flow607,4,Flow60,0.0,6,1200,2541.76,2.1181333333333336,0.17263686426951796,False,False,False,True,False,7,2,-1.7565649410436759,-6.907755278982137,1.7625646057198412,0.0,1.2555555555555555
12,0.0,5.827363135730482,0.0,16,Flow607,4,Flow60,0.0,6,1200,2541.76,2.1181333333333336,0.17263686426951796,False,False,False,True,False,7,2,-1.7565649410436759,-6.907755278982137,1.7625646057198412,0.0,1.2555555555555555
1,0.0,7.515315073880602,0.0,17,Flow607,5,Flow60,,14,1100,0.0,0.0,6.484684926119398,False,False,False,False,True,7,2,1.8694432315641225,,2.016942948324817,,10.0
2,301.14,7.515315073880602,-0.7912380754169276,17,Flow607,5,Flow60,0.0,14,1100,301.14,0.2737636363636364,6.484684926119398,False,False,False,False,True,7,2,1.8694432315641225,-6.907755278982137,2.016942948324817,0.0,0.06048265460030189
3,402.3,7.670480549199087,0.0,17,Flow607,5,Flow60,0.15516547531848435,14,1100,703.44,0.6394909090909091,6.329519450800913,False,False,False,False,True,7,2,1.8452243171291132,-1.86326314882414,2.0373792665063837,0.02043631818156655,0.06048265460030189
4,326.23,8.435380751751023,1.1788270099462541,17,Flow607,5,Flow60,0.764900202551936,14,1100,1029.67,0.9360636363636364,5.564619248248977,False,False,False,False,True,7,2,1.7164285633839422,-0.26800990784596374,2.132434854487298,0.09505558798091451,3.286666666666667
5,169.98999999999992,7.791006966434453,-0.6041553977932177,17,Flow607,5,Flow60,-0.6443737853165699,14,1100,1199.66,1.0906,6.208993033565547,False,False,False,False,True,7,2,1.825998730392361,-0.439476309269419,2.0529701155126716,-0.07946473897462658,0.2369462508063247
6,95.98000000000003,8.36923076923077,0.0,17,Flow607,5,Flow60,0.5782238027963169,14,1100,1295.64,1.1778545454545455,5.63076923076923,False,False,False,False,True,7,2,1.728246063505729,-0.5477942831833836,2.1245619769603055,0.07159186144763385,0.26422764227642315
7,74.95999999999998,8.282494746910002,-0.03512798478753379,17,Flow607,5,Flow60,-0.0867360223207676,14,1100,1370.6000000000001,1.2460000000000002,5.717505253089998,False,False,False,False,True,7,2,1.7435325656883163,-2.4448859991227425,2.114144220952051,-0.010417756008254564,0.4551607730610181
8,220.88,8.45900782968984,0.3899865066949127,17,Flow607,5,Flow60,0.17651308277983802,14,1100,1591.48,1.4468,5.54099217031016,False,False,False,False,True,7,2,1.7121735768378616,-1.7343602819572732,2.1352318889261115,0.021087667974060587,5.088235294117647
9,23.549999999999997,11.327102803738319,0.0037977455052985148,17,Flow607,5,Flow60,2.8680949740484785,14,1100,1615.03,1.4682090909090908,2.6728971962616814,False,False,False,False,True,7,2,0.9831629763579461,1.0536480372687465,2.427198332167354,0.2919664432412423,0.424603174603174
10,50.45,11.277367755666809,-0.001974290553977205,17,Flow607,5,Flow60,-0.049735048071509524,14,1100,1665.48,1.5140727272727272,2.722632244333191,False,False,False,False,True,7,2,1.0015991492396479,-3.001045401825306,2.4227978638443224,-0.004400468323031426,0.3798003072196616
11,111.63000000000001,8.676750082990685,-0.2270581076001853,17,Flow607,5,Flow60,-2.6006176726761243,14,1100,1777.1100000000001,1.6155545454545455,5.323249917009315,False,False,False,False,True,7,2,1.6720840034941422,0.9557489832268983,2.160647044159691,-0.2621508196846314,2.1794518751639127
12,251.27000000000007,12.646368368771858,0.7567140691021332,17,Flow607,5,Flow60,3.9696182857811735,14,1100,2028.38,1.8439818181818184,1.3536316312281418,False,False,False,False,True,7,2,0.3027910778208891,1.3786699403991363,2.537370088484026,0.376723044324335,0.171376242804814
1,0.0,10.715559960356789,0.0,18,Flow607,5,Flow60,,14,1100,0.0,0.0,3.2844400396432114,False,False,False,False,True,7,2,1.1891961776328994,,2.371696887042729,,6.133333333333333
2,56.0,10.715559960356789,-0.10845616566031786,18,Flow607,5,Flow60,0.0,14,1100,56.0,0.05090909090909091,3.2844400396432114,False,False,False,False,True,7,2,1.1891961776328994,-6.907755278982137,2.371696887042729,0.0,1.0073741952437256
3,219.61,10.081655680321278,-0.17574016263472464,18,Flow607,5,Flow60,-0.6339042800355106,14,1100,275.61,0.2505545454545455,3.918344319678722,False,False,False,False,True,7,2,1.3656691971512274,-0.4558573138051865,2.310717503155138,-0.060979383887591165,0.2279202279202277
4,398.0,9.649975210708972,0.0,18,Flow607,5,Flow60,-0.43168046961230644,14,1100,673.61,0.6123727272727273,4.350024789291028,False,False,False,False,True,7,2,1.470181543771948,-0.8400696180919829,2.2669553465091465,-0.04376215664599137,0.2019774011299429
5,332.21000000000004,9.624747171399095,0.24849848735977548,18,Flow607,5,Flow60,-0.025228039309876493,14,1100,1005.82,0.9143818181818182,4.375252828600905,False,False,False,False,True,7,2,1.4759643075343276,-3.6797992319975283,2.2643376119222527,-0.0026177345868938495,0.8098067531113049
6,160.66000000000003,10.590416639659088,-0.05508897253294724,18,Flow607,5,Flow60,0.9656694682599927,14,1100,1166.48,1.0604363636363636,3.4095833603409123,False,False,False,False,True,7,2,1.2265901021124237,-0.03493366868386975,2.3599495015834218,0.09561188966116907,0.1057783527382492
7,39.779999999999916,11.190386048291279,0.025368087632756303,18,Flow607,5,Flow60,0.599969408632191,14,1100,1206.26,1.0966,2.8096139517087213,False,False,False,False,True,7,2,1.0330470901740938,-0.5108766106788163,2.415055021129215,0.055105519545793236,0.5867620751341676
8,103.76000000000003,11.050370330387377,-0.0427691004881964,18,Flow607,5,Flow60,-0.14001571790390166,14,1100,1310.02,1.1909272727272726,2.949629669612623,False,False,False,False,True,7,2,1.0816796267469253,-1.966000591932566,2.4024639414643842,-0.012591079664830751,0.7737117251680354
9,94.00000000000003,11.375335674447426,0.03874610105908309,18,Flow607,5,Flow60,0.3249653440600486,14,1100,1404.02,1.276381818181818,2.6246643255525743,False,False,False,False,True,7,2,0.9649530118867852,-1.1240367359995616,2.4314474742431393,0.028983532778755094,0.4241971620612395
10,0.0,11.375335674447426,0.0,18,Flow607,5,Flow60,0.0,14,1100,1404.02,1.276381818181818,2.6246643255525743,False,False,False,False,True,7,2,0.9649530118867852,-6.907755278982137,2.4314474742431393,0.0,1.1753283837806965
11,169.31,11.672663521233154,-0.23934210951762014,18,Flow607,5,Flow60,0.29732784678572877,14,1100,1573.33,1.4303,2.3273364787668456,False,False,False,False,True,7,2,0.8447244715320879,-1.2129198877548522,2.4572496568659767,0.0258021826228374,0.5944881889763778
12,122.54999999999998,12.40321235543702,0.10426198715938922,18,Flow607,5,Flow60,0.7305488342038657,14,1100,1695.8799999999999,1.5417090909090907,1.5967876445629798,False,False,False,False,True,7,2,0.46799388892174254,-0.3139591996440237,2.517955499982845,0.06070584311686833,0.6316162828767871
1,0.0,10.695821091576688,0.0,19,Flow607,5,Flow60,,14,1100,0.0,0.0,3.304178908423312,False,False,False,False,True,7,2,1.195188003231258,,2.369853112993397,,5.166666666666667
2,111.80000000000001,10.695821091576688,-0.11422366659740024,19,Flow607,5,Flow60,0.0,14,1100,111.80000000000001,0.10163636363636365,3.304178908423312,False,False,False,False,True,7,2,1.195188003231258,-6.907755278982137,2.369853112993397,0.0,0.21547116736990102
3,323.59,9.904841402337228,0.0,19,Flow607,5,Flow60,-0.7909796892394603,14,1100,435.39,0.3958090909090909,4.095158597662772,False,False,False,False,True,7,2,1.4098054461430403,-0.23448298886468186,2.293023668143194,-0.07682944485020293,0.16083133493205448
4,358.58,9.983560377910832,-0.15512432090720804,19,Flow607,5,Flow60,0.07871897557360441,14,1100,793.97,0.7217909090909091,4.016439622089168,False,False,False,False,True,7,2,1.390395844049967,-2.541871039869508,2.300939777996431,0.007916109853236986,0.10394244604316594
5,135.93,10.039449085569299,0.04856560475008519,19,Flow607,5,Flow60,0.05588870765846643,14,1100,929.9000000000001,0.8453636363636364,3.9605509144307014,False,False,False,False,True,7,2,1.376383135395859,-2.8843929289153305,2.306522240802813,0.0055824628063820825,0.20051003127926137
6,315.3,10.392653527794733,0.005161812987187252,19,Flow607,5,Flow60,0.3532044422254348,14,1100,1245.2,1.1320000000000001,3.6073464722052666,False,False,False,False,True,7,2,1.2829724528130158,-1.040708233249218,2.3410991649770554,0.03457692417424241,0.11376077990251243
7,305.0899999999999,10.378502576755002,-0.03039706852074066,19,Flow607,5,Flow60,-0.014150951039731297,14,1100,1550.29,1.4093545454545455,3.621497423244998,False,False,False,False,True,7,2,1.2868875931370436,-4.257973445863037,2.339736606902979,-0.001362558074076592,0.1612403100775195
8,110.05000000000001,10.383206060182433,0.09383152524743084,19,Flow607,5,Flow60,0.004703483427430655,14,1100,1660.34,1.5093999999999999,3.6167939398175672,False,False,False,False,True,7,2,1.2855879814321474,-5.35945189001321,2.340189699043915,0.0004530921409360289,0.9612403100775193
9,112.0,9.976744186046512,-0.10774126042458063,19,Flow607,5,Flow60,-0.40646187413592116,14,1100,1772.34,1.6112181818181817,4.023255813953488,False,False,False,False,True,7,2,1.3920914788042165,-0.9002651449564213,2.3002568032344546,-0.039932895809460245,1.4728682170542644
10,91.98999999999998,10.732385324570764,0.08849212987908188,19,Flow607,5,Flow60,0.7556411385242523,14,1100,1864.33,1.6948454545454545,3.267614675429236,False,False,False,False,True,7,2,1.1840602616706308,-0.2801886999926827,2.3732658361837218,0.0730090329492672,0.8728306403351285
11,0.0,10.732385324570764,0.0,19,Flow607,5,Flow60,0.0,14,1100,1864.33,1.6948454545454545,3.267614675429236,False,False,False,False,True,7,2,1.1840602616706308,-6.907755278982137,2.3732658361837218,0.0,0.8836765827612503
12,238.89999999999998,9.929137824533772,0.0688407253547537,19,Flow607,5,Flow60,-0.8032475000369921,14,1100,2103.23,1.9120272727272727,4.070862175466228,False,False,False,False,True,7,2,1.403854813744162,-0.219092393301013,2.2954736489636547,-0.07779218722006709,0.5500000000000007
1,75.08000000000001,8.895597801973045,0.009995871611951847,20,Flow607,5,Flow60,,14,1100,75.08000000000001,0.06825454545454547,5.104402198026955,False,False,False,False,True,7,2,1.6301033434917587,,2.1855565253770286,,0.1900000000000004
2,353.25,10.644201072334837,0.3081298839829287,20,Flow607,5,Flow60,1.7486032703617926,14,1100,428.33000000000004,0.3893909090909091,3.3557989276651625,False,False,False,False,True,7,2,1.2106898725267028,0.5588173380372913,2.3650152436110896,0.179458718234061,0.22898550724637712
3,474.97,11.190836076609273,-0.06263059526700891,20,Flow607,5,Flow60,0.5466350042744352,14,1100,903.3000000000001,0.8211818181818182,2.8091639233907273,False,False,False,False,True,7,2,1.0328869029131056,-0.6039739675195527,2.4150952359410374,0.05007999232994775,0.11893115942028931
4,534.8,11.194538339884263,0.07358948519790212,20,Flow607,5,Flow60,0.003702263274989903,14,1100,1438.1,1.3073636363636363,2.8054616601157374,False,False,False,False,True,7,2,1.0315681101435747,-5.5988109503984465,2.4154260111373653,0.00033077519632795926,0.08433315541528419
5,321.46999999999997,11.386285096854717,0.014655131124930276,20,Flow607,5,Flow60,0.1917467569704545,14,1100,1759.57,1.5996090909090908,2.613714903145283,False,False,False,False,True,7,2,0.9607725438925645,-1.6515797516785533,2.4324095694613925,0.016983558324027204,0.09330295446905446
6,384.7899999999999,11.274646828380815,-0.03890080465752841,20,Flow607,5,Flow60,-0.1116382684739019,14,1100,2144.3599999999997,1.9494181818181815,2.7253531716191848,False,False,False,False,True,7,2,1.0025980239812213,-2.1924913803420174,2.4225565614729483,-0.00985300798844424,0.12329134280353848
7,93.79000000000008,11.636352608692965,0.0944757093320179,20,Flow607,5,Flow60,0.3617057803121497,14,1100,2238.1499999999996,2.034681818181818,2.363647391307035,False,False,False,False,True,7,2,0.8602059307652042,-1.016924159194771,2.4541340434303494,0.031577481957401066,0.7666666666666666
8,27.999999999999943,11.754833040421794,-0.022499964161714844,20,Flow607,5,Flow60,0.1184804317288286,14,1100,2266.1499999999996,2.060136363636363,2.2451669595782064,False,False,False,False,True,7,2,0.8087798879515281,-2.133007465132975,2.46426447860931,0.010130435178960617,1.4789297658862868
9,161.67000000000002,12.07824700487682,0.019683482902344184,20,Flow607,5,Flow60,0.32341396445502646,14,1100,2427.8199999999997,2.2071090909090905,1.92175299512318,False,False,False,False,True,7,2,0.6532377877853356,-1.1288221526383215,2.4914060664860678,0.0271415878767578,0.22754000900453963
10,123.53999999999999,12.312498201764836,0.013181610338364659,20,Flow607,5,Flow60,0.23425119688801566,14,1100,2551.3599999999997,2.3194181818181816,1.6875017982351643,False,False,False,False,True,7,2,0.5232492093848182,-1.45136124842942,2.5106148604486402,0.019208793962572468,0.17850877192982484
11,112.04000000000002,12.393120393120393,0.0,20,Flow607,5,Flow60,0.08062219135555715,14,1100,2663.3999999999996,2.421272727272727,1.6068796068796072,False,False,False,False,True,7,2,0.4742941660146039,-2.517981340373051,2.5171415116422153,0.006526651193575095,0.17850877192982484
12,130.58999999999997,12.469120105114657,0.004288051234489669,20,Flow607,5,Flow60,0.07599971199426392,14,1100,2793.99,2.5399909090909087,1.5308798948853433,False,False,False,False,True,7,2,0.4258426647970658,-2.577025728252145,2.5232551962653287,0.006113684623113347,0.14473226862777366
1,0.0,11.1609964243666,0.0,1,Flow608,1,Flow60,,14,1100,0.0,0.0,2.8390035756334004,True,False,False,False,False,8,2,1.0434531369593614,,2.412425238304975,,9.5
2,198.12,11.1609964243666,0.7406496244501213,1,Flow608,1,Flow60,0.0,14,1100,198.12,0.1801090909090909,2.8390035756334004,True,False,False,False,False,8,2,1.0434531369593614,-6.907755278982137,2.412425238304975,0.0,0.5870620722802569
3,301.25999999999993,11.271879712747173,-0.346491522351055,1,Flow608,1,Flow60,0.11088328838057393,14,1100,499.37999999999994,0.45398181818181815,2.7281202872528265,True,False,False,False,False,8,2,1.0036128325768745,-2.1992770868683493,2.422311103207571,0.009885864902595909,0.6708683473389367
4,134.05,10.9346105997628,0.5983737025239247,1,Flow608,1,Flow60,-0.337269112984373,14,1100,633.43,0.5758454545454545,3.0653894002371995,True,False,False,False,False,8,2,1.1201746087040485,-1.086874112455286,2.3919330430477324,-0.030378060159838682,2.752837977296182
5,98.17000000000002,9.818181818181817,0.0,1,Flow608,1,Flow60,-1.116428781580984,14,1100,731.5999999999999,0.665090909090909,4.181818181818183,True,False,False,False,False,8,2,1.4307461236907248,0.11013500305443487,2.284235954325849,-0.10769708872188355,2.752837977296182
6,54.84,12.834798199697664,-0.14313575137983664,1,Flow608,1,Flow60,3.0166163815158473,14,1100,786.4399999999999,0.7149454545454544,1.165201800302336,True,False,False,False,False,8,2,0.1528942911605964,1.104135799794025,2.5521600915425218,0.26792413721667296,1.5022222222222226
7,103.05000000000001,11.848548642746149,-0.1992227484539387,1,Flow608,1,Flow60,-0.9862495569515151,14,1100,889.49,0.8086272727272728,2.151451357253851,True,False,False,False,False,8,2,0.7661426642813961,-0.013845856047487228,2.472205382674782,-0.07995470886773992,0.5408805031446535
8,343.9799999999999,9.273156772464853,-0.2689545736104595,1,Flow608,1,Flow60,-2.5753918702812957,14,1100,1233.4699999999998,1.1213363636363634,4.726843227535147,True,False,False,False,False,8,2,1.5532575859417075,0.9460017051706101,2.227123858012378,-0.24508152466240363,0.5833333333333339
9,234.29000000000002,7.802657910746179,-0.4092794836505257,1,Flow608,1,Flow60,-1.4704988617186743,14,1100,1467.7599999999998,1.3343272727272726,6.197342089253821,True,False,False,False,False,8,2,1.8241205048533116,0.3856017049338669,2.0544644334387683,-0.17265942457360994,0.45614035087719307
10,33.61000000000003,7.851555001554644,0.09664709898899702,1,Flow608,1,Flow60,0.04889709080846494,14,1100,1501.37,1.364881818181818,6.148444998445356,True,False,False,False,False,8,2,1.8161992040662998,-3.0180373769404985,2.0607116015472267,0.0062471681084583786,2.7413793103448274
11,0.0,7.851555001554644,0.0,1,Flow608,1,Flow60,0.0,14,1100,1501.37,1.364881818181818,6.148444998445356,True,False,False,False,False,8,2,1.8161992040662998,-6.907755278982137,2.0607116015472267,0.0,7.833333333333333
12,5.090000000000018,10.678048780487803,0.0,1,Flow608,1,Flow60,2.826493778933159,14,1100,1506.4599999999998,1.3695090909090908,3.321951219512197,True,False,False,False,False,8,2,1.2005523270111047,1.0390369961518933,2.3681901183844545,0.3074785168372278,3.046718099674365
1,0.0,9.982754549287886,0.0,2,Flow608,1,Flow60,,14,1100,0.0,0.0,4.017245450712114,True,False,False,False,False,8,2,1.3905964565007531,,2.3008590591831375,,4.7
2,119.63000000000001,9.982754549287886,0.015057624298127398,2,Flow608,1,Flow60,0.0,14,1100,119.63000000000001,0.10875454545454546,4.017245450712114,True,False,False,False,False,8,2,1.3905964565007531,-6.907755278982137,2.3008590591831375,0.0,1.4916666666666671
3,318.61,10.10342046713534,0.038440006901093976,2,Flow608,1,Flow60,0.12066591784745384,14,1100,438.24,0.39840000000000003,3.89657953286466,True,False,False,False,False,8,2,1.3600991254532773,-2.1147295615278154,2.3128740266272314,0.012014967444093916,0.39081746920492666
4,253.17,9.148981667373576,-0.2627939695185217,2,Flow608,1,Flow60,-0.954438799761764,14,1100,691.41,0.6285545454545455,4.851018332626424,True,False,False,False,False,8,2,1.5791886483997077,-0.04663175546046851,2.2136425799106685,-0.09923144671656292,0.33315205740954434
5,134.47,7.977685636729061,0.08869877452515916,2,Flow608,1,Flow60,-1.1712960306445153,14,1100,825.88,0.7508,6.022314363270939,True,False,False,False,False,8,2,1.7954716311664758,0.15811085424180896,2.076648348937633,-0.13699423097303542,0.4885935143288087
6,211.63,8.414433383707493,-0.2598563090343979,2,Flow608,1,Flow60,0.43674774697843244,14,1100,1037.51,0.9431909090909091,5.585566616292507,True,False,False,False,False,8,2,1.7201858806056625,-0.8283994885881859,2.1299484912946225,0.05330014235698943,0.5467532467532465
7,103.89,6.811606857598813,0.004368830005081161,2,Flow608,1,Flow60,-1.6028265261086805,14,1100,1141.4,1.0376363636363637,7.188393142401187,True,False,False,False,False,8,2,1.9724676616940255,0.47176864949858294,1.9186280479228173,-0.21132044337180522,0.6660714285714286
8,265.38,7.857371210047143,0.038554028167379656,2,Flow608,1,Flow60,1.0457643524483302,14,1100,1406.7800000000002,1.2788909090909093,6.142628789952857,True,False,False,False,False,8,2,1.8152527922186843,0.044748055796150356,2.0614520988517433,0.14282405092892603,0.18001735106998318
9,204.94,7.004460868914777,-0.23406685288311363,2,Flow608,1,Flow60,-0.8529103411323655,14,1100,1611.7200000000003,1.4652000000000003,6.995539131085223,True,False,False,False,False,8,2,1.945272678926573,-0.15910084705902588,1.9465472130747572,-0.1149048857769861,1.274561403508772
10,0.0,7.004460868914777,0.0,2,Flow608,1,Flow60,0.0,14,1100,1611.7200000000003,1.4652000000000003,6.995539131085223,True,False,False,False,False,8,2,1.945272678926573,-6.907755278982137,1.9465472130747572,0.0,2.803030303030303
11,20.0,4.333333333333333,-0.03981785142873691,2,Flow608,1,Flow60,-2.6711275355814443,14,1100,1631.7200000000003,1.4833818181818184,9.666666666666668,True,False,False,False,False,8,2,2.2686835413183646,0.9825006812400442,1.466337068793427,-0.48021014428133024,0.2999999999999998
12,210.0,5.162698412698412,1.444302065460548,2,Flow608,1,Flow60,0.8293650793650791,14,1100,1841.7200000000003,1.6742909090909093,8.837301587301589,True,False,False,False,False,8,2,2.1789815797459444,-0.18709483554661263,1.641459391001082,0.175122322207655,8.157894736842106
1,0.0,8.180565879406975,0.0,3,Flow608,1,Flow60,,14,1100,0.0,0.0,5.819434120593025,True,False,False,False,False,8,2,1.7612030268775345,,2.10176132663355,,10.0
2,225.57000000000002,8.180565879406975,0.21888859590531792,3,Flow608,1,Flow60,0.0,14,1100,225.57000000000002,0.2050636363636364,5.819434120593025,True,False,False,False,False,8,2,1.7612030268775345,-6.907755278982137,2.10176132663355,0.0,0.18709677419354787
3,746.13,9.150008905908876,-0.22143784576041536,3,Flow608,1,Flow60,0.9694430265019012,14,1100,971.7,0.8833636363636364,4.8499910940911235,True,False,False,False,False,8,2,1.5789768686778345,-0.03103357188294023,2.2137548526103306,0.11199352597678036,0.18709677419354875
4,335.96000000000004,8.59302132389492,-0.8638237365968476,3,Flow608,1,Flow60,-0.5569875820139565,14,1100,1307.66,1.1887818181818182,5.40697867610508,True,False,False,False,False,8,2,1.6876904666349393,-0.5852123337127909,2.150950399870532,-0.0628044527397984,1.3227272727272725
5,0.0,8.59302132389492,0.0,3,Flow608,1,Flow60,0.0,14,1100,1307.66,1.1887818181818182,5.40697867610508,True,False,False,False,False,8,2,1.6876904666349393,-6.907755278982137,2.150950399870532,0.0,0.39177489177489155
6,35.20000000000002,5.685714285714286,0.01507921137580848,3,Flow608,1,Flow60,-2.907307038180634,14,1100,1342.8600000000001,1.2207818181818182,8.314285714285713,True,False,False,False,False,8,2,2.117975205682079,1.0672272362884847,1.7379567632350787,-0.4129936366354534,0.3977272727272725
7,50.27999999999997,5.685714285714285,0.0,3,Flow608,1,Flow60,-8.881784197001252e-16,14,1100,1393.14,1.2664909090909091,8.314285714285715,True,False,False,False,False,8,2,2.117975205682079,-34.657359027997266,1.7379567632350785,-2.220446049250313e-16,0.3977272727272725
8,14.800000000000011,5.466100386100386,-0.006340122964828568,3,Flow608,1,Flow60,-0.21961389961389877,14,1100,1407.94,1.2799454545454545,8.533899613899614,True,False,False,False,False,8,2,2.144046421619474,-1.5158842762045561,1.6985654528879792,-0.039391310347099306,1.3203463203463202
9,137.04,7.669491525423729,0.22854338981568428,3,Flow608,1,Flow60,2.203391139323343,14,1100,1544.98,1.4045272727272728,6.330508474576271,True,False,False,False,False,8,2,1.8453805606671525,0.7899976005502807,2.0372503192342615,0.33868486634628225,0.5108225108225106
10,55.71000000000001,8.362243640645106,0.08111041308351029,3,Flow608,1,Flow60,0.6927521152213769,14,1100,1600.69,1.4551727272727273,5.637756359354894,True,False,False,False,False,8,2,1.7294861777381068,-0.36708304187470764,2.1237267691572552,0.08647644992299375,0.3653679653679651
11,0.0,8.362243640645106,0.0,3,Flow608,1,Flow60,0.0,14,1100,1600.69,1.4551727272727273,5.637756359354894,True,False,False,False,False,8,2,1.7294861777381068,-6.907755278982137,2.1237267691572552,0.0,2.6067466812147657
12,0.0,8.362243640645106,0.0,3,Flow608,1,Flow60,0.0,14,1100,1600.69,1.4551727272727273,5.637756359354894,True,False,False,False,False,8,2,1.7294861777381068,-6.907755278982137,2.1237267691572552,0.0,2.6067466812147657
1,0.0,10.601353427122143,0.0,4,Flow608,1,Flow60,,14,1100,0.0,0.0,3.3986465728778565,True,False,False,False,False,8,2,1.2233772855718645,,2.3609816747713697,,10.0
2,355.66,10.601353427122143,-0.12567367992556566,4,Flow608,1,Flow60,0.0,14,1100,355.66,0.32332727272727274,3.3986465728778565,True,False,False,False,False,8,2,1.2233772855718645,-6.907755278982137,2.3609816747713697,0.0,0.3453145057766367
3,666.54,10.944572844091372,0.6240136224963143,4,Flow608,1,Flow60,0.3432194169692284,14,1100,1022.2,0.9292727272727274,3.055427155908628,True,False,False,False,False,8,2,1.116919404750739,-1.06938533671804,2.39284370272044,0.03186202794907045,0.1351067233420178
4,192.5,9.609719864330527,-0.47655737233008555,4,Flow608,1,Flow60,-1.3348529797608446,14,1100,1214.7,1.1042727272727273,4.390280135669473,True,False,False,False,False,8,2,1.479393037276559,0.28882115826776567,2.2627750721234507,-0.13006863059698937,2.3428571428571425
5,84.99000000000001,10.894055260637808,0.406091559203436,4,Flow608,1,Flow60,1.2843353963072808,14,1100,1299.69,1.1815363636363636,3.105944739362192,True,False,False,False,False,8,2,1.1333179329913372,0.25024138323515605,2.388217251524146,0.12544217940069524,2.799489795918367
6,102.76000000000002,9.642259414225942,-0.34684906088593714,4,Flow608,1,Flow60,-1.2517958464118664,14,1100,1402.45,1.2749545454545455,4.357740585774058,True,False,False,False,False,8,2,1.471953708769516,0.2245791974105054,2.266155460229052,-0.12206179129509387,0.10263157894736885
7,205.08999999999997,9.518502512087728,-0.06993081470149998,4,Flow608,1,Flow60,-0.12375690213821322,14,1100,1607.54,1.4614,4.4814974879122715,True,False,False,False,False,8,2,1.4999572512689372,-2.0894361042344483,2.2532375372800164,-0.01291792294903571,4.55
8,14.38999999999999,9.158995815899582,0.001214675057095747,4,Flow608,1,Flow60,-0.3595066961881468,14,1100,1621.93,1.4744818181818182,4.841004184100418,True,False,False,False,False,8,2,1.5771221752621658,-1.023022475601885,2.2147365455913524,-0.038500991688664055,0.5558139534883715
9,143.93,9.158995815899583,0.0,4,Flow608,1,Flow60,1.7763568394002505e-15,14,1100,1765.8600000000001,1.605327272727273,4.8410041841004166,True,False,False,False,False,8,2,1.5771221752621656,-33.96421184743732,2.2147365455913524,0.0,0.5558139534883715
10,41.67999999999998,11.583912896826991,-0.0699021260500929,4,Flow608,1,Flow60,2.4249170809274077,14,1100,1807.5400000000002,1.643218181818182,2.416087103173009,True,False,False,False,False,8,2,0.8821493320605226,0.8857973303728409,2.449617316349465,0.23488077075811242,1.6333333333333335
11,76.05000000000001,9.34270620667382,0.31733355761576226,4,Flow608,1,Flow60,-2.241206690153172,14,1100,1883.5900000000001,1.7123545454545457,4.657293793326181,True,False,False,False,False,8,2,1.5384345484020847,0.8070144217809122,2.2345959540283626,-0.21502136232110214,2.424908424908425
12,0.0,9.34270620667382,0.0,4,Flow608,1,Flow60,0.0,14,1100,1883.5900000000001,1.7123545454545457,4.657293793326181,True,False,False,False,False,8,2,1.5384345484020847,-6.907755278982137,2.2345959540283626,0.0,2.424908424908425
1,0.0,8.599008107534587,0.0,5,Flow608,2,Flow60,,6,1200,0.0,0.0,2.599008107534587,False,True,False,False,False,8,2,0.955129875136822,,2.151646860274528,,10.0
2,0.0,8.599008107534587,0.0,5,Flow608,2,Flow60,0.0,6,1200,0.0,0.0,2.599008107534587,False,True,False,False,False,8,2,0.955129875136822,-6.907755278982137,2.151646860274528,0.0,0.7249999999999996
3,122.95,8.599008107534587,-0.19068747360549956,5,Flow608,2,Flow60,0.0,6,1200,122.95,0.10245833333333333,2.599008107534587,False,True,False,False,False,8,2,0.955129875136822,-6.907755278982137,2.151646860274528,0.0,0.2902549123738716
4,380.96000000000004,8.095238095238095,0.0,5,Flow608,2,Flow60,-0.5037700122964921,6,1200,503.91,0.41992500000000005,2.095238095238095,False,True,False,False,False,8,2,0.739667196194838,-0.685635439867166,2.0912759993268386,-0.0603708609476894,0.3015119916579767
5,120.64999999999998,8.320386705015848,-0.061105521812122796,5,Flow608,2,Flow60,0.22514860977775264,6,1200,624.56,0.5204666666666666,2.3203867050158475,False,True,False,False,False,8,2,0.8417338549846041,-1.4909946069027307,2.118708732721254,0.027432733394415543,0.4261363636363633
6,70.41999999999999,6.624530745135811,-0.026766302364939445,5,Flow608,2,Flow60,-1.6958559598800367,6,1200,694.9799999999999,0.5791499999999999,0.6245307451358109,False,True,False,False,False,8,2,-0.4707547190257608,0.5281876044469966,1.890779538440761,-0.22792919428049307,0.6969696969696968
7,86.72,6.435942585023318,0.00010665655807162742,5,Flow608,2,Flow60,-0.18858816011249324,6,1200,781.6999999999999,0.6514166666666666,0.4359425850233176,False,True,False,False,False,8,2,-0.830244730030765,-1.668189688523836,1.8618983081803573,-0.02888123026040379,0.3468384031129572
8,108.19999999999999,7.89773486387249,0.10032156451507261,5,Flow608,2,Flow60,1.4617922788491722,6,1200,889.8999999999999,0.7415833333333333,1.8977348638724898,False,True,False,False,False,8,2,0.6406609980549739,0.3796632711027237,2.0665759922671008,0.20467768408674347,0.32750136686714093
9,530.8499999999999,8.549353284477759,-0.5011763262668003,5,Flow608,2,Flow60,0.6516184206052689,6,1200,1420.7499999999998,1.1839583333333332,2.5493532844777587,False,True,False,False,False,8,2,0.9358397130745927,-0.42829613284832263,2.1458556408455096,0.07927964857840886,0.3372805008398232
10,74.66000000000001,7.204074678447946,0.07336234869813768,5,Flow608,2,Flow60,-1.3452786060298125,6,1200,1495.4099999999999,1.2461749999999998,1.2040746784479461,False,True,False,False,False,8,2,0.1857113702521324,0.2966011336324548,1.9746467935076133,-0.17120884733789632,0.45486578541886313
11,222.86000000000007,8.343635778582748,0.07178672587090651,5,Flow608,2,Flow60,1.1395611001348014,6,1200,1718.27,1.4318916666666666,2.3436357785827475,False,True,False,False,False,8,2,0.8517034750776599,0.13064318839316877,2.121499066048574,0.1468522725409609,0.48637316561844823
12,154.64,8.783170162715107,-0.07010380274948991,5,Flow608,2,Flow60,0.4395343841323598,6,1200,1872.9099999999999,1.5607583333333332,2.7831701627151073,False,True,False,False,False,8,2,1.0235906243019774,-0.8220393302586926,2.1728374088467137,0.051338342798139536,0.43199999999999994
1,0.0,6.852944940745582,0.0,6,Flow608,2,Flow60,,6,1200,0.0,0.0,0.8529449407455818,False,True,False,False,False,8,2,-0.1590602813515024,,1.924678478242735,,8.55
2,164.07999999999998,6.852944940745582,0.06873740484721959,6,Flow608,2,Flow60,0.0,6,1200,164.07999999999998,0.13673333333333332,0.8529449407455818,False,True,False,False,False,8,2,-0.1590602813515024,-6.907755278982137,1.924678478242735,0.0,0.12829448364049645
3,290.98,7.070226273808182,0.04955362733493032,6,Flow608,2,Flow60,0.21728133306260045,6,1200,455.06,0.37921666666666665,1.0702262738081822,False,True,False,False,False,8,2,0.06787009696577515,-1.5265622994014267,1.9558924841782603,0.031214005935525257,0.2279569892473119
4,504.26,7.394392719552384,0.1358054483869022,6,Flow608,2,Flow60,0.3241664457442015,6,1200,959.3199999999999,0.7994333333333333,1.3943927195523838,False,True,False,False,False,8,2,0.3324589940054995,-1.1264981736667676,2.000721972378579,0.044829488200318623,0.2613252339058798
5,140.55,6.97960783529609,-0.166520721134694,6,Flow608,2,Flow60,-0.414784884256294,6,1200,1099.87,0.9165583333333333,0.9796078352960897,False,True,False,False,False,8,2,-0.02060295547134085,-0.8799952443315127,1.9429927311408965,-0.057729241237682416,0.225202115453095
6,140.54999999999995,5.155368168640308,-0.0884040127232689,6,Flow608,2,Flow60,-1.8242396666557816,6,1200,1240.4199999999998,1.0336833333333333,0.8446318313596919,False,True,False,False,False,8,2,-0.1688544491038006,0.6011632792132787,1.6400385346354962,-0.30295419650540034,0.8011494252873563
7,98.97000000000001,5.479447827978402,0.07422132276797831,6,Flow608,2,Flow60,0.3240796593380937,6,1200,1339.3899999999999,1.1161583333333331,0.5205521720215982,False,True,False,False,False,8,2,-0.6528651615187437,-1.126765931254344,1.7010043345653516,0.0609657999298554,0.12463741841914411
8,260.54999999999995,5.98499188194523,0.07361298542710971,6,Flow608,2,Flow60,0.5055440539668279,6,1200,1599.9399999999998,1.3332833333333332,0.015008118054770314,False,True,False,False,False,8,2,-4.1991640206264504,-0.68212009502744,1.789254982608888,0.08825064804353633,0.1879660797809759
9,226.28999999999996,5.918704117823211,-0.051490111916215824,6,Flow608,2,Flow60,-0.06628776412201898,6,1200,1826.2299999999998,1.521858333333333,0.08129588217678929,False,True,False,False,False,8,2,-2.509659913443102,-2.7137499520347435,1.7781175259176782,-0.01113745669120969,0.17023809523809508
10,55.61999999999998,5.889301277650792,0.034924321052082256,6,Flow608,2,Flow60,-0.029402840172418898,6,1200,1881.8499999999997,1.568208333333333,0.11069872234920819,False,True,False,False,False,8,2,-2.200942980895052,-3.5266640047993714,1.77313736204436,-0.004980163873318233,0.6035714285714282
11,0.0,5.889301277650792,0.0,6,Flow608,2,Flow60,0.0,6,1200,1881.8499999999997,1.568208333333333,0.11069872234920819,False,True,False,False,False,8,2,-2.200942980895052,-6.907755278982137,1.77313736204436,0.0,0.6035714285714282
12,211.90000000000003,4.187117966161883,0.32666481454115576,6,Flow608,2,Flow60,-1.7021833114889091,6,1200,2093.7499999999995,1.7447916666666663,1.8128820338381173,False,True,False,False,False,8,2,0.5949178628262765,0.5319117279290709,1.4320126610279549,-0.34112470101640513,0.6214285714285714
1,16.78,6.069567884786158,0.0038743554109097436,7,Flow608,2,Flow60,,6,1200,16.78,0.013983333333333334,0.06956788478615827,False,True,False,False,False,8,2,-2.665452243617494,,1.8032874138695247,,0.36990950226244346
2,354.36,7.812352857240889,0.20148888721087463,7,Flow608,2,Flow60,1.7427849724547304,6,1200,371.14,0.3092833333333333,1.8123528572408887,False,True,False,False,False,8,2,0.5946259222393152,0.5554843925792252,2.0557061806119865,0.2524187667424618,0.13589743589743541
3,537.27,8.210252222499177,-0.014511315106017546,7,Flow608,2,Flow60,0.3978993652582883,6,1200,908.41,0.7570083333333333,2.210252222499177,False,True,False,False,False,8,2,0.7931066368452583,-0.9215561567797592,2.105383644368715,0.049677463756728546,0.27002288329519475
4,185.79,6.820279454758725,-0.01011697369579965,7,Flow608,2,Flow60,-1.3899727677404519,6,1200,1094.2,0.9118333333333334,0.8202794547587251,False,True,False,False,False,8,2,-0.19811019829620177,0.32928415539705164,1.919900446786961,-0.18548319758175413,0.384615384615385
5,274.66,6.216170499883939,-0.010527453234315018,7,Flow608,2,Flow60,-0.6041089548747864,6,1200,1368.8600000000001,1.1407166666666668,0.21617049988393866,False,True,False,False,False,8,2,-1.5316878313573452,-0.5040007084498966,1.8271540418854306,-0.0927464049015303,0.3145743145743145
6,164.27999999999997,7.212577645721316,0.007832939969839657,7,Flow608,2,Flow60,0.9964071458373773,6,1200,1533.14,1.2776166666666668,1.212577645721316,False,True,False,False,False,8,2,0.19274837948747656,-0.0035993239644913537,1.9758263972142351,0.14867235532880452,0.36190476190476195
7,354.09000000000003,6.85538870999981,-0.17085905206864743,7,Flow608,2,Flow60,-0.35718893572150634,6,1200,1887.23,1.5726916666666666,0.8553887099998096,False,True,False,False,False,8,2,-0.1561992817802764,-1.0294904054833074,1.925035016001791,-0.05079138121244409,0.6285714285714286
8,55.909999999999954,7.133126934984521,0.0030128018356545437,7,Flow608,2,Flow60,0.2777382249847111,6,1200,1943.1399999999999,1.6192833333333332,1.1331269349845208,False,True,False,False,False,8,2,0.12498101017871029,-1.2810762456555307,1.9647496985931254,0.03971468259133437,0.21461794019933533
9,232.09,6.752163891302915,-0.08882829435396787,7,Flow608,2,Flow60,-0.3809630436816054,6,1200,2175.23,1.8126916666666666,0.7521638913029154,False,True,False,False,False,8,2,-0.28480103821550407,-0.9650529067710762,1.9098630300000956,-0.05488666859302982,0.15694130598528266
10,211.16000000000003,6.1675878164973374,0.0,7,Flow608,2,Flow60,-0.5845760748055779,6,1200,2386.39,1.9886583333333332,0.16758781649733745,False,True,False,False,False,8,2,-1.7862477875064537,-0.5368683528941357,1.819307807908955,-0.09055522209114053,0.1546924792861697
11,15.70999999999998,6.0,0.006359036632260668,7,Flow608,2,Flow60,-0.16758781649733745,6,1200,2402.1,2.00175,0.0,False,True,False,False,False,8,2,-6.907755278982137,-1.7862477875064537,1.791759469228055,-0.02754833868090012,0.666666666666667
12,68.39999999999998,5.144927536231884,-0.05136084052691322,7,Flow608,2,Flow60,-0.8550724637681162,6,1200,2470.5,2.05875,0.8550724637681162,False,True,False,False,False,8,2,-0.15656906069153964,-0.15656906069153964,1.6380112848781563,-0.15374818434989868,0.10471082726056924
1,0.9,5.095238095238095,0.0,8,Flow608,2,Flow60,,6,1200,0.9,0.00075,0.9047619047619051,False,True,False,False,False,8,2,-0.10008345855698217,,1.6283063967384832,,2.210526315789474
2,266.74,7.2624933697833045,0.23570644165438645,8,Flow608,2,Flow60,2.1672552745452096,6,1200,267.64,0.22303333333333333,1.2624933697833045,False,True,False,False,False,8,2,0.23308863049679934,0.7734615165138921,1.9827232092389973,0.35441681250051404,0.32417582417582524
3,649.4600000000002,7.285417739417601,-0.3247458887258465,8,Flow608,2,Flow60,0.022924369634296227,6,1200,917.1000000000001,0.7642500000000001,1.2854177394176007,False,True,False,False,False,8,2,0.2510837545581246,-3.775554758085867,1.9858747804077677,0.0031515711687704062,0.2333333333333334
4,82.05000000000001,6.4749642488539365,0.03772862455748871,8,Flow608,2,Flow60,-0.8104534905636642,6,1200,999.1500000000001,0.8326250000000001,0.4749642488539365,False,True,False,False,False,8,2,-0.744515743350751,-0.21016132308811766,1.867943086157839,-0.11793169424992866,0.24874686716791983
5,229.24999999999997,6.023590662950125,-0.1330899705186695,8,Flow608,2,Flow60,-0.45137358590381194,6,1200,1228.4,1.0236666666666667,0.023590662950124575,False,True,False,False,False,8,2,-3.746904282942405,-0.7954599322527581,1.7956835371513202,-0.07225954900651876,0.3352941176470585
6,415.26000000000005,7.105889013029743,0.243335316058755,8,Flow608,2,Flow60,1.0822983500796184,6,1200,1643.66,1.3697166666666667,1.105889013029743,False,True,False,False,False,8,2,0.100649548182065,0.07908688186027456,1.9609238787081786,0.1652403415568584,0.22930998540754643
7,167.87,7.090023707184172,0.0014044738942371063,8,Flow608,2,Flow60,-0.015865305845570887,6,1200,1811.5300000000002,1.5096083333333334,1.090023707184172,False,True,False,False,False,8,2,0.08619944571478043,-4.1436205761264375,1.9586886842879765,-0.0022351944202021468,0.2351219512195124
8,160.10999999999996,7.173164998633714,-0.002382004822840238,8,Flow608,2,Flow60,0.08314129144954219,6,1200,1971.64,1.6430333333333333,1.1731649986337143,False,True,False,False,False,8,2,0.15970522357597203,-2.4872138118462197,1.9703469796169075,0.011658295328931034,0.26178861788617924
9,196.15000000000006,6.996086428587047,-0.057507197602256414,8,Flow608,2,Flow60,-0.1770785700466675,6,1200,2167.79,1.8064916666666666,0.9960864285870468,False,True,False,False,False,8,2,-0.003921249472525204,-1.7311617463333882,1.9453509110804812,-0.02499606853642633,0.25394548063127687
10,40.650000000000006,7.551698717876966,0.034717073905122055,8,Flow608,2,Flow60,0.5556122892899191,6,1200,2208.44,1.8403666666666667,1.551698717876966,False,True,False,False,False,8,2,0.4393502778370404,-0.5876845493942305,2.02177253369848,0.07642162261799879,2.8666666666666663
11,167.7,7.824756714774094,-0.11499436025418575,8,Flow608,2,Flow60,0.27305799689712806,6,1200,2376.14,1.9801166666666665,1.824756714774094,False,True,False,False,False,8,2,0.6014466711751913,-1.2980710635133403,2.057292645179195,0.03552011148071488,0.22845528455284558
12,94.41000000000003,7.062651517156918,0.0,8,Flow608,2,Flow60,-0.762105197617176,6,1200,2470.5499999999997,2.0587916666666666,1.062651517156918,False,True,False,False,False,8,2,0.060767216032378,-0.27167067820843577,1.9548205499991624,-0.10247209518003242,0.22845528455284558
1,0.0,7.629598096548562,0.0,9,Flow608,3,Flow60,,9,1500,0.0,0.0,0.3704019034514383,False,False,True,False,False,8,2,-0.9931666373155461,,2.0320351698000665,,10.0
2,216.0,7.629598096548562,0.0,9,Flow608,3,Flow60,0.0,9,1500,216.0,0.144,0.3704019034514383,False,False,True,False,False,8,2,-0.9931666373155461,-6.907755278982137,2.0320351698000665,0.0,0.13130081300813012
3,572.9000000000001,7.624401662183584,-0.086067034553768,9,Flow608,3,Flow60,-0.00519643436497752,9,1500,788.9000000000001,0.5259333333333334,0.37559833781641583,False,False,True,False,False,8,2,-0.9792349570667249,-5.259782587636652,2.0313538488812015,-0.0006813209188649694,0.11263048016701482
4,487.02000000000004,7.408117253641189,-0.04741575751959734,9,Flow608,3,Flow60,-0.2162844085423954,9,1500,1275.92,0.8506133333333333,0.5918827463588112,False,False,True,False,False,8,2,-0.5244467272984024,-1.531161031180626,2.0025763251939397,-0.02877752368726183,0.33075252572939284
5,384.09,6.560243918839232,0.17177002961981744,9,Flow608,3,Flow60,-0.8478733348019567,9,1500,1660.01,1.1066733333333334,1.439756081160768,False,False,True,False,False,8,2,0.36447371115732763,-0.16502402368425964,1.8810277850146193,-0.12154854017932037,0.3235294117647056
6,346.5,8.21856760393163,-0.027703639068750046,9,Flow608,3,Flow60,1.6583236850923981,9,1500,2006.51,1.3376733333333333,0.0,False,False,True,False,False,8,2,-6.907755278982137,0.5058072638907868,2.106395936454257,0.2253681514396375,0.41625615763546797
7,278.7,6.618930126162907,-0.20751553191328276,9,Flow608,3,Flow60,-1.5996374777687228,9,1500,2285.21,1.5234733333333335,1.3810698738370926,False,False,True,False,False,8,2,0.3228584696983097,0.4697770271788781,1.8899337445261333,-0.21646219192812355,0.27938071780436324
8,214.82000000000002,7.921283255385396,0.07501248078642563,9,Flow608,3,Flow60,1.3023531292224888,9,1500,2500.03,1.6666866666666669,0.07871674461460376,False,False,True,False,False,8,2,-2.5418993810743897,0.2641727276137092,2.069553219896472,0.17961947537033884,5.5
9,36.05,7.956797761970463,-0.030443207232567136,9,Flow608,3,Flow60,0.035514506585066385,9,1500,2536.0800000000004,1.6907200000000002,0.043202238029537376,False,False,True,False,False,8,2,-3.1418629788346784,-3.337814029770747,2.0740266277057335,0.0044734078092614205,0.34617596319723987
10,216.35,7.29808164608903,0.026133567585005683,9,Flow608,3,Flow60,-0.6587161158814325,9,1500,2752.4300000000003,1.8349533333333334,0.7019183539109699,False,False,True,False,False,8,2,-0.3539381866904018,-0.4174626174416252,1.987611525412492,-0.08641510229324156,0.3561859732072499
11,42.940000000000055,7.199823071368508,-0.004291627853794625,9,Flow608,3,Flow60,-0.09825857472052224,9,1500,2795.3700000000003,1.8635800000000002,0.8001769286314921,False,False,True,False,False,8,2,-0.22292241497728674,-2.3201527575318326,1.9740564522990376,-0.013555073113454386,1.6037037037037039
12,24.97999999999996,7.0,0.02657117024482773,9,Flow608,3,Flow60,-0.19982307136850785,9,1500,2820.3500000000004,1.8802333333333336,1.0,False,False,True,False,False,8,2,0.0,-1.6103229471192444,1.9459101490553132,-0.028146303243724358,3.1121212121212123
1,0.0,8.896793336835836,-0.0,10,Flow608,3,Flow60,,9,1500,0.0,0.0,0.0,False,False,True,False,False,8,2,-6.907755278982137,,2.1856909125828023,,5.153846153846154
2,261.76,8.896793336835836,-0.08587324632485299,10,Flow608,3,Flow60,0.0,9,1500,261.76,0.17450666666666667,0.0,False,False,True,False,False,8,2,-6.907755278982137,-6.907755278982137,2.1856909125828023,0.0,0.21037581699346308
3,697.6400000000001,7.773089040925792,-0.0699564902297424,10,Flow608,3,Flow60,-1.123704295910044,9,1500,959.4000000000001,0.6396000000000001,0.22691095907420777,False,False,True,False,False,8,2,-1.4831975892256077,0.11663063492881177,2.0506676453382418,-0.1350232672445606,0.39934815950920255
4,539.1,7.504358908564933,-0.09156162440075954,10,Flow608,3,Flow60,-0.26873013236085885,9,1500,1498.5,0.999,0.4956410914350666,False,False,True,False,False,8,2,-0.7019032201640666,-1.314047628372063,2.0154840395266973,-0.03518360581154445,0.4680981595092022
5,180.59,6.492366177500412,-0.09446303104218733,10,Flow608,3,Flow60,-1.0119927310645211,9,1500,1679.09,1.1193933333333332,1.5076338224995878,False,False,True,False,False,8,2,0.41054141682328377,0.011921388096909744,1.8706270524825643,-0.14485698704413297,2.946551724137931
6,268.16999999999996,7.923213670074273,0.030057432814725973,10,Flow608,3,Flow60,1.4308474925738608,9,1500,1947.2599999999998,1.2981733333333332,0.07678632992572698,False,False,True,False,False,8,2,-2.5667286504303988,0.35826692087243994,2.069796889948921,0.19916983746635664,0.39482758620689706
7,237.85000000000002,6.927378581298956,0.05361475046364297,10,Flow608,3,Flow60,-0.9958350887753173,9,1500,2185.1099999999997,1.4567399999999997,1.0726214187010443,False,False,True,False,False,8,2,0.07010557632222816,-0.004173608625104792,1.9354814705424215,-0.1343154194064995,3.04293836194765
8,127.86999999999999,7.846414288626629,-0.0568658891565023,10,Flow608,3,Flow60,0.9190357073276729,9,1500,2312.9799999999996,1.5419866666666664,0.1535857113733714,False,False,True,False,False,8,2,-1.8734964875085973,-0.0844303028353783,2.0600566489203294,0.12457517837790788,0.2974358974358977
9,189.69,6.6621288820573366,-0.04283902137072662,10,Flow608,3,Flow60,-1.184285406569292,9,1500,2502.6699999999996,1.6684466666666664,1.3378711179426634,False,False,True,False,False,8,2,0.29107963265896714,0.16913956025893065,1.8964390854350552,-0.16361756348527412,2.223911630929175
10,36.43999999999997,4.562098595741101,0.01395297894911589,10,Flow608,3,Flow60,-2.100030286316236,9,1500,2539.1099999999997,1.6927399999999997,3.4379014042588993,False,False,True,False,False,8,2,1.2348612283233966,0.7419517666807309,1.5177827360225802,-0.37865634941247506,7.333333333333333
11,118.63,6.497932841009915,-0.046878038374589884,10,Flow608,3,Flow60,1.935834245268814,9,1500,2657.74,1.7718266666666664,1.5020671589900854,False,False,True,False,False,8,2,0.4068422653850114,0.6605383680758151,1.8714841018610755,0.3537013658384953,0.43939393939393945
12,169.74,6.05448503675996,-0.003460395925936922,10,Flow608,3,Flow60,-0.44344780424995456,9,1500,2827.4799999999996,1.8849866666666664,1.94551496324004,False,False,True,False,False,8,2,0.6655267046182602,-0.8131751746885552,1.800799325784663,-0.07068477607641244,2.135046728971963
1,12.64,8.052631578947368,0.0,11,Flow608,3,Flow60,,9,1500,12.64,0.008426666666666667,0.0,False,False,True,False,False,8,2,-6.907755278982137,,2.085998942225995,,1.2666666666666666
2,927.65,8.10335957572516,-0.4769561985066346,11,Flow608,3,Flow60,0.05072799677779116,9,1500,940.29,0.62686,0.0,False,False,True,False,False,8,2,-6.907755278982137,-2.981277316103744,2.092278738123435,0.006279795897440099,0.20740740740740726
3,537.12,7.219519704061322,-0.026436383451452106,11,Flow608,3,Flow60,-0.8838398716638372,9,1500,1477.4099999999999,0.9849399999999999,0.7804802959386778,False,False,True,False,False,8,2,-0.24784578477943073,-0.12347937340421086,1.9767884277087866,-0.11549031041464852,0.2349881796690303
4,273.64,6.929830654968821,0.07918776375683606,11,Flow608,3,Flow60,-0.2896890490925008,9,1500,1751.0499999999997,1.1673666666666664,1.0701693450311787,False,False,True,False,False,8,2,0.06781690233529102,-1.2389471757756318,1.9358353763907998,-0.040953051317986766,0.16047157768266107
5,433.85999999999996,9.291311222216692,-0.11073954595571159,11,Flow608,3,Flow60,2.3614805672478703,9,1500,2184.91,1.4566066666666666,0.0,False,False,True,False,False,8,2,-6.907755278982137,0.8592887813334605,2.229079686269258,0.29324430987845806,0.15374149659863923
6,369.09000000000003,7.651150886845018,0.09684234832630323,11,Flow608,3,Flow60,-1.6401603353716734,9,1500,2554.0,1.7026666666666668,0.3488491131549818,False,False,True,False,False,8,2,-1.0531157907959612,0.49479400252790745,2.034856079247912,-0.1942236070213461,0.21666666666666679
7,83.38999999999999,8.577743937742245,0.033147619297438854,11,Flow608,3,Flow60,0.9265930508972264,9,1500,2637.39,1.75826,0.0,False,False,True,False,False,8,2,-6.907755278982137,-0.07624080559901852,2.1491709346048666,0.11431485535695485,5.088888888888889
8,45.66000000000001,9.421176470588234,0.0,11,Flow608,3,Flow60,0.8434325328459895,9,1500,2683.0499999999997,1.7886999999999997,0.0,False,False,True,False,False,8,2,-6.907755278982137,-0.17027536496567752,2.242959971510694,0.0937890369058274,0.8927738927738931
9,86.03000000000002,6.948794161620479,-0.029483645550614536,11,Flow608,3,Flow60,-2.472382308967755,9,1500,2769.08,1.8460533333333333,1.0512058383795209,False,False,True,False,False,8,2,0.0499379227467894,0.9051821833687721,1.9385681425983896,-0.30439182891230443,2.3030303030303023
10,78.41000000000008,10.216560106129583,0.07992016251438135,11,Flow608,3,Flow60,3.2677659445091036,9,1500,2847.49,1.8983266666666665,0.21656010612958276,False,False,True,False,False,8,2,-1.5298871436061026,1.1841065540256417,2.3240099435908346,0.38544180099244496,0.5091851288091895
11,64.57999999999993,9.229817021257306,0.034410444846636856,11,Flow608,3,Flow60,-0.9867430848722769,9,1500,2912.0699999999997,1.9413799999999999,0.0,False,False,True,False,False,8,2,-6.907755278982137,-0.013345572447241114,2.2224392239691015,-0.10157071962173303,0.8102766798418974
12,121.36000000000001,10.866628065033192,-0.00490017828863267,11,Flow608,3,Flow60,1.6368110437758858,9,1500,3033.43,2.0222866666666666,0.8666280650331917,False,False,True,False,False,8,2,-0.1431453849789413,0.4927498633673687,2.385696447400684,0.16325722343158233,0.836363636363636
1,9.76,9.162790697674419,0.0,12,Flow608,3,Flow60,,9,1500,9.76,0.006506666666666667,0.0,False,False,True,False,False,8,2,-6.907755278982137,,2.2151507936043715,,1.4333333333333327
2,233.22000000000003,8.617560650968128,0.3740701075821554,12,Flow608,3,Flow60,-0.5452300467062905,9,1500,242.98000000000002,0.16198666666666667,0.0,False,False,True,False,False,8,2,-6.907755278982137,-0.6065474693315063,2.153802057500522,-0.06134873610384961,4.116666666666666
3,171.76,8.630974288215532,-0.2255696158716539,12,Flow608,3,Flow60,0.013413637247403187,9,1500,414.74,0.2764933333333333,0.0,False,False,True,False,False,8,2,-6.907755278982137,-4.311483384505861,2.155357394228974,0.0015553367284519837,0.23749999999999982
4,370.62,7.926542605288931,0.0,12,Flow608,3,Flow60,-0.7044316829266002,9,1500,785.36,0.5235733333333333,0.0734573947110686,False,False,True,False,False,8,2,-2.6110497046283414,-0.3503639247705137,2.070216951331036,-0.08514044289793787,0.23749999999999982
5,692.49,10.42564865074932,1.5182784088167238,12,Flow608,3,Flow60,2.4991060454603886,9,1500,1477.85,0.9852333333333333,0.42564865074932,False,False,True,False,False,8,2,-0.8541410365165569,0.9159330861106882,2.3442689864446162,0.27405203511358023,0.43445440956651815
6,127.94000000000003,10.735347999555533,-0.2245448691256107,12,Flow608,3,Flow60,0.3096993488062125,9,1500,1605.79,1.0705266666666666,0.7353479995555325,False,False,True,False,False,8,2,-0.3074114230372401,-1.1721532946651436,2.3735418480904142,0.02927286164579801,0.22596899224806144
7,245.20999999999998,8.46059237910516,0.0,12,Flow608,3,Flow60,-2.2747556204503727,9,1500,1851.0,1.234,0.0,False,False,True,False,False,8,2,-6.907755278982137,0.8218726270507635,2.135419192337587,-0.23812265575282732,0.22596899224806144
8,229.5,9.0415305466575,-0.0230351389453064,12,Flow608,3,Flow60,0.5809381675523397,9,1500,2080.5,1.387,0.0,False,False,True,False,False,8,2,-6.907755278982137,-0.5431109519720975,2.2018284683316325,0.06640927599404556,0.27908496732026133
9,225.01,8.96750958510082,0.018993929350639885,12,Flow608,3,Flow60,-0.0740209615566787,9,1500,2305.51,1.5370066666666669,0.0,False,False,True,False,False,8,2,-6.907755278982137,-2.603406961610277,2.1936079992947435,-0.008220469036889,0.22596899224806144
10,219.93999999999997,8.843958939534861,0.06561644178693536,12,Flow608,3,Flow60,-0.12355064556595963,9,1500,2525.4500000000003,1.6836333333333335,0.0,False,False,True,False,False,8,2,-6.907755278982137,-2.091104121421876,2.1797346202362156,-0.013873379058527924,0.8717948717948714
11,80.16000000000005,8.419549990457023,-0.03374884175881525,12,Flow608,3,Flow60,-0.4244089490778382,9,1500,2605.61,1.7370733333333335,0.0,False,False,True,False,False,8,2,-6.907755278982137,-0.85705778604182,2.130556381512091,-0.04917823872412441,0.3494996150885292
12,108.72,8.092511013215859,0.0,12,Flow608,3,Flow60,-0.3270389772411644,9,1500,2714.33,1.8095533333333333,0.0,False,False,True,False,False,8,2,-6.907755278982137,-1.1176759187320566,2.0909390677337227,-0.03961731377836841,0.3494996150885292
1,65.46,11.636363636363637,0.0,13,Flow608,4,Flow60,,6,1200,65.46,0.054549999999999994,5.636363636363637,False,False,False,True,False,8,2,1.729239112246721,,2.4541349911212467,,0.18333333333333268
2,559.7400000000001,9.055430729269029,-0.510594215257746,13,Flow608,4,Flow60,-2.580932907094608,6,1200,625.2000000000002,0.5210000000000001,3.0554307292690286,False,False,False,True,False,8,2,1.1169205742626038,0.9481509254720659,2.203364658317692,-0.25077033280355465,0.46582733812949595
3,290.24000000000007,7.567986615159027,-0.22272670165196326,13,Flow608,4,Flow60,-1.4874441141100014,6,1200,915.4400000000003,0.7628666666666669,1.5679866151590272,False,False,False,True,False,8,2,0.4497923856411617,0.3970592873856471,2.0239270631379482,-0.17943759517974378,0.677506775067751
4,471.85999999999996,7.980405086930186,0.2865642290738724,13,Flow608,4,Flow60,0.41241847177115876,6,1200,1387.3000000000002,1.1560833333333336,1.980405086930186,False,False,False,True,False,8,2,0.6833014131395748,-0.8857167369327187,2.0769891729465377,0.0530621098085895,0.15969498910675384
5,299.75,7.545374243269113,-0.17437345229797957,13,Flow608,4,Flow60,-0.4350308436610728,6,1200,1687.0500000000002,1.4058750000000002,1.545374243269113,False,False,False,True,False,8,2,0.43526610967023294,-0.8323383454391079,2.020934692483286,-0.0560544804632519,0.44783306581059357
6,154.65,7.39277798343,0.06688983945051041,13,Flow608,4,Flow60,-0.15259625983911285,6,1200,1841.7000000000003,1.5347500000000003,1.3927779834300003,False,False,False,True,False,8,2,0.33130030193018933,-1.8799596700054553,2.0005035754774765,-0.02043111700580935,0.2513716522987255
7,265.67,5.628668520946593,0.39282618491169813,13,Flow608,4,Flow60,-1.7641094624834075,6,1200,2107.3700000000003,1.756141666666667,0.37133147905340724,False,False,False,True,False,8,2,-0.9906601407479972,0.5676460092213793,1.727872917014166,-0.27263065846331047,0.21330182473348724
8,303.33,9.103729500911445,0.019494159266717787,13,Flow608,4,Flow60,3.4750609799648524,6,1200,2410.7000000000003,2.008916666666667,3.103729500911445,False,False,False,True,False,8,2,1.1326044531986768,1.2456120270541122,2.208684164828265,0.4808112478140991,0.4162577018700677
9,109.91,8.256906393225812,-0.012101202679355758,13,Flow608,4,Flow60,-0.8468231076856334,6,1200,2520.61,2.1005083333333334,2.2569063932258118,False,False,False,True,False,8,2,0.8139950229947408,-0.16626345184901903,2.1110499887143535,-0.09763417611391167,0.32586206896551717
10,41.610000000000014,8.066894879475111,-0.014378619707797148,13,Flow608,4,Flow60,-0.1900115137507008,6,1200,2562.2200000000003,2.1351833333333334,2.066894879475111,False,False,False,True,False,8,2,0.7260474228389567,-1.6606706099697783,2.087768634938375,-0.02328135377597862,1.8357142857142854
11,48.0,7.2,0.0033173455706525523,13,Flow608,4,Flow60,-0.8668948794751108,6,1200,2610.2200000000003,2.1751833333333335,1.2000000000000002,False,False,False,True,False,8,2,0.1823215567939548,-0.14283755583266863,1.9740810260220096,-0.1136876089163652,0.25
12,283.65999999999997,7.029953700439496,0.0,13,Flow608,4,Flow60,-0.17004629956050454,6,1200,2893.88,2.411566666666667,1.0299537004394956,False,False,False,True,False,8,2,0.029513850201600706,-1.7716845286565919,1.950180119803659,-0.023900906218350615,0.25
1,10.58,10.088235294117645,0.0,14,Flow608,4,Flow60,,6,1200,10.58,0.008816666666666667,4.088235294117645,False,False,False,True,False,8,2,1.40811340851453,,2.3113699225497784,,1.1333333333333329
2,190.1,7.5395648609725985,-0.205220820279225,14,Flow608,4,Flow60,-2.5486704331450465,6,1200,200.68,0.16723333333333334,1.5395648609725985,False,False,False,True,False,8,2,0.4314998186885575,0.9355718244280824,2.0201644696081957,-0.2912054529415826,0.38912960367019256
3,328.85,7.259370569035281,0.012203302923745014,14,Flow608,4,Flow60,-0.2801942919373177,6,1200,529.53,0.441275,1.2593705690352808,False,False,False,True,False,8,2,0.23061204776282507,-1.2722720166738901,1.9822931265981854,-0.03787134301001038,0.16215302464562908
4,388.88999999999993,7.3212607949256086,0.008224870585527008,14,Flow608,4,Flow60,0.06189022589032778,6,1200,918.4199999999998,0.7653499999999999,1.3212607949256086,False,False,False,True,False,8,2,0.2785864284059132,-2.782393013369572,1.990782552885594,0.008489426287408675,0.2290628706998814
5,408.73,7.489573686931391,0.010889445176940517,14,Flow608,4,Flow60,0.16831289200578237,6,1200,1327.1499999999999,1.1059583333333332,1.489573686931391,False,False,False,True,False,8,2,0.3984899628649032,-1.7819305793775626,2.0135118782766,0.02272932539100614,0.23333333333333295
6,431.33000000000004,7.5492405711965995,0.020340555926231997,14,Flow608,4,Flow60,0.05966688426520861,6,1200,1758.48,1.4654,1.5492405711965995,False,False,False,True,False,8,2,0.4377648567977318,-2.8189781149132043,2.0214469716052856,0.007935093328685472,0.2333333333333334
7,246.7899999999999,7.351674821813514,-0.19079376458350888,14,Flow608,4,Flow60,-0.19756574938308535,6,1200,2005.27,1.6710583333333333,1.3516748218135142,False,False,False,True,False,8,2,0.3013444322819393,-1.6216838417738362,1.9949281541804267,-0.026518817424858954,1.1052631578947372
8,135.07,6.0217919660932475,0.12501649925954536,14,Flow608,4,Flow60,-1.3298828557202667,6,1200,2140.34,1.7836166666666669,0.021791966093247517,False,False,False,True,False,8,2,-3.8262139049428465,0.2850908599487173,1.79538488381242,-0.19954327036800668,1.1052631578947372
9,108.42000000000004,6.797097970920203,0.013525449101796434,14,Flow608,4,Flow60,0.7753060048269553,6,1200,2248.76,1.8739666666666668,0.7970979709202028,False,False,False,True,False,8,2,-0.2267776831289643,-0.25449748262153266,1.916495752107938,0.12111086829551798,3.5384615384615383
10,0.0,6.797097970920203,0.0,14,Flow608,4,Flow60,0.0,6,1200,2248.76,1.8739666666666668,0.7970979709202028,False,False,False,True,False,8,2,-0.2267776831289643,-6.907755278982137,1.916495752107938,0.0,0.09401709401709368
11,263.44,5.863947228912204,-0.14241184298070525,14,Flow608,4,Flow60,-0.9331507420079985,6,1200,2512.2000000000003,2.0935,0.13605277108779568,False,False,False,True,False,8,2,-1.9947124458030465,-0.0691885241885518,1.768822965381546,-0.14767278672639206,0.1499999999999999
12,159.79999999999998,5.794819913781114,0.08638556220891548,14,Flow608,4,Flow60,-0.06912731513109005,6,1200,2672.0000000000005,2.226666666666667,0.20518008621888573,False,False,False,True,False,8,2,-1.583867216111694,-2.6718053277498113,1.756964400170984,-0.011858565210561833,0.5717948717948715
1,9.96,10.083067092651758,0.0,15,Flow608,4,Flow60,,6,1200,9.96,0.0083,4.083067092651758,False,False,False,True,False,8,2,1.406848444397327,,2.3108574914256117,,0.8025641025641024
2,231.13,7.467859842419089,-0.266789692372663,15,Flow608,4,Flow60,-2.615207250232669,6,1200,241.09,0.20090833333333333,1.467859842419089,False,False,False,True,False,8,2,0.38380545044292136,0.9613433487675009,2.0106084577501577,-0.30024903367545397,0.18655303030302983
3,264.25,8.239238070283006,0.21713352511346007,15,Flow608,4,Flow60,0.7713782278639174,6,1200,505.34000000000003,0.4211166666666667,2.2392380702830064,False,False,False,True,False,8,2,0.8061356608086832,-0.25957645779102595,2.108907872447361,0.09829941469720316,0.7946428571428568
4,201.92000000000002,8.532315654135903,-0.1059648139017075,15,Flow608,4,Flow60,0.29307758385289695,6,1200,707.26,0.5893833333333334,2.5323156541359033,False,False,False,True,False,8,2,0.92913416244223,-1.227317913709285,2.1438607964245047,0.03495292397714378,0.3770433546552949
5,211.54999999999995,8.15538093757648,-0.00846183493279372,15,Flow608,4,Flow60,-0.3769347165594237,6,1200,918.81,0.765675,2.1553809375764796,False,False,False,True,False,8,2,0.7679674771109017,-0.975683272153895,2.0986779471311685,-0.04518284929333616,0.3771428571428572
6,153.82,7.789817299356495,0.004321693283297716,15,Flow608,4,Flow60,-0.3655636382199843,6,1200,1072.6299999999999,0.8938583333333332,1.7898172993564954,False,False,False,True,False,8,2,0.5821135472448263,-1.0063149021711995,2.0528174063799614,-0.04586054075120716,0.29027027027027064
7,260.33000000000004,8.325073379215018,0.03478628728335605,15,Flow608,4,Flow60,0.5352560798585229,6,1200,1332.96,1.1108,2.325073379215018,False,False,False,True,False,8,2,0.8437515994939793,-0.6250099926632223,2.119271850147784,0.06645444376782272,0.19862258953168066
8,224.0,7.658492111142357,-0.02311123897100098,15,Flow608,4,Flow60,-0.6665812680726608,6,1200,1556.96,1.2974666666666668,1.6584921111423574,False,False,False,True,False,8,2,0.5059088227716237,-0.4055932142044087,2.035815112043252,-0.08345673810453214,0.3904761904761904
9,220.0,8.196272236317046,-0.10879727480135568,15,Flow608,4,Flow60,0.537780125174689,6,1200,1776.96,1.4808000000000001,2.1962722363170464,False,False,False,True,False,8,2,0.7867614851427234,-0.6203054916229492,2.1036794455786882,0.0678643335354363,0.5732988994083255
10,285.6500000000001,8.04260009381581,0.13475623403594209,15,Flow608,4,Flow60,-0.15367214250123595,6,1200,2062.61,1.7188416666666668,2.0426000938158104,False,False,False,True,False,8,2,0.7142235520914652,-1.8729338907902102,2.0847524256632735,-0.01892701991541479,1.5486111111111116
11,66.56999999999994,8.295541395692325,-0.010691468573697124,15,Flow608,4,Flow60,0.25294130187651476,6,1200,2129.1800000000003,1.774316666666667,2.295541395692325,False,False,False,True,False,8,2,0.830968717954396,-1.37459782556595,2.1157181892271293,0.03096576356385583,1.073986899196651
12,125.07000000000002,6.456344076404573,-0.11376625995699358,15,Flow608,4,Flow60,-1.8391973192877522,6,1200,2254.2500000000005,1.878541666666667,0.456344076404573,False,False,False,True,False,8,2,-0.784508200481336,0.609329236923228,1.8650632251491872,-0.2506549640779421,0.04999999999999982
1,0.0,7.394754270630134,0.0,16,Flow608,4,Flow60,,6,1200,0.0,0.0,1.3947542706301341,False,False,False,True,False,8,2,0.33271824967115504,,2.0007708664869495,,5.016666666666667
2,153.60999999999999,7.394754270630134,-0.12129340221205737,16,Flow608,4,Flow60,0.0,6,1200,153.60999999999999,0.1280083333333333,1.3947542706301341,False,False,False,True,False,8,2,0.33271824967115504,-6.907755278982137,2.0007708664869495,0.0,0.25520134228187974
3,294.91,8.681540947034794,-0.11426167044562024,16,Flow608,4,Flow60,1.2867866764046596,6,1200,448.52,0.37376666666666664,2.6815409470347937,False,False,False,True,False,8,2,0.9863916095218282,0.25214816227617726,2.161199041376176,0.16042817488922667,0.24084507042253467
4,237.79999999999998,6.979955034924832,0.0023233374166183648,16,Flow608,4,Flow60,-1.7015859121099615,6,1200,686.3199999999999,0.5719333333333333,0.9799550349248323,False,False,False,True,False,8,2,-0.020248591099927084,0.5315607056676673,1.943042474765685,-0.2181565666104912,0.24394736842105225
5,174.77000000000004,8.17014163692423,0.004539350563437102,16,Flow608,4,Flow60,1.1901866019993976,6,1200,861.0899999999999,0.717575,2.17014163692423,False,False,False,True,False,8,2,0.774792435894339,0.17411010323314066,2.100486244942477,0.15744377017679212,0.14751879699248072
6,253.22,7.5112732369266295,0.009620280794800899,16,Flow608,4,Flow60,-0.6588683999976004,6,1200,1114.31,0.9285916666666666,1.5112732369266295,False,False,False,True,False,8,2,0.412952498793341,-0.41723146093513824,2.0164049902776746,-0.08408125466480243,0.14751879699248072
7,182.96999999999997,8.185898840540201,0.0017994427322399144,16,Flow608,4,Flow60,0.6746256036135714,6,1200,1297.28,1.0810666666666666,2.185898840540201,False,False,False,True,False,8,2,0.7820271126269444,-0.393597403304325,2.1024130203759954,0.08600803009832081,0.32052392292704024
8,229.33,8.029834020587488,-0.0803373732213237,16,Flow608,4,Flow60,-0.1560648199527126,6,1200,1526.61,1.2721749999999998,2.0298340205874883,False,False,False,True,False,8,2,0.7079540264535037,-1.8574838455166323,2.0831638578306597,-0.019249162545335707,0.3273596176821987
9,268.63,8.3170475436979,1.1127569828616826,16,Flow608,4,Flow60,0.2872135231104114,6,1200,1795.2399999999998,1.496033333333333,2.3170475436978997,False,False,False,True,False,8,2,0.840293764746795,-1.2475293568775438,2.1183073293181978,0.03514347148753805,3.9000000000000004
10,0.0,8.3170475436979,-0.0,16,Flow608,4,Flow60,0.0,6,1200,1795.2399999999998,1.496033333333333,2.3170475436978997,False,False,False,True,False,8,2,0.840293764746795,-6.907755278982137,2.1183073293181978,0.0,4.4
11,279.41999999999996,7.152686675151418,-0.0058577493869266,16,Flow608,4,Flow60,-1.1643608685464812,6,1200,2074.66,1.728883333333333,1.1526866751514184,False,False,False,True,False,8,2,0.14209545687329198,0.152172325786042,1.9674880448887087,-0.1508192844294891,0.142540792540792
12,235.73000000000002,7.414540470772292,-0.10647078433457399,16,Flow608,4,Flow60,0.2618537956208735,6,1200,2310.39,1.925325,1.414540470772292,False,False,False,True,False,8,2,0.34680472271271284,-1.339968962960233,2.0034430007460005,0.035954955857291804,0.23888888888888893
1,0.0,8.599382471646818,0.0,17,Flow608,5,Flow60,,14,1100,0.0,0.0,5.400617528353182,False,False,False,False,True,8,2,1.686513304134395,,2.1516903950588517,,7.153846153846154
2,360.24999999999994,8.599382471646818,-0.8085980094492445,17,Flow608,5,Flow60,0.0,14,1100,360.24999999999994,0.32749999999999996,5.400617528353182,False,False,False,False,True,8,2,1.686513304134395,-6.907755278982137,2.1516903950588517,0.0,1.3530465949820787
3,248.0,8.994915035837156,0.65433436920909,17,Flow608,5,Flow60,0.3955325641903382,14,1100,608.25,0.5529545454545455,5.005084964162844,False,False,False,False,True,8,2,1.6104543884798077,-0.9275221583994683,2.1966594216477304,0.04496902658887869,0.5395256916996054
4,338.39,10.929999314614701,0.09955814578058649,17,Flow608,5,Flow60,1.9350842787775449,14,1100,946.64,0.8605818181818181,3.070000685385299,False,False,False,False,True,8,2,1.1216777848516213,0.6601508804570527,2.3915112394816473,0.19485181783391692,0.5454545454545459
5,272.93,10.450155821402873,0.7060966919946094,17,Flow608,5,Flow60,-0.4798434932118276,14,1100,1219.57,1.1087,3.5498441785971266,False,False,False,False,True,8,2,1.2669037091710609,-0.7342952840566455,2.346616889438681,-0.04489435004296638,2.153846153846154
6,201.22,8.2795176569739,-0.241174108721317,17,Flow608,5,Flow60,-2.170638164428974,14,1100,1420.79,1.2916272727272726,5.7204823430261005,False,False,False,False,True,8,2,1.744053127540358,0.7750212093081642,2.1137847127116793,-0.23283217672700163,1.0508474576271185
7,0.0,8.2795176569739,0.0,17,Flow608,5,Flow60,0.0,14,1100,1420.79,1.2916272727272726,5.7204823430261005,False,False,False,False,True,8,2,1.744053127540358,-6.907755278982137,2.1137847127116793,0.0,1.0508474576271185
8,204.45000000000005,8.83546552177024,0.0,17,Flow608,5,Flow60,0.555947864796341,14,1100,1625.24,1.4774909090909092,5.1645344782297595,False,False,False,False,True,8,2,1.6418149684476417,-0.5870807574799862,2.1787737950196906,0.06498908230801126,0.323574730354391
9,0.0,8.83546552177024,0.0,17,Flow608,5,Flow60,0.0,14,1100,1625.24,1.4774909090909092,5.1645344782297595,False,False,False,False,True,8,2,1.6418149684476417,-6.907755278982137,2.1787737950196906,0.0,0.2508474576271187
10,43.43,12.285611734908102,0.0,17,Flow608,5,Flow60,3.4501462131378613,14,1100,1668.67,1.5169727272727274,1.7143882650918982,False,False,False,False,True,8,2,0.5390563202470715,1.2384166107649053,2.508428800004714,0.3296550049850233,0.2508474576271187
11,0.0,12.285611734908102,0.0,17,Flow608,5,Flow60,0.0,14,1100,1668.67,1.5169727272727274,1.7143882650918982,False,False,False,False,True,8,2,0.5390563202470715,-6.907755278982137,2.508428800004714,0.0,0.2508474576271187
12,0.0,12.285611734908102,0.0,17,Flow608,5,Flow60,0.0,14,1100,1668.67,1.5169727272727274,1.7143882650918982,False,False,False,False,True,8,2,0.5390563202470715,-6.907755278982137,2.508428800004714,0.0,0.2508474576271187
1,0.0,9.857480184870838,0.0,18,Flow608,5,Flow60,,14,1100,0.0,0.0,4.1425198151291625,False,False,False,False,True,8,2,1.4213042536817122,,2.288230576609962,,4.6923076923076925
2,442.3399999999999,9.857480184870838,0.6894158117994444,18,Flow608,5,Flow60,0.0,14,1100,442.3399999999999,0.40212727272727267,4.1425198151291625,False,False,False,False,True,8,2,1.4213042536817122,-6.907755278982137,2.288230576609962,0.0,0.702247191011236
3,478.47999999999996,9.946822595576059,-0.3058210368948739,18,Flow608,5,Flow60,0.0893424107052212,14,1100,920.8199999999999,0.8371090909090908,4.053177404423941,False,False,False,False,True,8,2,1.3995011178266448,-2.4152789799296985,2.297253163043509,0.00902258643354692,0.5833333333333321
4,235.54000000000002,9.888563049853373,0.0,18,Flow608,5,Flow60,-0.05825954572268621,14,1100,1156.36,1.0512363636363635,4.1114369501466275,False,False,False,False,True,8,2,1.4137725903110185,-2.8428473248948047,2.2913788418382293,-0.005874321205279642,0.5833333333333321
5,107.17000000000002,10.143897778545172,0.10590288666973095,18,Flow608,5,Flow60,0.25533472869179974,14,1100,1263.53,1.1486636363636364,3.8561022214548277,False,False,False,False,True,8,2,1.349656886110312,-1.3651799330741972,2.3168723206079345,0.025493478769705202,0.23558052434456922
6,225.43999999999997,9.955350430903643,0.08516380714487636,18,Flow608,5,Flow60,-0.18854734764152958,14,1100,1488.97,1.353609090909091,4.044649569096357,False,False,False,False,True,8,2,1.3973949136540946,-1.6684061225125952,2.2981101383937026,-0.01876218221423187,0.23558052434456922
7,0.0,9.955350430903643,0.0,18,Flow608,5,Flow60,0.0,14,1100,1488.97,1.353609090909091,4.044649569096357,False,False,False,False,True,8,2,1.3973949136540946,-6.907755278982137,2.2981101383937026,0.0,1.2167399446344245
8,39.27,12.235211025182952,-0.05254584966590169,18,Flow608,5,Flow60,2.2798605942793095,14,1100,1528.24,1.3893090909090908,1.7647889748170478,False,False,False,False,True,8,2,0.5680311222271015,0.8241142982370966,2.504317944411033,0.20620780601733024,0.16498809741805598
9,233.31000000000003,9.904385209802275,0.15213750737415513,18,Flow608,5,Flow60,-2.3308258153806776,14,1100,1761.55,1.6014090909090908,4.095614790197725,False,False,False,False,True,8,2,1.4099168379527809,0.8462226319851329,2.2929776095520165,-0.21134033485901638,0.3045058139534884
10,38.28000000000004,11.047559619111034,-0.0007859934569992865,18,Flow608,5,Flow60,1.1431744093087595,14,1100,1799.83,1.636209090909091,2.952440380888966,False,False,False,False,True,8,2,1.0826320761298616,0.13380896224367594,2.4022095546238136,0.10923194507179712,0.5536339003732422
11,160.97999999999996,11.509559625868611,0.04832730770966136,18,Flow608,5,Flow60,0.46200000675757735,14,1100,1960.81,1.7825545454545455,2.4904403741313885,False,False,False,False,True,8,2,0.9124595519201253,-0.7721903732736075,2.443177961868805,0.0409684072449914,0.71556350626118
12,175.89,11.455247893263447,-0.052803392676433955,18,Flow608,5,Flow60,-0.05431173260516431,14,1100,2136.7,1.9424545454545452,2.544752106736553,False,False,False,False,True,8,2,0.9340332412256165,-2.9130150053053336,2.4384479562879298,-0.004730005580875218,0.573666261714683
1,0.0,9.986973791010639,0.0,19,Flow608,5,Flow60,,14,1100,0.0,0.0,4.013026208989361,False,False,False,False,True,8,2,1.389545622284973,,2.3012816229470143,,1.9712121212121207
2,398.25,9.986973791010639,0.008874215368045875,19,Flow608,5,Flow60,0.0,14,1100,398.25,0.36204545454545456,4.013026208989361,False,False,False,False,True,8,2,1.389545622284973,-6.907755278982137,2.3012816229470143,0.0,0.08856742065579493
3,491.08000000000004,10.75426959611647,-0.014063912610668274,19,Flow608,5,Flow60,0.7672958051058316,14,1100,889.33,0.8084818181818182,3.2457304038835293,False,False,False,False,True,8,2,1.1773404107705492,-0.26488288689826384,2.375302847453622,0.07402122450660764,0.10180415172263846
4,365.41999999999996,10.953053377575023,-0.20744704728131402,19,Flow608,5,Flow60,0.1987837814585518,14,1100,1254.75,1.1406818181818181,3.0469466224249775,False,False,False,False,True,8,2,1.1141399817749655,-1.6155375702881158,2.393618264658962,0.018315417205339912,0.09208280878444519
5,364.42,10.61592068892062,0.7029985072213342,19,Flow608,5,Flow60,-0.33713268865440327,14,1100,1619.17,1.4719727272727274,3.3840793110793808,False,False,False,False,True,8,2,1.219081878549528,-1.0872786912434775,2.3623548261015297,-0.03126343855743219,4.216606498194945
6,0.0,10.61592068892062,-0.0,19,Flow608,5,Flow60,0.0,14,1100,1619.17,1.4719727272727274,3.3840793110793808,False,False,False,False,True,8,2,1.219081878549528,-6.907755278982137,2.3623548261015297,0.0,0.2499398315282786
7,213.44,10.612108668139635,-0.009256885958235489,19,Flow608,5,Flow60,-0.0038120207809839712,14,1100,1832.6100000000001,1.666009090909091,3.3878913318603647,False,False,False,False,True,8,2,1.2202077018540327,-5.5695958417402,2.361995676341763,-0.0003591497597668081,0.2499398315282786
8,0.0,10.612108668139635,0.0,19,Flow608,5,Flow60,0.0,14,1100,1832.6100000000001,1.666009090909091,3.3878913318603647,False,False,False,False,True,8,2,1.2202077018540327,-6.907755278982137,2.361995676341763,0.0,0.2499398315282786
9,0.0,10.612108668139635,0.0,19,Flow608,5,Flow60,0.0,14,1100,1832.6100000000001,1.666009090909091,3.3878913318603647,False,False,False,False,True,8,2,1.2202077018540327,-6.907755278982137,2.361995676341763,0.0,0.16816479400749085
10,14.97999999999999,11.747368421052629,0.014293006636038785,19,Flow608,5,Flow60,1.1352597529129937,14,1100,1847.5900000000001,1.679627272727273,2.252631578947371,False,False,False,False,True,8,2,0.8120991234213117,0.12686148194161861,2.463629251340715,0.10163357499895209,1.2230667547918044
11,96.09000000000002,11.1901862789636,-0.12843822049536469,19,Flow608,5,Flow60,-0.5571821420890295,14,1100,1943.68,1.7669818181818182,2.8098137210364005,False,False,False,False,True,8,2,1.0331181897021586,-0.5848630869636796,2.4150371690989125,-0.04859208224180245,0.16816479400749085
12,152.45,9.91437660433724,-0.004026373715484891,19,Flow608,5,Flow60,-1.275809674626359,14,1100,2096.13,1.9055727272727274,4.0856233956627594,False,False,False,False,True,8,2,1.4074743227062447,0.2435810159811317,2.2939858859998714,-0.12105128309904112,0.2333333333333325
1,39.08,11.453781512605042,0.0,20,Flow608,5,Flow60,,14,1100,39.08,0.03552727272727273,2.546218487394958,False,False,False,False,True,8,2,0.9346093123978397,,2.4383199385850034,,4.181818181818182
2,360.90999999999997,9.877053421436129,-0.32009344725253913,20,Flow608,5,Flow60,-1.5767280911689134,14,1100,399.98999999999995,0.3636272727272727,4.122946578563871,False,False,False,False,True,8,2,1.416568096707489,0.45535187153495554,2.2902142305816207,-0.14810570800338274,0.120114942528736
3,246.55,10.384940378983355,-0.03997855042653167,20,Flow608,5,Flow60,0.5078869575472265,14,1100,646.54,0.5877636363636364,3.615059621016645,False,False,False,False,True,8,2,1.2851083481487626,-0.677496380679242,2.3403567162411436,0.05014248565952295,0.6613180400556917
4,422.66999999999996,10.098055471771358,0.04711072071253835,20,Flow608,5,Flow60,-0.2868849072119968,14,1100,1069.21,0.9720090909090909,3.9019445282286416,False,False,False,False,True,8,2,1.3614750258591302,-1.2486741638198653,2.3123428777640163,-0.02801383847712735,0.45384853536556413
5,205.98000000000002,10.035267530086632,-0.0908528672338094,20,Flow608,5,Flow60,-0.06278794168472679,14,1100,1275.19,1.1592636363636364,3.9647324699133684,False,False,False,False,True,8,2,1.377438379900795,-2.7679922353342317,2.306105641592652,-0.006237236171364291,0.5693528988741745
6,260.75,9.884243367519288,-0.02820524884041242,20,Flow608,5,Flow60,-0.15102416256734408,14,1100,1535.94,1.396309090909091,4.115756632480712,False,False,False,False,True,8,2,1.414822689032447,-1.890315437966289,2.2909419101946753,-0.015163731397976665,0.11250000000000071
7,124.64000000000001,10.837963313432303,-0.08417538142382447,20,Flow608,5,Flow60,0.953719945913015,14,1100,1660.5800000000002,1.509618181818182,3.1620366865676974,False,False,False,False,True,8,2,1.1512163410500489,-0.04738520837353008,2.383055092143942,0.09211318194926665,0.11249999999999982
8,173.36999999999995,9.689271537177085,0.11201742469036531,20,Flow608,5,Flow60,-1.1486917762552178,14,1100,1833.95,1.6672272727272728,4.310728462822915,False,False,False,False,True,8,2,1.461106906730178,0.13862370896819426,2.2710192463148497,-0.1120358458290922,0.42043010752688215
9,47.93999999999998,11.072114497143076,0.0,20,Flow608,5,Flow60,1.3828429599659913,14,1100,1881.89,1.710809090909091,2.927885502856924,False,False,False,False,True,8,2,1.0742804911189439,0.32414149595763675,2.404429739965547,0.13341049365069724,0.42043010752688215
10,47.999999999999986,11.07055654270514,-1.6655138067004592e-05,20,Flow608,5,Flow60,-0.001557954437936715,14,1100,1929.89,1.7544454545454546,2.9294434572948607,False,False,False,False,True,8,2,1.0748124586711425,-6.464381575904252,2.404289020317253,-0.0001407196482938744,0.4200638071605818
11,371.6,11.798728524348144,0.30160593200903774,20,Flow608,5,Flow60,0.7281719816430048,14,1100,2301.4900000000002,2.0922636363636364,2.201271475651856,False,False,False,False,True,8,2,0.7890351368973746,-0.31721802016476547,2.4679917734920505,0.06370275317479734,1.0993961352657005
12,12.389999999999986,12.957669689701035,0.0,20,Flow608,5,Flow60,1.158941165352891,14,1100,2313.88,2.103527272727273,1.042330310298965,False,False,False,False,True,8,2,0.041458889546559505,0.14750679978429318,2.5616878668633127,0.09369609337126228,3.066666666666668
1,0.0,10.972994151222608,0.0,1,Flow609,1,Flow60,,14,1100,0.0,0.0,3.0270058487773923,True,False,False,False,False,9,2,1.1075739622403553,,2.395437176993174,,10.0
2,92.0,10.972994151222608,-0.04066867491784186,1,Flow609,1,Flow60,0.0,14,1100,92.0,0.08363636363636363,3.0270058487773923,True,False,False,False,False,9,2,1.1075739622403553,-6.907755278982137,2.395437176993174,0.0,0.21740662438336855
3,567.3000000000001,10.559163037546153,-0.02614689189117329,1,Flow609,1,Flow60,-0.413831113676455,14,1100,659.3000000000001,0.5993636363636364,3.4408369624538473,True,False,False,False,False,9,2,1.2357147448308317,-0.8822973263657333,2.35699401732892,-0.03844315966425427,0.21740662438336855
4,440.65999999999997,10.799023985649663,0.18750072855754843,1,Flow609,1,Flow60,0.23986094810351055,14,1100,1099.96,0.9999636363636364,3.2009760143503367,True,False,False,False,False,9,2,1.163455767785749,-1.4276959064493169,2.3794557583473006,0.02246174101838072,0.21740662438336855
5,424.02,12.997917399876465,0.38494528801601957,1,Flow609,1,Flow60,2.198893414226802,14,1100,1523.98,1.3854363636363636,1.0020826001235346,True,False,False,False,False,9,2,0.0020804345181028097,0.7879542402873156,2.5647891446186417,0.1853333862713411,0.2333333333333325
6,261.31000000000006,11.426110405478799,0.056209645094255696,1,Flow609,1,Flow60,-1.571806994397667,14,1100,1785.29,1.6229909090909092,2.5738895945212015,True,False,False,False,False,9,2,0.9454182156826165,0.4522259093685688,2.4359011229090797,-0.12888802170956204,0.26305220883534197
7,155.41999999999996,12.63442612088611,0.1010497859838006,1,Flow609,1,Flow60,1.208315715407311,14,1100,1940.71,1.7642818181818183,1.3655738791138905,True,False,False,False,False,9,2,0.3115747645426677,0.18922741917966382,2.5364253200133255,0.10052419710424587,0.6176470588235299
8,102.85999999999999,13.142857142857139,0.0,1,Flow609,1,Flow60,0.5084310219710293,14,1100,2043.57,1.857790909090909,0.8571428571428612,True,False,False,False,False,9,2,-0.15415067982725356,-0.6764257227026255,2.5758784279937266,0.039453107980401025,0.6176470588235299
9,68.29000000000002,13.225446101709098,0.02771693469940515,1,Flow609,1,Flow60,0.08258895885195905,14,1100,2111.86,1.9198727272727274,0.7745538982909022,True,False,False,False,False,9,2,-0.25546803046728084,-2.49387927746298,2.582142708873693,0.006264280879966222,5.0
10,0.0,13.225446101709098,0.0,1,Flow609,1,Flow60,0.0,14,1100,2111.86,1.9198727272727274,0.7745538982909022,True,False,False,False,False,9,2,-0.25546803046728084,-6.907755278982137,2.582142708873693,0.0,0.1058823529411761
11,0.0,13.225446101709098,0.0,1,Flow609,1,Flow60,0.0,14,1100,2111.86,1.9198727272727274,0.7745538982909022,True,False,False,False,False,9,2,-0.25546803046728084,-6.907755278982137,2.582142708873693,0.0,0.1058823529411761
12,0.0,13.225446101709098,0.0,1,Flow609,1,Flow60,0.0,14,1100,2111.86,1.9198727272727274,0.7745538982909022,True,False,False,False,False,9,2,-0.25546803046728084,-6.907755278982137,2.582142708873693,0.0,3.150326797385621
1,0.0,12.366017590585576,0.0,2,Flow609,1,Flow60,,14,1100,0.0,0.0,1.6339824094144237,True,False,False,False,False,9,2,0.4910202310276145,,2.5149521936313683,,10.0
2,120.12,12.366017590585576,-0.03888789242747811,2,Flow609,1,Flow60,0.0,14,1100,120.12,0.1092,1.6339824094144237,True,False,False,False,False,9,2,0.4910202310276145,-6.907755278982137,2.5149521936313683,0.0,0.20238095238095255
3,356.96,12.111552642016326,-0.5284231088723437,2,Flow609,1,Flow60,-0.2544649485692503,14,1100,477.08,0.4337090909090909,1.888447357983674,True,False,False,False,False,9,2,0.6357549877401183,-1.368592179120162,2.494159760908643,-0.02079243272272535,0.937229437229437
4,152.7,10.34452045517486,0.05391719907878557,2,Flow609,1,Flow60,-1.7670321868414653,14,1100,629.78,0.5725272727272727,3.6554795448251394,True,False,False,False,False,9,2,1.2962272870099967,0.5693014087016334,2.336456954895893,-0.15770280601274989,0.22222222222222232
5,134.93,11.005399253966,0.026347992405417988,2,Flow609,1,Flow60,0.6608787987911402,14,1100,764.71,0.6951909090909091,2.994600746033999,True,False,False,False,False,9,2,1.0968109158478778,-0.41418481631950965,2.398385993644835,0.061929038748941956,0.23566446600625746
6,345.28999999999996,13.013846823422954,0.4658667352614416,2,Flow609,1,Flow60,2.008447569456953,14,1100,1110.0,1.009090909090909,0.9861531765770462,True,False,False,False,False,9,2,-0.013943584947277583,0.697362070148347,2.566013930865438,0.16762793722060287,1.4724341566446828
7,61.900000000000006,14.640412992662519,0.05923143832060098,2,Flow609,1,Flow60,1.626566169239565,14,1100,1171.9,1.0653636363636365,0.6404129926625188,True,False,False,False,False,9,2,-0.4456420097104195,0.4864711480832234,2.683785718016594,0.1177717871511561,2.5404040404040398
8,33.04999999999998,14.587955625990492,0.05636613888312453,2,Flow609,1,Flow60,-0.052457366672026495,14,1100,1204.95,1.095409090909091,0.5879556259904923,True,False,False,False,False,9,2,-0.5311037999337762,-2.9477545026766183,2.680196231125965,-0.00358948689062899,1.1273605621431706
9,56.160000000000025,14.820151679306612,-0.08655953283282837,2,Flow609,1,Flow60,0.2321960533161196,14,1100,1261.1100000000001,1.1464636363636365,0.8201516793066119,True,False,False,False,False,9,2,-0.19826598106539967,-1.4601732067787314,2.6959878545865923,0.015791623460627235,1.2315026036765166
10,66.99999999999997,14.955337566576057,0.007060789336748632,2,Flow609,1,Flow60,0.13518588726944536,14,1100,1328.1100000000001,1.2073727272727275,0.9553375665760573,True,False,False,False,False,9,2,-0.04569052810370857,-2.001104504923408,2.7050682639820325,0.009080409395440192,0.5982587064676625
11,39.86000000000004,14.969196511412134,0.05723566387028993,2,Flow609,1,Flow60,0.013858944836076859,14,1100,1367.9700000000003,1.243609090909091,0.9691965114121341,True,False,False,False,False,9,2,-0.031287889497199704,-4.278824418271612,2.705994523738714,0.0009262597566817021,1.1720940750791495
12,46.31999999999999,14.934531903935799,-0.009165385099758007,2,Flow609,1,Flow60,-0.03466460747633526,14,1100,1414.2900000000002,1.285718181818182,0.9345319039357989,True,False,False,False,False,9,2,-0.0677095125560655,-3.3620360699942053,2.7036761089563264,-0.002318414782387812,0.27936966032204147
1,0.0,12.449724204055109,0.0,3,Flow609,1,Flow60,,14,1100,0.0,0.0,1.5502757959448914,True,False,False,False,False,9,2,0.43843284797065196,,2.521698470380621,,4.078431372549019
2,67.8,12.449724204055109,-0.0965300282054158,3,Flow609,1,Flow60,0.0,14,1100,67.8,0.061636363636363635,1.5502757959448914,True,False,False,False,False,9,2,0.43843284797065196,-6.907755278982137,2.521698470380621,0.0,0.15705063950924192
3,518.77,12.161156784199358,-0.42318927527230354,3,Flow609,1,Flow60,-0.28856741985575063,14,1100,586.5699999999999,0.5332454545454545,1.838843215800642,True,False,False,False,False,9,2,0.609136686849445,-1.242826529327672,2.4982470022929752,-0.023451468087645644,0.16117368933388931
4,333.29,11.482162660124134,0.05087137284735662,3,Flow609,1,Flow60,-0.6789941240752242,14,1100,919.8599999999999,0.8362363636363636,2.517837339875866,True,False,False,False,False,9,2,0.9234003345982493,-0.3871428052528967,2.440794758177424,-0.05745224411555139,0.5784313725490202
5,34.57000000000001,11.864406779661016,0.0,3,Flow609,1,Flow60,0.38224411953688175,14,1100,954.43,0.8676636363636363,2.1355932203389845,True,False,False,False,False,9,2,0.7587444630457592,-0.9616958181058645,2.473542891137685,0.032748132960261245,0.5784313725490202
6,47.23999999999999,12.345633746079931,0.0,3,Flow609,1,Flow60,0.48122696641891594,14,1100,1001.67,0.9106090909090909,1.6543662539200685,True,False,False,False,False,9,2,0.5034180073483483,-0.7314162565122327,2.513302457735451,0.039759566597765694,0.5784313725490202
7,57.43,12.669556715095235,0.05231756781200528,3,Flow609,1,Flow60,0.32392296901530315,14,1100,1059.1,0.9628181818181817,1.3304432849047654,True,False,False,False,False,9,2,0.2855121836234584,-1.1272495414095762,2.5392020067513945,0.025899549015943713,0.4846967465805614
8,49.11999999999999,13.64062799386856,0.019207622270950506,3,Flow609,1,Flow60,0.9710712787733247,14,1100,1108.2199999999998,1.007472727272727,0.3593720061314407,True,False,False,False,False,9,2,-1.02339719822991,-0.02935540579148044,2.613052691961679,0.0738506852102847,0.16884531590413943
9,63.31999999999999,13.553495444352308,-0.01626370878004733,3,Flow609,1,Flow60,-0.0871325495162516,14,1100,1171.5399999999997,1.0650363636363633,0.4465045556476923,True,False,False,False,False,9,2,-0.8063056756992859,-2.4403247621059614,2.6066444804309703,-0.006408211530708918,0.31881881881881924
10,126.15000000000005,13.27619410499959,0.02820390375541854,3,Flow609,1,Flow60,-0.27730133935271795,14,1100,1297.6899999999998,1.1797181818181817,0.7238058950004103,True,False,False,False,False,9,2,-0.32323202337003515,-1.2826504963947234,2.5859725144950154,-0.020671965935954884,0.31881881881881835
11,135.23999999999998,13.320921811443965,-0.03023619456110029,3,Flow609,1,Flow60,0.04472770644437496,14,1100,1432.9299999999998,1.3026636363636361,0.6790781885560353,True,False,False,False,False,9,2,-0.3870190055404122,-3.107162138408132,2.589335867781044,0.0033633532860286586,0.31881881881881924
12,146.59,12.96671126326238,0.0,3,Flow609,1,Flow60,-0.3542105481815838,14,1100,1579.5199999999998,1.4359272727272725,1.0332887367376191,True,False,False,False,False,9,2,0.03274666389580531,-1.0378637737787373,2.562385401276524,-0.026950466504520154,0.31881881881881924
1,0.0,11.937433635515118,0.0,4,Flow609,1,Flow60,,14,1100,0.0,0.0,2.0625663644848817,True,False,False,False,False,9,2,0.7239510154289821,,2.479679146462819,,10.0
2,81.91999999999999,11.937433635515118,-0.14335303144986003,4,Flow609,1,Flow60,0.0,14,1100,81.91999999999999,0.07447272727272726,2.0625663644848817,True,False,False,False,False,9,2,0.7239510154289821,-6.907755278982137,2.479679146462819,0.0,0.18878820184790346
3,307.26,13.638876829126833,0.0,4,Flow609,1,Flow60,1.7014431936117145,14,1100,389.17999999999995,0.35379999999999995,0.36112317087316725,True,False,False,False,False,9,2,-1.0185361852880606,0.5314768283372674,2.612924305119213,0.13324515865639386,0.21049783549783552
4,174.5,12.689108910891086,0.0,4,Flow609,1,Flow60,-0.9497679182357466,14,1100,563.68,0.5124363636363636,1.3108910891089138,True,False,False,False,False,9,2,0.27070712666165064,-0.051537620826775245,2.540744059472835,-0.07218024564637782,0.18878820184790346
5,205.51999999999998,12.61724544252165,0.005821839158850574,4,Flow609,1,Flow60,-0.07186346836943613,14,1100,769.1999999999999,0.6992727272727272,1.38275455747835,True,False,False,False,False,9,2,0.32407756583974084,-2.6329872328139188,2.53506456407506,-0.005679495397775014,0.13374906290465471
6,248.19,12.746699568167797,0.0,4,Flow609,1,Flow60,0.12945412564614678,14,1100,1017.3899999999999,0.9248999999999998,1.2533004318322032,True,False,False,False,False,9,2,0.2257804171914145,-2.044428702715801,2.545272380696472,0.01020781662141168,0.13374906290465471
7,248.2,12.746699568167799,0.0,4,Flow609,1,Flow60,1.7763568394002505e-15,14,1100,1265.59,1.1505363636363635,1.2533004318322014,True,False,False,False,False,9,2,0.2257804171914131,-33.96421184743732,2.545272380696472,0.0,0.13374906290465471
8,245.01999999999998,12.747229659109479,0.04454136144982127,4,Flow609,1,Flow60,0.0005300909416803279,14,1100,1510.61,1.373281818181818,1.252770340890521,True,False,False,False,False,9,2,0.22535737171691506,-7.542461978061566,2.5453139663568876,4.158566041567724e-05,0.4002112640633122
9,78.78,12.939133070245228,-0.011926742231936361,4,Flow609,1,Flow60,0.19190341113574938,14,1100,1589.3899999999999,1.4448999999999999,1.0608669297547717,True,False,False,False,False,9,2,0.05908643211936948,-1.6507631005363188,2.560256290711353,0.01494232435446552,0.17882488859547774
10,184.84000000000003,14.182346408662456,0.015081648672662162,4,Flow609,1,Flow60,1.2432133384172275,14,1100,1774.23,1.6129363636363636,0.18234640866245577,True,False,False,False,False,9,2,-1.7018470566707433,0.217699429673776,2.651997980522183,0.09174168981083008,0.12037037037037024
11,166.49000000000004,13.64995473358048,0.07824454423405672,4,Flow609,1,Flow60,-0.5323916750819766,14,1100,1940.72,1.7642909090909091,0.35004526641952083,True,False,False,False,False,9,2,-1.0496928002342185,-0.6303758291687513,2.6137362054042597,-0.0382617751179235,0.24477019392273647
12,92.32000000000002,13.017130845436036,-0.04338720838301469,4,Flow609,1,Flow60,-0.6328238881444435,14,1100,2033.04,1.8482181818181818,0.9828691545639643,True,False,False,False,False,9,2,-0.017279275971403673,-0.45756311332899774,2.566266247322567,-0.04746995808169263,0.2777777777777777
1,0.0,13.28125,0.0,5,Flow609,2,Flow60,,6,1200,0.0,0.0,7.28125,False,True,False,False,False,9,2,1.985302550765974,,2.58635326612469,,7.037037037037037
2,115.5,13.28125,0.0,5,Flow609,2,Flow60,0.0,6,1200,115.5,0.09625,7.28125,False,True,False,False,False,9,2,1.985302550765974,-6.907755278982137,2.58635326612469,0.0,0.6283374105639741
3,199.44,12.876312752624937,-0.06832679281464238,5,Flow609,2,Flow60,-0.404937247375063,6,1200,314.94,0.26245,6.876312752624937,False,True,False,False,False,9,2,1.9280825711611536,-0.9040231686337071,2.55538940272102,-0.03096386340367019,0.17192760942760899
4,253.93,12.651882954992784,0.0,5,Flow609,2,Flow60,-0.22442979763215298,6,1200,568.87,0.47405833333333336,6.651882954992784,False,True,False,False,False,9,2,1.8948999657147825,-1.4941923261270726,2.5378060542934957,-0.017583348427524292,0.15309059059059038
5,253.93,12.651882954992784,0.0,5,Flow609,2,Flow60,0.0,6,1200,822.8,0.6856666666666666,6.651882954992784,False,True,False,False,False,9,2,1.8948999657147825,-6.907755278982137,2.5378060542934957,0.0,0.1948790896159318
6,201.02000000000004,12.49405281731638,-0.05341789639256778,5,Flow609,2,Flow60,-0.1578301376764042,6,1200,1023.8199999999999,0.8531833333333333,6.49405281731638,False,True,False,False,False,9,2,1.870886806896175,-1.8462359022634858,2.525252756476912,-0.012553297816583875,0.1948790896159318
7,122.28999999999999,12.24872676531955,0.00241874822359833,5,Flow609,2,Flow60,-0.24532605199683033,6,1200,1146.11,0.9550916666666666,6.2487267653195495,False,True,False,False,False,9,2,1.8323777254461997,-1.4051671287225573,2.5054219940639224,-0.019830762412989422,0.21371610845295042
8,114.43999999999998,12.288154498940893,-0.004534404124428849,5,Flow609,2,Flow60,0.03942773362134311,6,1200,1260.55,1.0504583333333333,6.288154498940893,False,True,False,False,False,9,2,1.8386676252673109,-3.2332858112801097,2.508635749482272,0.003213755418349784,0.4353070175438587
9,126.46999999999996,12.22257865064019,0.0041869955364699715,5,Flow609,2,Flow60,-0.0655758483007034,6,1200,1387.02,1.15585,6.222578650640189,False,True,False,False,False,9,2,1.8281843948969154,-2.7245478169697033,2.503284950356091,-0.005350799126181194,0.4228070175438594
10,127.07000000000002,12.216507877824638,-0.009883700660581226,5,Flow609,2,Flow60,-0.006070772815551351,6,1200,1514.09,1.2617416666666665,6.216507877824638,False,True,False,False,False,9,2,1.8272083146544242,-5.104269364790605,2.502788141857676,-0.0004968084984149357,0.33930186290468445
11,98.25000000000003,10.805144386368426,-0.19008481045163064,5,Flow609,2,Flow60,-1.4113634914562123,6,1200,1612.34,1.3436166666666667,4.805144386368426,False,True,False,False,False,9,2,1.5696870911629681,0.3445562523492398,2.380022352791216,-0.12276578906645996,1.699827734711456
12,0.0,10.805144386368426,-0.0,5,Flow609,2,Flow60,0.0,6,1200,1612.34,1.3436166666666667,4.805144386368426,False,True,False,False,False,9,2,1.5696870911629681,-6.907755278982137,2.380022352791216,0.0,1.3017429193899783
1,0.0,11.86182038275528,0.0,6,Flow609,2,Flow60,,6,1200,0.0,0.0,5.86182038275528,False,True,False,False,False,9,2,1.7684602008699701,,2.473324871062409,,7.018181818181818
2,291.69,11.86182038275528,-0.14213092189500662,6,Flow609,2,Flow60,0.0,6,1200,291.69,0.24307499999999999,5.86182038275528,False,True,False,False,False,9,2,1.7684602008699701,-6.907755278982137,2.473324871062409,0.0,0.1899335232668573
3,500.6,11.750088399964202,-0.027030740020136203,6,Flow609,2,Flow60,-0.11173198279107766,6,1200,792.29,0.6602416666666666,5.750088399964202,False,True,False,False,False,9,2,1.7492152285978995,-2.191652286307395,2.463860763963076,-0.009464107099333319,0.16699155295646495
4,413.06999999999994,10.882227527880811,-0.7720851648785924,6,Flow609,2,Flow60,-0.8678608720833907,6,1200,1205.36,1.0044666666666666,4.882227527880811,False,True,False,False,False,9,2,1.585601576349907,-0.1417238627871129,2.387130956490695,-0.07672980747238078,1.079653679653679
5,1.9000000000000057,7.681818181818182,0.0001321806672060026,6,Flow609,2,Flow60,-3.2004093460626297,6,1200,1207.26,1.0060499999999999,1.6818181818181817,False,True,False,False,False,9,2,0.5198754592859085,1.1632787222691048,2.0388562615647574,-0.34827469492593766,4.285714285714286
6,49.26000000000001,8.384366415917981,0.01575157227420152,6,Flow609,2,Flow60,0.7025482340997993,6,1200,1256.52,1.0471,2.384366415917981,False,True,False,False,False,9,2,0.8689334353449564,-0.35304121949098644,2.1263688308123765,0.08751256924761908,0.4107142857142856
7,86.25,8.458007700127133,0.0013594197065366698,6,Flow609,2,Flow60,0.0736412842091525,6,1200,1342.77,1.118975,2.4580077001271334,False,True,False,False,False,9,2,0.8993511438188115,-2.6085494837531242,2.135113649445618,0.008744818633241724,0.5096153846153841
8,68.66,8.383346475072678,-0.01641764090327604,6,Flow609,2,Flow60,-0.07466122505445583,6,1200,1411.43,1.1761916666666667,2.3833464750726776,False,True,False,False,False,9,2,0.8685055820391125,-2.5947943971859577,2.1262471754795125,-0.008866473966105737,0.48987854251012175
9,17.59000000000001,7.5370919881305625,-0.004247549258624621,6,Flow609,2,Flow60,-0.8462544869421151,6,1200,1429.02,1.19085,1.5370919881305625,False,True,False,False,False,9,2,0.42989231190712046,-0.16693515262245293,2.0198364296602205,-0.106410745819292,0.6821862348178138
10,80.67999999999998,8.791217442799217,0.12137607966271032,6,Flow609,2,Flow60,1.2541254546686549,6,1200,1509.7,1.2580833333333334,2.7912174427992174,False,True,False,False,False,9,2,1.0264778600824291,0.22643848080212078,2.173753205269004,0.15391677560878358,4.576923076923077
11,153.24,10.382418829031058,-0.021472273951798196,6,Flow609,2,Flow60,1.591201386231841,6,1200,1662.94,1.3857833333333334,4.382418829031058,False,True,False,False,False,9,2,1.4776008160287324,0.4644893197436719,2.3401138784359676,0.16636067316696357,0.24358974358974272
12,254.06,10.000767155830017,0.0,6,Flow609,2,Flow60,-0.3816516732010413,6,1200,1917.0,1.5975,4.000767155830017,False,True,False,False,False,9,2,1.386486131688244,-0.9632469366229621,2.3026618056345574,-0.037452072801410274,0.2212090142712153
1,0.0,11.430711610486892,0.0,7,Flow609,2,Flow60,,6,1200,0.0,0.0,5.430711610486892,False,True,False,False,False,9,2,1.6920701770143707,,2.436303734004098,,4.7894736842105265
2,16.8,11.430711610486892,0.017439859859228708,7,Flow609,2,Flow60,0.0,6,1200,16.8,0.014,5.430711610486892,False,True,False,False,False,9,2,1.6920701770143707,-6.907755278982137,2.436303734004098,0.0,0.3572702943800179
3,233.77999999999997,11.334020338696297,-0.010137231040919296,7,Flow609,2,Flow60,-0.09669127179059522,6,1200,250.57999999999998,0.20881666666666665,5.3340203386962965,False,True,False,False,False,9,2,1.6741052387814799,-2.3362321412936806,2.427808852231109,-0.008494881772989071,0.32331240565147823
4,264.73,11.329177558817614,0.0,7,Flow609,2,Flow60,-0.004842779878682535,6,1200,515.31,0.42942499999999995,5.329177558817614,False,True,False,False,False,9,2,1.6731969221098426,-5.33026636803266,2.427381482715625,-0.00042736951548416613,0.4844632768361583
5,349.93,10.928365345080872,-0.1285653543899872,7,Flow609,2,Flow60,-0.40081221373674225,6,1200,865.24,0.7210333333333333,4.928365345080872,False,True,False,False,False,9,2,1.5950073600662071,-0.914262256280721,2.391361734286514,-0.03601974842911071,0.18518518518518512
6,247.85,10.458012505526995,-0.005475320296957339,7,Flow609,2,Flow60,-0.4703528395538772,6,1200,1113.09,0.9275749999999999,4.458012505526995,False,True,False,False,False,9,2,1.4947030401474937,-0.7542721434741247,2.3473684315509376,-0.043993302735576556,0.1527257594673328
7,224.76000000000002,10.541608065867887,0.015553146533136228,7,Flow609,2,Flow60,0.08359556034089266,6,1200,1337.85,1.1148749999999998,4.541608065867887,False,True,False,False,False,9,2,1.513281148869783,-2.4817648662718366,2.3553300993950694,0.007961667844131881,0.1527257594673328
8,191.37,10.297739063938767,-0.01964499321214781,7,Flow609,2,Flow60,-0.2438690019291201,6,1200,1529.2199999999998,1.2743499999999999,4.297739063938767,False,True,False,False,False,9,2,1.4580890853346966,-1.4111240751988494,2.3319243627846453,-0.02340573661042411,0.18518518518518512
9,291.06,9.972615583597149,-0.03500877169752984,7,Flow609,2,Flow60,-0.32512348034161853,6,1200,1820.2799999999997,1.5168999999999997,3.9726155835971486,False,True,False,False,False,9,2,1.3794247149392878,-1.1235502292984672,2.299842894963114,-0.03208146782153154,0.10470797246280306
10,188.79000000000002,9.370588035424458,-0.15202874807369005,7,Flow609,2,Flow60,-0.6020275481726909,6,1200,2009.0699999999997,1.6742249999999999,3.3705880354244577,False,True,False,False,False,9,2,1.215087220366322,-0.5074520736361183,2.237575851530319,-0.06226704343279499,0.25806451612903203
11,213.39000000000001,7.887103174201573,0.10197487742061313,7,Flow609,2,Flow60,-1.4834848612228848,6,1200,2222.4599999999996,1.8520499999999998,1.887103174201573,False,True,False,False,False,9,2,0.6350429412041574,0.39439395592611753,2.0652289158824115,-0.17234693564790726,0.4520348837209305
12,119.06999999999991,9.038872818335905,-0.009810553005968057,7,Flow609,2,Flow60,1.1517696441343324,6,1200,2341.5299999999993,1.9512749999999994,3.0388728183359053,False,True,False,False,False,9,2,1.111486663218817,0.14129958058974784,2.201534478392682,0.13630556251027048,0.42513870499968487
1,0.0,10.529356560509372,0.0,8,Flow609,2,Flow60,,6,1200,0.0,0.0,4.529356560509372,False,True,False,False,False,9,2,1.510579889783705,,2.354167218914143,,10.0
2,206.7,10.529356560509372,-0.0934149788335978,8,Flow609,2,Flow60,0.0,6,1200,206.7,0.17225,4.529356560509372,False,True,False,False,False,9,2,1.510579889783705,-6.907755278982137,2.354167218914143,0.0,0.41161616161616177
3,454.86000000000007,10.246093410470337,-0.023049759479664478,8,Flow609,2,Flow60,-0.28326315003903524,6,1200,661.5600000000001,0.5513,4.246093410470337,False,True,False,False,False,9,2,1.4459993626788161,-1.2613789545946013,2.326896502249837,-0.02727071666430625,0.331435687600071
4,159.26999999999992,8.538048337274354,-0.25060991908669017,8,Flow609,2,Flow60,-1.7080450731959829,6,1200,820.8299999999999,0.684025,2.538048337274354,False,True,False,False,False,9,2,0.9313954145302015,0.5353494844771889,2.1445324497479894,-0.1823640525018475,0.9285714285714284
5,179.79999999999995,9.082940249003563,0.18037563966117617,8,Flow609,2,Flow60,0.5448919117292093,6,1200,1000.6299999999999,0.8338583333333333,3.0829402490035633,False,True,False,False,False,9,2,1.125883767919435,-0.6071678310906817,2.2063979561656817,0.061865506417692284,0.27218169761273225
6,122.97000000000006,8.437273365091722,0.054827912419742275,8,Flow609,2,Flow60,-0.6456668839118418,6,1200,1123.6,0.9363333333333332,2.4372733650917215,False,True,False,False,False,9,2,0.8908799411431945,-0.4374715677768514,2.1326591954043264,-0.07373876076135533,0.4954999999999994
7,108.85999999999999,8.38220562914507,-0.038848939238174354,8,Flow609,2,Flow60,-0.05506773594665226,6,1200,1232.4599999999998,1.0270499999999998,2.3822056291450693,False,True,False,False,False,9,2,0.8680267934645873,-2.8991912888344804,2.1261110814311595,-0.0065481139731669025,0.2858366617616146
8,76.35000000000002,7.9088925168562145,0.0019291506121467783,8,Flow609,2,Flow60,-0.47331311228885475,6,1200,1308.81,1.090675,1.9088925168562145,False,True,False,False,False,9,2,0.646523239783039,-0.7479981384839917,2.0679877614659516,-0.05812331996520781,0.25498571136966675
9,79.21999999999991,7.980974142609976,0.002424164758589635,8,Flow609,2,Flow60,0.07208162575376154,6,1200,1388.0299999999997,1.1566916666666665,1.980974142609976,False,True,False,False,False,9,2,0.6835887149356064,-2.6299561110840037,2.077060477020183,0.00907271555423117,0.2404610634823432
10,66.83000000000006,8.421168978041628,0.02560242456625858,8,Flow609,2,Flow60,0.44019483543165183,6,1200,1454.86,1.2123833333333331,2.421168978041628,False,True,False,False,False,9,2,0.8842504723156238,-0.8205378422810629,2.130748652114388,0.05368817509420509,0.5444884837945336
11,64.95999999999997,8.40189445196211,0.0,8,Flow609,2,Flow60,-0.019274526079517074,6,1200,1519.82,1.2665166666666665,2.401894451962111,False,True,False,False,False,9,2,0.8762577809613143,-3.948970947149306,2.1284572104166912,-0.0022914416976966834,0.34885257977214224
12,208.19000000000005,8.38895332145192,-0.018252647998975562,8,Flow609,2,Flow60,-0.012941130510190746,6,1200,1728.01,1.4400083333333333,2.38895332145192,False,True,False,False,False,9,2,0.8708553292042372,-4.3473446281775585,2.126915759592141,-0.0015414508245501501,0.07701707458142693
1,0.0,11.780431879912577,0.0,9,Flow609,3,Flow60,,9,1500,0.0,0.0,1.7804318799125767,False,False,True,False,False,9,2,0.5768559640386672,,2.466439839683199,,10.0
2,500.35,11.780431879912577,0.014811398561566415,9,Flow609,3,Flow60,0.0,9,1500,500.35,0.3335666666666667,1.7804318799125767,False,False,True,False,False,9,2,0.5768559640386672,-6.907755278982137,2.466439839683199,0.0,0.11666666666666714
3,710.8299999999999,11.305832164665716,-0.1462819747054445,9,Flow609,3,Flow60,-0.4745997152468604,9,1500,1211.1799999999998,0.8074533333333332,1.3058321646657163,False,False,True,False,False,9,2,0.2668405116202814,-0.7452835349661987,2.4253187133406597,-0.04112112634253906,0.12916666666666732
4,343.03,10.626506008772711,0.11985656095117336,9,Flow609,3,Flow60,-0.6793261558930048,9,1500,1554.2099999999998,1.0361399999999998,0.6265060087727115,False,False,True,False,False,9,2,-0.4675969136741122,-0.38665391934095017,2.3633514467681698,-0.061967266572489965,0.37022900763358724
5,271.97,11.09850457247163,-0.22529662888441213,9,Flow609,3,Flow60,0.4719985636989179,9,1500,1826.1799999999998,1.2174533333333333,1.0985045724716294,False,False,True,False,False,9,2,0.0939497753023485,-0.7507793364119788,2.4068103760415487,0.04345892927337891,0.6617647058823533
6,65.06,11.210936235019703,0.01781959945109629,9,Flow609,3,Flow60,0.11243166254807413,9,1500,1891.2399999999998,1.2608266666666665,1.2109362350197035,False,False,True,False,False,9,2,0.19139380837019382,-2.1854096859236454,2.4168897514396184,0.01007937539806969,0.8562091503267979
7,40.130000000000024,10.79905998706037,-0.06193459055761462,9,Flow609,3,Flow60,-0.4118762479593343,9,1500,1931.37,1.28758,0.7990599870603692,False,False,True,False,False,9,2,-0.22431925836149763,-0.8870323437831652,2.379459092106976,-0.037430659332642335,0.18090436174469815
8,123.68,10.453010679045228,-0.004211724905967382,9,Flow609,3,Flow60,-0.3460493080151412,9,1500,2055.0499999999997,1.3700333333333332,0.45301067904522796,False,False,True,False,False,9,2,-0.7918395797256907,-1.061174005363534,2.3468900401749626,-0.032569051932013426,0.2798233328419082
9,95.88999999999999,10.217324180689065,-0.020773070021474153,9,Flow609,3,Flow60,-0.23568649835616284,9,1500,2150.9399999999996,1.4339599999999997,0.21732418068906512,False,False,True,False,False,9,2,-1.5263651200042598,-1.44525275385363,2.324084728643849,-0.02280531153111376,0.41911764705882426
10,80.0,9.884848484848487,0.007988176558907345,9,Flow609,3,Flow60,-0.33247569584057857,9,1500,2230.9399999999996,1.4872933333333331,0.0,False,False,True,False,False,9,2,-6.907755278982137,-1.1011885167741189,2.2910031287204333,-0.03308159992341553,2.554526417525773
11,135.76999999999998,9.911921480838476,-0.012692934863463253,9,Flow609,3,Flow60,0.02707299598998958,9,1500,2366.7099999999996,1.5778066666666664,0.0,False,False,True,False,False,9,2,-6.907755278982137,-3.6092185058247033,2.293738222669,0.002735093948566636,0.1467230389304781
12,212.85999999999999,9.849748937813828,0.0,9,Flow609,3,Flow60,-0.06217254302464781,9,1500,2579.5699999999997,1.7197133333333332,0.0,False,False,True,False,False,9,2,-6.907755278982137,-2.7778418071680164,2.2874459663123394,-0.0062922563566605305,0.1467230389304781
1,0.0,11.985885696428682,0.0,10,Flow609,3,Flow60,,9,1500,0.0,0.0,1.9858856964286815,False,False,True,False,False,9,2,0.6860650092983097,,2.4837297655670842,,3.24
2,386.98,11.985885696428682,0.22560584302067527,10,Flow609,3,Flow60,0.0,9,1500,386.98,0.2579866666666667,1.9858856964286815,False,False,True,False,False,9,2,0.6860650092983097,-6.907755278982137,2.4837297655670842,0.0,0.3951890034364265
3,331.36,12.37699456049272,-0.45991188982875997,10,Flow609,3,Flow60,0.391108864064039,9,1500,718.34,0.47889333333333334,2.3769945604927205,False,False,True,False,False,9,2,0.8658368999836508,-0.9387693330335273,2.5158394720726727,0.03210970650558842,0.22431865828092246
4,336.83,10.229890344718052,-0.036971833876784786,10,Flow609,3,Flow60,-2.147104215774668,9,1500,1055.17,0.7034466666666667,0.22989034471805248,False,False,True,False,False,9,2,-1.4701528458415494,0.7641200579024304,2.3253138609146937,-0.19052561115797895,0.46249999999999947
5,383.4,10.107692307692306,0.0,10,Flow609,3,Flow60,-0.12219803702574694,9,1500,1438.5700000000002,0.9590466666666668,0.10769230769230553,False,False,True,False,False,9,2,-2.2284771208403438,-2.1021122959927556,2.3132967485889733,-0.012017112325720447,0.46249999999999947
6,156.00999999999996,9.801828294428534,0.1343099733069186,10,Flow609,3,Flow60,-0.305864013263772,9,1500,1594.5800000000002,1.0630533333333334,0.0,False,False,True,False,False,9,2,-6.907755278982137,-1.184614676903974,2.282568928932224,-0.03072781965674931,0.36666666666666714
7,219.62000000000006,10.356412014295527,-0.34793879596844746,10,Flow609,3,Flow60,0.5545837198669936,9,1500,1814.2000000000003,1.209466666666667,0.35641201429552716,False,False,True,False,False,9,2,-1.03166787380908,-0.5895375009608642,2.3376058461785663,0.0550369172463423,0.9464285714285712
8,102.55999999999997,8.310235026713856,0.0550941059650834,10,Flow609,3,Flow60,-2.0461769875816707,9,1500,1916.7600000000002,1.27784,0.0,False,False,True,False,False,9,2,-6.907755278982137,0.7159731679825276,2.11748789086379,-0.2201179553147763,0.21584773849145567
9,210.77000000000004,8.71758969871234,0.0,10,Flow609,3,Flow60,0.4073546719984833,9,1500,2127.53,1.4183533333333336,0.0,False,False,True,False,False,9,2,-6.907755278982137,-0.8980710430424954,2.165342789014284,0.04785489815049404,0.21584773849145567
10,210.55999999999997,8.716300598351951,-0.001128908966830402,10,Flow609,3,Flow60,-0.0012891003603883178,9,1500,2338.09,1.5587266666666668,0.0,False,False,True,False,False,9,2,-6.907755278982137,-6.653810698949419,2.1651949045959733,-0.00014788441831070642,0.4499999999999993
11,60.49000000000001,9.345414085001595,0.08221365919378933,10,Flow609,3,Flow60,0.6291134866496435,9,1500,2398.58,1.5990533333333332,0.0,False,False,True,False,False,9,2,-6.907755278982137,-0.46344361462983436,2.2348857507874227,0.06969084619144938,0.9853372434017595
12,26.07000000000002,8.348314606741573,-0.03926316713845185,10,Flow609,3,Flow60,-0.9970994782600222,9,1500,2424.65,1.6164333333333334,0.0,False,False,True,False,False,9,2,-6.907755278982137,-0.0029047364049510334,2.122059674985619,-0.1128260758018036,0.15344827586206922
1,0.0,10.197628075484443,0.0,11,Flow609,3,Flow60,,9,1500,0.0,0.0,0.1976280754844435,False,False,True,False,False,9,2,-1.6213684213499682,,2.3221551516290586,,4.148148148148148
2,526.43,10.197628075484443,0.0035015190361461,11,Flow609,3,Flow60,0.0,9,1500,526.43,0.3509533333333333,0.1976280754844435,False,False,True,False,False,9,2,-1.6213684213499682,-6.907755278982137,2.3221551516290586,0.0,0.33386226594731827
3,595.44,9.773004415456413,-0.2732265175614047,11,Flow609,3,Flow60,-0.42462366002803087,9,1500,1121.87,0.7479133333333332,0.0,False,False,True,False,False,9,2,-6.907755278982137,-0.8565520081659952,2.279623933158133,-0.04253121847092567,0.3552091878589012
4,329.43000000000006,8.953294005998718,-0.21490890363557483,11,Flow609,3,Flow60,-0.819710409457695,9,1500,1451.3,0.9675333333333334,0.0,False,False,True,False,False,9,2,-6.907755278982137,-0.19880416029716677,2.192021509937668,-0.08760242322046485,0.36410256410256414
5,163.7,10.59831660336797,0.4354529328511689,11,Flow609,3,Flow60,1.6450225973692518,9,1500,1615.0,1.0766666666666667,0.5983166033679694,False,False,True,False,False,9,2,-0.5136352280636799,0.49775412112556816,2.3606951775031972,0.16867366756552915,0.5995370370370372
6,119.05000000000001,11.91663078106347,-0.1864790726390939,11,Flow609,3,Flow60,1.3183141776955,9,1500,1734.05,1.1560333333333332,1.9166307810634695,False,False,True,False,False,9,2,0.6505688430424661,0.27635378225289653,2.4779349690880834,0.11723979158488618,1.1395348837209305
7,182.14999999999998,11.545950431547281,0.1013631383532678,11,Flow609,3,Flow60,-0.37068034951618856,9,1500,1916.1999999999998,1.2774666666666665,1.545950431547281,False,False,True,False,False,9,2,0.4356388872626574,-0.9924151793586508,2.4463347635018007,-0.03160020558628274,0.32135306553911214
8,102.75000000000003,10.964327345997948,-0.057178492812507656,11,Flow609,3,Flow60,-0.5816230855493334,9,1500,2018.9499999999998,1.3459666666666665,0.9643273459979476,False,False,True,False,False,9,2,-0.036324471475327906,-0.541932660377724,2.3946470344339135,-0.05168772906788721,0.8442967884828345
9,64.26000000000003,9.717029669010463,-0.02680400940258127,11,Flow609,3,Flow60,-1.2472976769874844,9,1500,2083.21,1.3888066666666667,0.0,False,False,True,False,False,9,2,-6.907755278982137,0.22097935271492458,2.273879982162352,-0.12076705227156159,0.8968253968253963
10,78.47999999999996,9.462752293577982,0.012182552002483672,11,Flow609,3,Flow60,-0.25427737543248163,9,1500,2161.69,1.4411266666666667,0.0,False,False,True,False,False,9,2,-6.907755278982137,-1.3693295785320794,2.2473632808734383,-0.02651670128891359,0.17777777777777715
11,100.55999999999997,10.163470022419903,0.030116376431185515,11,Flow609,3,Flow60,0.7007177288419211,9,1500,2262.25,1.5081666666666667,0.1634700224199026,False,False,True,False,False,9,2,-1.8111256545690781,-0.3556501423103146,2.318799921479387,0.07143664060594856,0.4573593073593072
12,56.87000000000002,10.33554661306783,-0.015018400809018298,11,Flow609,3,Flow60,0.17207659064792757,9,1500,2319.12,1.54608,0.3355466130678302,False,False,True,False,False,9,2,-1.0919943961024103,-1.7598156068181467,2.3355890812433873,0.016789159764000416,0.28392857142857153
1,0.0,11.384563029557084,0.0,12,Flow609,3,Flow60,,9,1500,0.0,0.0,1.3845630295570839,False,False,True,False,False,9,2,0.32538458773318624,,2.432258317536883,,10.0
2,366.00000000000006,11.384563029557084,0.04653457688758566,12,Flow609,3,Flow60,0.0,9,1500,366.00000000000006,0.24400000000000005,1.3845630295570839,False,False,True,False,False,9,2,0.32538458773318624,-6.907755278982137,2.432258317536883,0.0,0.4670101695309459
3,546.81,11.122558433055982,-0.26933418217035876,12,Flow609,3,Flow60,-0.26200459650110197,9,1500,912.81,0.60854,1.122558433055982,False,False,True,False,False,9,2,0.1156103954539908,-1.3393932314775967,2.4089753372743683,-0.02328298026251474,0.3301127214170698
4,254.52,10.130406779938916,-0.033516841544104656,12,Flow609,3,Flow60,-0.992151653117066,9,1500,1167.33,0.7782199999999999,0.13040677993891592,False,False,True,False,False,9,2,-2.0370966374446,-0.00787930725555381,2.315541473420692,-0.09343386385367625,0.500538548752834
5,194.6599999999999,9.864662478890397,-0.01788519793360385,12,Flow609,3,Flow60,-0.2657443010485192,9,1500,1361.9899999999998,0.9079933333333332,0.0,False,False,True,False,False,9,2,-6.907755278982137,-1.325220706774522,2.2889589248893065,-0.02658254853138553,0.35232112061380416
6,225.18,10.025005455923797,0.02871584967256909,12,Flow609,3,Flow60,0.16034297703339995,9,1500,1587.1699999999998,1.0581133333333332,0.02500545592379666,False,False,True,False,False,9,2,-3.6886612409722894,-1.8304401515358297,2.305082517424285,0.016123592534978304,0.45302500477649055
7,208.68000000000004,10.186709713322458,-0.001928951745358905,12,Flow609,3,Flow60,0.1617042573986609,9,1500,1795.85,1.1972333333333334,0.18670971332245756,False,False,True,False,False,9,2,-1.6782002034221843,-1.8219861837496303,2.321083901405554,0.016001383981269157,0.4719785575048734
8,121.93,10.302250429472899,0.022104190549616064,12,Flow609,3,Flow60,0.11554071615044137,9,1500,1917.78,1.2785199999999999,0.30225042947289893,False,False,True,False,False,9,2,-1.1964993685688106,-2.158132290358099,2.3323623596688376,0.011278458263283664,0.5480769230769234
9,7.490000000000009,13.0,0.0,12,Flow609,3,Flow60,2.697749570527101,9,1500,1925.27,1.2835133333333333,3.0,False,False,True,False,False,9,2,1.0986122886681098,0.9924179330649927,2.5649493574615367,0.2325869977926991,0.8304093567251458
10,20.93000000000002,12.186046511627907,0.0,12,Flow609,3,Flow60,-0.8139534883720927,9,1500,1946.2,1.2974666666666668,2.1860465116279073,False,False,True,False,False,9,2,0.7820946665764417,-0.20585205420414915,2.5002915686274796,-0.06465778883405715,0.9555555555555566
11,48.27999999999999,10.864299339126413,-0.034145910214927445,12,Flow609,3,Flow60,-1.3217471725014942,9,1500,1994.48,1.3296533333333334,0.8642993391264131,False,False,True,False,False,9,2,-0.14583611285832365,0.2789544769228834,2.385482123743678,-0.11480944488380151,0.5746031746031743
12,153.82,11.853357815055913,0.08813384518420901,12,Flow609,3,Flow60,0.9890584759295002,9,1500,2148.3,1.4322000000000001,1.8533578150559133,False,False,True,False,False,9,2,0.616999029069679,-0.01100182278830749,2.4726111873626304,0.08712906361895234,0.8547008547008543
1,0.0,12.536430173383357,0.0,13,Flow609,4,Flow60,,6,1200,0.0,0.0,6.536430173383357,False,False,False,True,False,9,2,1.8773911713930493,,2.528638819508316,,6.177777777777778
2,282.96,12.536430173383357,-0.017893784331468248,13,Flow609,4,Flow60,0.0,6,1200,282.96,0.23579999999999998,6.536430173383357,False,False,False,True,False,9,2,1.8773911713930493,-6.907755278982137,2.528638819508316,0.0,0.27394105473935326
3,548.77,11.72647242169539,-0.432453260169402,13,Flow609,4,Flow60,-0.8099577516879659,6,1200,831.73,0.6931083333333333,5.726472421695391,False,False,False,True,False,9,2,1.7450997079347368,-0.2107731910858684,2.4618488861233887,-0.06678993338492711,0.27151612043698314
4,229.96,10.572308489515168,-0.02653589041146024,13,Flow609,4,Flow60,-1.1541639321802233,6,1200,1061.69,0.8847416666666668,4.5723084895151676,False,False,False,True,False,9,2,1.520018217303557,0.14337621361240913,2.3582381761796527,-0.103610709943736,0.392081736909323
5,119.41999999999999,10.88044218195765,0.027439986830028726,13,Flow609,4,Flow60,0.3081336924424818,6,1200,1181.1100000000001,0.9842583333333335,4.880442181957649,False,False,False,True,False,9,2,1.5852358268170172,-1.1772215238164234,2.386966882325993,0.028728706146340155,0.3094927360414079
6,241.31000000000003,9.391415011027673,-0.23028078568720245,13,Flow609,4,Flow60,-1.489027170929976,6,1200,1422.42,1.1853500000000001,3.3914150110276733,False,False,False,True,False,9,2,1.2212472416849256,0.39812300130568296,2.23979597526724,-0.14717090705875302,0.30332864510079727
7,285.32,8.661551145437482,-0.17605362529042717,13,Flow609,4,Flow60,-0.7298638655901915,6,1200,1707.74,1.4231166666666666,2.661551145437482,False,False,False,True,False,9,2,0.9789090902175858,-0.3148972477231703,2.158893822636296,-0.08090215263094391,0.16814345991561197
8,192.17000000000004,7.414473555488994,0.0023469093665535513,13,Flow609,4,Flow60,-1.2470775899484883,6,1200,1899.91,1.5832583333333334,1.4144735554889936,False,False,False,True,False,9,2,0.34675741627825213,0.2208028860521216,2.003433975832654,-0.1554598468036419,0.18333333333333357
9,49.959999999999994,8.317363181254294,0.18010580675396773,13,Flow609,4,Flow60,0.9028896257653001,6,1200,1949.8700000000001,1.6248916666666668,2.3173631812542936,False,False,False,True,False,9,2,0.8404299795001324,-0.10215496363913203,2.118345279271659,0.1149113034390048,3.5666666666666664
10,67.53,7.391722884016229,-0.23431644691186676,13,Flow609,4,Flow60,-0.9256402972380648,6,1200,2017.4,1.6811666666666667,1.3917228840162288,False,False,False,True,False,9,2,0.33054246451910896,-0.07726956770844688,2.0003608450024983,-0.1179844342691605,0.25
11,0.0,7.391722884016229,0.0,13,Flow609,4,Flow60,0.0,6,1200,2017.4,1.6811666666666667,1.3917228840162288,False,False,False,True,False,9,2,0.33054246451910896,-6.907755278982137,2.0003608450024983,0.0,0.25
12,0.0,7.391722884016229,0.0,13,Flow609,4,Flow60,0.0,6,1200,2017.4,1.6811666666666667,1.3917228840162288,False,False,False,True,False,9,2,0.33054246451910896,-6.907755278982137,2.0003608450024983,0.0,0.25
1,0.0,12.540449940479295,0.0,14,Flow609,4,Flow60,,6,1200,0.0,0.0,6.540449940479295,False,False,False,True,False,9,2,1.8780059613410414,,2.528959414982084,,10.0
2,237.51,12.540449940479295,-0.49012600621847374,14,Flow609,4,Flow60,0.0,6,1200,237.51,0.197925,6.540449940479295,False,False,False,True,False,9,2,1.8780059613410414,-6.907755278982137,2.528959414982084,0.0,0.19310344827586245
3,711.36,11.648508047145485,1.1875201727610976,14,Flow609,4,Flow60,-0.8919418933338097,6,1200,948.87,0.790725,5.648508047145485,False,False,False,True,False,9,2,1.731391447835595,-0.11435429052641558,2.4551781071880305,-0.07378130779405367,1.7134057971014496
4,330.27000000000004,11.193736783786534,-0.5791449574928296,14,Flow609,4,Flow60,-0.45477126335895157,6,1200,1279.14,1.0659500000000002,5.193736783786534,False,False,False,True,False,9,2,1.6474534349804117,-0.7879607043286062,2.415354406148268,-0.039823701039762405,0.325814536340852
5,363.6,10.641642444266127,0.038487448893704625,14,Flow609,4,Flow60,-0.5520943395204068,6,1200,1642.7400000000002,1.3689500000000001,4.641642444266127,False,False,False,True,False,9,2,1.5350682786611285,-0.5940363423793521,2.364774837063044,-0.05057956908522421,0.18575763858782768
6,346.52,9.925745729533272,-0.16350579914512928,14,Flow609,4,Flow60,-0.715896714732855,6,1200,1989.2600000000002,1.657716666666667,3.925745729533272,False,False,False,True,False,9,2,1.3675563279731953,-0.33421937559338377,2.2951319602275544,-0.06964287683548953,0.33749999999999947
7,91.43999999999994,7.3015986638033885,0.06704380026314541,14,Flow609,4,Flow60,-2.6241470657298835,6,1200,2080.7000000000003,1.733916666666667,1.3015986638033885,False,False,False,True,False,9,2,0.2635932503420999,0.9647559159022641,1.9880933192199917,-0.30703864100756273,0.211515151515151
8,108.81000000000003,7.835944223040997,0.007977948279344761,14,Flow609,4,Flow60,0.5343455592376083,6,1200,2189.51,1.8245916666666668,1.8359442230409968,False,False,False,True,False,9,2,0.6075589121295288,-0.6267125346331917,2.058721382017272,0.07062806279728018,0.22083333333333321
9,122.72999999999999,7.590909090909091,-0.020246765763523227,14,Flow609,4,Flow60,-0.24503513213190597,6,1200,2312.2400000000002,1.926866666666667,1.5909090909090908,False,False,False,True,False,9,2,0.4643056081310978,-1.4063536822609402,2.0269513590584394,-0.03177002295883247,0.16296296296296298
10,87.73000000000002,7.978099126452028,0.08522880786459558,14,Flow609,4,Flow60,0.38719003554293696,6,1200,2399.9700000000003,1.9999750000000003,1.9780991264520278,False,False,False,True,False,9,2,0.6821363464301843,-0.9488396585623627,2.076700178381211,0.04974881932277153,1.088967327359942
11,0.0,7.978099126452028,0.0,14,Flow609,4,Flow60,0.0,6,1200,2399.9700000000003,1.9999750000000003,1.9780991264520278,False,False,False,True,False,9,2,0.6821363464301843,-6.907755278982137,2.076700178381211,0.0,1.088967327359942
12,79.82,7.8144951686193656,-0.07046608022497111,14,Flow609,4,Flow60,-0.16360395783266224,6,1200,2479.7900000000004,2.066491666666667,1.8144951686193656,False,False,False,True,False,9,2,0.5958072850162255,-1.810306662974928,2.055980364041473,-0.02071981433973802,0.17619047619047645
1,0.0,10.583091292119597,0.0,15,Flow609,4,Flow60,,6,1200,0.0,0.0,4.583091292119597,False,False,False,True,False,9,2,1.5223737250579388,,2.3592575663731243,,10.0
2,460.43999999999994,10.583091292119597,0.1233415661667476,15,Flow609,4,Flow60,0.0,6,1200,460.43999999999994,0.38369999999999993,4.583091292119597,False,False,False,True,False,9,2,1.5223737250579388,-6.907755278982137,2.3592575663731243,0.0,0.2792397660818713
3,701.3699999999999,10.583978004048316,-0.08187695975036167,15,Flow609,4,Flow60,0.0008867119287181424,6,1200,1161.81,0.968175,4.583978004048316,False,False,False,True,False,9,2,1.5225671809821466,-7.0279903987330385,2.3593413485837673,8.378221064297975e-05,0.19653065247388124
4,429.1,9.795263374776702,0.1297656818087073,15,Flow609,4,Flow60,-0.7887146292716132,6,1200,1590.9099999999999,1.3257583333333331,3.7952633747767024,False,False,False,True,False,9,2,1.3337538089076615,-0.2373507101618882,2.2818989397309464,-0.07744240885282094,0.2792397660818722
5,192.23999999999995,9.909113959197791,-0.07480624420388654,15,Flow609,4,Flow60,0.11385058442108864,6,1200,1783.1499999999999,1.4859583333333333,3.909113959197791,False,False,False,True,False,9,2,1.3633107394167772,-2.172868353230503,2.293454935585643,0.011555995854696466,0.13049645390070985
6,171.14,9.449557635931491,-0.011203690452233763,15,Flow609,4,Flow60,-0.4595563232663,6,1200,1954.29,1.6285749999999999,3.449557635931491,False,False,False,True,False,9,2,1.23824600135306,-0.7774937695810273,2.245967929397441,-0.047487006188201786,0.10686662893793653
7,80.69000000000004,9.103340259538317,-0.010029576434704592,15,Flow609,4,Flow60,-0.34621737639317374,6,1200,2034.98,1.6958166666666667,3.1033402595383173,False,False,False,True,False,9,2,1.1324790344781983,-1.0606884457226615,2.2086414076599445,-0.03732652173749651,4.5638297872340425
8,0.0,9.103340259538317,0.0,15,Flow609,4,Flow60,0.0,6,1200,2034.98,1.6958166666666667,3.1033402595383173,False,False,False,True,False,9,2,1.1324790344781983,-6.907755278982137,2.2086414076599445,0.0,0.6138297872340424
9,138.57,7.623712615593974,-0.08063927932681304,15,Flow609,4,Flow60,-1.479627643944343,6,1200,2173.55,1.8112916666666667,1.6237126155939743,False,False,False,True,False,9,2,0.4847152652389203,0.3917904641919667,2.0312634709397033,-0.17737793672024127,1.8666666666666671
10,332.55999999999995,7.001103209157469,-0.28137703362926203,15,Flow609,4,Flow60,-0.6226094064365055,6,1200,2506.11,2.088425,1.0011032091574688,False,False,False,True,False,9,2,0.001102601069437291,-0.4738359127744228,1.9460677379457416,-0.08519573299396166,1.4705882352941182
11,25.639999999999993,5.371252338530174,0.003193833327305792,15,Flow609,4,Flow60,-1.629850870627295,6,1200,2531.75,2.1097916666666667,0.6287476614698262,False,False,False,True,False,9,2,-0.4640252769073892,0.4884885202204654,1.681061091486107,-0.26500664645963457,0.2705882352941176
12,45.84000000000002,5.393216709476014,-0.005710035870659033,15,Flow609,4,Flow60,0.021964370945839917,6,1200,2577.59,2.147991666666667,0.6067832905239863,False,False,False,True,False,9,2,-0.49958356892714467,-3.8183336408973476,1.6851419990218914,0.004080907535784384,0.7372549019607841
1,0.0,12.962534820972918,0.0,16,Flow609,4,Flow60,,6,1200,0.0,0.0,6.962534820972918,False,False,False,True,False,9,2,1.9405436064578325,,2.562063259837316,,4.175438596491228
2,296.21000000000004,12.962534820972918,0.29980683271364467,16,Flow609,4,Flow60,0.0,6,1200,296.21000000000004,0.2468416666666667,6.962534820972918,False,False,False,True,False,9,2,1.9405436064578325,-6.907755278982137,2.562063259837316,0.0,0.2934472934472936
3,578.78,11.46435502074554,-0.5179663592222776,16,Flow609,4,Flow60,-1.498179800227378,6,1200,874.99,0.7291583333333334,5.46435502074554,False,False,False,True,False,9,2,1.6982460946719276,0.40425090474643866,2.4392426583598255,-0.12282060147749041,0.29870065981638305
4,218.68,10.06041070951287,0.11484911621913439,16,Flow609,4,Flow60,-1.403944311232669,6,1200,1093.67,0.9113916666666667,4.060410709512871,False,False,False,True,False,9,2,1.4012841284758553,0.3392856404527719,2.30860798983355,-0.13063466852627537,0.3254385964912281
5,306.65,9.168794545761056,-0.20830724509748974,16,Flow609,4,Flow60,-0.8916161637518147,6,1200,1400.3200000000002,1.1669333333333334,3.168794545761056,False,False,False,True,False,9,2,1.1533512460924096,-0.11471954870718777,2.215805821330733,-0.0928021685028173,0.5277777777777777
6,39.73999999999998,8.013108196161227,0.0,16,Flow609,4,Flow60,-1.1556863495998293,6,1200,1440.0600000000002,1.20005,2.0131081961612267,False,False,False,True,False,9,2,0.6996798939272166,0.14469440955962345,2.0810787252832377,-0.1347270960474951,0.6194299768518521
7,1.9700000000000273,7.5625,-0.0005843708965495501,16,Flow609,4,Flow60,-0.4506081961612267,6,1200,1442.0300000000002,1.2016916666666668,1.5625,False,False,False,True,False,9,2,0.44628710262841953,-0.7971570617103892,2.0232018233569597,-0.057876901926277924,0.7129629629629628
8,0.0,7.5625,0.0,16,Flow609,4,Flow60,0.0,6,1200,1442.0300000000002,1.2016916666666668,1.5625,False,False,False,True,False,9,2,0.44628710262841953,-6.907755278982137,2.0232018233569597,0.0,0.9074074074074074
9,281.89000000000004,7.080519843250421,0.274172789551891,16,Flow609,4,Flow60,-0.4819801567495787,6,1200,1723.9200000000003,1.4366000000000003,1.0805198432504213,False,False,False,True,False,9,2,0.07744226167393278,-0.7298523343483243,1.9573473291981172,-0.06585449415884259,0.6121212121212114
10,29.01999999999999,9.70594991959568,0.0,16,Flow609,4,Flow60,2.6254300763452587,6,1200,1752.9400000000003,1.4607833333333335,3.70594991959568,False,False,False,True,False,9,2,1.309939614440961,0.9652447212312257,2.272739091233022,0.31539176203490493,1.2166666666666672
11,60.25,7.799180327868851,0.0,16,Flow609,4,Flow60,-1.906769591726829,6,1200,1813.1900000000003,1.510991666666667,1.799180327868851,False,False,False,True,False,9,2,0.5873311877819687,0.645410496941549,2.0540186420029474,-0.21872044923007472,0.3319727891156461
12,83.07999999999998,7.946433828516395,-0.0043036001252405726,16,Flow609,4,Flow60,0.14725350064754394,6,1200,1896.2700000000002,1.5802250000000002,1.946433828516395,False,False,False,True,False,9,2,0.665998892379504,-1.9155996832352744,2.07272325299698,0.018704610994032755,0.14146528576908324
1,0.0,10.793128305852163,0.0,17,Flow609,5,Flow60,,14,1100,0.0,0.0,3.2068716941478375,False,False,False,False,True,9,2,1.165295911849507,,2.378909663649151,,1.5708333333333337
2,562.78,10.793128305852163,-0.926464053142135,17,Flow609,5,Flow60,0.0,14,1100,562.78,0.5116181818181817,3.2068716941478375,False,False,False,False,True,9,2,1.165295911849507,-6.907755278982137,2.378909663649151,0.0,0.34878934624697333
3,707.7900000000001,10.628308425776224,-0.007326623282163116,17,Flow609,5,Flow60,-0.16481988007593884,14,1100,1270.5700000000002,1.1550636363636364,3.3716915742237763,False,False,False,False,True,9,2,1.2154145692373461,-1.8029020372534084,2.3635210475909276,-0.015388616058223281,0.16666666666666607
4,20.00000000000001,14.000000000000002,-0.025830386382220304,17,Flow609,5,Flow60,3.371691574223778,14,1100,1290.5700000000002,1.1732454545454547,1.7763568394002505e-15,False,False,False,False,True,9,2,-33.96421184743732,1.2154145692373466,2.639057329615259,0.2755362820243312,4.55
5,144.76000000000002,10.80557886357281,0.007399329432406801,17,Flow609,5,Flow60,-3.1944211364271915,14,1100,1435.3300000000002,1.3048454545454546,3.1944211364271897,False,False,False,False,True,9,2,1.1614058934577283,1.1614058934577287,2.380062562200167,-0.25899476741509186,0.6462034134447929
6,149.99999999999997,10.833489647454442,0.001237994995853676,17,Flow609,5,Flow60,0.02791078388163193,14,1100,1585.3300000000002,1.441209090909091,3.166510352545558,False,False,False,False,True,9,2,1.15263014636599,-3.5787421457791564,2.3826422295592797,0.0025796673591127472,0.6328818487909391
7,269.24,10.646074799714603,-0.021509488962741914,17,Flow609,5,Flow60,-0.18741484773983963,14,1100,1854.5700000000002,1.6859727272727274,3.3539252002853974,False,False,False,False,True,9,2,1.2101313615081448,-1.6744306821144428,2.365191260812169,-0.017450968747110718,0.08333333333333393
8,286.38,10.593671520310963,-0.01011113086299028,17,Flow609,5,Flow60,-0.05240327940363976,14,1100,2140.9500000000003,1.946318181818182,3.406328479689037,False,False,False,False,True,9,2,1.2256350190727108,-2.9487861055745133,2.360256796441044,-0.004934464371125102,0.09166666666666679
9,146.49999999999997,10.51173265032076,-0.0012322191540177245,17,Flow609,5,Flow60,-0.0819388699902035,14,1100,2287.4500000000003,2.0795000000000003,3.4882673496792407,False,False,False,False,True,9,2,1.249405151526607,-2.5017817976565335,2.3524920286106883,-0.007764767830355623,0.23809523809523903
10,175.13,12.376504941173536,0.02083074538837479,17,Flow609,5,Flow60,1.8647722908527768,14,1100,2462.5800000000004,2.2387090909090914,1.6234950588264638,False,False,False,False,True,9,2,0.4845812690245422,0.6231389495839562,2.5157999124686485,0.16330788385796025,0.14879320539697893
11,32.66999999999999,12.834408988156094,0.036216212846755906,17,Flow609,5,Flow60,0.4579040469825575,14,1100,2495.2500000000005,2.2684090909090915,1.1655910118439063,False,False,False,False,True,9,2,0.15322826468510675,-0.781095621221962,2.552129766372075,0.03632985390342647,1.2666040100250626
12,67.88999999999996,12.5259865351909,-0.07525921916639909,17,Flow609,5,Flow60,-0.30842245296519444,14,1100,2563.1400000000003,2.330127272727273,1.4740134648091008,False,False,False,False,True,9,2,0.3879889286026954,-1.1762848352569912,2.527805409153809,-0.02432435721826609,0.14947873446457116
1,0.0,12.304307854376498,0.0,18,Flow609,5,Flow60,,14,1100,0.0,0.0,1.695692145623502,False,False,False,False,True,9,2,0.5280910029826704,,2.509949433124569,,3.1521739130434785
2,193.94,12.304307854376498,-0.2625757932561435,18,Flow609,5,Flow60,0.0,14,1100,193.94,0.17630909090909092,1.695692145623502,False,False,False,False,True,9,2,0.5280910029826704,-6.907755278982137,2.509949433124569,0.0,0.15358851674641105
3,461.26,10.97459113259347,-0.14717307805982577,18,Flow609,5,Flow60,-1.3297167217830275,14,1100,655.2,0.5956363636363636,3.0254088674065294,False,False,False,False,True,9,2,1.1070462451281573,0.28496592840724727,2.395582703833875,-0.11436672929069402,0.09848073792729295
4,508.47999999999996,11.533186189222288,0.18106402817287606,18,Flow609,5,Flow60,0.5585950566288176,14,1100,1163.68,1.0578909090909092,2.466813810777712,False,False,False,False,True,9,2,0.9029273627808351,-0.5823304750826895,2.445228635154266,0.04964593132039097,0.19716494845360888
5,355.84000000000003,11.519917085950311,-0.08570803124515988,18,Flow609,5,Flow60,-0.013269103271976945,14,1100,1519.52,1.3813818181818183,2.4800829140496887,False,False,False,False,True,9,2,0.9082919927025696,-4.322317008507115,2.444077457841697,-0.0011511773125687519,0.1252557188023058
6,259.52,11.02121453712458,0.02520805484282132,18,Flow609,5,Flow60,-0.4987025488257313,14,1100,1779.04,1.6173090909090908,2.97878546287542,False,False,False,False,True,9,2,1.0915156546475413,-0.6957454555032146,2.3998220097321337,-0.04425544810956339,0.2039473684210531
7,98.07,11.38709677419355,0.0,18,Flow609,5,Flow60,0.36588223706896983,14,1100,1877.11,1.7064636363636363,2.61290322580645,False,False,False,False,True,9,2,0.960461950187292,-1.0054437539977044,2.4324808524481507,0.032658842716017045,0.2039473684210531
8,98.05999999999997,11.387096774193548,0.0,18,Flow609,5,Flow60,-1.7763568394002505e-15,14,1100,1975.1699999999998,1.7956090909090907,2.612903225806452,False,False,False,False,True,9,2,0.9604619501872926,-33.96421184743732,2.4324808524481507,0.0,0.2039473684210531
9,143.88,11.60635890388121,0.017533204839105972,18,Flow609,5,Flow60,0.219262129687662,14,1100,2119.0499999999997,1.9264090909090907,2.39364109611879,False,False,False,False,True,9,2,0.8728156778179078,-1.5174873257132164,2.4515531292848696,0.01907227683671886,0.1146616541353378
10,240.69,11.55072446241979,0.016505080312185064,18,Flow609,5,Flow60,-0.055634441461419826,14,1100,2359.74,2.1452181818181817,2.4492755375802098,False,False,False,False,True,9,2,0.8957922818822286,-2.8889528187610574,2.446748159019763,-0.004804970265106512,0.12894736842105292
11,107.5,12.201632653061223,0.19069020903854678,18,Flow609,5,Flow60,0.6509081906414327,14,1100,2467.24,2.2429454545454544,1.798367346938777,False,False,False,False,True,9,2,0.5868792238235166,-0.4293866749195438,2.501569766806987,0.054821607787224114,2.1166666666666663
12,6.319999999999993,14.263157894736842,-0.004437669636177469,18,Flow609,5,Flow60,2.0615252416756196,14,1100,2473.56,2.248690909090909,0.2631578947368425,False,False,False,False,True,9,2,-1.3350010667323386,0.723446117414678,2.6576798417132603,0.15611007490627316,0.15833333333333321
1,0.0,12.577439639267057,0.0,19,Flow609,5,Flow60,,14,1100,0.0,0.0,1.422560360732943,False,False,False,False,True,9,2,0.35245831897078483,,2.5319047042676313,,1.2374489200233505
2,161.56,12.577439639267057,-0.17330449998925765,19,Flow609,5,Flow60,0.0,14,1100,161.56,0.14687272727272727,1.422560360732943,False,False,False,False,True,9,2,0.35245831897078483,-6.907755278982137,2.5319047042676313,0.0,0.14360887868350503
3,364.8,12.627394720303739,0.010612102335746876,19,Flow609,5,Flow60,0.049955081036682,14,1100,526.36,0.47850909090909094,1.372605279696261,False,False,False,False,True,9,2,0.31671059797797696,-2.9966310566048566,2.5358686379904296,0.003963933722798352,0.08788318361354808
4,412.53,11.771324351808135,-0.10838122539341744,19,Flow609,5,Flow60,-0.8560703684956046,14,1100,938.89,0.8535363636363636,2.2286756481918655,False,False,False,False,True,9,2,0.8014075293210181,-0.1554027000326844,2.465666434212387,-0.07020220377804254,0.167440261303077
5,456.4699999999999,11.510457660872696,-0.09420390466392164,19,Flow609,5,Flow60,-0.2608666909354387,14,1100,1395.36,1.2685090909090908,2.489542339127304,False,False,False,False,True,9,2,0.9120988940361421,-1.3437457648426125,2.4432559839652574,-0.02241045024712962,0.167440261303077
6,291.12,11.299836816975443,0.06887396333772257,19,Flow609,5,Flow60,-0.210620843897253,14,1100,1686.48,1.5331636363636363,2.700163183024557,False,False,False,False,True,9,2,0.9933122093412149,-1.5576957103087554,2.4247882846383986,-0.018467699326858877,0.1814449917898191
7,181.47,11.71525170139033,-0.007130426620571993,19,Flow609,5,Flow60,0.4154148844148864,14,1100,1867.95,1.6981363636363638,2.2847482986096708,False,False,False,False,True,9,2,0.826255864497469,-0.8784775366584999,2.4608915571229186,0.036103272484520055,0.15937762825904134
8,187.66000000000003,11.687814409931866,-0.03297230807422111,19,Flow609,5,Flow60,-0.02743729145846352,14,1100,2055.61,1.8687363636363639,2.3121855900681343,False,False,False,False,True,9,2,0.838193220109284,-3.595852188778328,2.458546795637514,-0.002344761485404412,1.0731707317073171
9,74.81,11.738334516706393,0.0,19,Flow609,5,Flow60,0.05052010677452756,14,1100,2130.42,1.9367454545454545,2.2616654832936067,False,False,False,False,True,9,2,0.8161014813880509,-2.9853838679920335,2.4628599403419575,0.004313144704443328,1.0731707317073171
10,37.02000000000001,11.780315308678356,0.004247791672324154,19,Flow609,5,Flow60,0.04198079197196236,14,1100,2167.44,1.9704000000000002,2.2196846913216444,False,False,False,False,True,9,2,0.7973651548606433,-3.1705430993087544,2.4664299443065123,0.0035700039645547577,0.10542879622344614
11,194.5,12.392156862745098,0.03209058619766568,19,Flow609,5,Flow60,0.6118415540667428,14,1100,2361.94,2.147218181818182,1.6078431372549016,False,False,False,False,True,9,2,0.4748936145399271,-0.49128192857358854,2.5170637614225315,0.05063381711601922,0.08225806451612883
12,14.909999999999997,12.0,0.0,19,Flow609,5,Flow60,-0.3921568627450984,14,1100,2376.85,2.160772727272727,2.0,False,False,False,False,True,9,2,0.6931471805599453,-0.9360933591703338,2.4849066497880004,-0.032157111634531166,0.10542879622344614
1,0.0,12.538796364832633,0.0,20,Flow609,5,Flow60,,14,1100,0.0,0.0,1.461203635167367,False,False,False,False,True,9,2,0.3792605037317944,,2.5288275469323884,,4.118694362017804
2,154.4,12.538796364832633,-0.09849219468108936,20,Flow609,5,Flow60,0.0,14,1100,154.4,0.14036363636363636,1.461203635167367,False,False,False,False,True,9,2,0.3792605037317944,-6.907755278982137,2.5288275469323884,0.0,0.046296296296296724
3,604.8700000000001,12.389074799932974,-0.0076283731070648335,20,Flow609,5,Flow60,-0.14972156489965904,14,1100,759.2700000000001,0.6902454545454546,1.610925200067026,False,False,False,False,True,9,2,0.4768086723701718,-1.898977943825412,2.516815019723978,-0.012012527208410617,0.046296296296296724
4,455.25,12.587949255617378,0.07939186857401193,20,Flow609,5,Flow60,0.19887445568440398,14,1100,1214.52,1.104109090909091,1.412050744382622,False,False,False,False,True,9,2,0.3450430763733303,-1.6150815293013874,2.5327399480228703,0.01592492829889247,0.14377289377289326
5,389.91999999999985,12.363672782231866,-0.07883012965244643,20,Flow609,5,Flow60,-0.22427647338551182,14,1100,1604.4399999999998,1.458581818181818,1.6363272177681338,False,False,False,False,True,9,2,0.49245422904176733,-1.4948757320097712,2.5147625585550384,-0.017977389467831895,0.10348496940675744
6,250.83000000000004,11.993215752004701,0.15025695794713362,20,Flow609,5,Flow60,-0.3704570302271648,14,1100,1855.27,1.686609090909091,2.0067842479952986,False,False,False,False,True,9,2,0.696533564282474,-0.9930178187663669,2.4843411359155603,-0.030421422639478113,0.21666666666666679
7,225.57999999999996,13.017618031261415,-0.040116150345756996,20,Flow609,5,Flow60,1.024402279256714,14,1100,2080.85,1.891681818181818,0.9823819687385846,False,False,False,False,True,9,2,-0.017775076054744536,0.024109300308264733,2.566303673135871,0.08196253722031077,0.20170940170940188
8,181.93000000000004,11.89247311827957,0.0,20,Flow609,5,Flow60,-1.1251449129818454,14,1100,2262.7799999999997,2.057072727272727,2.10752688172043,False,False,False,False,True,9,2,0.7455151660772612,0.11791183890030758,2.475905688929024,-0.09039798420684697,0.6347222222222229
9,173.0,11.971203834500752,0.07831627061066583,20,Flow609,5,Flow60,0.0787307162211821,14,1100,2435.7799999999997,2.2143454545454544,2.028796165499248,False,False,False,False,True,9,2,0.7074425952250956,-2.541721904644591,2.482504085482113,0.006598396553088914,0.32991452991452963
10,10.889999999999986,13.037482693158625,-0.0002826341809117901,20,Flow609,5,Flow60,1.0662788586578724,14,1100,2446.6699999999996,2.2242454545454544,0.9625173068413755,False,False,False,False,True,9,2,-0.038203231847959804,0.06417488502172747,2.567828492859749,0.08532440737763602,0.5622222222222222
11,0.0,13.037482693158625,0.0,20,Flow609,5,Flow60,0.0,14,1100,2446.6699999999996,2.2242454545454544,0.9625173068413755,False,False,False,False,True,9,2,-0.038203231847959804,-6.907755278982137,2.567828492859749,0.0,0.7222222222222223
12,148.64000000000007,13.180154613954398,-0.010413189386028851,20,Flow609,5,Flow60,0.14267192079577384,14,1100,2595.3099999999995,2.359372727272727,0.8198453860456016,False,False,False,False,True,9,2,-0.1986395101052285,-1.9472075447388237,2.5787122599580883,0.01088376709833927,0.7222222222222223
1,0.0,5.820728291316526,0.0,1,Flow6010,1,Flow60,,14,1100,0.0,0.0,8.179271708683473,True,False,False,False,False,10,2,2.1016031134826885,,1.7614253898795336,,3.9444444444444446
2,170.0,5.820728291316526,0.018325134452589428,1,Flow6010,1,Flow60,0.0,14,1100,170.0,0.15454545454545454,8.179271708683473,True,False,False,False,False,10,2,2.1016031134826885,-6.907755278982137,1.7614253898795336,0.0,6.035087719298246
3,120.85000000000002,12.13858059994651,0.008725070309103716,1,Flow6010,1,Flow60,6.317852308629983,14,1100,290.85,0.2644090909090909,1.8614194000534905,True,False,False,False,False,10,2,0.621339315006711,1.8433793258214444,2.4963888595162307,0.7349634696366971,0.6252678879667863
4,235.32999999999998,12.383258410019618,0.028357569934489846,1,Flow6010,1,Flow60,0.2446778100731084,14,1100,526.1800000000001,0.47834545454545463,1.616741589980382,True,False,False,False,False,10,2,0.48041275952517953,-1.4078129948149487,2.5163454321424656,0.01995657262623496,0.1879569892473114
5,334.96,12.230242641502013,0.03776731634493953,1,Flow6010,1,Flow60,-0.153015768517605,14,1100,861.1400000000001,0.7828545454545456,1.769757358497987,True,False,False,False,False,10,2,0.5708424515942913,-1.8772143006936772,2.5039117893634355,-0.01243364277903014,0.30444444444444496
6,256.39,12.36102139728935,0.03054891299530233,1,Flow6010,1,Flow60,0.13077875578733789,14,1100,1117.5300000000002,1.0159363636363639,1.6389786027106492,True,False,False,False,False,10,2,0.49407324458840174,-2.0342482706781917,2.5145480859364144,0.010636296572978932,0.2766666666666673
7,318.09000000000003,10.866051337850065,-0.0229196644849976,1,Flow6010,1,Flow60,-1.4949700594392858,14,1100,1435.6200000000003,1.3051090909090912,3.133948662149935,True,False,False,False,False,10,2,1.1422937628647318,0.4021061795111916,2.3856433727500557,-0.12890471318635877,0.35275362318840564
8,91.68999999999998,12.630706849864987,0.1981437188491558,1,Flow6010,1,Flow60,1.7646555120149223,14,1100,1527.3100000000004,1.3884636363636367,1.3692931501350127,True,False,False,False,False,10,2,0.3142946578860879,0.5679554940070306,2.5361309007397526,0.1504875279896969,1.785266457680251
9,38.01000000000003,10.994427775396485,-0.10334745889458424,1,Flow6010,1,Flow60,-1.6362790744685025,14,1100,1565.3200000000004,1.4230181818181822,3.0055722246035153,True,False,False,False,False,10,2,1.1004679740196952,0.49242480704881386,2.3973885785774858,-0.13874232216226678,4.2747899159663865
10,376.2699999999999,11.081587109429737,-0.009989391128864884,1,Flow6010,1,Flow60,0.08715933403325238,14,1100,1941.5900000000004,1.7650818181818184,2.918412890570263,True,False,False,False,False,10,2,1.0710399378872508,-2.4400174096731786,2.4052849119843978,0.007896333406911982,0.31764705882353006
11,234.79000000000002,11.233958554181486,0.03438450361208778,1,Flow6010,1,Flow60,0.1523714447517488,14,1100,2176.3800000000006,1.9785272727272731,2.766041445818514,True,False,False,False,False,10,2,1.0174172171572464,-1.881434023680966,2.418941204783646,0.013656292799248071,0.31764705882353006
12,32.400000000000006,13.277027744590475,0.02790038231585442,1,Flow6010,1,Flow60,2.043069190408989,14,1100,2208.7800000000007,2.0079818181818188,0.722972255409525,True,False,False,False,False,10,2,-0.32438443182036775,0.7144531823246566,2.5860353045847364,0.16709409980109058,0.476923076923077
1,0.0,11.241305347020072,0.0,2,Flow6010,1,Flow60,,14,1100,0.0,0.0,2.758694652979928,True,False,False,False,False,10,2,1.0147576160332041,,2.419594971799024,,3.9642857142857144
2,48.62,11.241305347020072,-0.13138240713807683,2,Flow6010,1,Flow60,0.0,14,1100,48.62,0.044199999999999996,2.758694652979928,True,False,False,False,False,10,2,1.0147576160332041,-6.907755278982137,2.419594971799024,0.0,0.20753965651663897
3,378.34999999999997,11.849631467540117,1.0223886001787612,2,Flow6010,1,Flow60,0.6083261205200454,14,1100,426.96999999999997,0.3881545454545454,2.1503685324598827,True,False,False,False,False,10,2,0.7656392378969364,-0.4970441583833232,2.472296767311888,0.052701795512863914,1.0045454545454549
4,71.0,11.61382277800188,0.1139932319991924,2,Flow6010,1,Flow60,-0.23580868953823675,14,1100,497.96999999999997,0.4527,2.3861772219981194,True,False,False,False,False,10,2,0.8696925966919837,-1.4447344402506634,2.452196007491422,-0.020100759820465885,2.454545454545454
5,80.5,15.01316260390015,-0.0012268876122037676,2,Flow6010,1,Flow60,3.39933982589827,14,1100,578.47,0.5258818181818182,1.0131626039001507,True,False,False,False,False,10,2,0.013076729561894346,1.2235812439154534,2.7089273232447675,0.2567313157533455,0.4666141180592067
6,290.6,12.528170561505418,0.15506886333806605,2,Flow6010,1,Flow60,-2.484992042394733,14,1100,869.07,0.7900636363636364,1.4718294384945825,True,False,False,False,False,10,2,0.3865061430052498,0.9102694572878243,2.527979753579895,-0.18094756966487235,0.6295454545454549
7,152.74999999999997,10.757315965904493,-0.08192010760033863,2,Flow6010,1,Flow60,-1.770854595600925,14,1100,1021.82,0.9289272727272728,3.2426840340955074,True,False,False,False,False,10,2,1.1764013924507462,0.5714622524379241,2.3755860780690132,-0.1523936755108819,1.7901960784313733
8,410.09000000000003,10.311732476113296,0.06492009197982665,2,Flow6010,1,Flow60,-0.445583489791197,14,1100,1431.91,1.3017363636363637,3.6882675238867044,True,False,False,False,False,10,2,1.3051568420783535,-0.8083706426910459,2.3332823223322947,-0.04230375573671852,0.27039381153305175
9,276.63,10.563499762315663,-0.015178317228633574,2,Flow6010,1,Flow60,0.25176728620236766,14,1100,1708.54,1.5532181818181818,3.4365002376843368,True,False,False,False,False,10,2,1.2344535807441754,-1.3792500855803926,2.357404640257623,0.024122317925328485,4.115384615384615
10,90.87000000000002,10.469752301181815,0.28208100080240633,2,Flow6010,1,Flow60,-0.09374746113384802,14,1100,1799.41,1.635827272727273,3.530247698818185,True,False,False,False,False,10,2,1.2613680381203112,-2.3671506957372745,2.3484903666447896,-0.00891427361283359,1.7337662337662332
11,293.13,10.003430522192074,-0.33722397296975,2,Flow6010,1,Flow60,-0.4663217789897409,14,1100,2092.54,1.902309090909091,3.9965694778079257,True,False,False,False,False,10,2,1.3854363625963872,-0.7628793702972798,2.3029280863842945,-0.045562280260495136,1.4732181497386736
12,38.55000000000014,6.985887260883259,0.07793082033684927,2,Flow6010,1,Flow60,-3.0175432613088153,14,1100,2131.09,1.9373545454545456,7.014112739116741,True,False,False,False,False,10,2,1.9479242250300335,1.1044430106916883,1.94389200839059,-0.3590360779937045,0.8057774001699238
1,0.0,10.342132924868165,0.0,3,Flow6010,1,Flow60,,14,1100,0.0,0.0,3.6578670751318345,True,False,False,False,False,10,2,1.2968802111815376,,2.336226126808485,,4.333333333333333
2,434.02000000000004,10.342132924868165,0.2694833879625346,3,Flow6010,1,Flow60,0.0,14,1100,434.02000000000004,0.3945636363636364,3.6578670751318345,True,False,False,False,False,10,2,1.2968802111815376,-6.907755278982137,2.336226126808485,0.0,0.27392344497607635
3,90.18,13.53846153846154,0.156086232248898,3,Flow6010,1,Flow60,3.1963286135933746,14,1100,524.2,0.4765454545454546,0.4615384615384599,True,False,False,False,False,10,2,-0.7731898882334853,1.1620028428916573,2.605534637576615,0.2693085107681301,1.3363636363636369
4,321.82,11.85615401572237,-0.7723950338261841,3,Flow6010,1,Flow60,-1.6823075227391708,14,1100,846.02,0.7691090909090909,2.1438459842776307,True,False,False,False,False,10,2,0.7626014049368451,0.5201663764319459,2.4728470589992444,-0.13268757857737068,0.5692982456140356
5,251.76000000000002,12.319325899600974,-0.14036637243306296,3,Flow6010,1,Flow60,0.463171883878605,14,1100,1097.78,0.9979818181818182,1.6806741003990258,True,False,False,False,False,10,2,0.5191949631733338,-0.7696570543096,2.5111692406669226,0.0383221816676782,0.26742532005689945
6,257.14,11.084958217270197,0.0,3,Flow6010,1,Flow60,-1.2343676823307774,14,1100,1354.92,1.2317454545454547,2.915041782729803,True,False,False,False,False,10,2,1.069884153397775,0.21055884085142004,2.4055890737576253,-0.10558016690929728,0.26742532005689945
7,132.91999999999996,11.883778694420677,-0.0037392056646988036,3,Flow6010,1,Flow60,0.7988204771504801,14,1100,1487.8400000000001,1.3525818181818183,2.116221305579323,True,False,False,False,False,10,2,0.7496320952849534,-0.22461904287860932,2.475174335281282,0.06958526152365652,0.7172219376248936
8,60.98000000000002,12.034145074970933,-0.02670872454062834,3,Flow6010,1,Flow60,0.1503663805502562,14,1100,1548.8200000000002,1.408018181818182,1.965854925029067,True,False,False,False,False,10,2,0.6759272270536224,-1.8946804260291752,2.4877480321493706,0.012573696868088735,0.3235010328332253
9,54.59000000000002,12.08698627682434,-0.0049968934466878305,3,Flow6010,1,Flow60,0.05284120185340768,14,1100,1603.41,1.4576454545454547,1.9130137231756592,True,False,False,False,False,10,2,0.6486798640736082,-2.9404640544427036,2.4921293595101113,0.0043813273607407055,0.17721576668945094
10,124.10000000000001,12.234648441403996,0.010275621559563046,3,Flow6010,1,Flow60,0.1476621645796552,14,1100,1727.51,1.5704636363636364,1.765351558596004,True,False,False,False,False,10,2,0.5683498538914045,-1.9128282862437775,2.5042719626366114,0.012142603126500173,0.16857007383323186
11,153.90999999999997,12.256505576208177,0.0,3,Flow6010,1,Flow60,0.021857134804180944,14,1100,1881.42,1.7103818181818182,1.743494423791823,True,False,False,False,False,10,2,0.5558913888444411,-3.8232278750812485,2.5060568634698916,0.0017849008332802008,0.16857007383323186
12,118.51000000000002,11.782000270232876,-0.04906095505164244,3,Flow6010,1,Flow60,-0.47450530597530083,14,1100,1999.93,1.818118181818182,2.217999729767124,True,False,False,False,False,10,2,0.7966057670918847,-0.7454824787495735,2.466572966035574,-0.03948389743431768,0.23026315789473717
1,0.0,11.951011753002705,0.0,4,Flow6010,1,Flow60,,14,1100,0.0,0.0,2.048988246997295,True,False,False,False,False,10,2,0.7173461332702266,,2.4808159403168353,,2.5213675213675213
2,506.28,11.951011753002705,-1.1733913714951336,4,Flow6010,1,Flow60,0.0,14,1100,506.28,0.4602545454545454,2.048988246997295,True,False,False,False,False,10,2,0.7173461332702266,-6.907755278982137,2.4808159403168353,0.0,0.1859649122807019
3,374.48,11.6408567028364,-0.18050571860291909,4,Flow6010,1,Flow60,-0.31015505016630485,14,1100,880.76,0.8006909090909091,2.3591432971636,True,False,False,False,False,10,2,0.8582985434571158,-1.1706829447153904,2.4545210394949866,-0.02629490082184871,0.1859649122807019
4,283.73,11.432799643715844,0.11327672541987964,4,Flow6010,1,Flow60,-0.20805705912055572,14,1100,1164.49,1.0586272727272728,2.5672003562841557,True,False,False,False,False,10,2,0.942815949596671,-1.5699429142054304,2.436486386022114,-0.018034653472872364,0.09585182836609629
5,128.33999999999997,11.874426649959627,-0.001879742194387814,4,Flow6010,1,Flow60,0.4416270062437828,14,1100,1292.83,1.1753,2.125573350040373,True,False,False,False,False,10,2,0.7540415777674316,-0.8172896304458206,2.4743870666464236,0.0379006806243094,0.09176294394522966
6,171.23000000000002,10.60248516084161,0.06646792519355413,4,Flow6010,1,Flow60,-1.2719414891180172,14,1100,1464.06,1.3309636363636363,3.39751483915839,True,False,False,False,False,10,2,1.2230442347034955,0.24054446473888272,2.3610884227751185,-0.11329864387130506,0.3380952380952378
7,180.93,10.908547410066749,-0.06846759964776401,4,Flow6010,1,Flow60,0.306062249225139,14,1100,1644.99,1.4954454545454545,3.091452589933251,True,False,False,False,False,10,2,1.128641074279697,-1.1839667688782733,2.3895466479986998,0.028458225223581213,0.18127250900360092
8,226.03999999999996,11.233898702455635,0.21727772682183344,4,Flow6010,1,Flow60,0.32535129238888594,14,1100,1871.03,1.7009363636363637,2.766101297544365,True,False,False,False,False,10,2,1.017438854966909,-1.1228497807457112,2.418935877019172,0.02938922902047203,0.273076923076923
9,146.79000000000005,12.118183878324245,-0.0004137761495806955,4,Flow6010,1,Flow60,0.8842851758686106,14,1100,2017.82,1.8343818181818181,1.8818161216757545,True,False,False,False,False,10,2,0.6322373327106773,-0.1229756712313245,2.4947071243905294,0.07577124737135765,0.27214059348890807
10,132.65,12.106357562505718,-0.003285966680451419,4,Flow6010,1,Flow60,-0.011826315818527888,14,1100,2150.47,1.954972727272727,1.8936424374942824,True,False,False,False,False,10,2,0.6385021899795488,-4.437428076500552,2.4937307330076868,-0.0009763913828426674,0.13504901960784288
11,33.68000000000001,11.604392496405504,-0.00844806549123315,4,Flow6010,1,Flow60,-0.5019650661002135,14,1100,2184.1499999999996,1.9855909090909087,2.395607503594496,True,False,False,False,False,10,2,0.8736368536434117,-0.6892247511536711,2.4513836899206285,-0.04234704308705828,0.3517730496453897
12,108.02000000000004,11.483870967741934,0.0,4,Flow6010,1,Flow60,-0.12052152866356991,14,1100,2292.1699999999996,2.083790909090909,2.516129032258066,True,False,False,False,False,10,2,0.922721622204446,-2.1159268809009584,2.440943526366884,-0.01044016355374433,0.3517730496453897
1,0.0,11.690833612455975,0.0,5,Flow6010,2,Flow60,,6,1200,0.0,0.0,5.690833612455975,False,True,False,False,False,10,2,1.738856742232759,,2.458805082818022,,3.1818181818181817
2,182.45,11.690833612455975,-0.21031850602275212,5,Flow6010,2,Flow60,0.0,6,1200,182.45,0.15204166666666666,5.690833612455975,False,True,False,False,False,10,2,1.738856742232759,-6.907755278982137,2.458805082818022,0.0,0.39753086419753103
3,24.50999999999999,8.0,0.0,5,Flow6010,2,Flow60,-3.6908336124559753,6,1200,206.95999999999998,0.17246666666666666,2.0,False,True,False,False,False,10,2,0.6931471805599453,1.305852343773017,2.0794415416798357,-0.3793635411381864,1.2380952380952386
4,112.0,8.62610229276896,0.02410007618114003,5,Flow6010,2,Flow60,0.6261022927689606,6,1200,318.96,0.2658,2.6261022927689606,False,True,False,False,False,10,2,0.9655007289562574,-0.46824151425233446,2.1547927568116054,0.07535121513176968,1.4676549865229114
5,383.18,9.174571413729899,0.2048010868991564,5,Flow6010,2,Flow60,0.548469120960938,6,1200,702.14,0.5851166666666666,3.1745714137298986,False,True,False,False,False,10,2,1.155172635431375,-0.6006242980969287,2.216435680449565,0.061642923637959424,1.4397759103641459
6,439.14,9.990493824244961,0.10816711535631039,5,Flow6010,2,Flow60,0.8159224105150624,6,1200,1141.28,0.9510666666666666,3.990493824244961,False,True,False,False,False,10,2,1.3839149887183853,-0.20343601369201958,2.3016340232951005,0.08519834284553562,1.4254901960784312
7,70.33000000000001,8.99630314232902,-0.1138259662489807,5,Flow6010,2,Flow60,-0.9941906819159403,6,1200,1211.61,1.0096749999999999,2.9963031423290207,False,True,False,False,False,10,2,1.0973792428891946,-0.0058262578097227355,2.196813730986973,-0.10482029230812762,0.2588235294117647
8,180.0,8.8,0.0,5,Flow6010,2,Flow60,-0.19630314232902002,6,1200,1391.61,1.159675,2.8000000000000007,False,True,False,False,False,10,2,1.0296194171811586,-1.6280951700386446,2.174751721484161,-0.022062009502811897,1.0921568627450982
9,20.0,9.3,-0.032369107421862844,5,Flow6010,2,Flow60,0.5,6,1200,1411.61,1.1763416666666666,3.3000000000000007,False,True,False,False,False,10,2,1.1939224684724348,-0.6931471805599453,2.2300144001592104,0.055262678675049415,0.6933333333333334
10,32.250000000000014,7.839008433427038,-0.02161930769374422,5,Flow6010,2,Flow60,-1.4609915665729627,6,1200,1443.86,1.2032166666666666,1.839008433427038,False,True,False,False,False,10,2,0.609226531488253,0.37911536038568916,2.059112351035454,-0.1709020491237565,0.8605494505494504
11,89.81,7.730396268010332,0.02298918643334865,5,Flow6010,2,Flow60,-0.10861216541670604,6,1200,1533.6699999999998,1.2780583333333333,1.730396268010332,False,True,False,False,False,10,2,0.5483504389335887,-2.219971857344462,2.0451601249348554,-0.01395222610059843,0.15618597320725014
12,72.79999999999997,7.788958399738398,-0.03457059868345065,5,Flow6010,2,Flow60,0.058562131728066014,6,1200,1606.4699999999998,1.338725,1.788958399738398,False,True,False,False,False,10,2,0.5816335508959044,-2.8376670075314907,2.05270714102464,0.007547016089784364,0.6667679837892604
1,44.3,9.230769230769232,0.006383914151005462,6,Flow6010,2,Flow60,,6,1200,44.3,0.03691666666666667,3.2307692307692317,False,True,False,False,False,10,2,1.172720260821832,,2.2225423853205095,,4.375
2,251.42000000000002,9.779180871836715,0.04774139456885812,6,Flow6010,2,Flow60,0.5484116410674833,6,1200,295.72,0.24643333333333337,3.779180871836715,False,True,False,False,False,10,2,1.329507285576237,-0.6007291041898007,2.280255725103125,0.0577133397826155,0.4134615384615392
3,317.87,9.568794761909754,0.07043857159822446,6,Flow6010,2,Flow60,-0.2103861099269615,6,1200,613.59,0.511325,3.5687947619097535,False,True,False,False,False,10,2,1.2722279370853111,-1.5588108177552378,2.2585072583394736,-0.021748466763651386,1.5958333333333332
4,370.67,9.611000641657368,-0.5725812265073885,6,Flow6010,2,Flow60,0.04220587974761436,6,1200,984.26,0.8202166666666667,3.611000641657368,False,True,False,False,False,10,2,1.2839849199905051,-3.1651957371335766,2.2629083426039553,0.004401084264481714,3.833333333333333
5,231.40000000000003,8.410107409313094,1.052917841064021,6,Flow6010,2,Flow60,-1.2008932323442743,6,1200,1215.66,1.01305,2.4101074093130936,False,True,False,False,False,10,2,0.8796713146891387,0.18306564018213123,2.1294342455219795,-0.13347409708197588,4.625
6,0.0,8.410107409313094,-0.0,6,Flow6010,2,Flow60,0.0,6,1200,1215.66,1.01305,2.4101074093130936,False,True,False,False,False,10,2,0.8796713146891387,-6.907755278982137,2.1294342455219795,0.0,2.0761143818334737
7,108.0,8.451612903225806,-0.08610566214490137,6,Flow6010,2,Flow60,0.04150549391271241,6,1200,1323.66,1.10305,2.451612903225806,False,True,False,False,False,10,2,0.8967461358011847,-3.1819294770685453,2.1343572992759507,0.004923053753971285,0.9049539170506908
8,166.21999999999997,7.962367175038877,-0.03754100997656771,6,Flow6010,2,Flow60,-0.4892457281869289,6,1200,1489.88,1.2415666666666667,1.9623671750388771,False,True,False,False,False,10,2,0.6741514868750773,-0.7148904040942408,2.0747263394453483,-0.059630959830602404,0.15656565656565657
9,196.56,7.945784965595998,-0.0514035399230714,6,Flow6010,2,Flow60,-0.01658220944287958,6,1200,1686.44,1.4053666666666667,1.9457849655959976,False,True,False,False,False,10,2,0.6656654769366775,-4.099424878630959,2.0726415950574357,-0.002084744387912618,0.21622067448680315
10,149.65,7.566539079945092,0.022766475839180608,6,Flow6010,2,Flow60,-0.37924588565090556,6,1200,1836.0900000000001,1.530075,1.566539079945092,False,True,False,False,False,10,2,0.44886877839870215,-0.9695705094586033,2.0237357739958224,-0.04890582106161334,0.16718587746625113
11,106.00999999999999,8.36286472709769,-0.021425983146675712,6,Flow6010,2,Flow60,0.7963256471525986,6,1200,1942.1000000000001,1.6184166666666668,2.3628647270976906,False,True,False,False,False,10,2,0.8598747503104032,-0.2277470723351049,2.1238010391038786,0.10006526510805624,0.13501549358123066
12,0.0,8.36286472709769,0.0,6,Flow6010,2,Flow60,0.0,6,1200,1942.1000000000001,1.6184166666666668,2.3628647270976906,False,True,False,False,False,10,2,0.8598747503104032,-6.907755278982137,2.1238010391038786,0.0,1.0378321042529546
1,0.0,7.5991059233561655,-0.0,7,Flow6010,2,Flow60,,6,1200,0.0,0.0,1.5991059233561655,False,True,False,False,False,10,2,0.46944467515760424,,2.0280305987082996,,3.1739130434782608
2,306.9,7.5991059233561655,0.21767724281529885,7,Flow6010,2,Flow60,0.0,6,1200,306.9,0.25575,1.5991059233561655,False,True,False,False,False,10,2,0.46944467515760424,-6.907755278982137,2.0280305987082996,0.0,0.14386903948364083
3,146.92,7.753795062160163,0.03479577626518437,7,Flow6010,2,Flow60,0.15468913880399704,6,1200,453.81999999999994,0.37818333333333326,1.7537950621601626,False,True,False,False,False,10,2,0.5617820468500673,-1.8663377319867809,2.048182408948488,0.020151810240188528,0.11089367253750781
4,216.22000000000003,7.577428129452363,0.02324342997980483,7,Flow6010,2,Flow60,-0.17636693270779968,6,1200,670.04,0.5583666666666667,1.5774281294523629,False,True,False,False,False,10,2,0.45579575461872096,-1.7351886092865658,2.0251738451740406,-0.023008563774447488,0.20424049137727307
5,380.63,8.094144884102509,-0.005697253879373435,7,Flow6010,2,Flow60,0.5167167546501457,6,1200,1050.67,0.8755583333333334,2.0941448841025085,False,True,False,False,False,10,2,0.7391453001706306,-0.6602604179516144,2.0911409464790998,0.06596710130505912,0.10069178400149381
6,322.15000000000003,7.69566623749345,-0.12860755431128648,7,Flow6010,2,Flow60,-0.39847864660905863,6,1200,1372.8200000000002,1.144016666666667,1.69566623749345,False,True,False,False,False,10,2,0.528075724072496,-0.920101366606488,2.0406573441139098,-0.050483602365190006,0.21261614401858298
7,391.16,8.074579219728653,0.14389696011626932,7,Flow6010,2,Flow60,0.3789129822352031,6,1200,1763.9800000000002,1.4699833333333336,2.074579219728653,False,True,False,False,False,10,2,0.7297583474459287,-0.9704486985854435,2.088720758739067,0.048063414625157286,0.11275174101261021
8,217.60999999999999,7.371056754191662,-0.0030164787870420305,7,Flow6010,2,Flow60,-0.7035224655369907,6,1200,1981.5900000000001,1.6513250000000002,1.3710567541916623,False,True,False,False,False,10,2,0.31558179592444485,-0.3516554689830712,1.9975610818372114,-0.09115967690185567,0.1634199134199137
9,192.90000000000003,7.903497392371038,0.04927397025700487,7,Flow6010,2,Flow60,0.5324406381793754,6,1200,2174.4900000000002,1.812075,1.9034973923710377,False,True,False,False,False,10,2,0.6436929269267042,-0.6302838652100632,2.0673053694018164,0.06974428756460505,0.17169069462647446
10,27.99999999999997,8.069899519440805,-0.01436714784953536,7,Flow6010,2,Flow60,0.16640212706976687,6,1200,2202.4900000000002,1.8354083333333335,2.0698995194408045,False,True,False,False,False,10,2,0.7275000647661644,-1.793347967805534,2.0881410310817645,0.020835661679948103,7.522727272727273
11,139.68000000000004,4.847745708883154,-0.1458273491396031,7,Flow6010,2,Flow60,-3.222153810557651,6,1200,2342.17,1.9518083333333334,1.1522542911168463,False,True,False,False,False,10,2,0.14172027673117837,1.1700500212186231,1.5785137946031893,-0.5096272364785752,0.20082288401253923
12,123.53,5.250922589917167,0.054523722617164656,7,Flow6010,2,Flow60,0.40317688103401306,6,1200,2465.7000000000003,2.0547500000000003,0.7490774100828332,False,True,False,False,False,10,2,-0.28891294955985136,-0.9083799025742294,1.65840379257737,0.07988999797418073,0.267535655833528
1,32.0,8.242424242424242,0.0,8,Flow6010,2,Flow60,,6,1200,32.0,0.02666666666666667,2.242424242424242,False,True,False,False,False,10,2,0.8075575317376894,,2.109294504829517,,4.151515151515151
2,351.62,8.626456591396014,0.05847919794496841,8,Flow6010,2,Flow60,0.38403234897177185,6,1200,383.62,0.3196833333333333,2.626456591396014,False,True,False,False,False,10,2,0.9656356341083572,-0.9570284878285886,2.154833828820631,0.04553932399111371,1.8499999999999996
3,150.13,8.795506195015061,0.05335384836096989,8,Flow6010,2,Flow60,0.16904960361904742,6,1200,533.75,0.44479166666666664,2.7955061950150615,False,True,False,False,False,10,2,1.0280131975490228,-1.7775630945866998,2.1742409313957327,0.01940710257510192,0.4506638069224236
4,151.94,8.436883207944552,-0.04594835312206736,8,Flow6010,2,Flow60,-0.3586229870705093,6,1200,685.69,0.5714083333333334,2.436883207944552,False,True,False,False,False,10,2,0.8907198489745674,-1.025483617605362,2.1326129522459736,-0.04162797914975913,0.14638331115625647
5,252.21999999999994,8.991920546025344,0.13525214685175865,8,Flow6010,2,Flow60,0.5550373380807923,6,1200,937.91,0.7815916666666667,2.9919205460253444,False,True,False,False,False,10,2,1.0959155042868154,-0.5887198916773718,2.196326457038603,0.06371350479262938,0.7465886384290235
6,178.62000000000006,8.972977097892123,-0.040054301484545383,8,Flow6010,2,Flow60,-0.018943448133221352,6,1200,1116.53,0.9304416666666666,2.972977097892123,False,True,False,False,False,10,2,1.0895638406200343,-3.966297152186008,2.1942175159770034,-0.002108941061599534,1.572480620155039
7,173.98999999999998,7.86786045317362,0.0,8,Flow6010,2,Flow60,-1.1051166447185032,6,1200,1290.52,1.0754333333333332,1.8678604531736198,False,True,False,False,False,10,2,0.624793633147666,0.0999508902297883,2.062786164372276,-0.13143135160472763,1.6034330011074203
8,232.96999999999997,8.288588525819845,0.0,8,Flow6010,2,Flow60,0.42072807264622547,6,1200,1523.49,1.269575,2.2885885258198453,False,True,False,False,False,10,2,0.8279352632647918,-0.8657685621920668,2.11487969238554,0.05209352801326439,0.11831395348837237
9,136.14000000000001,8.375465348415302,0.01981307108204848,8,Flow6010,2,Flow60,0.08687682259545682,6,1200,1659.63,1.3830250000000002,2.375465348415302,False,True,False,False,False,10,2,0.8651933544684833,-2.4432639958011984,2.1253066401573957,0.010426947771855488,0.43488372093023253
10,192.63000000000005,8.380961361187424,0.008498207516973652,8,Flow6010,2,Flow60,0.005496012772121972,6,1200,1852.2600000000002,1.5435500000000002,2.380961361187424,False,True,False,False,False,10,2,0.8675043393963283,-5.203732400170689,2.1259626288194724,0.000655988662076723,0.4466926070038908
11,179.09999999999997,8.418118466898955,0.0,8,Flow6010,2,Flow60,0.03715710571153075,6,1200,2031.3600000000001,1.6928,2.418118466898955,False,True,False,False,False,10,2,0.8829897447471834,-3.2926002552730202,2.1303863432950845,0.004423714475612073,0.4466926070038908
12,173.31000000000003,8.418118466898957,0.0,8,Flow6010,2,Flow60,1.7763568394002505e-15,6,1200,2204.67,1.837225,2.4181184668989566,False,True,False,False,False,10,2,0.8829897447471842,-33.96421184743732,2.1303863432950845,0.0,4.4
1,0.0,9.730131159551842,0.0,9,Flow6010,3,Flow60,,9,1500,0.0,0.0,0.0,False,False,True,False,False,10,2,-6.907755278982137,,2.2752273760198913,,4.555555555555555
2,318.54,9.730131159551842,0.18496473251160367,9,Flow6010,3,Flow60,0.0,9,1500,318.54,0.21236000000000002,0.0,False,False,True,False,False,10,2,-6.907755278982137,-6.907755278982137,2.2752273760198913,0.0,0.2929517458553299
3,262.21,9.881150396665904,0.09066418641880501,9,Flow6010,3,Flow60,0.1510192371140615,9,1500,580.75,0.38716666666666666,0.0,False,False,True,False,False,10,2,-6.907755278982137,-1.8903480521752947,2.29062894189103,0.015401565871138612,0.18919491525423737
4,509.82,10.543092018996916,0.2121631215514659,9,Flow6010,3,Flow60,0.6619416223310122,9,1500,1090.57,0.7270466666666666,0.5430920189969157,False,False,True,False,False,10,2,-0.6104765093228995,-0.4125779107235597,2.355470860527597,0.06484191863656719,0.38541666666666696
5,233.27999999999997,10.697548398310351,-0.09665330947289538,9,Flow6010,3,Flow60,0.15445637931343548,9,1500,1323.85,0.8825666666666666,0.6975483983103512,False,False,True,False,False,10,2,-0.3601833794353022,-1.8678435570491077,2.3700145935622463,0.014543733034649176,0.9270833333333339
6,347.1,10.309519274746524,-0.030110560268290253,9,Flow6010,3,Flow60,-0.3880291235638271,9,1500,1670.9499999999998,1.1139666666666665,0.3095192747465241,False,False,True,False,False,10,2,-1.172734911748078,-0.9466748814442661,2.333067669856101,-0.036946923706145274,0.44549995946822296
7,298.66999999999996,10.881075886751779,0.0,9,Flow6010,3,Flow60,0.5715566120052546,9,1500,1969.62,1.31308,0.8810758867517787,False,False,True,False,False,10,2,-0.12661151969336337,-0.5593917420263862,2.3870251231888138,0.053957453332712735,0.46557971014492683
8,363.14,10.285070532822264,0.03707849435349607,9,Flow6010,3,Flow60,-0.5960053539295149,9,1500,2332.7599999999998,1.555173333333333,0.2850705328222638,False,False,True,False,False,10,2,-1.2550186457456072,-0.5175056288539222,2.3306933809153643,-0.0563317422734495,0.19091544374563174
9,199.68000000000004,10.769608079338305,0.024245800447509062,9,Flow6010,3,Flow60,0.48453754651604086,9,1500,2532.4399999999996,1.688293333333333,0.7696080793383047,False,False,True,False,False,10,2,-0.26187388158503727,-0.7245603552647835,2.3767281004725804,0.046034719557216164,0.3392156862745104
10,57.93999999999994,10.41501142301883,-0.010032245972409756,9,Flow6010,3,Flow60,-0.35459665631947423,9,1500,2590.3799999999997,1.7269199999999998,0.4150114230188304,False,False,True,False,False,10,2,-0.8794492337836748,-1.036774314829594,2.343248171497627,-0.03347992897495322,0.833333333333333
11,11.680000000000035,11.297459891403284,-0.01455606563292857,9,Flow6010,3,Flow60,0.8824484683844531,9,1500,2602.0599999999995,1.7347066666666664,1.2974598914032835,False,False,True,False,False,10,2,0.2604084233668454,-0.12505488464510134,2.4245779120782114,0.08132974058058418,8.553571428571429
12,90.0,7.0,-0.03343164714010832,9,Flow6010,3,Flow60,-4.2974598914032835,9,1500,2692.0599999999995,1.7947066666666662,1.0,False,False,True,False,False,10,2,0.0,1.458024125224516,1.9459101490553132,-0.47866776302289815,2.125490196078431
1,0.0,9.576666320155446,0.0,10,Flow6010,3,Flow60,,9,1500,0.0,0.0,0.0,False,False,True,False,False,10,2,-6.907755278982137,,2.2593295481402245,,6.444444444444445
2,594.9,9.576666320155446,-0.11273417454341894,10,Flow6010,3,Flow60,0.0,9,1500,594.9,0.3966,0.0,False,False,True,False,False,10,2,-6.907755278982137,-6.907755278982137,2.2593295481402245,0.0,0.11870748299319711
3,510.54,9.852954910039886,0.05240280454746713,10,Flow6010,3,Flow60,0.27628858988443916,9,1500,1105.44,0.7369600000000001,0.0,False,False,True,False,False,10,2,-6.907755278982137,-1.2863093440168054,2.287771401062728,0.028441852922503674,0.11533346403947231
4,678.31,10.068618074482812,0.02464941148082599,10,Flow6010,3,Flow60,0.2156631644429261,9,1500,1783.75,1.1891666666666667,0.06861807448281176,False,False,True,False,False,10,2,-2.679199302528288,-1.5340375123402763,2.309423465385087,0.021652064322359,0.061954452706681984
5,229.48000000000002,10.15976550182405,-0.005211953563309555,10,Flow6010,3,Flow60,0.09114742734123737,9,1500,2013.23,1.3421533333333333,0.15976550182404914,False,False,True,False,False,10,2,-1.8340481524101604,-2.3952770027073744,2.3184353613548474,0.009011895969760264,0.028107852039003234
6,234.65999999999997,10.369017161183848,0.008111025621961676,10,Flow6010,3,Flow60,0.20925165935979884,9,1500,2247.89,1.4985933333333332,0.369017161183848,False,False,True,False,False,10,2,-0.9969121287497388,-1.5642176396091139,2.3388222406219166,0.02038687926706917,0.07628622235926397
7,126.99000000000002,10.214542162552744,0.020415864293176596,10,Flow6010,3,Flow60,-0.1544749986311036,9,1500,2374.88,1.5832533333333334,0.2145421625527444,False,False,True,False,False,10,2,-1.5392489979123913,-1.8677230168966987,2.3238124071528232,-0.015009833469093348,0.3785406014624222
8,10.199999999999989,10.542635658914728,-0.009335777668521781,10,Flow6010,3,Flow60,0.3280934963619835,9,1500,2385.08,1.5900533333333333,0.5426356589147279,False,False,True,False,False,10,2,-0.6113171623123146,-1.1144566613328968,2.3554275743684254,0.0316151672156022,5.1063829787234045
9,0.0,10.542635658914728,0.0,10,Flow6010,3,Flow60,0.0,9,1500,2385.08,1.5900533333333333,0.5426356589147279,False,False,True,False,False,10,2,-0.6113171623123146,-6.907755278982137,2.3554275743684254,0.0,1.1166666666666671
10,174.62999999999997,6.8085811047312115,-0.07601861228587337,10,Flow6010,3,Flow60,-3.7340545541835164,9,1500,2559.71,1.7064733333333333,1.1914188952687885,False,False,True,False,False,10,2,0.1751449458053267,1.317494655131582,1.918183743787552,-0.43724383058087346,0.4853387259858444
11,124.79999999999998,6.747104157462724,0.1213538028740278,10,Flow6010,3,Flow60,-0.061476947268487514,9,1500,2684.51,1.7896733333333334,1.252895842537276,False,False,True,False,False,10,2,0.22545754599207585,-2.7890930156029787,1.9091133991225022,-0.009070344665049745,0.42777777777777803
12,93.49999999999997,8.701298701298702,0.0,10,Flow6010,3,Flow60,1.9541945438359782,9,1500,2778.01,1.8520066666666668,0.0,False,False,True,False,False,10,2,-6.907755278982137,0.6699781105049564,2.163472290531328,0.2543588914088257,0.42777777777777803
1,0.64,8.03921568627451,0.0,11,Flow6010,3,Flow60,,9,1500,0.64,0.00042666666666666667,0.0,False,False,True,False,False,10,2,-6.907755278982137,,2.0843315269740277,,3.122448979591836
2,305.36,8.584914970847366,0.06986015464877039,11,Flow6010,3,Flow60,0.5456992845728568,9,1500,306.0,0.204,0.0,False,False,True,False,False,10,2,-6.907755278982137,-0.6056872158172776,2.1500065899145273,0.06567506294049963,0.43333333333333357
3,293.99,9.360147313289055,0.03272266680126275,11,Flow6010,3,Flow60,0.7752323424416883,9,1500,599.99,0.3999933333333333,0.0,False,False,True,False,False,10,2,-6.907755278982137,-0.25459249785988813,2.236461028964908,0.08645443905038075,0.14583333333333393
4,330.11,9.290471492342663,-0.05680593531028949,11,Flow6010,3,Flow60,-0.06967582094639191,9,1500,930.1,0.6200666666666667,0.0,False,False,True,False,False,10,2,-6.907755278982137,-2.6639019231734284,2.228989304212003,-0.007471724752905029,0.3991803278688524
5,545.1,9.585614038150473,0.11356202463616259,11,Flow6010,3,Flow60,0.29514254580780985,9,1500,1475.2,0.9834666666666667,0.0,False,False,True,False,False,10,2,-6.907755278982137,-1.2202968332206354,2.260263436850548,0.03127413263854484,0.03900215271622187
6,582.73,9.606067062790839,0.0004994689369670094,11,Flow6010,3,Flow60,0.020453024640366024,9,1500,2057.9300000000003,1.3719533333333336,0.0,False,False,True,False,False,10,2,-6.907755278982137,-3.8896245032556926,2.262394884562302,0.0021314477117542197,0.05685170286940178
7,364.64,10.123000142846795,0.019872846178690482,11,Flow6010,3,Flow60,0.5169330800559564,9,1500,2422.57,1.6150466666666667,0.12300014284679506,False,False,True,False,False,10,2,-2.0955697622543363,-0.6598418518149873,2.3148100767277273,0.05241519216542523,0.07442067736185365
8,208.06,9.332812543431855,-0.027346302881550297,11,Flow6010,3,Flow60,-0.7901875994149403,9,1500,2630.63,1.7537533333333335,0.0,False,False,True,False,False,10,2,-6.907755278982137,-0.23548489409819232,2.233536421032261,-0.0812736556954663,3.1507624200688635
9,39.98999999999998,9.124328478648366,-0.0018819341319602776,11,Flow6010,3,Flow60,-0.20848406478348913,9,1500,2670.62,1.7804133333333332,0.0,False,False,True,False,False,10,2,-6.907755278982137,-1.567892668560976,2.2109443053795754,-0.022592115652685596,3.0883458646616537
10,184.00000000000003,9.748327759197325,0.021381221761229117,11,Flow6010,3,Flow60,0.6239992805489596,9,1500,2854.62,1.9030799999999999,0.0,False,False,True,False,False,10,2,-6.907755278982137,-0.47160606357978496,2.2770957584227145,0.06615145304313907,0.1538461538461542
11,124.26999999999998,9.81183650983281,-0.035298899409356675,11,Flow6010,3,Flow60,0.063508750635485,9,1500,2978.89,1.9859266666666666,0.0,False,False,True,False,False,10,2,-6.907755278982137,-2.7565775772945385,2.2835894639900807,0.00649370556736617,0.6169642857142854
12,0.0,9.81183650983281,0.0,11,Flow6010,3,Flow60,0.0,9,1500,2978.89,1.9859266666666666,0.0,False,False,True,False,False,10,2,-6.907755278982137,-6.907755278982137,2.2835894639900807,0.0,0.6169642857142854
1,16.0,10.145454545454545,0.0,12,Flow6010,3,Flow60,,9,1500,16.0,0.010666666666666666,0.14545454545454461,False,False,True,False,False,10,2,-1.9278916435526408,,2.31702577714884,,0.1924242424242424
2,266.76,9.243300512373416,0.14982101521269053,12,Flow6010,3,Flow60,-0.9021540330811284,9,1500,282.76,0.18850666666666666,0.0,False,False,True,False,False,10,2,-6.907755278982137,-0.10297000511614816,2.2238990201822757,-0.09312675696656436,0.18181017893705587
3,132.2,10.17539066270006,-0.002562364050673918,12,Flow6010,3,Flow60,0.9320901503266441,9,1500,414.96,0.27664,0.17539066270006032,False,False,True,False,False,10,2,-1.740739434782258,-0.07032574115609197,2.31997212496017,0.09607310477789444,0.15764229435366417
4,224.40000000000003,10.247434485420047,0.010373868870918939,12,Flow6010,3,Flow60,0.0720438227199871,9,1500,639.36,0.42624,0.24743448542004742,False,False,True,False,False,10,2,-1.396609437387589,-2.6304806962289824,2.3270273801502586,0.0070552551900884275,0.07362459891680917
5,181.41,10.179011405993194,-0.005268676242171531,12,Flow6010,3,Flow60,-0.06842307942685366,9,1500,820.77,0.54718,0.17901140599319376,False,False,True,False,False,10,2,-1.7203057545390879,-2.682045092745207,2.320327895011199,-0.00669948513905938,0.17254023628887616
6,176.02000000000004,10.114670769408646,-0.007352046288963467,12,Flow6010,3,Flow60,-0.06434063658454825,9,1500,996.79,0.6645266666666666,0.11467076940864551,False,False,True,False,False,10,2,-2.165690131190368,-2.74356386314889,2.3139869213414594,-0.006340973669739736,0.33534937588470015
7,122.5,10.173895468700266,0.03917737461352491,12,Flow6010,3,Flow60,0.05922469929162055,9,1500,1119.29,0.7461933333333333,0.17389546870026606,False,False,True,False,False,10,2,-1.749300914889127,-2.8264166063394467,2.319825171991616,0.005838250650156418,0.1986290451139805
8,267.96999999999997,10.603458314945597,0.0,12,Flow6010,3,Flow60,0.4295628462453305,9,1500,1387.26,0.92484,0.6034583149455965,False,False,True,False,False,10,2,-0.5050783129998256,-0.8449872240588385,2.3611802040350076,0.04135503204339175,0.1986290451139805
9,219.14000000000004,10.381385679690307,-0.04396581299570826,12,Flow6010,3,Flow60,-0.22207263525528909,9,1500,1606.4,1.0709333333333333,0.38138567969030746,False,False,True,False,False,10,2,-0.9639441332162888,-1.504750764788835,2.3400143639812665,-0.021165840053741114,0.35328947368421026
10,99.53,9.39636553983794,-0.031880812510730785,12,Flow6010,3,Flow60,-0.9850201398523666,9,1500,1705.93,1.1372866666666668,0.0,False,False,True,False,False,10,2,-6.907755278982137,-0.015093191468450066,2.240322969811533,-0.09969139416973372,0.3326028117198794
11,318.28999999999996,9.994003131359484,-0.012515108122647438,12,Flow6010,3,Flow60,0.5976375915215435,9,1500,2024.22,1.34948,0.0,False,False,True,False,False,10,2,-6.907755278982137,-0.5147707429893968,2.301985226245907,0.061662256434374285,1.1854809308613312
12,325.53,9.746318270615241,0.031079686680189508,12,Flow6010,3,Flow60,-0.24768486074424345,9,1500,2349.75,1.5665,0.0,False,False,True,False,False,10,2,-6.907755278982137,-1.3955980636754624,2.27688960042568,-0.025095625820227063,0.29166666666666696
1,13.48,6.652542372881356,0.0,13,Flow6010,4,Flow60,,6,1200,13.48,0.011233333333333333,0.6525423728813564,False,False,False,True,False,10,2,-0.42687920261198015,,1.8949990933167438,,0.4452830188679249
2,193.93,8.051077690490162,-0.0057479681123567316,13,Flow6010,4,Flow60,1.3985353176088058,6,1200,207.41,0.17284166666666667,2.051077690490162,False,False,False,True,False,10,2,0.718365357695201,0.3354254872622079,2.0858059570651193,0.19080686374837552,0.2666666666666666
3,216.14999999999998,8.71976625643142,0.05323211206032354,13,Flow6010,4,Flow60,0.6686885659412578,6,1200,423.55999999999995,0.3529666666666666,2.71976625643142,False,False,False,True,False,10,2,1.0005459414797633,-0.4024368490047501,2.165592432106503,0.07978647504138392,0.08764367816091934
4,415.7,8.955613577023499,0.0,13,Flow6010,4,Flow60,0.2358473205920788,6,1200,839.26,0.6993833333333334,2.955613577023499,False,False,False,True,False,10,2,1.0837062695824824,-1.4445706299605423,2.1922805509793397,0.026688118872836508,0.08764367816091934
5,225.95,8.751029582092784,-0.006686878246831225,13,Flow6010,4,Flow60,-0.2045839949307151,6,1200,1065.21,0.887675,2.7510295820927837,False,False,False,True,False,10,2,1.011975235099011,-1.5867766546695228,2.16917135997225,-0.023109191007089525,0.1416666666666666
6,215.07000000000002,8.093626820711206,-0.07146443119215039,13,Flow6010,4,Flow60,-0.6574027613815776,6,1200,1280.28,1.0669,2.093626820711206,False,False,False,True,False,10,2,0.73889788296145,-0.419458417302097,2.091076939721292,-0.07809442025095814,0.3100268276324618
7,205.57000000000002,7.543847586141386,0.002493649866319673,13,Flow6010,4,Flow60,-0.5497792345698205,6,1200,1485.85,1.2382083333333334,1.5438475861413856,False,False,False,True,False,10,2,0.43427773309107354,-0.5982384730260641,2.020732341805405,-0.07034459791588699,0.8484536082474228
8,177.83999999999997,6.317586311815302,-0.20104846430672713,13,Flow6010,4,Flow60,-1.2262612743260837,6,1200,1663.6899999999998,1.3864083333333332,0.31758631181530195,False,False,False,True,False,10,2,-1.147005649356256,0.2039699260048813,1.8433372225240898,-0.17739511928131524,0.21111111111111125
9,69.29999999999998,5.648407321266053,0.050399661837105925,13,Flow6010,4,Flow60,-0.6691789905492493,6,1200,1732.9899999999998,1.4441583333333332,0.3515926787339474,False,False,False,True,False,10,2,-1.045281936101371,-0.4017037052378963,1.7313736153784771,-0.11196360714561271,1.1741249142072756
10,88.57000000000002,7.166389254479164,0.009908476678980878,13,Flow6010,4,Flow60,1.517981933213111,6,1200,1821.5599999999997,1.5179666666666665,1.1663892544791636,False,False,False,True,False,10,2,0.15391286967766346,0.4173817771984694,1.9694019370389813,0.23802832166050414,0.2153846153846155
11,192.07999999999996,7.331546119129283,0.03294518355144707,13,Flow6010,4,Flow60,0.16515686465011914,6,1200,2013.6399999999996,1.678033333333333,1.3315461191292828,False,False,False,True,False,10,2,0.28634076264480346,-1.8008595618564824,1.9921864239600227,0.022784486921041402,0.21538461538461506
12,90.17000000000004,7.100676499944549,-0.011429422492208624,13,Flow6010,4,Flow60,-0.23086961918473392,6,1200,2103.8099999999995,1.7531749999999995,1.1006764999445489,False,False,False,True,False,10,2,0.0959249907189461,-1.4659021469184783,1.9601900611905894,-0.031996362769433295,0.21428571428571397
1,53.36,7.966664250571916,-0.0036923849503086815,14,Flow6010,4,Flow60,,6,1200,53.36,0.04446666666666667,1.9666642505719159,False,False,False,True,False,10,2,0.6763388337200548,,2.0752658669938175,,0.11055555555555552
2,216.29000000000002,7.906123703817019,0.014966753015409761,14,Flow6010,4,Flow60,-0.06054054675489695,6,1200,269.65000000000003,0.22470833333333337,1.906123703817019,False,False,False,True,False,10,2,0.6450717054433747,-2.80444194412943,2.067637611579432,-0.00762825541438561,0.04227053140096615
3,141.82,7.9259191140794245,0.005375500338487836,14,Flow6010,4,Flow60,0.01979541026240561,6,1200,411.47,0.3428916666666667,1.9259191140794245,False,False,False,True,False,10,2,0.6554033156505445,-3.9223051730815723,2.070138289578576,0.0025006779991438854,0.058703019712193605
4,315.38,8.141978291960001,0.03569302945948592,14,Flow6010,4,Flow60,0.2160591778805765,6,1200,726.85,0.6057083333333334,2.141978291960001,False,False,False,True,False,10,2,0.7617298375017477,-1.532202937152021,2.0970331838969334,0.026894894318357565,0.12564102564102608
5,316.74,8.28734491783733,-0.0046404059071825845,14,Flow6010,4,Flow60,0.14536662587732962,6,1200,1043.5900000000001,0.8696583333333334,2.2873449178373306,False,False,False,True,False,10,2,0.8273917203883735,-1.9284962733977844,2.1147296425570854,0.017696458660152015,0.07827260458839369
6,329.01,8.240023373896342,-0.006144455236742855,14,Flow6010,4,Flow60,-0.04732154394098842,6,1200,1372.6000000000001,1.1438333333333335,2.240023373896342,False,False,False,True,False,10,2,0.8064863005876594,-3.0507896127417444,2.1090031805552627,-0.005726462001822696,0.1185185185185178
7,318.77000000000004,8.153196592589529,-0.0116595652509355,14,Flow6010,4,Flow60,-0.08682678130681332,6,1200,1691.3700000000001,1.409475,2.153196592589529,False,False,False,True,False,10,2,0.7669535252166626,-2.4438401645035586,2.098410070304269,-0.010593110250993742,0.10238095238095246
8,157.33000000000004,8.142417751104206,-0.035039924318677536,14,Flow6010,4,Flow60,-0.010778841485322488,6,1200,1848.7000000000003,1.5405833333333336,2.1424177511042064,False,False,False,True,False,10,2,0.7619349815366733,-4.530170188170499,2.097087156932611,-0.0013229133716579078,0.20952380952380922
9,122.00000000000003,7.574044910008023,-0.009606483890177353,14,Flow6010,4,Flow60,-0.568372841096183,6,1200,1970.7000000000003,1.6422500000000002,1.5740449100080234,False,False,False,True,False,10,2,0.45364868199479236,-0.5649776652234452,2.024727258958726,-0.07235989797388509,0.13462783171521053
10,71.36999999999996,7.42035478707925,-0.016026817290112468,14,Flow6010,4,Flow60,-0.15369012292877304,6,1200,2042.0700000000002,1.7017250000000002,1.4203547870792503,False,False,False,True,False,10,2,0.35090669046165224,-1.872816892514365,2.004226871006439,-0.020500387952286925,2.0787719758593544
11,152.38,7.896906960538445,0.023736161281257072,14,Flow6010,4,Flow60,0.47655217345919443,6,1200,2194.4500000000003,1.8287083333333336,1.8969069605384448,False,False,False,True,False,10,2,0.6402246441720564,-0.7411780687880142,2.0664711588249745,0.062244287818535415,0.1958881958881955
12,53.53999999999999,7.727348192421036,-0.022934727039282655,14,Flow6010,4,Flow60,-0.1695587681174091,6,1200,2247.9900000000002,1.8733250000000001,1.7273481924210357,False,False,False,True,False,10,2,0.5465873957626951,-1.7745556976962489,2.0447657497222744,-0.021705409102700024,2.15
1,70.12,6.203125,0.0,15,Flow6010,4,Flow60,,6,1200,70.12,0.05843333333333334,0.203125,False,False,False,True,False,10,2,-1.5939337258981352,,1.8250531973275186,,0.2281639928698751
2,164.09,6.863203274429202,0.13374170322490975,15,Flow6010,4,Flow60,0.6600782744292024,6,1200,234.21,0.19517500000000002,0.8632032744292024,False,False,False,True,False,10,2,-0.14710507168442175,-0.4153968533738039,1.926174282375992,0.10112108504847339,0.4027670527670528
3,191.47999999999996,7.551844165910961,-0.03255297404170437,15,Flow6010,4,Flow60,0.688640891481759,6,1200,425.68999999999994,0.3547416666666666,1.5518441659109614,False,False,False,True,False,10,2,0.43944400815722495,-0.37303534633553054,2.02179179381978,0.09561751144378805,0.1597523219814243
4,302.05999999999995,7.636173079078175,-0.0034317821995558744,15,Flow6010,4,Flow60,0.08432891316721403,6,1200,727.7499999999999,0.6064583333333332,1.6361730790781754,False,False,False,True,False,10,2,0.49236002664232315,-2.4730304933333254,2.0328965718033496,0.01110477798356957,0.13512851897184852
5,215.34000000000003,7.507897857516863,0.044564552888685,15,Flow6010,4,Flow60,-0.12827522156131277,6,1200,943.0899999999999,0.7859083333333333,1.5078978575168627,False,False,False,True,False,10,2,0.4107165335495973,-2.0535771549187047,2.015955514145421,-0.01694105765792875,0.2087719298245614
6,214.87,8.072048077844357,0.08829321794573071,15,Flow6010,4,Flow60,0.5641502203274946,6,1200,1157.96,0.9649666666666668,2.0720480778443573,False,False,False,True,False,10,2,0.728537527720874,-0.572434714850041,2.088407239158986,0.07245172501356523,0.4233378561736769
7,386.7,8.388837206396625,-0.03012999617954534,15,Flow6010,4,Flow60,0.3167891285522675,6,1200,1544.66,1.2872166666666667,2.388837206396625,False,False,False,True,False,10,2,0.8708067230317225,-1.1495189360692384,2.1269019180728894,0.038494678913903346,0.12240515390121676
8,309.45999999999987,8.108837435283352,0.03063683020778284,15,Flow6010,4,Flow60,-0.2799997711132729,6,1200,1854.12,1.5451,2.108837435283352,False,False,False,True,False,10,2,0.7461368171048264,-1.2729664932658185,2.0929545083182997,-0.033947409754589764,0.27709279688513977
9,243.42000000000002,8.273334924803057,0.0,15,Flow6010,4,Flow60,0.16449748951970555,6,1200,2097.54,1.74795,2.2733349248030574,False,False,False,True,False,10,2,0.8212478832470119,-1.8048599701715506,2.1130376834697016,0.0200831751514019,0.27709279688513977
10,65.23,7.948808740515839,0.0037936036670478384,15,Flow6010,4,Flow60,-0.324526184287218,6,1200,2162.77,1.8023083333333334,1.9488087405158394,False,False,False,True,False,10,2,0.6672182835992447,-1.1253890549154828,2.0730220734782407,-0.04001560999146081,0.729046316002838
11,55.56,5.918989061520239,0.0,15,Flow6010,4,Flow60,-2.0298196789956,6,1200,2218.33,1.8486083333333332,0.0810109384797606,False,False,False,True,False,10,2,-2.5131710904671705,0.7079469610272631,1.7781656676785376,-0.2948564057997032,0.3840579710144927
12,22.640000000000043,8.0,0.0,15,Flow6010,4,Flow60,2.0810109384797606,6,1200,2240.97,1.8674749999999998,2.0,False,False,False,True,False,10,2,0.6931471805599453,0.7328538037550881,2.0794415416798357,0.3012758740012982,0.25813008130081316
1,0.0,6.572350537471453,0.0,16,Flow6010,4,Flow60,,6,1200,0.0,0.0,0.5723505374714533,False,False,False,True,False,10,2,-0.558003647557285,,1.8828715367732107,,6.285714285714286
2,267.63,6.572350537471453,-0.07614120038458044,16,Flow6010,4,Flow60,0.0,6,1200,267.63,0.223025,0.5723505374714533,False,False,False,True,False,10,2,-0.558003647557285,-6.907755278982137,1.8828715367732107,0.0,0.1333333333333333
3,445.4100000000001,6.611827584913529,0.04106081667905316,16,Flow6010,4,Flow60,0.03947704744207581,6,1200,713.0400000000001,0.5942000000000001,0.6118275849135291,False,False,False,True,False,10,2,-0.4913047601589728,-3.232035853381774,1.8888601035319077,0.005988566758696967,0.1265151515151519
4,397.65000000000003,7.0400942318997295,0.19858949908811444,16,Flow6010,4,Flow60,0.4282666469862004,6,1200,1110.69,0.925575,1.0400942318997295,False,False,False,True,False,10,2,0.03931131664455476,-0.8480092704115167,1.9516215552933995,0.06276145176149184,0.19126912691269116
5,237.41999999999996,7.96890068773452,0.03029553095650205,16,Flow6010,4,Flow60,0.9288064558347902,6,1200,1348.1100000000001,1.1234250000000001,1.9689006877345197,False,False,False,True,False,10,2,0.6774753604644458,-0.07385489789609324,2.0755465520132623,0.12392499671986279,0.12174087444845583
6,425.17999999999995,7.73814378928702,-0.15133155609297466,16,Flow6010,4,Flow60,-0.23075689844749991,6,1200,1773.29,1.4777416666666667,1.7381437892870197,False,False,False,True,False,10,2,0.552817756037283,-1.4663905102822317,2.046161838334547,-0.029384713678715535,0.12374784110535408
7,382.28000000000003,7.57171367759219,0.012392223567720474,16,Flow6010,4,Flow60,-0.16643011169482946,6,1200,2155.57,1.7963083333333334,1.5717136775921903,False,False,False,True,False,10,2,0.4521665384814386,-1.793179807261757,2.024419419318901,-0.021742419015645886,0.12434526005164104
8,220.81999999999994,7.605523963311439,-0.002788002198464087,16,Flow6010,4,Flow60,0.033810285719249045,6,1200,2376.3900000000003,1.9803250000000003,1.6055239633114393,False,False,False,True,False,10,2,0.47345016019838504,-3.386990211566046,2.028874820551817,0.004455401232915879,1.0881422924901187
9,124.35,8.12430468020283,-0.020434286794160678,16,Flow6010,4,Flow60,0.5187807168913903,6,1200,2500.7400000000002,2.08395,2.1243046802028296,False,False,False,True,False,10,2,0.7534445395154158,-0.6562739959056586,2.0948601467326204,0.06598532618080366,0.8699604743083
10,5.060000000000002,5.867924528301887,-0.0021572031222033545,16,Flow6010,4,Flow60,-2.2563801519009425,6,1200,2505.8,2.088166666666667,0.13207547169811296,False,False,False,True,False,10,2,-2.0243817644968103,0.8137618264883847,1.7695009986271124,-0.32535914810550803,0.8999776269669626
11,94.26999999999998,7.616633618656927,0.06275970360736062,16,Flow6010,4,Flow60,1.7487090903550397,6,1200,2600.07,2.166725,1.6166336186569268,False,False,False,True,False,10,2,0.4803459740044599,0.5588778530741911,2.030334489755504,0.2608334911283916,0.17159090909090935
12,55.36,7.53539026911151,-0.013254260737207894,16,Flow6010,4,Flow60,-0.08124334954541634,6,1200,2655.4300000000003,2.2128583333333336,1.5353902691115104,False,False,False,True,False,10,2,0.42878459570205746,-2.5103063128710494,2.01961062491257,-0.010723864842934194,0.8277840633586551
1,0.0,9.042552907759804,0.0,17,Flow6010,5,Flow60,,14,1100,0.0,0.0,4.957447092240196,False,False,False,False,True,10,2,1.6008909090886412,,2.2019415358372068,,1.2183908045977008
2,496.0,9.042552907759804,-1.6840886042782566,17,Flow6010,5,Flow60,0.0,14,1100,496.0,0.4509090909090909,4.957447092240196,False,False,False,False,True,10,2,1.6008909090886412,-6.907755278982137,2.2019415358372068,0.0,4.440677966101695
3,316.43,8.985567234545927,0.2560136138072372,17,Flow6010,5,Flow60,-0.05698567321387671,14,1100,812.4300000000001,0.7385727272727274,5.014432765454073,False,False,False,False,True,10,2,1.6123203074303272,-2.8649553898655395,2.1956196495222846,-0.006321886314922143,0.15464135021097025
4,154.94,9.881053661752796,-0.05150823279824806,17,Flow6010,5,Flow60,0.895486427206869,14,1100,967.3700000000001,0.8794272727272728,4.118946338247204,False,False,False,False,True,10,2,1.4155973875096979,-0.11038821426081355,2.2906191519999,0.09499950247761557,0.41666666666666696
5,256.02,9.700023762590392,-0.0022193754276708835,17,Flow6010,5,Flow60,-0.18102989916240375,14,1100,1223.39,1.1121727272727273,4.2999762374096075,False,False,False,False,True,10,2,1.458609496500435,-1.709093072615907,2.2721283352579236,-0.018490816741976612,0.2651815181518158
6,168.69999999999996,9.845040646060303,0.10537440198756853,17,Flow6010,5,Flow60,0.1450168834699106,14,1100,1392.0900000000001,1.2655363636363637,4.154959353939697,False,False,False,False,True,10,2,1.4243026458142434,-1.9309051056163868,2.286967840681886,0.014839505423962507,0.16014492753623166
7,178.05000000000004,10.142978603827475,-0.0028594728658647628,17,Flow6010,5,Flow60,0.29793795776717147,14,1100,1570.14,1.4274,3.8570213961725255,False,False,False,False,True,10,2,1.349895226572002,-1.2108700095645824,2.316781702939546,0.029813862257659807,0.1309582309582309
8,93.7,10.914676904895416,-0.007378324576986609,17,Flow6010,5,Flow60,0.771698301067941,14,1100,1663.8400000000001,1.5125818181818182,3.0853230951045845,False,False,False,False,True,10,2,1.1266563828635847,-0.2591616070657212,2.390108388546419,0.07332668560687328,0.18087121212121193
9,30.299999999999983,11.286588018991472,0.004817125239613505,17,Flow6010,5,Flow60,0.37191111409605604,14,1100,1694.14,1.5401272727272728,2.7134119810085284,False,False,False,False,True,10,2,0.9982068765559428,-0.9891003938618441,2.4236151198192886,0.033506731272869406,0.2122736418511071
10,122.53999999999996,11.487476622899383,-0.007639206477755909,17,Flow6010,5,Flow60,0.2008886039079112,14,1100,1816.68,1.6515272727272727,2.5125233771006172,False,False,False,False,True,10,2,0.9212875776605629,-1.6050047339672404,2.4412574526764166,0.017642332857128018,0.2024203069657613
11,93.62000000000003,11.451988905853359,0.019141916189924512,17,Flow6010,5,Flow60,-0.03548771704602416,14,1100,1910.3000000000002,1.7366363636363638,2.5480110941466414,False,False,False,False,True,10,2,0.9353130917611293,-3.338568641075674,2.4381634184835095,-0.0030940341929071025,0.11207897793263655
12,206.25999999999993,11.569336573092718,0.0,17,Flow6010,5,Flow60,0.11734766723935941,14,1100,2116.56,1.9241454545454546,2.430663426907282,False,False,False,False,True,10,2,0.8881642352787744,-2.142614235541747,2.4483581992930055,0.010194780809495985,0.11207897793263655
1,0.0,10.478970305057262,0.0,18,Flow6010,5,Flow60,,14,1100,0.0,0.0,3.5210296949427384,False,False,False,False,True,10,2,1.258753473804702,,2.3493704207314905,,0.6166666666666663
2,128.7,10.478970305057262,-0.021785492550933955,18,Flow6010,5,Flow60,0.0,14,1100,128.7,0.11699999999999999,3.5210296949427384,False,False,False,False,True,10,2,1.258753473804702,-6.907755278982137,2.3493704207314905,0.0,0.38333333333333375
3,374.38,10.769945371409126,-0.16291189838867487,18,Flow6010,5,Flow60,0.290975066351864,14,1100,503.08,0.45734545454545456,3.2300546285908744,False,False,False,False,True,10,2,1.1724990499679757,-1.2345176981212542,2.3767594188628727,0.02738899813138218,0.38333333333333286
4,323.16999999999996,10.60313869157603,0.05064923547989914,18,Flow6010,5,Flow60,-0.16680667983309583,14,1100,826.25,0.7511363636363636,3.3968613084239703,False,False,False,False,True,10,2,1.2228518606805565,-1.7909197428983425,2.361150060267057,-0.015609358595815692,0.07222222222222285
5,122.83000000000007,11.14616154663659,0.01456233032354851,18,Flow6010,5,Flow60,0.5430228550605598,14,1100,949.08,0.8628,2.8538384533634105,False,False,False,False,True,10,2,1.0486649138658495,-0.6106038695830367,2.4110951827294276,0.049945122462370595,0.41904761904761845
6,315.44999999999993,12.054158856064598,0.1280360980351297,18,Flow6010,5,Flow60,0.9079973094280085,14,1100,1264.53,1.1495727272727272,1.945841143935402,False,False,False,False,True,10,2,0.665694348332761,-0.09651386357024667,2.4894097336752417,0.07831455094581408,0.16883468834688387
7,182.54000000000005,12.058260932510152,-0.01591716741358622,18,Flow6010,5,Flow60,0.004102076445553493,14,1100,1447.07,1.3155181818181818,1.9417390674898485,False,False,False,False,True,10,2,0.6635839980660796,-5.496261983339463,2.489749979616636,0.00034024594139436815,0.24894478909945938
8,152.54999999999998,11.561513907710582,-0.017336520790667338,18,Flow6010,5,Flow60,-0.49674702479956956,14,1100,1599.62,1.4542,2.438486092289418,False,False,False,False,True,10,2,0.891377392764139,-0.6996743868996627,2.4476818155442226,-0.04206816407241343,0.1912442396313363
9,164.32000000000002,11.397590361445783,0.0,18,Flow6010,5,Flow60,-0.1639235462647992,14,1100,1763.9399999999998,1.603581818181818,2.6024096385542173,False,False,False,False,True,10,2,0.9564377998875673,-1.8083551411664291,2.43340196125528,-0.014279854288942406,0.1912442396313363
10,203.15999999999997,11.585470121879164,0.02075941741267793,18,Flow6010,5,Flow60,0.18787976043338084,14,1100,1967.1,1.7882727272727272,2.4145298781208364,False,False,False,False,True,10,2,0.8815046007095814,-1.6719530929285795,2.449751737283614,0.016349776028333984,0.20285714285714285
11,233.66999999999996,11.406096320937277,-0.03289148348476281,18,Flow6010,5,Flow60,-0.17937380094188704,14,1100,2200.77,2.0007,2.5939036790627235,False,False,False,False,True,10,2,0.953163953000796,-1.718283377135126,2.4341479774591037,-0.015603759824510455,0.17774086378737497
12,110.90000000000003,12.973275157378458,0.1531132022571052,18,Flow6010,5,Flow60,1.5671788364411814,14,1100,2311.67,2.101518181818182,1.026724842621542,False,False,False,False,True,10,2,0.026373971603091514,0.4492770834995742,2.5628914843676815,0.12874350690857783,3.75
1,0.0,11.331486612264726,0.0,19,Flow6010,5,Flow60,,14,1100,0.0,0.0,2.668513387735274,False,False,False,False,True,10,2,0.9815215337308512,,2.427585276694272,,4.083333333333333
2,178.0,11.331486612264726,-0.04699621625059987,19,Flow6010,5,Flow60,0.0,14,1100,178.0,0.1618181818181818,2.668513387735274,False,False,False,False,True,10,2,0.9815215337308512,-6.907755278982137,2.427585276694272,0.0,1.154040404040403
3,216.79000000000002,10.767724526039023,-0.060877086077093905,19,Flow6010,5,Flow60,-0.5637620862257027,14,1100,394.79,0.3589,3.2322754739609767,False,False,False,False,True,10,2,1.1731863703067045,-0.5731229494137698,2.3765531899264514,-0.05103208676782067,0.39999999999999947
4,392.99,11.154222499063586,0.0,19,Flow6010,5,Flow60,0.38649797302456257,14,1100,787.78,0.7161636363636363,2.845777500936414,False,False,False,False,True,10,2,1.0458363170388905,-0.9506286554068017,2.4118181256851687,0.035264935758717364,0.19710144927536177
5,214.54000000000002,11.849168584486124,0.15659337959231803,19,Flow6010,5,Flow60,0.6949460854225382,14,1100,1002.3199999999999,0.9111999999999999,2.150831415513876,False,False,False,False,True,10,2,0.7658544722786806,-0.36392101135803523,2.4722577034729563,0.060439577787787524,3.9117647058823533
6,206.92,11.718079738765178,-0.0804376091458296,19,Flow6010,5,Flow60,-0.1310888457209458,14,1100,1209.24,1.099309090909091,2.2819202612348217,False,False,False,False,True,10,2,0.825017308338067,-2.031879974052273,2.4611329259095807,-0.011124777563375599,0.18171683389074644
7,208.58999999999995,11.381351621465397,-0.009588713453743175,19,Flow6010,5,Flow60,-0.33672811729978136,14,1100,1417.83,1.2889363636363635,2.618648378534603,False,False,False,False,True,10,2,0.962658298602516,-1.0884794478378867,2.4319761933031576,-0.02915673260642304,0.3696969696969692
8,94.62999999999997,11.17114626278883,-0.005092780242864627,19,Flow6010,5,Flow60,-0.21020535867656776,14,1100,1512.4599999999998,1.3749636363636362,2.828853737211171,False,False,False,False,True,10,2,1.0398715897496378,-1.5596703276360326,2.413334227582295,-0.01864196572086252,0.13642756680731338
9,199.93000000000004,11.230512795329089,0.002058792941842469,19,Flow6010,5,Flow60,0.0593665325402597,14,1100,1712.3899999999999,1.5567181818181817,2.769487204670911,False,False,False,False,True,10,2,1.0186621783940197,-2.824024636645341,2.418634430693501,0.005300203111205715,0.14285714285714235
10,150.67000000000002,11.370677250827285,0.030571732260612154,19,Flow6010,5,Flow60,0.140164455498196,14,1100,1863.06,1.6936909090909091,2.629322749172715,False,False,False,False,True,10,2,0.966726303208066,-1.9649388636420841,2.4310378707050972,0.012403440011596434,2.166666666666667
11,119.7,12.374699872674848,-0.022468182978771643,19,Flow6010,5,Flow60,1.0040226218475627,14,1100,1982.76,1.8025090909090908,1.6253001273251524,False,False,False,False,True,10,2,0.4856924924664674,0.004014552736382074,2.5156540554475084,0.08461618474241117,0.4833333333333334
12,52.16,14.599373262126493,-0.029504986815100425,19,Flow6010,5,Flow60,2.2246733894516453,14,1100,2034.92,1.8499272727272729,0.5993732621264929,False,False,False,False,True,10,2,-0.5118707328247707,0.799610113585625,2.68097860054128,0.16532454509377148,0.6014124293785308
1,120.0,9.322222222222223,0.04302787130363693,20,Flow6010,5,Flow60,,14,1100,120.0,0.10909090909090909,4.677777777777777,False,False,False,False,True,10,2,1.5428231633521161,,2.2324010361369413,,5.055555555555555
2,341.15,12.200050881203104,0.3572987695098826,20,Flow6010,5,Flow60,2.8778286589808815,14,1100,461.15,0.4192272727272727,1.7999491187968957,False,False,False,False,True,10,2,0.5877583971675324,1.0570360719399177,2.501440122320932,0.26903908618399086,0.08023994773415666
3,346.86,12.485979829290974,-0.0355805773624886,20,Flow6010,5,Flow60,0.2859289480878697,14,1100,808.01,0.7345545454545455,1.514020170709026,False,False,False,False,True,10,2,0.4147684777197894,-1.2520119322861354,2.5246064011722034,0.023166278851271205,0.08023994773415755
4,192.17,11.725757316211544,-0.014014565274208154,20,Flow6010,5,Flow60,-0.7602225130794302,14,1100,1000.18,0.9092545454545454,2.274242683788456,False,False,False,False,True,10,2,0.8216471107371555,-0.27414410818589685,2.4617879021152955,-0.06281849905690784,0.08023994773415666
5,277.83000000000004,12.303271265515216,-0.004100849135645311,20,Flow6010,5,Flow60,0.5775139493036718,14,1100,1278.01,1.1618272727272727,1.6967287344847843,False,False,False,False,True,10,2,0.5287021234362802,-0.5490226822395142,2.5098651835641514,0.048077281448855924,0.4075010535187529
6,371.33000000000004,12.54830752131677,-0.014551614019656885,20,Flow6010,5,Flow60,0.24503625580155486,14,1100,1649.3400000000001,1.4994,1.4516924786832295,False,False,False,False,True,10,2,0.3727301024311333,-1.4063490965223047,2.5295857976242977,0.019720614060146247,0.11783306207858679
7,263.49,11.761842961156958,-0.002911850787656147,20,Flow6010,5,Flow60,-0.7864645601598124,14,1100,1912.8300000000002,1.7389363636363637,2.238157038843042,False,False,False,False,True,10,2,0.8056527767054835,-0.24020761769000237,2.46486064457616,-0.06472515304813786,0.12488687782805474
8,184.73,12.23363165977348,0.01439652666732866,20,Flow6010,5,Flow60,0.4717886986165212,14,1100,2097.56,1.9068727272727273,1.7663683402265207,False,False,False,False,True,10,2,0.568925653608108,-0.7512240660544215,2.5041888524525775,0.039328207876417665,0.12983193277310967
9,252.85000000000008,12.617676369934426,0.044054380124144796,20,Flow6010,5,Flow60,0.3840447101609463,14,1100,2350.41,2.1367363636363637,1.3823236300655743,False,False,False,False,True,10,2,0.32376587308674337,-0.9569963004613744,2.535098717334263,0.030909864881685678,0.14803767660910516
10,144.05,12.508441051741771,-0.030025285655503615,20,Flow6010,5,Flow60,-0.10923531819265442,14,1100,2494.46,2.267690909090909,1.4915589482582288,False,False,False,False,True,10,2,0.39982184699302104,-2.2142508412898048,2.5264037005458557,-0.00869501678840745,0.1199797160243401
11,205.77000000000004,13.53547258088281,0.21149286865648756,20,Flow6010,5,Flow60,1.0270315291410395,14,1100,2700.23,2.4547545454545454,0.4645274191171893,False,False,False,False,True,10,2,-0.7667346931546049,0.026672630709881108,2.605313837926465,0.07891013738060915,2.1111111111111107
12,88.65999999999998,15.11513451485401,-0.004146577249761348,20,Flow6010,5,Flow60,1.5796619339711988,14,1100,2788.89,2.5353545454545454,1.1151345148540095,False,False,False,False,True,10,2,0.10897503876019903,0.45721085830390573,2.7156965276198077,0.11038268969334286,1.0947916666666666
