period,block,group,interval,ppi,group_id
1,1,CDA1,1,2.0,1
1,1,CDA1,2,12.0,1
1,1,CDA1,3,2.0,1
1,1,CDA1,4,5.0,1
1,1,CDA1,5,13.0,1
1,1,CDA1,6,6.0,1
1,1,CDA1,7,1.0,1
1,1,CDA1,8,1.0,1
1,1,CDA1,9,3.0,1
1,1,CDA1,10,1.0,1
1,1,CDA1,11,5.0,1
1,1,CDA1,12,2.0,1
2,1,CDA1,1,6.0,1
2,1,CDA1,2,6.0,1
2,1,CDA1,3,4.0,1
2,1,CDA1,4,7.0,1
2,1,CDA1,5,5.0,1
2,1,CDA1,6,5.0,1
2,1,CDA1,7,1.0,1
2,1,CDA1,8,1.0,1
2,1,CDA1,9,2.0,1
2,1,CDA1,10,7.9,1
2,1,CDA1,11,2.0,1
2,1,CDA1,12,1.0,1
3,1,CDA1,1,6.0,1
3,1,CDA1,2,5.0,1
3,1,CDA1,3,4.0,1
3,1,CDA1,4,4.0,1
3,1,CDA1,5,9.95,1
3,1,CDA1,6,2.0,1
3,1,CDA1,7,2.0,1
3,1,CDA1,8,8.0,1
3,1,CDA1,9,4.0,1
3,1,CDA1,10,2.3000000000000007,1
3,1,CDA1,11,4.0,1
3,1,CDA1,12,3.0,1
4,1,CDA1,1,1.0,1
4,1,CDA1,2,3.0,1
4,1,CDA1,3,7.0,1
4,1,CDA1,4,2.0,1
4,1,CDA1,5,3.0,1
4,1,CDA1,6,3.0,1
4,1,CDA1,7,10.0,1
4,1,CDA1,8,6.0,1
4,1,CDA1,9,9.0,1
4,1,CDA1,10,7.95,1
4,1,CDA1,11,8.95,1
4,1,CDA1,12,1.0,1
5,2,CDA1,1,2.0,1
5,2,CDA1,2,1.0,1
5,2,CDA1,3,2.0,1
5,2,CDA1,4,2.0,1
5,2,CDA1,5,6.0,1
5,2,CDA1,6,1.0,1
5,2,CDA1,7,1.0,1
5,2,CDA1,8,1.0,1
5,2,CDA1,9,3.0,1
5,2,CDA1,10,1.0,1
5,2,CDA1,11,6.25,1
5,2,CDA1,12,1.0,1
6,2,CDA1,1,10.0,1
6,2,CDA1,2,12.0,1
6,2,CDA1,3,1.0,1
6,2,CDA1,4,2.0,1
6,2,CDA1,5,1.0,1
6,2,CDA1,6,2.0,1
6,2,CDA1,7,1.0,1
6,2,CDA1,8,1.0,1
6,2,CDA1,9,8.0,1
6,2,CDA1,10,3.0,1
6,2,CDA1,11,4.95,1
6,2,CDA1,12,5.0,1
7,2,CDA1,1,2.0,1
7,2,CDA1,2,1.0,1
7,2,CDA1,3,6.0,1
7,2,CDA1,4,1.0,1
7,2,CDA1,5,1.0,1
7,2,CDA1,6,1.0,1
7,2,CDA1,7,3.0,1
7,2,CDA1,8,2.0,1
7,2,CDA1,9,5.0,1
7,2,CDA1,10,4.95,1
7,2,CDA1,11,4.0,1
7,2,CDA1,12,6.0,1
8,2,CDA1,1,3.0,1
8,2,CDA1,2,1.0,1
8,2,CDA1,3,1.0,1
8,2,CDA1,4,1.0,1
8,2,CDA1,5,1.0,1
8,2,CDA1,6,1.0,1
8,2,CDA1,7,1.0,1
8,2,CDA1,8,1.0,1
8,2,CDA1,9,1.0,1
8,2,CDA1,10,2.0,1
8,2,CDA1,11,2.0,1
8,2,CDA1,12,1.0,1
9,3,CDA1,1,1.0,1
9,3,CDA1,2,5.0,1
9,3,CDA1,3,2.0,1
9,3,CDA1,4,2.0,1
9,3,CDA1,5,2.0,1
9,3,CDA1,6,7.0,1
9,3,CDA1,7,5.0,1
9,3,CDA1,8,6.0,1
9,3,CDA1,9,1.0,1
9,3,CDA1,10,5.0,1
9,3,CDA1,11,2.0,1
9,3,CDA1,12,1.0,1
10,3,CDA1,1,2.0,1
10,3,CDA1,2,2.0,1
10,3,CDA1,3,6.0,1
10,3,CDA1,4,2.0,1
10,3,CDA1,5,5.0,1
10,3,CDA1,6,9.0,1
10,3,CDA1,7,6.0,1
10,3,CDA1,8,1.0,1
10,3,CDA1,9,3.0,1
10,3,CDA1,10,4.05,1
10,3,CDA1,11,6.0,1
10,3,CDA1,12,1.0,1
11,3,CDA1,1,3.0,1
11,3,CDA1,2,2.0,1
11,3,CDA1,3,2.0,1
11,3,CDA1,4,1.0,1
11,3,CDA1,5,1.0,1
11,3,CDA1,6,1.0,1
11,3,CDA1,7,5.0,1
11,3,CDA1,8,1.0,1
11,3,CDA1,9,5.0,1
11,3,CDA1,10,5.0,1
11,3,CDA1,11,5.0,1
11,3,CDA1,12,4.0,1
12,3,CDA1,1,9.0,1
12,3,CDA1,2,5.0,1
12,3,CDA1,3,5.0,1
12,3,CDA1,4,6.0,1
12,3,CDA1,5,6.0,1
12,3,CDA1,6,2.0,1
12,3,CDA1,7,5.0,1
12,3,CDA1,8,6.0,1
12,3,CDA1,9,5.0,1
12,3,CDA1,10,5.0,1
12,3,CDA1,11,5.0,1
12,3,CDA1,12,4.0,1
13,4,CDA1,1,3.0,1
13,4,CDA1,2,1.0,1
13,4,CDA1,3,6.0,1
13,4,CDA1,4,5.95,1
13,4,CDA1,5,7.0,1
13,4,CDA1,6,2.0,1
13,4,CDA1,7,1.0,1
13,4,CDA1,8,6.0,1
13,4,CDA1,9,4.0,1
13,4,CDA1,10,1.0,1
13,4,CDA1,11,5.95,1
13,4,CDA1,12,6.0,1
14,4,CDA1,1,3.0,1
14,4,CDA1,2,4.0,1
14,4,CDA1,3,2.0,1
14,4,CDA1,4,6.0,1
14,4,CDA1,5,1.5,1
14,4,CDA1,6,5.0,1
14,4,CDA1,7,3.0,1
14,4,CDA1,8,1.0,1
14,4,CDA1,9,5.0,1
14,4,CDA1,10,5.0,1
14,4,CDA1,11,5.0,1
14,4,CDA1,12,3.0,1
15,4,CDA1,1,1.0,1
15,4,CDA1,2,5.0,1
15,4,CDA1,3,2.0,1
15,4,CDA1,4,4.0,1
15,4,CDA1,5,1.0,1
15,4,CDA1,6,2.0,1
15,4,CDA1,7,1.0,1
15,4,CDA1,8,1.0,1
15,4,CDA1,9,1.5499999999999998,1
15,4,CDA1,10,6.0,1
15,4,CDA1,11,1.0,1
15,4,CDA1,12,4.0,1
16,4,CDA1,1,5.2,1
16,4,CDA1,2,4.0,1
16,4,CDA1,3,1.0,1
16,4,CDA1,4,4.0,1
16,4,CDA1,5,1.0,1
16,4,CDA1,6,1.0,1
16,4,CDA1,7,1.0,1
16,4,CDA1,8,1.0,1
16,4,CDA1,9,1.0,1
16,4,CDA1,10,1.0,1
16,4,CDA1,11,1.5499999999999998,1
16,4,CDA1,12,2.0999999999999996,1
17,5,CDA1,1,10.0,1
17,5,CDA1,2,5.0,1
17,5,CDA1,3,8.0,1
17,5,CDA1,4,2.0,1
17,5,CDA1,5,1.0,1
17,5,CDA1,6,6.0,1
17,5,CDA1,7,3.0,1
17,5,CDA1,8,5.95,1
17,5,CDA1,9,2.6500000000000004,1
17,5,CDA1,10,15.0,1
17,5,CDA1,11,4.9,1
17,5,CDA1,12,2.0,1
18,5,CDA1,1,6.0,1
18,5,CDA1,2,1.0,1
18,5,CDA1,3,3.0,1
18,5,CDA1,4,3.0,1
18,5,CDA1,5,3.0,1
18,5,CDA1,6,3.0,1
18,5,CDA1,7,2.0,1
18,5,CDA1,8,1.0,1
18,5,CDA1,9,2.0,1
18,5,CDA1,10,9.0,1
18,5,CDA1,11,9.0,1
18,5,CDA1,12,9.0,1
19,5,CDA1,1,8.0,1
19,5,CDA1,2,4.0,1
19,5,CDA1,3,4.0,1
19,5,CDA1,4,1.0,1
19,5,CDA1,5,2.0,1
19,5,CDA1,6,2.0,1
19,5,CDA1,7,7.0,1
19,5,CDA1,8,7.0,1
19,5,CDA1,9,3.0,1
19,5,CDA1,10,3.0,1
19,5,CDA1,11,2.5999999999999996,1
19,5,CDA1,12,2.5999999999999996,1
20,5,CDA1,1,1.0,1
20,5,CDA1,2,1.0,1
20,5,CDA1,3,1.0,1
20,5,CDA1,4,1.0,1
20,5,CDA1,5,1.0,1
20,5,CDA1,6,1.0,1
20,5,CDA1,7,1.0,1
20,5,CDA1,8,2.0,1
20,5,CDA1,9,1.0,1
20,5,CDA1,10,1.0,1
20,5,CDA1,11,1.0,1
20,5,CDA1,12,1.0,1
1,1,CDA2,1,12.0,2
1,1,CDA2,2,12.0,2
1,1,CDA2,3,10.0,2
1,1,CDA2,4,12.0,2
1,1,CDA2,5,2.0,2
1,1,CDA2,6,2.0,2
1,1,CDA2,7,2.0,2
1,1,CDA2,8,7.0,2
1,1,CDA2,9,15.0,2
1,1,CDA2,10,5.0,2
1,1,CDA2,11,4.0,2
1,1,CDA2,12,3.0,2
2,1,CDA2,1,13.0,2
2,1,CDA2,2,4.0,2
2,1,CDA2,3,1.0,2
2,1,CDA2,4,1.0,2
2,1,CDA2,5,3.0,2
2,1,CDA2,6,3.0,2
2,1,CDA2,7,3.0,2
2,1,CDA2,8,1.0,2
2,1,CDA2,9,1.0,2
2,1,CDA2,10,3.0,2
2,1,CDA2,11,2.0,2
2,1,CDA2,12,7.0,2
3,1,CDA2,1,2.0,2
3,1,CDA2,2,2.0,2
3,1,CDA2,3,2.0,2
3,1,CDA2,4,1.0,2
3,1,CDA2,5,1.0,2
3,1,CDA2,6,12.0,2
3,1,CDA2,7,6.0,2
3,1,CDA2,8,4.0,2
3,1,CDA2,9,3.0,2
3,1,CDA2,10,3.0,2
3,1,CDA2,11,3.0,2
3,1,CDA2,12,6.0,2
4,1,CDA2,1,2.0,2
4,1,CDA2,2,3.0,2
4,1,CDA2,3,2.0,2
4,1,CDA2,4,2.0,2
4,1,CDA2,5,2.0,2
4,1,CDA2,6,1.0,2
4,1,CDA2,7,3.0,2
4,1,CDA2,8,3.0,2
4,1,CDA2,9,3.0,2
4,1,CDA2,10,3.0,2
4,1,CDA2,11,13.0,2
4,1,CDA2,12,4.0,2
5,2,CDA2,1,6.0,2
5,2,CDA2,2,6.0,2
5,2,CDA2,3,6.0,2
5,2,CDA2,4,2.0,2
5,2,CDA2,5,2.0,2
5,2,CDA2,6,4.0,2
5,2,CDA2,7,4.0,2
5,2,CDA2,8,5.0,2
5,2,CDA2,9,8.0,2
5,2,CDA2,10,4.0,2
5,2,CDA2,11,2.0,2
5,2,CDA2,12,1.0,2
6,2,CDA2,1,6.0,2
6,2,CDA2,2,6.0,2
6,2,CDA2,3,2.0,2
6,2,CDA2,4,11.0,2
6,2,CDA2,5,4.0,2
6,2,CDA2,6,8.0,2
6,2,CDA2,7,2.0,2
6,2,CDA2,8,2.0,2
6,2,CDA2,9,1.0,2
6,2,CDA2,10,1.0,2
6,2,CDA2,11,11.0,2
6,2,CDA2,12,1.0,2
7,2,CDA2,1,4.0,2
7,2,CDA2,2,6.0,2
7,2,CDA2,3,2.0,2
7,2,CDA2,4,4.5,2
7,2,CDA2,5,3.0,2
7,2,CDA2,6,2.0,2
7,2,CDA2,7,2.0,2
7,2,CDA2,8,2.0,2
7,2,CDA2,9,1.0,2
7,2,CDA2,10,6.5,2
7,2,CDA2,11,2.1500000000000004,2
7,2,CDA2,12,1.7000000000000002,2
8,2,CDA2,1,4.0,2
8,2,CDA2,2,1.0,2
8,2,CDA2,3,5.0,2
8,2,CDA2,4,1.0,2
8,2,CDA2,5,2.0,2
8,2,CDA2,6,1.5499999999999998,2
8,2,CDA2,7,1.0,2
8,2,CDA2,8,1.0,2
8,2,CDA2,9,1.0,2
8,2,CDA2,10,1.0,2
8,2,CDA2,11,1.0,2
8,2,CDA2,12,1.0,2
9,3,CDA2,1,3.0,2
9,3,CDA2,2,2.0,2
9,3,CDA2,3,1.0,2
9,3,CDA2,4,8.0,2
9,3,CDA2,5,3.0,2
9,3,CDA2,6,2.0,2
9,3,CDA2,7,3.0,2
9,3,CDA2,8,5.95,2
9,3,CDA2,9,2.0,2
9,3,CDA2,10,2.0,2
9,3,CDA2,11,9.0,2
9,3,CDA2,12,1.0,2
10,3,CDA2,1,1.0,2
10,3,CDA2,2,2.0,2
10,3,CDA2,3,2.0,2
10,3,CDA2,4,1.0,2
10,3,CDA2,5,1.0,2
10,3,CDA2,6,5.0,2
10,3,CDA2,7,1.0,2
10,3,CDA2,8,1.0,2
10,3,CDA2,9,1.0,2
10,3,CDA2,10,1.0,2
10,3,CDA2,11,1.0,2
10,3,CDA2,12,6.0,2
11,3,CDA2,1,2.0,2
11,3,CDA2,2,1.0,2
11,3,CDA2,3,2.0,2
11,3,CDA2,4,3.0,2
11,3,CDA2,5,1.0,2
11,3,CDA2,6,2.0,2
11,3,CDA2,7,2.0,2
11,3,CDA2,8,2.0,2
11,3,CDA2,9,1.0,2
11,3,CDA2,10,2.0,2
11,3,CDA2,11,2.0,2
11,3,CDA2,12,1.5999999999999996,2
12,3,CDA2,1,2.0,2
12,3,CDA2,2,2.0,2
12,3,CDA2,3,2.0,2
12,3,CDA2,4,2.0,2
12,3,CDA2,5,4.0,2
12,3,CDA2,6,5.0,2
12,3,CDA2,7,4.0,2
12,3,CDA2,8,9.0,2
12,3,CDA2,9,1.0,2
12,3,CDA2,10,8.0,2
12,3,CDA2,11,4.6,2
12,3,CDA2,12,4.300000000000001,2
13,4,CDA2,1,1.0,2
13,4,CDA2,2,2.0,2
13,4,CDA2,3,1.0,2
13,4,CDA2,4,1.2000000000000002,2
13,4,CDA2,5,12.399999999999999,2
13,4,CDA2,6,1.0,2
13,4,CDA2,7,12.0,2
13,4,CDA2,8,14.0,2
13,4,CDA2,9,6.0,2
13,4,CDA2,10,1.0,2
13,4,CDA2,11,2.0,2
13,4,CDA2,12,1.0,2
14,4,CDA2,1,1.0,2
14,4,CDA2,2,1.0,2
14,4,CDA2,3,2.0,2
14,4,CDA2,4,1.0,2
14,4,CDA2,5,1.0,2
14,4,CDA2,6,2.0,2
14,4,CDA2,7,2.0,2
14,4,CDA2,8,3.0,2
14,4,CDA2,9,1.0,2
14,4,CDA2,10,2.0,2
14,4,CDA2,11,2.3000000000000007,2
14,4,CDA2,12,6.0,2
15,4,CDA2,1,1.0,2
15,4,CDA2,2,3.0,2
15,4,CDA2,3,1.0,2
15,4,CDA2,4,1.0,2
15,4,CDA2,5,1.0,2
15,4,CDA2,6,1.0,2
15,4,CDA2,7,1.0,2
15,4,CDA2,8,1.0,2
15,4,CDA2,9,1.0,2
15,4,CDA2,10,2.0,2
15,4,CDA2,11,1.0,2
15,4,CDA2,12,3.0,2
16,4,CDA2,1,1.0,2
16,4,CDA2,2,1.0,2
16,4,CDA2,3,2.0,2
16,4,CDA2,4,2.0,2
16,4,CDA2,5,1.0,2
16,4,CDA2,6,1.0,2
16,4,CDA2,7,2.0,2
16,4,CDA2,8,1.0,2
16,4,CDA2,9,1.0,2
16,4,CDA2,10,1.0,2
16,4,CDA2,11,2.0,2
16,4,CDA2,12,15.0,2
17,5,CDA2,1,2.0,2
17,5,CDA2,2,2.0,2
17,5,CDA2,3,2.0,2
17,5,CDA2,4,5.0,2
17,5,CDA2,5,3.0,2
17,5,CDA2,6,4.0,2
17,5,CDA2,7,7.0,2
17,5,CDA2,8,8.0,2
17,5,CDA2,9,10.8,2
17,5,CDA2,10,5.800000000000001,2
17,5,CDA2,11,11.75,2
17,5,CDA2,12,11.75,2
18,5,CDA2,1,1.0,2
18,5,CDA2,2,2.0,2
18,5,CDA2,3,5.0,2
18,5,CDA2,4,1.0,2
18,5,CDA2,5,7.0,2
18,5,CDA2,6,7.0,2
18,5,CDA2,7,7.0,2
18,5,CDA2,8,7.0,2
18,5,CDA2,9,15.0,2
18,5,CDA2,10,4.800000000000001,2
18,5,CDA2,11,5.0,2
18,5,CDA2,12,5.0,2
19,5,CDA2,1,1.0,2
19,5,CDA2,2,5.0,2
19,5,CDA2,3,2.0,2
19,5,CDA2,4,5.0,2
19,5,CDA2,5,2.0,2
19,5,CDA2,6,2.0,2
19,5,CDA2,7,2.0,2
19,5,CDA2,8,12.5,2
19,5,CDA2,9,3.0,2
19,5,CDA2,10,13.5,2
19,5,CDA2,11,2.0,2
19,5,CDA2,12,2.0,2
20,5,CDA2,1,5.0,2
20,5,CDA2,2,12.0,2
20,5,CDA2,3,4.0,2
20,5,CDA2,4,2.0,2
20,5,CDA2,5,1.8000000000000007,2
20,5,CDA2,6,2.0,2
20,5,CDA2,7,8.2,2
20,5,CDA2,8,1.0,2
20,5,CDA2,9,1.0,2
20,5,CDA2,10,1.0,2
20,5,CDA2,11,2.0,2
20,5,CDA2,12,2.0,2
1,1,CDA3,1,16.0,3
1,1,CDA3,2,6.0,3
1,1,CDA3,3,12.0,3
1,1,CDA3,4,9.0,3
1,1,CDA3,5,3.0,3
1,1,CDA3,6,5.1,3
1,1,CDA3,7,3.0,3
1,1,CDA3,8,3.0,3
1,1,CDA3,9,7.0,3
1,1,CDA3,10,2.0,3
1,1,CDA3,11,2.0,3
1,1,CDA3,12,8.0,3
2,1,CDA3,1,12.0,3
2,1,CDA3,2,5.0,3
2,1,CDA3,3,10.0,3
2,1,CDA3,4,5.0,3
2,1,CDA3,5,2.0,3
2,1,CDA3,6,4.0,3
2,1,CDA3,7,1.0,3
2,1,CDA3,8,3.0,3
2,1,CDA3,9,2.0,3
2,1,CDA3,10,1.0,3
2,1,CDA3,11,12.0,3
2,1,CDA3,12,1.0,3
3,1,CDA3,1,3.0,3
3,1,CDA3,2,4.0,3
3,1,CDA3,3,1.0,3
3,1,CDA3,4,2.0,3
3,1,CDA3,5,2.0,3
3,1,CDA3,6,2.0,3
3,1,CDA3,7,1.0,3
3,1,CDA3,8,1.0,3
3,1,CDA3,9,1.0,3
3,1,CDA3,10,1.0,3
3,1,CDA3,11,1.0,3
3,1,CDA3,12,1.0,3
4,1,CDA3,1,7.0,3
4,1,CDA3,2,2.0,3
4,1,CDA3,3,2.0,3
4,1,CDA3,4,3.0,3
4,1,CDA3,5,1.0,3
4,1,CDA3,6,3.0,3
4,1,CDA3,7,1.0500000000000007,3
4,1,CDA3,8,2.0,3
4,1,CDA3,9,1.0,3
4,1,CDA3,10,1.0,3
4,1,CDA3,11,5.0,3
4,1,CDA3,12,1.0,3
5,2,CDA3,1,10.0,3
5,2,CDA3,2,2.0,3
5,2,CDA3,3,2.0,3
5,2,CDA3,4,2.0,3
5,2,CDA3,5,12.0,3
5,2,CDA3,6,6.0,3
5,2,CDA3,7,1.0,3
5,2,CDA3,8,1.0,3
5,2,CDA3,9,1.0,3
5,2,CDA3,10,1.0,3
5,2,CDA3,11,1.0,3
5,2,CDA3,12,1.0,3
6,2,CDA3,1,1.0,3
6,2,CDA3,2,1.0,3
6,2,CDA3,3,1.0,3
6,2,CDA3,4,1.0,3
6,2,CDA3,5,1.0,3
6,2,CDA3,6,1.0,3
6,2,CDA3,7,2.0,3
6,2,CDA3,8,3.0,3
6,2,CDA3,9,5.0,3
6,2,CDA3,10,1.0,3
6,2,CDA3,11,1.0,3
6,2,CDA3,12,1.0,3
7,2,CDA3,1,4.0,3
7,2,CDA3,2,1.0,3
7,2,CDA3,3,1.0,3
7,2,CDA3,4,1.0,3
7,2,CDA3,5,1.0,3
7,2,CDA3,6,1.0,3
7,2,CDA3,7,1.0,3
7,2,CDA3,8,1.0,3
7,2,CDA3,9,1.0,3
7,2,CDA3,10,2.0,3
7,2,CDA3,11,1.0,3
7,2,CDA3,12,1.0,3
8,2,CDA3,1,2.0,3
8,2,CDA3,2,1.0,3
8,2,CDA3,3,3.0,3
8,2,CDA3,4,7.0,3
8,2,CDA3,5,1.0,3
8,2,CDA3,6,2.0,3
8,2,CDA3,7,1.0,3
8,2,CDA3,8,1.0,3
8,2,CDA3,9,14.0,3
8,2,CDA3,10,11.899999999999999,3
8,2,CDA3,11,3.0,3
8,2,CDA3,12,1.0,3
9,3,CDA3,1,1.0,3
9,3,CDA3,2,1.0,3
9,3,CDA3,3,9.0,3
9,3,CDA3,4,1.0,3
9,3,CDA3,5,2.0,3
9,3,CDA3,6,13.0,3
9,3,CDA3,7,13.75,3
9,3,CDA3,8,14.0,3
9,3,CDA3,9,1.0,3
9,3,CDA3,10,1.0,3
9,3,CDA3,11,1.0,3
9,3,CDA3,12,10.0,3
10,3,CDA3,1,1.0,3
10,3,CDA3,2,2.0,3
10,3,CDA3,3,3.0,3
10,3,CDA3,4,3.0,3
10,3,CDA3,5,3.0,3
10,3,CDA3,6,3.9499999999999993,3
10,3,CDA3,7,1.0,3
10,3,CDA3,8,1.0,3
10,3,CDA3,9,2.9499999999999993,3
10,3,CDA3,10,1.9499999999999993,3
10,3,CDA3,11,2.0,3
10,3,CDA3,12,9.85,3
11,3,CDA3,1,12.0,3
11,3,CDA3,2,2.0,3
11,3,CDA3,3,1.0,3
11,3,CDA3,4,11.0,3
11,3,CDA3,5,1.0,3
11,3,CDA3,6,1.0,3
11,3,CDA3,7,5.0,3
11,3,CDA3,8,1.0,3
11,3,CDA3,9,1.0,3
11,3,CDA3,10,7.0,3
11,3,CDA3,11,1.0,3
11,3,CDA3,12,4.300000000000001,3
12,3,CDA3,1,1.0,3
12,3,CDA3,2,1.0,3
12,3,CDA3,3,2.0,3
12,3,CDA3,4,2.0,3
12,3,CDA3,5,2.0,3
12,3,CDA3,6,2.0,3
12,3,CDA3,7,1.0,3
12,3,CDA3,8,1.0,3
12,3,CDA3,9,1.0,3
12,3,CDA3,10,8.0,3
12,3,CDA3,11,10.0,3
12,3,CDA3,12,7.0,3
13,4,CDA3,1,4.0,3
13,4,CDA3,2,1.0,3
13,4,CDA3,3,1.0,3
13,4,CDA3,4,1.0,3
13,4,CDA3,5,1.0,3
13,4,CDA3,6,1.0,3
13,4,CDA3,7,14.0,3
13,4,CDA3,8,3.0,3
13,4,CDA3,9,14.0,3
13,4,CDA3,10,1.0,3
13,4,CDA3,11,1.0,3
13,4,CDA3,12,15.0,3
14,4,CDA3,1,12.0,3
14,4,CDA3,2,14.0,3
14,4,CDA3,3,2.0,3
14,4,CDA3,4,2.0,3
14,4,CDA3,5,3.0,3
14,4,CDA3,6,1.0,3
14,4,CDA3,7,1.0,3
14,4,CDA3,8,2.0,3
14,4,CDA3,9,1.0,3
14,4,CDA3,10,14.0,3
14,4,CDA3,11,1.0,3
14,4,CDA3,12,1.0,3
15,4,CDA3,1,3.0,3
15,4,CDA3,2,1.0,3
15,4,CDA3,3,1.0,3
15,4,CDA3,4,2.0,3
15,4,CDA3,5,13.0,3
15,4,CDA3,6,1.0,3
15,4,CDA3,7,1.0,3
15,4,CDA3,8,1.0,3
15,4,CDA3,9,1.0,3
15,4,CDA3,10,1.0,3
15,4,CDA3,11,1.0,3
15,4,CDA3,12,1.0,3
16,4,CDA3,1,1.0,3
16,4,CDA3,2,2.0,3
16,4,CDA3,3,1.0,3
16,4,CDA3,4,1.0,3
16,4,CDA3,5,12.899999999999999,3
16,4,CDA3,6,1.0,3
16,4,CDA3,7,1.0,3
16,4,CDA3,8,1.0,3
16,4,CDA3,9,1.0,3
16,4,CDA3,10,1.0,3
16,4,CDA3,11,1.0,3
16,4,CDA3,12,1.0,3
17,5,CDA3,1,12.0,3
17,5,CDA3,2,6.0,3
17,5,CDA3,3,5.0,3
17,5,CDA3,4,4.0,3
17,5,CDA3,5,11.0,3
17,5,CDA3,6,8.0,3
17,5,CDA3,7,6.0,3
17,5,CDA3,8,5.0,3
17,5,CDA3,9,4.0,3
17,5,CDA3,10,12.8,3
17,5,CDA3,11,12.0,3
17,5,CDA3,12,1.0,3
18,5,CDA3,1,10.0,3
18,5,CDA3,2,4.0,3
18,5,CDA3,3,3.0,3
18,5,CDA3,4,3.0,3
18,5,CDA3,5,1.0,3
18,5,CDA3,6,1.0,3
18,5,CDA3,7,10.0,3
18,5,CDA3,8,1.0,3
18,5,CDA3,9,2.0,3
18,5,CDA3,10,1.6999999999999993,3
18,5,CDA3,11,1.0,3
18,5,CDA3,12,1.0,3
19,5,CDA3,1,4.0,3
19,5,CDA3,2,2.0,3
19,5,CDA3,3,2.0,3
19,5,CDA3,4,1.0,3
19,5,CDA3,5,3.0,3
19,5,CDA3,6,3.0,3
19,5,CDA3,7,2.0,3
19,5,CDA3,8,12.0,3
19,5,CDA3,9,4.0,3
19,5,CDA3,10,4.0,3
19,5,CDA3,11,2.0,3
19,5,CDA3,12,3.0,3
20,5,CDA3,1,1.0,3
20,5,CDA3,2,2.0,3
20,5,CDA3,3,2.0,3
20,5,CDA3,4,1.0,3
20,5,CDA3,5,3.0,3
20,5,CDA3,6,15.0,3
20,5,CDA3,7,1.0,3
20,5,CDA3,8,2.0,3
20,5,CDA3,9,1.0,3
20,5,CDA3,10,13.0,3
20,5,CDA3,11,1.4499999999999993,3
20,5,CDA3,12,1.0,3
1,1,CDA4,1,10.0,4
1,1,CDA4,2,10.0,4
1,1,CDA4,3,5.0,4
1,1,CDA4,4,1.0,4
1,1,CDA4,5,1.0,4
1,1,CDA4,6,1.0,4
1,1,CDA4,7,2.0,4
1,1,CDA4,8,2.0,4
1,1,CDA4,9,2.0,4
1,1,CDA4,10,1.0,4
1,1,CDA4,11,3.0,4
1,1,CDA4,12,2.0,4
2,1,CDA4,1,10.0,4
2,1,CDA4,2,10.0,4
2,1,CDA4,3,8.0,4
2,1,CDA4,4,1.0,4
2,1,CDA4,5,1.0,4
2,1,CDA4,6,2.0,4
2,1,CDA4,7,2.0,4
2,1,CDA4,8,5.0,4
2,1,CDA4,9,5.0,4
2,1,CDA4,10,4.0,4
2,1,CDA4,11,3.0,4
2,1,CDA4,12,3.0500000000000007,4
3,1,CDA4,1,10.0,4
3,1,CDA4,2,1.0,4
3,1,CDA4,3,3.0,4
3,1,CDA4,4,3.0,4
3,1,CDA4,5,1.0,4
3,1,CDA4,6,3.0,4
3,1,CDA4,7,4.0,4
3,1,CDA4,8,1.0,4
3,1,CDA4,9,2.0,4
3,1,CDA4,10,2.0,4
3,1,CDA4,11,10.0,4
3,1,CDA4,12,1.0,4
4,1,CDA4,1,20.0,4
4,1,CDA4,2,4.0,4
4,1,CDA4,3,6.0,4
4,1,CDA4,4,5.0,4
4,1,CDA4,5,1.0,4
4,1,CDA4,6,4.0,4
4,1,CDA4,7,4.0,4
4,1,CDA4,8,1.0,4
4,1,CDA4,9,1.0,4
4,1,CDA4,10,2.0,4
4,1,CDA4,11,2.0,4
4,1,CDA4,12,2.0,4
5,2,CDA4,1,10.0,4
5,2,CDA4,2,8.0,4
5,2,CDA4,3,5.0,4
5,2,CDA4,4,1.0,4
5,2,CDA4,5,4.0,4
5,2,CDA4,6,3.0,4
5,2,CDA4,7,6.0,4
5,2,CDA4,8,3.0,4
5,2,CDA4,9,2.8,4
5,2,CDA4,10,6.0,4
5,2,CDA4,11,8.65,4
5,2,CDA4,12,3.9000000000000004,4
6,2,CDA4,1,10.0,4
6,2,CDA4,2,2.0,4
6,2,CDA4,3,4.0,4
6,2,CDA4,4,3.0,4
6,2,CDA4,5,1.0,4
6,2,CDA4,6,5.0,4
6,2,CDA4,7,6.0,4
6,2,CDA4,8,3.0,4
6,2,CDA4,9,6.0,4
6,2,CDA4,10,1.0,4
6,2,CDA4,11,1.0,4
6,2,CDA4,12,1.0,4
7,2,CDA4,1,5.0,4
7,2,CDA4,2,3.0,4
7,2,CDA4,3,3.0,4
7,2,CDA4,4,11.0,4
7,2,CDA4,5,2.0,4
7,2,CDA4,6,6.0,4
7,2,CDA4,7,1.0,4
7,2,CDA4,8,2.0,4
7,2,CDA4,9,1.0,4
7,2,CDA4,10,1.0,4
7,2,CDA4,11,1.0,4
7,2,CDA4,12,1.0,4
8,2,CDA4,1,9.0,4
8,2,CDA4,2,4.0,4
8,2,CDA4,3,7.0,4
8,2,CDA4,4,6.0,4
8,2,CDA4,5,2.0,4
8,2,CDA4,6,1.0,4
8,2,CDA4,7,12.0,4
8,2,CDA4,8,1.0,4
8,2,CDA4,9,12.0,4
8,2,CDA4,10,11.0,4
8,2,CDA4,11,12.0,4
8,2,CDA4,12,2.0,4
9,3,CDA4,1,12.0,4
9,3,CDA4,2,11.0,4
9,3,CDA4,3,4.0,4
9,3,CDA4,4,4.0,4
9,3,CDA4,5,8.0,4
9,3,CDA4,6,8.0,4
9,3,CDA4,7,4.0,4
9,3,CDA4,8,2.0,4
9,3,CDA4,9,3.0,4
9,3,CDA4,10,2.0,4
9,3,CDA4,11,1.0,4
9,3,CDA4,12,1.0,4
10,3,CDA4,1,9.0,4
10,3,CDA4,2,12.0,4
10,3,CDA4,3,2.0,4
10,3,CDA4,4,3.0,4
10,3,CDA4,5,2.0,4
10,3,CDA4,6,2.0,4
10,3,CDA4,7,8.0,4
10,3,CDA4,8,6.0,4
10,3,CDA4,9,4.0,4
10,3,CDA4,10,6.0,4
10,3,CDA4,11,1.0,4
10,3,CDA4,12,1.0,4
11,3,CDA4,1,7.0,4
11,3,CDA4,2,4.0,4
11,3,CDA4,3,3.0,4
11,3,CDA4,4,10.0,4
11,3,CDA4,5,3.0,4
11,3,CDA4,6,4.0,4
11,3,CDA4,7,3.0,4
11,3,CDA4,8,3.0,4
11,3,CDA4,9,2.0,4
11,3,CDA4,10,12.0,4
11,3,CDA4,11,1.0,4
11,3,CDA4,12,2.0,4
12,3,CDA4,1,14.0,4
12,3,CDA4,2,12.0,4
12,3,CDA4,3,5.0,4
12,3,CDA4,4,2.0,4
12,3,CDA4,5,2.0,4
12,3,CDA4,6,1.0,4
12,3,CDA4,7,1.0,4
12,3,CDA4,8,1.0,4
12,3,CDA4,9,4.0,4
12,3,CDA4,10,1.0,4
12,3,CDA4,11,1.0,4
12,3,CDA4,12,1.0,4
13,4,CDA4,1,5.0,4
13,4,CDA4,2,5.0,4
13,4,CDA4,3,1.0,4
13,4,CDA4,4,2.0,4
13,4,CDA4,5,1.0,4
13,4,CDA4,6,1.0,4
13,4,CDA4,7,1.0499999999999998,4
13,4,CDA4,8,1.0499999999999998,4
13,4,CDA4,9,1.0,4
13,4,CDA4,10,1.0,4
13,4,CDA4,11,2.3499999999999996,4
13,4,CDA4,12,1.0,4
14,4,CDA4,1,1.0,4
14,4,CDA4,2,1.0,4
14,4,CDA4,3,1.0,4
14,4,CDA4,4,2.0,4
14,4,CDA4,5,1.0,4
14,4,CDA4,6,1.0,4
14,4,CDA4,7,1.0,4
14,4,CDA4,8,1.0,4
14,4,CDA4,9,2.0,4
14,4,CDA4,10,16.0,4
14,4,CDA4,11,2.5999999999999996,4
14,4,CDA4,12,1.0,4
15,4,CDA4,1,2.0,4
15,4,CDA4,2,1.0,4
15,4,CDA4,3,2.0,4
15,4,CDA4,4,1.0,4
15,4,CDA4,5,1.0,4
15,4,CDA4,6,1.0,4
15,4,CDA4,7,3.0,4
15,4,CDA4,8,6.0,4
15,4,CDA4,9,1.0,4
15,4,CDA4,10,1.0,4
15,4,CDA4,11,5.0,4
15,4,CDA4,12,1.0,4
16,4,CDA4,1,3.0,4
16,4,CDA4,2,1.0,4
16,4,CDA4,3,1.0,4
16,4,CDA4,4,1.0,4
16,4,CDA4,5,1.0,4
16,4,CDA4,6,2.0,4
16,4,CDA4,7,2.0,4
16,4,CDA4,8,2.0,4
16,4,CDA4,9,1.0,4
16,4,CDA4,10,5.0,4
16,4,CDA4,11,4.0,4
16,4,CDA4,12,4.0,4
17,5,CDA4,1,9.0,4
17,5,CDA4,2,4.0,4
17,5,CDA4,3,1.0,4
17,5,CDA4,4,2.0,4
17,5,CDA4,5,12.0,4
17,5,CDA4,6,12.0,4
17,5,CDA4,7,15.0,4
17,5,CDA4,8,7.0,4
17,5,CDA4,9,7.0,4
17,5,CDA4,10,5.0,4
17,5,CDA4,11,5.0,4
17,5,CDA4,12,3.0,4
18,5,CDA4,1,6.0,4
18,5,CDA4,2,4.0,4
18,5,CDA4,3,3.0,4
18,5,CDA4,4,11.0,4
18,5,CDA4,5,2.0,4
18,5,CDA4,6,4.0,4
18,5,CDA4,7,2.0,4
18,5,CDA4,8,4.5,4
18,5,CDA4,9,14.0,4
18,5,CDA4,10,7.0,4
18,5,CDA4,11,11.8,4
18,5,CDA4,12,1.0,4
19,5,CDA4,1,4.0,4
19,5,CDA4,2,3.0,4
19,5,CDA4,3,4.0,4
19,5,CDA4,4,4.0,4
19,5,CDA4,5,6.0,4
19,5,CDA4,6,1.0,4
19,5,CDA4,7,5.0,4
19,5,CDA4,8,4.0,4
19,5,CDA4,9,4.0,4
19,5,CDA4,10,4.0,4
19,5,CDA4,11,1.0,4
19,5,CDA4,12,1.0,4
20,5,CDA4,1,2.0,4
20,5,CDA4,2,3.0,4
20,5,CDA4,3,3.0,4
20,5,CDA4,4,1.0,4
20,5,CDA4,5,4.0,4
20,5,CDA4,6,3.0,4
20,5,CDA4,7,2.0,4
20,5,CDA4,8,1.0,4
20,5,CDA4,9,4.0,4
20,5,CDA4,10,5.0,4
20,5,CDA4,11,5.0,4
20,5,CDA4,12,6.0,4
1,1,CDA5,1,6.0,5
1,1,CDA5,2,2.0,5
1,1,CDA5,3,3.0,5
1,1,CDA5,4,1.0,5
1,1,CDA5,5,2.0,5
1,1,CDA5,6,4.0,5
1,1,CDA5,7,4.0,5
1,1,CDA5,8,2.0,5
1,1,CDA5,9,2.0,5
1,1,CDA5,10,1.0,5
1,1,CDA5,11,1.0,5
1,1,CDA5,12,1.0,5
2,1,CDA5,1,3.0,5
2,1,CDA5,2,4.0,5
2,1,CDA5,3,4.0,5
2,1,CDA5,4,3.0,5
2,1,CDA5,5,1.0,5
2,1,CDA5,6,1.0,5
2,1,CDA5,7,14.0,5
2,1,CDA5,8,3.0,5
2,1,CDA5,9,4.0,5
2,1,CDA5,10,4.0,5
2,1,CDA5,11,2.8000000000000007,5
2,1,CDA5,12,3.0,5
3,1,CDA5,1,4.0,5
3,1,CDA5,2,3.0,5
3,1,CDA5,3,3.0,5
3,1,CDA5,4,2.0,5
3,1,CDA5,5,2.0,5
3,1,CDA5,6,1.9499999999999993,5
3,1,CDA5,7,2.9000000000000004,5
3,1,CDA5,8,4.0,5
3,1,CDA5,9,1.0,5
3,1,CDA5,10,1.0,5
3,1,CDA5,11,1.0,5
3,1,CDA5,12,1.0999999999999996,5
4,1,CDA5,1,3.0,5
4,1,CDA5,2,2.0,5
4,1,CDA5,3,2.0,5
4,1,CDA5,4,2.0,5
4,1,CDA5,5,2.0,5
4,1,CDA5,6,1.0,5
4,1,CDA5,7,1.0,5
4,1,CDA5,8,1.0,5
4,1,CDA5,9,3.0,5
4,1,CDA5,10,6.0,5
4,1,CDA5,11,1.0,5
4,1,CDA5,12,1.0,5
5,2,CDA5,1,10.0,5
5,2,CDA5,2,2.0,5
5,2,CDA5,3,2.0,5
5,2,CDA5,4,4.0,5
5,2,CDA5,5,4.0,5
5,2,CDA5,6,1.0,5
5,2,CDA5,7,3.0,5
5,2,CDA5,8,1.0,5
5,2,CDA5,9,4.0,5
5,2,CDA5,10,5.0,5
5,2,CDA5,11,4.0,5
5,2,CDA5,12,1.0,5
6,2,CDA5,1,2.0,5
6,2,CDA5,2,2.0,5
6,2,CDA5,3,1.0,5
6,2,CDA5,4,1.0,5
6,2,CDA5,5,6.0,5
6,2,CDA5,6,1.0,5
6,2,CDA5,7,1.0,5
6,2,CDA5,8,6.0,5
6,2,CDA5,9,6.0,5
6,2,CDA5,10,4.0,5
6,2,CDA5,11,4.0,5
6,2,CDA5,12,4.0,5
7,2,CDA5,1,2.0,5
7,2,CDA5,2,1.0,5
7,2,CDA5,3,1.0,5
7,2,CDA5,4,6.0,5
7,2,CDA5,5,1.0,5
7,2,CDA5,6,7.0,5
7,2,CDA5,7,1.0,5
7,2,CDA5,8,1.0,5
7,2,CDA5,9,1.0,5
7,2,CDA5,10,1.0,5
7,2,CDA5,11,6.0,5
7,2,CDA5,12,3.0,5
8,2,CDA5,1,1.0,5
8,2,CDA5,2,5.0,5
8,2,CDA5,3,5.0,5
8,2,CDA5,4,3.0,5
8,2,CDA5,5,3.0,5
8,2,CDA5,6,3.0,5
8,2,CDA5,7,3.0,5
8,2,CDA5,8,4.0,5
8,2,CDA5,9,10.0,5
8,2,CDA5,10,5.0,5
8,2,CDA5,11,1.0,5
8,2,CDA5,12,1.0,5
9,3,CDA5,1,1.0,5
9,3,CDA5,2,8.0,5
9,3,CDA5,3,4.0,5
9,3,CDA5,4,1.0,5
9,3,CDA5,5,1.0,5
9,3,CDA5,6,1.0,5
9,3,CDA5,7,1.0,5
9,3,CDA5,8,1.0,5
9,3,CDA5,9,1.0,5
9,3,CDA5,10,1.0,5
9,3,CDA5,11,8.0,5
9,3,CDA5,12,1.0,5
10,3,CDA5,1,5.0,5
10,3,CDA5,2,1.0,5
10,3,CDA5,3,3.0,5
10,3,CDA5,4,2.0,5
10,3,CDA5,5,2.0,5
10,3,CDA5,6,2.0,5
10,3,CDA5,7,3.0,5
10,3,CDA5,8,1.0,5
10,3,CDA5,9,1.0,5
10,3,CDA5,10,1.0,5
10,3,CDA5,11,3.0,5
10,3,CDA5,12,7.0,5
11,3,CDA5,1,3.0,5
11,3,CDA5,2,3.0,5
11,3,CDA5,3,2.0,5
11,3,CDA5,4,2.0,5
11,3,CDA5,5,3.0,5
11,3,CDA5,6,1.0,5
11,3,CDA5,7,1.0,5
11,3,CDA5,8,1.0,5
11,3,CDA5,9,1.0,5
11,3,CDA5,10,2.0,5
11,3,CDA5,11,5.0,5
11,3,CDA5,12,7.0,5
12,3,CDA5,1,5.0,5
12,3,CDA5,2,3.0,5
12,3,CDA5,3,1.0,5
12,3,CDA5,4,1.0,5
12,3,CDA5,5,1.0,5
12,3,CDA5,6,1.0,5
12,3,CDA5,7,2.0,5
12,3,CDA5,8,2.0,5
12,3,CDA5,9,1.0,5
12,3,CDA5,10,1.0,5
12,3,CDA5,11,1.0,5
12,3,CDA5,12,1.0,5
13,4,CDA5,1,2.0,5
13,4,CDA5,2,1.0,5
13,4,CDA5,3,1.0,5
13,4,CDA5,4,10.0,5
13,4,CDA5,5,10.0,5
13,4,CDA5,6,2.0,5
13,4,CDA5,7,2.0,5
13,4,CDA5,8,5.0,5
13,4,CDA5,9,4.800000000000001,5
13,4,CDA5,10,4.0,5
13,4,CDA5,11,4.0,5
13,4,CDA5,12,4.0,5
14,4,CDA5,1,1.0,5
14,4,CDA5,2,1.0,5
14,4,CDA5,3,6.1,5
14,4,CDA5,4,3.0,5
14,4,CDA5,5,3.0,5
14,4,CDA5,6,1.0,5
14,4,CDA5,7,11.0,5
14,4,CDA5,8,2.0,5
14,4,CDA5,9,2.0,5
14,4,CDA5,10,2.0,5
14,4,CDA5,11,1.0,5
14,4,CDA5,12,2.0,5
15,4,CDA5,1,1.0,5
15,4,CDA5,2,1.0,5
15,4,CDA5,3,13.0,5
15,4,CDA5,4,1.0,5
15,4,CDA5,5,2.0,5
15,4,CDA5,6,3.0,5
15,4,CDA5,7,2.0,5
15,4,CDA5,8,2.0,5
15,4,CDA5,9,2.0,5
15,4,CDA5,10,2.0,5
15,4,CDA5,11,2.0,5
15,4,CDA5,12,2.0,5
16,4,CDA5,1,1.0,5
16,4,CDA5,2,1.0,5
16,4,CDA5,3,3.0,5
16,4,CDA5,4,3.0,5
16,4,CDA5,5,2.0,5
16,4,CDA5,6,2.0,5
16,4,CDA5,7,3.0,5
16,4,CDA5,8,1.0,5
16,4,CDA5,9,1.0,5
16,4,CDA5,10,6.0,5
16,4,CDA5,11,2.6500000000000004,5
16,4,CDA5,12,2.6500000000000004,5
17,5,CDA5,1,4.0,5
17,5,CDA5,2,6.0,5
17,5,CDA5,3,7.0,5
17,5,CDA5,4,10.0,5
17,5,CDA5,5,9.0,5
17,5,CDA5,6,2.0,5
17,5,CDA5,7,2.0,5
17,5,CDA5,8,1.0,5
17,5,CDA5,9,1.0,5
17,5,CDA5,10,1.0,5
17,5,CDA5,11,1.0,5
17,5,CDA5,12,2.0,5
18,5,CDA5,1,5.0,5
18,5,CDA5,2,11.0,5
18,5,CDA5,3,4.0,5
18,5,CDA5,4,12.0,5
18,5,CDA5,5,3.0,5
18,5,CDA5,6,2.0,5
18,5,CDA5,7,2.0,5
18,5,CDA5,8,2.0,5
18,5,CDA5,9,2.0,5
18,5,CDA5,10,2.0,5
18,5,CDA5,11,2.0,5
18,5,CDA5,12,2.0,5
19,5,CDA5,1,4.0,5
19,5,CDA5,2,2.0,5
19,5,CDA5,3,3.0,5
19,5,CDA5,4,3.0,5
19,5,CDA5,5,1.0,5
19,5,CDA5,6,1.0,5
19,5,CDA5,7,3.0,5
19,5,CDA5,8,3.0,5
19,5,CDA5,9,3.0,5
19,5,CDA5,10,2.0,5
19,5,CDA5,11,2.0,5
19,5,CDA5,12,5.0,5
20,5,CDA5,1,1.0,5
20,5,CDA5,2,2.0,5
20,5,CDA5,3,3.0,5
20,5,CDA5,4,1.0,5
20,5,CDA5,5,4.0,5
20,5,CDA5,6,4.0,5
20,5,CDA5,7,3.0,5
20,5,CDA5,8,3.0,5
20,5,CDA5,9,4.0,5
20,5,CDA5,10,3.0,5
20,5,CDA5,11,2.0,5
20,5,CDA5,12,2.6999999999999993,5
1,1,Flow301,1,9.5,1
1,1,Flow301,2,1.9362372091185653,1
1,1,Flow301,3,4.350549450549451,1
1,1,Flow301,4,0.36666666666666625,1
1,1,Flow301,5,0.36666666666666625,1
1,1,Flow301,6,0.3666666666666667,1
1,1,Flow301,7,0.2999999999999998,1
1,1,Flow301,8,0.2999999999999998,1
1,1,Flow301,9,1.3749999999999996,1
1,1,Flow301,10,1.3749999999999996,1
1,1,Flow301,11,0.8043083900226755,1
1,1,Flow301,12,0.8043083900226755,1
2,1,Flow301,1,10.0,1
2,1,Flow301,2,1.0666666666666664,1
2,1,Flow301,3,0.8580567226890756,1
2,1,Flow301,4,0.28750000000000053,1
2,1,Flow301,5,0.4917069384798469,1
2,1,Flow301,6,0.7631969370662839,1
2,1,Flow301,7,0.6857142857142855,1
2,1,Flow301,8,0.776470588235294,1
2,1,Flow301,9,0.6999999999999997,1
2,1,Flow301,10,0.7000000000000002,1
2,1,Flow301,11,0.6000496031746032,1
2,1,Flow301,12,0.617543859649123,1
3,1,Flow301,1,7.666666666666667,1
3,1,Flow301,2,1.276190476190476,1
3,1,Flow301,3,3.1117444219066943,1
3,1,Flow301,4,2.0538888888888893,1
3,1,Flow301,5,2.914045038153697,1
3,1,Flow301,6,0.5066706670667065,1
3,1,Flow301,7,0.5163398692810457,1
3,1,Flow301,8,2.022222222222222,1
3,1,Flow301,9,0.8016949152542354,1
3,1,Flow301,10,1.0,1
3,1,Flow301,11,0.7755960729312759,1
3,1,Flow301,12,0.8784946236559139,1
4,1,Flow301,1,1.3777777777777778,1
4,1,Flow301,2,0.49743589743589745,1
4,1,Flow301,3,0.6333333333333337,1
4,1,Flow301,4,0.6749999999999998,1
4,1,Flow301,5,0.5380434782608701,1
4,1,Flow301,6,0.2908944399677682,1
4,1,Flow301,7,0.31372549019607865,1
4,1,Flow301,8,0.4313186813186811,1
4,1,Flow301,9,0.4313186813186811,1
4,1,Flow301,10,2.2354727398205654,1
4,1,Flow301,11,1.9729064039408866,1
4,1,Flow301,12,1.5843137254901958,1
5,2,Flow301,1,3.3270833333333334,1
5,2,Flow301,2,0.33809523809523867,1
5,2,Flow301,3,0.15726548129981666,1
5,2,Flow301,4,0.1314886314886321,1
5,2,Flow301,5,1.0931052264385595,1
5,2,Flow301,6,2.2376184569167004,1
5,2,Flow301,7,0.3943609022556389,1
5,2,Flow301,8,0.24847649348421363,1
5,2,Flow301,9,0.5642522269104546,1
5,2,Flow301,10,0.3824561403508775,1
5,2,Flow301,11,1.2545454545454544,1
5,2,Flow301,12,0.3555555555555556,1
6,2,Flow301,1,7.166666666666667,1
6,2,Flow301,2,0.2588235294117651,1
6,2,Flow301,3,0.1917960088691797,1
6,2,Flow301,4,0.2454545454545456,1
6,2,Flow301,5,0.3733333333333335,1
6,2,Flow301,6,0.7854545454545456,1
6,2,Flow301,7,0.5073846153846149,1
6,2,Flow301,8,0.6287878787878785,1
6,2,Flow301,9,1.5668044077134984,1
6,2,Flow301,10,0.47747953550352173,1
6,2,Flow301,11,1.0099999999999998,1
6,2,Flow301,12,0.17291090178537605,1
7,2,Flow301,1,0.3429141716566866,1
7,2,Flow301,2,0.27500000000000036,1
7,2,Flow301,3,5.708333333333333,1
7,2,Flow301,4,0.21006289308176118,1
7,2,Flow301,5,0.26483799660322527,1
7,2,Flow301,6,0.38247549019607874,1
7,2,Flow301,7,0.38247549019607874,1
7,2,Flow301,8,1.4489795918367345,1
7,2,Flow301,9,1.3710691823899372,1
7,2,Flow301,10,0.21938775510204067,1
7,2,Flow301,11,0.2208827717133368,1
7,2,Flow301,12,0.3251497131651049,1
8,2,Flow301,1,3.1,1
8,2,Flow301,2,0.1870575948677935,1
8,2,Flow301,3,0.22998728890786424,1
8,2,Flow301,4,0.2743589743589743,1
8,2,Flow301,5,0.3593073593073588,1
8,2,Flow301,6,0.345959595959596,1
8,2,Flow301,7,0.26114797152532976,1
8,2,Flow301,8,0.2611111111111115,1
8,2,Flow301,9,0.26111111111111107,1
8,2,Flow301,10,0.2563218390804596,1
8,2,Flow301,11,1.1088736221255162,1
8,2,Flow301,12,0.29047619047619033,1
9,3,Flow301,1,2.1904761904761907,1
9,3,Flow301,2,0.30165649520488147,1
9,3,Flow301,3,0.3046594982078856,1
9,3,Flow301,4,0.2622377622377625,1
9,3,Flow301,5,0.43356643356643376,1
9,3,Flow301,6,0.3355104015481376,1
9,3,Flow301,7,0.4335664335664333,1
9,3,Flow301,8,0.2359782135076256,1
9,3,Flow301,9,0.34675925925925943,1
9,3,Flow301,10,0.18888495527800142,1
9,3,Flow301,11,0.24330823245882627,1
9,3,Flow301,12,0.1870370370370371,1
10,3,Flow301,1,10.0,1
10,3,Flow301,2,0.6234031681144616,1
10,3,Flow301,3,0.17227534856558835,1
10,3,Flow301,4,0.22903412377096588,1
10,3,Flow301,5,0.22644061247162206,1
10,3,Flow301,6,0.7377961520114491,1
10,3,Flow301,7,0.5862220038751502,1
10,3,Flow301,8,1.4711036905264425,1
10,3,Flow301,9,0.16287878787878807,1
10,3,Flow301,10,1.6797791580400272,1
10,3,Flow301,11,7.0,1
10,3,Flow301,12,2.836418118459257,1
11,3,Flow301,1,10.0,1
11,3,Flow301,2,0.21964326032964543,1
11,3,Flow301,3,0.21964326032964543,1
11,3,Flow301,4,0.2967278510962714,1
11,3,Flow301,5,0.37768031189083784,1
11,3,Flow301,6,0.3776803118908383,1
11,3,Flow301,7,0.1584210526315788,1
11,3,Flow301,8,0.25204223351443567,1
11,3,Flow301,9,0.1616416926489519,1
11,3,Flow301,10,0.16716777576124286,1
11,3,Flow301,11,0.13862113653595376,1
11,3,Flow301,12,0.14439507860560497,1
12,3,Flow301,1,3.2333333333333334,1
12,3,Flow301,2,0.40484848484848523,1
12,3,Flow301,3,0.17086999022482896,1
12,3,Flow301,4,0.3193548387096774,1
12,3,Flow301,5,0.45314207650273186,1
12,3,Flow301,6,0.41639289726436157,1
12,3,Flow301,7,0.7347426584714722,1
12,3,Flow301,8,0.613906411099983,1
12,3,Flow301,9,0.896431711764782,1
12,3,Flow301,10,0.17270058708414915,1
12,3,Flow301,11,0.19824561403508767,1
12,3,Flow301,12,0.16729323308270683,1
13,4,Flow301,1,4.133333333333334,1
13,4,Flow301,2,0.19019607843137232,1
13,4,Flow301,3,0.1324483775811207,1
13,4,Flow301,4,0.14879725085910644,1
13,4,Flow301,5,0.2821305841924402,1
13,4,Flow301,6,0.21546391752577332,1
13,4,Flow301,7,0.2568627450980392,1
13,4,Flow301,8,0.2418300653594767,1
13,4,Flow301,9,0.2418300653594767,1
13,4,Flow301,10,0.17971887550200805,1
13,4,Flow301,11,0.1953878406708598,1
13,4,Flow301,12,0.1953878406708598,1
14,4,Flow301,1,3.1,1
14,4,Flow301,2,0.22438600647555873,1
14,4,Flow301,3,0.248148148148148,1
14,4,Flow301,4,0.26151229722658265,1
14,4,Flow301,5,0.13592298190558916,1
14,4,Flow301,6,0.2949460021549024,1
14,4,Flow301,7,0.4076923076923076,1
14,4,Flow301,8,0.24449541284403642,1
14,4,Flow301,9,0.24449541284403642,1
14,4,Flow301,10,0.7166666666666663,1
14,4,Flow301,11,0.6920903954802258,1
14,4,Flow301,12,0.16175115207373247,1
15,4,Flow301,1,3.3823529411764706,1
15,4,Flow301,2,0.2185007974481663,1
15,4,Flow301,3,0.2533333333333334,1
15,4,Flow301,4,0.1430997876857747,1
15,4,Flow301,5,0.8606060606060608,1
15,4,Flow301,6,0.22336977007161707,1
15,4,Flow301,7,0.279234972677596,1
15,4,Flow301,8,0.26747967479674806,1
15,4,Flow301,9,0.27333333333333343,1
15,4,Flow301,10,0.3666666666666667,1
15,4,Flow301,11,0.3666666666666667,1
15,4,Flow301,12,0.20650406504065044,1
16,4,Flow301,1,2.7222222222222223,1
16,4,Flow301,2,0.39907407407407325,1
16,4,Flow301,3,0.39907407407407325,1
16,4,Flow301,4,0.3072463768115945,1
16,4,Flow301,5,0.13638843426077507,1
16,4,Flow301,6,0.13638843426077507,1
16,4,Flow301,7,0.2201176639403073,1
16,4,Flow301,8,0.202048776306202,1
16,4,Flow301,9,0.2891774891774892,1
16,4,Flow301,10,0.47499999999999964,1
16,4,Flow301,11,0.7320900979961973,1
16,4,Flow301,12,0.371469534050179,1
17,5,Flow301,1,2.666666666666667,1
17,5,Flow301,2,0.6623099493198179,1
17,5,Flow301,3,0.6457735599205465,1
17,5,Flow301,4,0.3460841189267585,1
17,5,Flow301,5,0.2595138987331991,1
17,5,Flow301,6,1.8992396713512258,1
17,5,Flow301,7,0.2809175531914887,1
17,5,Flow301,8,2.0666666666666664,1
17,5,Flow301,9,1.6623311972774344,1
17,5,Flow301,10,2.4445369406867847,1
17,5,Flow301,11,0.4333333333333327,1
17,5,Flow301,12,0.5600490196078427,1
18,5,Flow301,1,3.5217391304347827,1
18,5,Flow301,2,0.36507936507936467,1
18,5,Flow301,3,0.28911798396334465,1
18,5,Flow301,4,0.31932773109243673,1
18,5,Flow301,5,0.18089430894308922,1
18,5,Flow301,6,0.20578231292517035,1
18,5,Flow301,7,0.32062146892655363,1
18,5,Flow301,8,0.5999999999999996,1
18,5,Flow301,9,0.5999999999999996,1
18,5,Flow301,10,0.7680923433203066,1
18,5,Flow301,11,0.7833333333333332,1
18,5,Flow301,12,0.5952380952380949,1
19,5,Flow301,1,10.0,1
19,5,Flow301,2,0.4389179755671897,1
19,5,Flow301,3,0.4364583333333325,1
19,5,Flow301,4,0.587426984126985,1
19,5,Flow301,5,0.5666666666666673,1
19,5,Flow301,6,0.5666666666666673,1
19,5,Flow301,7,0.5666666666666664,1
19,5,Flow301,8,0.5069156683110165,1
19,5,Flow301,9,0.6666666666666661,1
19,5,Flow301,10,0.6666666666666661,1
19,5,Flow301,11,0.14696091065292105,1
19,5,Flow301,12,0.14696091065292105,1
20,5,Flow301,1,1.644444444444444,1
20,5,Flow301,2,0.402564102564102,1
20,5,Flow301,3,0.21238479262672794,1
20,5,Flow301,4,0.3281999250749248,1
20,5,Flow301,5,0.4025641025641029,1
20,5,Flow301,6,0.42848286465307694,1
20,5,Flow301,7,0.6025641025641022,1
20,5,Flow301,8,0.3692307692307688,1
20,5,Flow301,9,0.3692307692307688,1
20,5,Flow301,10,0.3692307692307688,1
20,5,Flow301,11,0.3692307692307688,1
20,5,Flow301,12,0.3692307692307688,1
1,1,Flow302,1,4.75,2
1,1,Flow302,2,0.4046822742474916,2
1,1,Flow302,3,0.4555732037746427,2
1,1,Flow302,4,0.47721822541966397,2
1,1,Flow302,5,3.4583503008913627,2
1,1,Flow302,6,0.9761904761904763,2
1,1,Flow302,7,0.5991935483870972,2
1,1,Flow302,8,0.8280590717299576,2
1,1,Flow302,9,0.6802581864929769,2
1,1,Flow302,10,1.0847619047619048,2
1,1,Flow302,11,4.114965986394559,2
1,1,Flow302,12,2.987237451050196,2
2,1,Flow302,1,5.333333333333333,2
2,1,Flow302,2,0.4068965517241381,2
2,1,Flow302,3,0.31488943488943466,2
2,1,Flow302,4,0.7833333333333332,2
2,1,Flow302,5,0.34918478260869534,2
2,1,Flow302,6,0.2288288288288287,2
2,1,Flow302,7,0.3809121621621623,2
2,1,Flow302,8,0.4392597806757559,2
2,1,Flow302,9,0.5187499999999998,2
2,1,Flow302,10,1.749683401175938,2
2,1,Flow302,11,0.8632478632478637,2
2,1,Flow302,12,0.8334540227993363,2
3,1,Flow302,1,6.6,2
3,1,Flow302,2,0.3202263779527561,2
3,1,Flow302,3,0.36191701985623226,2
3,1,Flow302,4,0.36191701985623226,2
3,1,Flow302,5,0.36191701985623226,2
3,1,Flow302,6,0.4476190476190478,2
3,1,Flow302,7,0.7142857142857135,2
3,1,Flow302,8,0.7444444444444436,2
3,1,Flow302,9,0.3625000000000007,2
3,1,Flow302,10,0.3777777777777773,2
3,1,Flow302,11,0.6156369183829131,2
3,1,Flow302,12,1.3287385129490392,2
4,1,Flow302,1,2.5588235294117645,2
4,1,Flow302,2,0.3120587316463608,2
4,1,Flow302,3,0.42266373047840844,2
4,1,Flow302,4,0.26264749762647543,2
4,1,Flow302,5,0.2854785478547859,2
4,1,Flow302,6,0.2883597883597879,2
4,1,Flow302,7,0.19288595526219332,2
4,1,Flow302,8,0.2832512315270934,2
4,1,Flow302,9,0.26166902404526127,2
4,1,Flow302,10,1.2999999999999998,2
4,1,Flow302,11,0.5938923719430731,2
4,1,Flow302,12,1.125,2
5,2,Flow302,1,0.5764705882352938,2
5,2,Flow302,2,0.3777777777777782,2
5,2,Flow302,3,0.2522875816993464,2
5,2,Flow302,4,0.21820330969267143,2
5,2,Flow302,5,3.248148148148148,2
5,2,Flow302,6,5.7666666666666675,2
5,2,Flow302,7,0.5,2
5,2,Flow302,8,0.4111111111111114,2
5,2,Flow302,9,5.620000000000001,2
5,2,Flow302,10,1.9212962962962958,2
5,2,Flow302,11,0.7255072463768113,2
5,2,Flow302,12,2.396296296296296,2
6,2,Flow302,1,5.233333333333333,2
6,2,Flow302,2,0.3304347826086955,2
6,2,Flow302,3,0.2967741935483872,2
6,2,Flow302,4,0.2325174825174825,2
6,2,Flow302,5,0.4142857142857146,2
6,2,Flow302,6,2.7142857142857144,2
6,2,Flow302,7,0.6000000000000005,2
6,2,Flow302,8,0.4579831932773111,2
6,2,Flow302,9,0.8802474937343359,2
6,2,Flow302,10,2.675824175824176,2
6,2,Flow302,11,0.5555555555555551,2
6,2,Flow302,12,2.0960784313725496,2
7,2,Flow302,1,0.3589743589743586,2
7,2,Flow302,2,0.582882882882882,2
7,2,Flow302,3,0.3098039215686281,2
7,2,Flow302,4,7.6,2
7,2,Flow302,5,5.133333333333334,2
7,2,Flow302,6,5.133333333333334,2
7,2,Flow302,7,0.32104664391353843,2
7,2,Flow302,8,1.049122807017544,2
7,2,Flow302,9,0.7722943722943723,2
7,2,Flow302,10,0.7579234972677598,2
7,2,Flow302,11,0.8270833333333334,2
7,2,Flow302,12,2.766666666666667,2
8,2,Flow302,1,10.0,2
8,2,Flow302,2,0.5702175757026726,2
8,2,Flow302,3,0.3042128603104217,2
8,2,Flow302,4,0.6641529665414416,2
8,2,Flow302,5,6.172413793103448,2
8,2,Flow302,6,1.0390804597701147,2
8,2,Flow302,7,0.5043956043956048,2
8,2,Flow302,8,0.5135090179369466,2
8,2,Flow302,9,0.8060606060606057,2
8,2,Flow302,10,0.622727272727273,2
8,2,Flow302,11,3.5083333333333337,2
8,2,Flow302,12,1.7555555555555555,2
9,3,Flow302,1,5.8,2
9,3,Flow302,2,0.2443652947384285,2
9,3,Flow302,3,0.2407114624505926,2
9,3,Flow302,4,0.3816587504567046,2
9,3,Flow302,5,0.18892307692307675,2
9,3,Flow302,6,0.18892307692307675,2
9,3,Flow302,7,0.2070203448590462,2
9,3,Flow302,8,0.30882861870708567,2
9,3,Flow302,9,0.7042042042042045,2
9,3,Flow302,10,0.5333333333333341,2
9,3,Flow302,11,5.457128737336299,2
9,3,Flow302,12,0.21317002182876532,2
10,3,Flow302,1,3.8666666666666667,2
10,3,Flow302,2,0.30473360571169117,2
10,3,Flow302,3,0.23687780903629108,2
10,3,Flow302,4,0.23477926324901421,2
10,3,Flow302,5,0.27562766405721195,2
10,3,Flow302,6,0.7119843788137663,2
10,3,Flow302,7,0.47155722754217955,2
10,3,Flow302,8,0.4467054514113338,2
10,3,Flow302,9,0.6960784313725488,2
10,3,Flow302,10,0.6960784313725488,2
10,3,Flow302,11,0.743011879804333,2
10,3,Flow302,12,0.48437539472022184,2
11,3,Flow302,1,0.4666666666666668,2
11,3,Flow302,2,0.5972284434490476,2
11,3,Flow302,3,0.5018726591760299,2
11,3,Flow302,4,0.26954942685279715,2
11,3,Flow302,5,0.2562586240883107,2
11,3,Flow302,6,0.3018726591760297,2
11,3,Flow302,7,0.1986305655513707,2
11,3,Flow302,8,0.2767279114506378,2
11,3,Flow302,9,0.3018726591760297,2
11,3,Flow302,10,0.4149425287356321,2
11,3,Flow302,11,0.4149425287356321,2
11,3,Flow302,12,0.9666666666666668,2
12,3,Flow302,1,5.633333333333334,2
12,3,Flow302,2,0.41891263108915844,2
12,3,Flow302,3,0.45457152674403734,2
12,3,Flow302,4,0.27981424519063935,2
12,3,Flow302,5,0.32215260595418727,2
12,3,Flow302,6,0.21481876332622551,2
12,3,Flow302,7,0.23466003316749617,2
12,3,Flow302,8,0.17942686056458435,2
12,3,Flow302,9,0.24305555555555536,2
12,3,Flow302,10,0.12929857231533148,2
12,3,Flow302,11,0.49833333333333396,2
12,3,Flow302,12,0.49833333333333396,2
13,4,Flow302,1,5.6,2
13,4,Flow302,2,0.6333333333333337,2
13,4,Flow302,3,0.2698511166253095,2
13,4,Flow302,4,0.2698511166253095,2
13,4,Flow302,5,0.5294117647058827,2
13,4,Flow302,6,0.31647058823529406,2
13,4,Flow302,7,0.2680487804878049,2
13,4,Flow302,8,0.31647058823529406,2
13,4,Flow302,9,0.34888888888888925,2
13,4,Flow302,10,0.34888888888888925,2
13,4,Flow302,11,0.6573785950023572,2
13,4,Flow302,12,0.6573785950023572,2
14,4,Flow302,1,10.0,2
14,4,Flow302,2,0.14871794871794863,2
14,4,Flow302,3,0.3697142348437641,2
14,4,Flow302,4,3.8404255319148937,2
14,4,Flow302,5,0.5035071311667054,2
14,4,Flow302,6,0.29705555555555563,2
14,4,Flow302,7,0.1797188755020076,2
14,4,Flow302,8,0.26317241379310374,2
14,4,Flow302,9,0.22660098522167482,2
14,4,Flow302,10,0.1947072975140336,2
14,4,Flow302,11,0.6200000000000001,2
14,4,Flow302,12,0.6836069023569027,2
15,4,Flow302,1,4.4,2
15,4,Flow302,2,0.2869565217391301,2
15,4,Flow302,3,0.4751824817518253,2
15,4,Flow302,4,0.5849623076606836,2
15,4,Flow302,5,0.34186919915364955,2
15,4,Flow302,6,0.3302428006775835,2
15,4,Flow302,7,0.24715893862235294,2
15,4,Flow302,8,0.3011764705882354,2
15,4,Flow302,9,0.36650980392156907,2
15,4,Flow302,10,0.36650980392156907,2
15,4,Flow302,11,0.36650980392156907,2
15,4,Flow302,12,0.3011764705882354,2
16,4,Flow302,1,3.3333333333333335,2
16,4,Flow302,2,0.2366666666666668,2
16,4,Flow302,3,0.2170950864422201,2
16,4,Flow302,4,0.36378316659417154,2
16,4,Flow302,5,0.21797752808988768,2
16,4,Flow302,6,0.14835820895522378,2
16,4,Flow302,7,0.2255555555555553,2
16,4,Flow302,8,0.16776536312849188,2
16,4,Flow302,9,0.19034157832744425,2
16,4,Flow302,10,0.19034157832744425,2
16,4,Flow302,11,0.36443202979515865,2
16,4,Flow302,12,0.36443202979515865,2
17,5,Flow302,1,0.36666666666666625,2
17,5,Flow302,2,0.24761904761904763,2
17,5,Flow302,3,0.4009433962264155,2
17,5,Flow302,4,0.6751918158567767,2
17,5,Flow302,5,0.40000000000000036,2
17,5,Flow302,6,0.43333333333333357,2
17,5,Flow302,7,0.4948717948717949,2
17,5,Flow302,8,0.4948717948717949,2
17,5,Flow302,9,0.5000000000000004,2
17,5,Flow302,10,0.5,2
17,5,Flow302,11,0.6333333333333333,2
17,5,Flow302,12,0.6333333333333333,2
18,5,Flow302,1,4.25,2
18,5,Flow302,2,0.39705017104150153,2
18,5,Flow302,3,0.5000000000000009,2
18,5,Flow302,4,0.2329521064190878,2
18,5,Flow302,5,0.1974870844564247,2
18,5,Flow302,6,0.18167622733660505,2
18,5,Flow302,7,0.3265817675169602,2
18,5,Flow302,8,0.5440380612548319,2
18,5,Flow302,9,0.5456871345029244,2
18,5,Flow302,10,0.39999999999999947,2
18,5,Flow302,11,3.9333333333333336,2
18,5,Flow302,12,0.6333333333333337,2
19,5,Flow302,1,0.27857142857142847,2
19,5,Flow302,2,0.43923627935478926,2
19,5,Flow302,3,2.3333333333333335,2
19,5,Flow302,4,0.46049833887043157,2
19,5,Flow302,5,0.38181818181818183,2
19,5,Flow302,6,0.27705627705627656,2
19,5,Flow302,7,0.31695331695331674,2
19,5,Flow302,8,0.7479166666666659,2
19,5,Flow302,9,0.45833333333333304,2
19,5,Flow302,10,0.4583333333333339,2
19,5,Flow302,11,0.7000000000000002,2
19,5,Flow302,12,0.7999999999999998,2
20,5,Flow302,1,0.75,2
20,5,Flow302,2,0.4055829228243022,2
20,5,Flow302,3,0.41034482758620694,2
20,5,Flow302,4,0.575747508305648,2
20,5,Flow302,5,0.4253559155621014,2
20,5,Flow302,6,0.36818181818181817,2
20,5,Flow302,7,0.5988721804511288,2
20,5,Flow302,8,0.5759922346850734,2
20,5,Flow302,9,0.5759922346850734,2
20,5,Flow302,10,0.2823855267201463,2
20,5,Flow302,11,0.2823855267201463,2
20,5,Flow302,12,0.5759922346850734,2
1,1,Flow303,1,10.0,3
1,1,Flow303,2,8.1,3
1,1,Flow303,3,2.8275862068965516,3
1,1,Flow303,4,0.28078817733990125,3
1,1,Flow303,5,0.3379310344827582,3
1,1,Flow303,6,1.4000000000000004,3
1,1,Flow303,7,1.2000000000000002,3
1,1,Flow303,8,2.5328947368421053,3
1,1,Flow303,9,1.6845238095238093,3
1,1,Flow303,10,2.541666666666667,3
1,1,Flow303,11,2.25,3
1,1,Flow303,12,1.6590909090909083,3
2,1,Flow303,1,10.0,3
2,1,Flow303,2,1.3249999999999993,3
2,1,Flow303,3,0.8565517241379306,3
2,1,Flow303,4,0.7786046511627909,3
2,1,Flow303,5,1.0266666666666664,3
2,1,Flow303,6,0.8597997138769671,3
2,1,Flow303,7,0.5131330472103004,3
2,1,Flow303,8,0.916666666666667,3
2,1,Flow303,9,1.636994949494948,3
2,1,Flow303,10,1.758241758241759,3
2,1,Flow303,11,1.4076842897108506,3
2,1,Flow303,12,1.4076842897108506,3
3,1,Flow303,1,10.0,3
3,1,Flow303,2,0.7714285714285714,3
3,1,Flow303,3,0.7211309523809524,3
3,1,Flow303,4,0.6640275387263337,3
3,1,Flow303,5,0.41903614457831306,3
3,1,Flow303,6,0.2999999999999998,3
3,1,Flow303,7,5.333333333333333,3
3,1,Flow303,8,0.4884482758620683,3
3,1,Flow303,9,0.47368421052631593,3
3,1,Flow303,10,0.48181818181818237,3
3,1,Flow303,11,0.8555555555555552,3
3,1,Flow303,12,0.6722943722943722,3
4,1,Flow303,1,3.9333333333333336,3
4,1,Flow303,2,0.3143372703412073,3
4,1,Flow303,3,0.3113019314868808,3
4,1,Flow303,4,0.46668806011949204,3
4,1,Flow303,5,0.6791208791208785,3
4,1,Flow303,6,0.4500000000000002,3
4,1,Flow303,7,0.4500000000000002,3
4,1,Flow303,8,0.35555555555555607,3
4,1,Flow303,9,3.2124999999999995,3
4,1,Flow303,10,0.9142857142857146,3
4,1,Flow303,11,2.3923076923076936,3
4,1,Flow303,12,2.785887796414113,3
5,2,Flow303,1,10.0,3
5,2,Flow303,2,0.5752351097178687,3
5,2,Flow303,3,4.347389558232932,3
5,2,Flow303,4,4.347389558232932,3
5,2,Flow303,5,0.3643963609540197,3
5,2,Flow303,6,0.3643963609540197,3
5,2,Flow303,7,0.4836734693877549,3
5,2,Flow303,8,0.39641370477105387,3
5,2,Flow303,9,0.4730769230769232,3
5,2,Flow303,10,0.70170803735334,3
5,2,Flow303,11,1.1297213622291018,3
5,2,Flow303,12,0.6333333333333337,3
6,2,Flow303,1,2.8636363636363633,3
6,2,Flow303,2,0.5958944281524934,3
6,2,Flow303,3,0.3015873015873023,3
6,2,Flow303,4,0.6799086757990871,3
6,2,Flow303,5,0.2744951383694838,3
6,2,Flow303,6,0.6268760907504358,3
6,2,Flow303,7,0.46001016260162597,3
6,2,Flow303,8,0.5669211195928758,3
6,2,Flow303,9,4.296321321321322,3
6,2,Flow303,10,0.812643678160919,3
6,2,Flow303,11,0.45846774193548434,3
6,2,Flow303,12,0.7408293460925028,3
7,2,Flow303,1,1.0031055900621118,3
7,2,Flow303,2,2.63939393939394,3
7,2,Flow303,3,1.1607142857142856,3
7,2,Flow303,4,1.1955061983471085,3
7,2,Flow303,5,1.1189884523944302,3
7,2,Flow303,6,2.9375,3
7,2,Flow303,7,3.7333333333333334,3
7,2,Flow303,8,2.033333333333333,3
7,2,Flow303,9,1.6583333333333332,3
7,2,Flow303,10,1.3666666666666663,3
7,2,Flow303,11,0.6166666666666663,3
7,2,Flow303,12,0.7025641025641036,3
8,2,Flow303,1,5.2,3
8,2,Flow303,2,0.9192546583850936,3
8,2,Flow303,3,0.8462700090607074,3
8,2,Flow303,4,0.8462700090607074,3
8,2,Flow303,5,0.7354114539894354,3
8,2,Flow303,6,0.738983050847458,3
8,2,Flow303,7,0.7300084530853761,3
8,2,Flow303,8,0.7963032581453637,3
8,2,Flow303,9,2.7879713114754106,3
8,2,Flow303,10,1.1957759332148301,3
8,2,Flow303,11,0.8413589015151519,3
8,2,Flow303,12,0.8413589015151519,3
9,3,Flow303,1,3.033333333333333,3
9,3,Flow303,2,3.73859649122807,3
9,3,Flow303,3,0.40278977413750194,3
9,3,Flow303,4,0.2102941176470594,3
9,3,Flow303,5,0.39999999999999947,3
9,3,Flow303,6,0.9438596491228077,3
9,3,Flow303,7,0.5616161616161621,3
9,3,Flow303,8,0.7274220032840724,3
9,3,Flow303,9,0.3742779476724438,3
9,3,Flow303,10,0.29782534828406426,3
9,3,Flow303,11,0.3360516479782536,3
9,3,Flow303,12,0.2883597883597879,3
10,3,Flow303,1,3.9166666666666665,3
10,3,Flow303,2,0.29393939393939394,3
10,3,Flow303,3,0.5666666666666664,3
10,3,Flow303,4,0.5958333333333323,3
10,3,Flow303,5,2.700000000000001,3
10,3,Flow303,6,0.39934281404869587,3
10,3,Flow303,7,0.2484848484848481,3
10,3,Flow303,8,1.0666666666666664,3
10,3,Flow303,9,0.470936794319492,3
10,3,Flow303,10,0.6666666666666661,3
10,3,Flow303,11,0.470936794319492,3
10,3,Flow303,12,1.0628731733382892,3
11,3,Flow303,1,5.2,3
11,3,Flow303,2,0.5166666666666666,3
11,3,Flow303,3,0.34685457516339824,3
11,3,Flow303,4,0.3546568627450979,3
11,3,Flow303,5,0.15122549019607856,3
11,3,Flow303,6,3.0088219448684574,3
11,3,Flow303,7,0.5510683760683763,3
11,3,Flow303,8,0.31047979797979774,3
11,3,Flow303,9,0.4243055555555557,3
11,3,Flow303,10,0.2833333333333332,3
11,3,Flow303,11,0.2833333333333341,3
11,3,Flow303,12,0.5261904761904752,3
12,3,Flow303,1,4.333333333333333,3
12,3,Flow303,2,0.39480519480519494,3
12,3,Flow303,3,0.5316115702479349,3
12,3,Flow303,4,0.11090934259538976,3
12,3,Flow303,5,0.6152406417112308,3
12,3,Flow303,6,0.1396178092986604,3
12,3,Flow303,7,0.34679069172740107,3
12,3,Flow303,8,0.2448717948717949,3
12,3,Flow303,9,0.2448717948717949,3
12,3,Flow303,10,0.33337574215436927,3
12,3,Flow303,11,3.1226190476190485,3
12,3,Flow303,12,2.785313360881543,3
13,4,Flow303,1,5.111111111111111,3
13,4,Flow303,2,0.13712121212121176,3
13,4,Flow303,3,0.11746031746031793,3
13,4,Flow303,4,0.5727961432506881,3
13,4,Flow303,5,0.7000000000000002,3
13,4,Flow303,6,0.7000000000000002,3
13,4,Flow303,7,0.6933333333333338,3
13,4,Flow303,8,0.8666666666666663,3
13,4,Flow303,9,0.40000000000000036,3
13,4,Flow303,10,0.8666666666666667,3
13,4,Flow303,11,0.13034825870646793,3
13,4,Flow303,12,4.638461538461538,3
14,4,Flow303,1,1.4666666666666668,3
14,4,Flow303,2,0.8999999999999995,3
14,4,Flow303,3,0.4666666666666668,3
14,4,Flow303,4,0.3791666666666673,3
14,4,Flow303,5,0.3689102564102562,3
14,4,Flow303,6,0.29027777777777786,3
14,4,Flow303,7,0.5333333333333332,3
14,4,Flow303,8,0.3027271971397689,3
14,4,Flow303,9,0.4491228070175435,3
14,4,Flow303,10,0.2834847782964518,3
14,4,Flow303,11,0.2834847782964518,3
14,4,Flow303,12,0.9424242424242419,3
15,4,Flow303,1,0.4166666666666661,3
15,4,Flow303,2,0.44583333333333375,3
15,4,Flow303,3,0.6489361702127656,3
15,4,Flow303,4,0.16303030303030308,3
15,4,Flow303,5,0.16303030303030308,3
15,4,Flow303,6,0.3199999999999994,3
15,4,Flow303,7,0.5038461538461538,3
15,4,Flow303,8,0.39420289855072443,3
15,4,Flow303,9,0.4542510679344085,3
15,4,Flow303,10,0.2333333333333334,3
15,4,Flow303,11,0.5333333333333332,3
15,4,Flow303,12,1.1760698198198187,3
16,4,Flow303,1,4.833333333333333,3
16,4,Flow303,2,2.033333333333333,3
16,4,Flow303,3,0.5365007541478128,3
16,4,Flow303,4,0.5270224873166054,3
16,4,Flow303,5,0.5270224873166054,3
16,4,Flow303,6,0.2874493927125501,3
16,4,Flow303,7,5.31025641025641,3
16,4,Flow303,8,0.8939102564102566,3
16,4,Flow303,9,0.8939102564102566,3
16,4,Flow303,10,0.18380945923070824,3
16,4,Flow303,11,0.3689542483660131,3
16,4,Flow303,12,0.19934966844993873,3
17,5,Flow303,1,10.0,3
17,5,Flow303,2,0.1722222222222225,3
17,5,Flow303,3,0.1722222222222225,3
17,5,Flow303,4,0.38333333333333375,3
17,5,Flow303,5,0.8000000000000007,3
17,5,Flow303,6,5.047619047619048,3
17,5,Flow303,7,0.4666666666666668,3
17,5,Flow303,8,0.8830453308083799,3
17,5,Flow303,9,0.24444444444444446,3
17,5,Flow303,10,0.5740740740740735,3
17,5,Flow303,11,1.0059523809523814,3
17,5,Flow303,12,0.878974358974359,3
18,5,Flow303,1,1.39047619047619,3
18,5,Flow303,2,1.1226764199655763,3
18,5,Flow303,3,0.6597222222222223,3
18,5,Flow303,4,1.0926406926406935,3
18,5,Flow303,5,0.9660173160173162,3
18,5,Flow303,6,0.23950617283950582,3
18,5,Flow303,7,0.3234032797497042,3
18,5,Flow303,8,0.17999999999999972,3
18,5,Flow303,9,0.6781573498964804,3
18,5,Flow303,10,0.6781573498964804,3
18,5,Flow303,11,0.29761904761904745,3
18,5,Flow303,12,0.6911564625850328,3
19,5,Flow303,1,0.5428571428571436,3
19,5,Flow303,2,0.3282051282051288,3
19,5,Flow303,3,0.36666666666666625,3
19,5,Flow303,4,0.3095238095238093,3
19,5,Flow303,5,0.3438596491228081,3
19,5,Flow303,6,0.6771929824561402,3
19,5,Flow303,7,0.8822510822510825,3
19,5,Flow303,8,0.4666666666666668,3
19,5,Flow303,9,0.33968253968254025,3
19,5,Flow303,10,0.6558558558558563,3
19,5,Flow303,11,0.538095238095238,3
19,5,Flow303,12,0.33333333333333304,3
20,5,Flow303,1,5.166666666666667,3
20,5,Flow303,2,0.19855072463768142,3
20,5,Flow303,3,0.7972222222222225,3
20,5,Flow303,4,0.2102564102564104,3
20,5,Flow303,5,0.19583333333333286,3
20,5,Flow303,6,0.1365740740740744,3
20,5,Flow303,7,0.5272916666666676,3
20,5,Flow303,8,2.713541666666666,3
20,5,Flow303,9,0.22222222222222232,3
20,5,Flow303,10,0.7666666666666657,3
20,5,Flow303,11,0.9963838166845687,3
20,5,Flow303,12,0.9963838166845687,3
1,1,Flow304,1,3.5666666666666664,4
1,1,Flow304,2,0.5180555555555557,4
1,1,Flow304,3,0.6541666666666668,4
1,1,Flow304,4,0.7332119004250153,4
1,1,Flow304,5,0.7332119004250153,4
1,1,Flow304,6,0.6541666666666668,4
1,1,Flow304,7,0.306954887218045,4
1,1,Flow304,8,0.2999999999999998,4
1,1,Flow304,9,0.6723930078360452,4
1,1,Flow304,10,0.15158730158730105,4
1,1,Flow304,11,0.6723930078360452,4
1,1,Flow304,12,0.5374999999999996,4
2,1,Flow304,1,4.5625,4
2,1,Flow304,2,3.041666666666666,4
2,1,Flow304,3,0.6907894736842106,4
2,1,Flow304,4,0.6907894736842106,4
2,1,Flow304,5,0.38245614035087705,4
2,1,Flow304,6,1.252876229455027,4
2,1,Flow304,7,0.3619433198380557,4
2,1,Flow304,8,1.3157894736842097,4
2,1,Flow304,9,1.2593272171253824,4
2,1,Flow304,10,0.38245614035087794,4
2,1,Flow304,11,1.5214015151515152,4
2,1,Flow304,12,0.4954656862745095,4
3,1,Flow304,1,4.566666666666666,4
3,1,Flow304,2,0.9758955152213584,4
3,1,Flow304,3,0.35271013354281244,4
3,1,Flow304,4,0.20149664355672936,4
3,1,Flow304,5,0.19188125894134522,4
3,1,Flow304,6,0.30482456140350855,4
3,1,Flow304,7,0.2502145922746779,4
3,1,Flow304,8,0.9298245614035086,4
3,1,Flow304,9,1.1111111111111107,4
3,1,Flow304,10,0.3276785714285708,4
3,1,Flow304,11,0.1750000000000007,4
3,1,Flow304,12,0.1750000000000007,4
4,1,Flow304,1,10.0,4
4,1,Flow304,2,0.3762962962962959,4
4,1,Flow304,3,0.4333333333333327,4
4,1,Flow304,4,0.2650103519668736,4
4,1,Flow304,5,0.37774538386783174,4
4,1,Flow304,6,0.6651785714285712,4
4,1,Flow304,7,0.267391304347826,4
4,1,Flow304,8,0.8353658536585371,4
4,1,Flow304,9,0.41739130434782634,4
4,1,Flow304,10,0.637428533439703,4
4,1,Flow304,11,0.637428533439703,4
4,1,Flow304,12,0.41739130434782634,4
5,2,Flow304,1,4.541666666666667,4
5,2,Flow304,2,0.40403839732134816,4
5,2,Flow304,3,0.42630461504078676,4
5,2,Flow304,4,0.4162679425837319,4
5,2,Flow304,5,0.5042735042735038,4
5,2,Flow304,6,0.8272540412486058,4
5,2,Flow304,7,0.6875,4
5,2,Flow304,8,0.6875,4
5,2,Flow304,9,0.6875,4
5,2,Flow304,10,0.337968319559228,4
5,2,Flow304,11,1.0078672710033323,4
5,2,Flow304,12,0.6726190476190474,4
6,2,Flow304,1,6.033333333333333,4
6,2,Flow304,2,0.5627450980392159,4
6,2,Flow304,3,0.5499999999999998,4
6,2,Flow304,4,0.3333333333333335,4
6,2,Flow304,5,0.3812500000000001,4
6,2,Flow304,6,0.3812500000000001,4
6,2,Flow304,7,0.18388157894736823,4
6,2,Flow304,8,0.18388157894736823,4
6,2,Flow304,9,0.18388157894736867,4
6,2,Flow304,10,0.3812500000000001,4
6,2,Flow304,11,0.8899671760654329,4
6,2,Flow304,12,0.3812500000000001,4
7,2,Flow304,1,10.0,4
7,2,Flow304,2,0.21897635307369523,4
7,2,Flow304,3,0.3351851851851846,4
7,2,Flow304,4,0.32727272727272716,4
7,2,Flow304,5,0.11958041958041932,4
7,2,Flow304,6,0.11958041958041932,4
7,2,Flow304,7,0.23108108108108105,4
7,2,Flow304,8,0.35689655172413826,4
7,2,Flow304,9,0.35689655172413826,4
7,2,Flow304,10,0.831042249145697,4
7,2,Flow304,11,0.8746058558558558,4
7,2,Flow304,12,0.6666666666666665,4
8,2,Flow304,1,6.533333333333333,4
8,2,Flow304,2,0.23881278538812767,4
8,2,Flow304,3,0.27142857142857135,4
8,2,Flow304,4,0.6880952380952379,4
8,2,Flow304,5,0.6112903225806452,4
8,2,Flow304,6,0.2724014336917562,4
8,2,Flow304,7,0.5885863856969387,4
8,2,Flow304,8,0.62343866494427,4
8,2,Flow304,9,0.5212121212121206,4
8,2,Flow304,10,0.4588171550671549,4
8,2,Flow304,11,0.4801864801864797,4
8,2,Flow304,12,0.5656565656565657,4
9,3,Flow304,1,6.533333333333333,4
9,3,Flow304,2,0.5833333333333339,4
9,3,Flow304,3,0.3173913043478267,4
9,3,Flow304,4,0.14191729323308255,4
9,3,Flow304,5,0.3738738738738743,4
9,3,Flow304,6,0.212169312169312,4
9,3,Flow304,7,0.17491441020852783,4
9,3,Flow304,8,0.47483896940418724,4
9,3,Flow304,9,0.4350649350649345,4
9,3,Flow304,10,0.6574465447488818,4
9,3,Flow304,11,1.0357142857142847,4
9,3,Flow304,12,0.540637610976594,4
10,3,Flow304,1,5.033333333333333,4
10,3,Flow304,2,3.0,4
10,3,Flow304,3,0.3506493506493502,4
10,3,Flow304,4,0.3506493506493502,4
10,3,Flow304,5,0.2817014446227928,4
10,3,Flow304,6,0.24761904761904763,4
10,3,Flow304,7,0.8918941273779977,4
10,3,Flow304,8,0.9365591397849462,4
10,3,Flow304,9,1.333333333333333,4
10,3,Flow304,10,1.333333333333333,4
10,3,Flow304,11,1.145833333333333,4
10,3,Flow304,12,1.0714285714285716,4
11,3,Flow304,1,10.0,4
11,3,Flow304,2,0.48028673835125524,4
11,3,Flow304,3,0.5014492753623188,4
11,3,Flow304,4,0.2698239883868623,4
11,3,Flow304,5,0.4650856389986826,4
11,3,Flow304,6,0.3910361095989838,4
11,3,Flow304,7,0.49033816425120724,4
11,3,Flow304,8,0.7681159420289849,4
11,3,Flow304,9,0.7681159420289849,4
11,3,Flow304,10,0.7681159420289849,4
11,3,Flow304,11,0.7681159420289849,4
11,3,Flow304,12,0.7681159420289849,4
12,3,Flow304,1,10.0,4
12,3,Flow304,2,0.3940753200635463,4
12,3,Flow304,3,0.32587397982134814,4
12,3,Flow304,4,0.7083672652091746,4
12,3,Flow304,5,0.3248313090418353,4
12,3,Flow304,6,0.4668154761904768,4
12,3,Flow304,7,0.4668154761904768,4
12,3,Flow304,8,0.21562499999999973,4
12,3,Flow304,9,0.2666666666666666,4
12,3,Flow304,10,1.0476190476190474,4
12,3,Flow304,11,4.416666666666666,4
12,3,Flow304,12,0.3736737400530501,4
13,4,Flow304,1,10.0,4
13,4,Flow304,2,0.5666666666666669,4
13,4,Flow304,3,0.19881450488145047,4
13,4,Flow304,4,0.48362573099415185,4
13,4,Flow304,5,0.4913793103448274,4
13,4,Flow304,6,0.2463826910074376,4
13,4,Flow304,7,0.2463826910074376,4
13,4,Flow304,8,0.2540106951871657,4
13,4,Flow304,9,0.2540106951871657,4
13,4,Flow304,10,0.2087203337203336,4
13,4,Flow304,11,0.2540106951871657,4
13,4,Flow304,12,0.2540106951871657,4
14,4,Flow304,1,5.133333333333334,4
14,4,Flow304,2,0.42166266986410905,4
14,4,Flow304,3,0.36666666666666714,4
14,4,Flow304,4,0.37336601307189543,4
14,4,Flow304,5,0.24848484848484897,4
14,4,Flow304,6,0.29292929292929326,4
14,4,Flow304,7,0.206372549019608,4
14,4,Flow304,8,0.36724806201550386,4
14,4,Flow304,9,0.4366925064599485,4
14,4,Flow304,10,0.36724806201550386,4
14,4,Flow304,11,0.4366925064599485,4
14,4,Flow304,12,0.45891472868217065,4
15,4,Flow304,1,1.4636363636363634,4
15,4,Flow304,2,0.19136975455265226,4
15,4,Flow304,3,0.28452380952380985,4
15,4,Flow304,4,0.1705128205128208,4
15,4,Flow304,5,0.33571428571428585,4
15,4,Flow304,6,0.33571428571428585,4
15,4,Flow304,7,0.4357142857142855,4
15,4,Flow304,8,0.33571428571428585,4
15,4,Flow304,9,0.3393939393939389,4
15,4,Flow304,10,0.3357142857142854,4
15,4,Flow304,11,0.3357142857142854,4
15,4,Flow304,12,0.10405405405405377,4
16,4,Flow304,1,3.5999999999999996,4
16,4,Flow304,2,0.4722222222222223,4
16,4,Flow304,3,0.4571428571428573,4
16,4,Flow304,4,0.711111111111113,4
16,4,Flow304,5,0.2209132420091322,4
16,4,Flow304,6,0.46757990867579924,4
16,4,Flow304,7,0.25091324200913245,4
16,4,Flow304,8,0.14866684737867208,4
16,4,Flow304,9,0.23474703751458215,4
16,4,Flow304,10,0.08100775193798482,4
16,4,Flow304,11,0.5936444444444442,4
16,4,Flow304,12,0.5936444444444442,4
17,5,Flow304,1,3.5999999999999996,4
17,5,Flow304,2,1.2892207792207797,4
17,5,Flow304,3,0.307855973813421,4
17,5,Flow304,4,0.48879781420765056,4
17,5,Flow304,5,0.2815552313106169,4
17,5,Flow304,6,0.2815552313106169,4
17,5,Flow304,7,0.621052631578948,4
17,5,Flow304,8,0.22422062350119987,4
17,5,Flow304,9,0.13162803090860642,4
17,5,Flow304,10,0.13162803090860642,4
17,5,Flow304,11,0.5543859649122806,4
17,5,Flow304,12,0.5543859649122806,4
18,5,Flow304,1,10.0,4
18,5,Flow304,2,0.29656844196386345,4
18,5,Flow304,3,0.2751143245581513,4
18,5,Flow304,4,0.2666666666666657,4
18,5,Flow304,5,0.17163275193798455,4
18,5,Flow304,6,0.4124153471847203,4
18,5,Flow304,7,1.0277777777777777,4
18,5,Flow304,8,1.0277777777777786,4
18,5,Flow304,9,0.6111111111111107,4
18,5,Flow304,10,0.6111111111111107,4
18,5,Flow304,11,0.6111111111111107,4
18,5,Flow304,12,0.6111111111111107,4
19,5,Flow304,1,0.5000000000000009,4
19,5,Flow304,2,0.3406504065040652,4
19,5,Flow304,3,0.5773106060606059,4
19,5,Flow304,4,0.25833333333333375,4
19,5,Flow304,5,0.25833333333333375,4
19,5,Flow304,6,0.25833333333333375,4
19,5,Flow304,7,0.429185867895546,4
19,5,Flow304,8,0.7851791998850812,4
19,5,Flow304,9,0.863725490196078,4
19,5,Flow304,10,0.3569105691056915,4
19,5,Flow304,11,0.6888888888888891,4
19,5,Flow304,12,1.0553921568627445,4
20,5,Flow304,1,10.0,4
20,5,Flow304,2,0.4333333333333327,4
20,5,Flow304,3,0.26459293394777283,4
20,5,Flow304,4,0.26459293394777195,4
20,5,Flow304,5,0.5241606967270691,4
20,5,Flow304,6,0.4001013171225942,4
20,5,Flow304,7,0.1696969696969708,4
20,5,Flow304,8,0.1696969696969708,4
20,5,Flow304,9,0.5222222222222221,4
20,5,Flow304,10,0.9259259259259265,4
20,5,Flow304,11,0.9259259259259265,4
20,5,Flow304,12,1.1388888888888893,4
1,1,Flow305,1,10.0,5
1,1,Flow305,2,0.7333333333333334,5
1,1,Flow305,3,0.6682900432900443,5
1,1,Flow305,4,0.7333333333333325,5
1,1,Flow305,5,0.7333333333333343,5
1,1,Flow305,6,3.942028985507246,5
1,1,Flow305,7,0.942028985507247,5
1,1,Flow305,8,0.6666666666666661,5
1,1,Flow305,9,0.8993135011441646,5
1,1,Flow305,10,1.124756335282651,5
1,1,Flow305,11,1.1428571428571432,5
1,1,Flow305,12,1.0402124274171891,5
2,1,Flow305,1,10.0,5
2,1,Flow305,2,0.7225609756097562,5
2,1,Flow305,3,0.9706521739130443,5
2,1,Flow305,4,0.9706521739130443,5
2,1,Flow305,5,0.9583333333333339,5
2,1,Flow305,6,0.958333333333333,5
2,1,Flow305,7,0.7814402810304442,5
2,1,Flow305,8,0.8333333333333339,5
2,1,Flow305,9,0.9500000000000002,5
2,1,Flow305,10,0.9500000000000002,5
2,1,Flow305,11,0.9139175257731962,5
2,1,Flow305,12,0.9139175257731962,5
3,1,Flow305,1,5.214285714285714,5
3,1,Flow305,2,0.3250000000000002,5
3,1,Flow305,3,0.908379888268156,5
3,1,Flow305,4,0.4644992880873282,5
3,1,Flow305,5,0.5893419725304563,5
3,1,Flow305,6,0.7615384615384615,5
3,1,Flow305,7,1.360522151898734,5
3,1,Flow305,8,1.3375000000000004,5
3,1,Flow305,9,1.3375000000000004,5
3,1,Flow305,10,0.5846153846153852,5
3,1,Flow305,11,4.4,5
3,1,Flow305,12,1.4909090909090912,5
4,1,Flow305,1,10.0,5
4,1,Flow305,2,0.4285606060606062,5
4,1,Flow305,3,0.35233333333333317,5
4,1,Flow305,4,0.4708333333333332,5
4,1,Flow305,5,0.5160902503293814,5
4,1,Flow305,6,0.5708333333333329,5
4,1,Flow305,7,1.395833333333333,5
4,1,Flow305,8,1.1739583333333332,5
4,1,Flow305,9,1.1414583333333335,5
4,1,Flow305,10,1.1333333333333337,5
4,1,Flow305,11,0.1694444444444443,5
4,1,Flow305,12,1.0444444444444452,5
5,2,Flow305,1,10.0,5
5,2,Flow305,2,1.6217391304347823,5
5,2,Flow305,3,2.183276522472503,5
5,2,Flow305,4,1.8891062862913408,5
5,2,Flow305,5,0.5462184873949578,5
5,2,Flow305,6,0.2592213114754096,5
5,2,Flow305,7,0.33005464480874336,5
5,2,Flow305,8,0.49696969696969706,5
5,2,Flow305,9,0.8200492937719219,5
5,2,Flow305,10,0.3904320437392288,5
5,2,Flow305,11,0.41983122362869185,5
5,2,Flow305,12,0.8636363636363642,5
6,2,Flow305,1,10.0,5
6,2,Flow305,2,0.4436170212765962,5
6,2,Flow305,3,0.30714285714285694,5
6,2,Flow305,4,0.499166666666667,5
6,2,Flow305,5,0.7544765744765747,5
6,2,Flow305,6,0.35333333333333306,5
6,2,Flow305,7,0.28431372549019596,5
6,2,Flow305,8,0.38888888888888884,5
6,2,Flow305,9,1.0045878000322928,5
6,2,Flow305,10,0.48235294117647065,5
6,2,Flow305,11,1.439163813673618,5
6,2,Flow305,12,0.6044776119402986,5
7,2,Flow305,1,2.4222222222222216,5
7,2,Flow305,2,0.3369565217391304,5
7,2,Flow305,3,0.158385093167702,5
7,2,Flow305,4,0.3214285714285716,5
7,2,Flow305,5,0.3554050116550118,5
7,2,Flow305,6,0.5416666666666665,5
7,2,Flow305,7,0.21515151515151532,5
7,2,Flow305,8,0.5151515151515151,5
7,2,Flow305,9,0.5151515151515151,5
7,2,Flow305,10,0.40404040404040353,5
7,2,Flow305,11,0.8980135361714305,5
7,2,Flow305,12,0.44444444444444464,5
8,2,Flow305,1,5.357142857142858,5
8,2,Flow305,2,0.5750000000000002,5
8,2,Flow305,3,0.30000000000000027,5
8,2,Flow305,4,0.2999999999999998,5
8,2,Flow305,5,0.2999999999999998,5
8,2,Flow305,6,0.2999999999999998,5
8,2,Flow305,7,0.36352657004830924,5
8,2,Flow305,8,1.064793431728721,5
8,2,Flow305,9,1.1176358168685532,5
8,2,Flow305,10,0.7460317460317463,5
8,2,Flow305,11,0.7460317460317463,5
8,2,Flow305,12,0.6340245775729649,5
9,3,Flow305,1,10.0,5
9,3,Flow305,2,0.5288461538461533,5
9,3,Flow305,3,0.5288461538461533,5
9,3,Flow305,4,0.5223684210526316,5
9,3,Flow305,5,0.58051282051282,5
9,3,Flow305,6,0.313333333333333,5
9,3,Flow305,7,0.37926739926739916,5
9,3,Flow305,8,0.29449656035021876,5
9,3,Flow305,9,1.9781554750626915,5
9,3,Flow305,10,0.5766272189349113,5
9,3,Flow305,11,0.913930581613509,5
9,3,Flow305,12,0.7788461538461542,5
10,3,Flow305,1,6.15,5
10,3,Flow305,2,0.2833333333333332,5
10,3,Flow305,3,0.4194444444444443,5
10,3,Flow305,4,0.21111111111111125,5
10,3,Flow305,5,0.4194444444444443,5
10,3,Flow305,6,0.911776447105789,5
10,3,Flow305,7,0.30980392156862724,5
10,3,Flow305,8,0.276470588235294,5
10,3,Flow305,9,0.6833333333333336,5
10,3,Flow305,10,0.6977346278317151,5
10,3,Flow305,11,0.19166666666666643,5
10,3,Flow305,12,5.352564102564102,5
11,3,Flow305,1,0.5270833333333336,5
11,3,Flow305,2,0.1841847826086953,5
11,3,Flow305,3,0.3868421052631583,5
11,3,Flow305,4,0.2684210526315791,5
11,3,Flow305,5,0.762434522324769,5
11,3,Flow305,6,0.30350877192982395,5
11,3,Flow305,7,0.47017543859649136,5
11,3,Flow305,8,0.1873829873829873,5
11,3,Flow305,9,0.9284567507494237,5
11,3,Flow305,10,2.833333333333333,5
11,3,Flow305,11,0.5691376593611226,5
11,3,Flow305,12,0.37916666666666643,5
12,3,Flow305,1,5.615384615384615,5
12,3,Flow305,2,0.2528604118993134,5
12,3,Flow305,3,0.4239130434782612,5
12,3,Flow305,4,0.42391304347826075,5
12,3,Flow305,5,0.2236477115117892,5
12,3,Flow305,6,0.6771654158849278,5
12,3,Flow305,7,0.528571428571428,5
12,3,Flow305,8,0.5285714285714289,5
12,3,Flow305,9,0.5503387533875341,5
12,3,Flow305,10,0.5503387533875341,5
12,3,Flow305,11,2.147619047619047,5
12,3,Flow305,12,0.33279857397504475,5
13,4,Flow305,1,3.4,5
13,4,Flow305,2,0.17142857142857126,5
13,4,Flow305,3,0.20059220059220007,5
13,4,Flow305,4,0.1782869785082175,5
13,4,Flow305,5,0.1714285714285717,5
13,4,Flow305,6,0.33566433566433584,5
13,4,Flow305,7,0.18955223880597005,5
13,4,Flow305,8,0.4316239316239314,5
13,4,Flow305,9,1.0824175824175821,5
13,4,Flow305,10,0.28717948717948705,5
13,4,Flow305,11,0.2871794871794875,5
13,4,Flow305,12,0.2871794871794875,5
14,4,Flow305,1,6.103448275862069,5
14,4,Flow305,2,0.13263184424421892,5
14,4,Flow305,3,0.18178438661710006,5
14,4,Flow305,4,0.1389272437599578,5
14,4,Flow305,5,0.22941176470588243,5
14,4,Flow305,6,0.2078431372549021,5
14,4,Flow305,7,0.13484162895927598,5
14,4,Flow305,8,0.1564102564102563,5
14,4,Flow305,9,0.12617769827072145,5
14,4,Flow305,10,0.30934065934065913,5
14,4,Flow305,11,0.9952380952380957,5
14,4,Flow305,12,0.30934065934065913,5
15,4,Flow305,1,3.2,5
15,4,Flow305,2,0.23589743589743595,5
15,4,Flow305,3,0.18256410256410271,5
15,4,Flow305,4,0.21333333333333337,5
15,4,Flow305,5,0.3476190476190477,5
15,4,Flow305,6,0.16219178082191776,5
15,4,Flow305,7,0.21333333333333337,5
15,4,Flow305,8,0.16219178082191776,5
15,4,Flow305,9,0.21333333333333382,5
15,4,Flow305,10,0.21212121212121238,5
15,4,Flow305,11,3.0300000000000002,5
15,4,Flow305,12,3.0300000000000002,5
16,4,Flow305,1,6.2,5
16,4,Flow305,2,0.28000000000000025,5
16,4,Flow305,3,0.28000000000000025,5
16,4,Flow305,4,0.39655725700501776,5
16,4,Flow305,5,0.28450704225352075,5
16,4,Flow305,6,1.3261538461538462,5
16,4,Flow305,7,0.2977777777777777,5
16,4,Flow305,8,0.37543554006968716,5
16,4,Flow305,9,0.6885941644562337,5
16,4,Flow305,10,0.12307692307692264,5
16,4,Flow305,11,0.43648293963254625,5
16,4,Flow305,12,3.043307086614173,5
17,5,Flow305,1,10.0,5
17,5,Flow305,2,0.684676044330776,5
17,5,Flow305,3,0.4395161290322589,5
17,5,Flow305,4,0.36668547890751846,5
17,5,Flow305,5,0.35507910512793517,5
17,5,Flow305,6,0.839285714285714,5
17,5,Flow305,7,2.0910476718403546,5
17,5,Flow305,8,0.7884615384615383,5
17,5,Flow305,9,1.386243386243386,5
17,5,Flow305,10,0.9999999999999991,5
17,5,Flow305,11,0.6894409937888195,5
17,5,Flow305,12,1.533333333333334,5
18,5,Flow305,1,10.0,5
18,5,Flow305,2,0.2738095238095246,5
18,5,Flow305,3,0.1547619047619051,5
18,5,Flow305,4,0.3974358974358978,5
18,5,Flow305,5,0.29874551971326113,5
18,5,Flow305,6,0.9025641025641034,5
18,5,Flow305,7,0.4560975609756097,5
18,5,Flow305,8,0.571725383920505,5
18,5,Flow305,9,0.5555555555555554,5
18,5,Flow305,10,0.9338820638820637,5
18,5,Flow305,11,1.004230118443317,5
18,5,Flow305,12,0.6698162729658801,5
19,5,Flow305,1,0.8974358974358978,5
19,5,Flow305,2,0.38695652173913064,5
19,5,Flow305,3,0.4333333333333331,5
19,5,Flow305,4,1.333333333333333,5
19,5,Flow305,5,2.3342563291139244,5
19,5,Flow305,6,2.2254901960784315,5
19,5,Flow305,7,2.712121212121213,5
19,5,Flow305,8,1.416666666666667,5
19,5,Flow305,9,1.0666666666666664,5
19,5,Flow305,10,0.4757763975155278,5
19,5,Flow305,11,0.9741048593350374,5
19,5,Flow305,12,2.0087719298245617,5
20,5,Flow305,1,4.169014084507042,5
20,5,Flow305,2,0.5204301075268818,5
20,5,Flow305,3,0.2666666666666666,5
20,5,Flow305,4,0.7333333333333334,5
20,5,Flow305,5,0.3469695071010861,5
20,5,Flow305,6,0.3454545454545457,5
20,5,Flow305,7,0.6131455399061032,5
20,5,Flow305,8,0.7333333333333334,5
20,5,Flow305,9,1.3320754716981131,5
20,5,Flow305,10,1.3320754716981131,5
20,5,Flow305,11,0.6510501355013547,5
20,5,Flow305,12,1.3820754716981134,5
1,1,Flow606,1,4.138888888888889,6
1,1,Flow606,2,0.43300653594771177,6
1,1,Flow606,3,0.41176470588235325,6
1,1,Flow606,4,3.7941176470588234,6
1,1,Flow606,5,1.1785714285714288,6
1,1,Flow606,6,0.4954954954954962,6
1,1,Flow606,7,4.245495495495495,6
1,1,Flow606,8,1.4045864045864045,6
1,1,Flow606,9,0.3103103103103102,6
1,1,Flow606,10,0.3103103103103102,6
1,1,Flow606,11,0.5221621621621617,6
1,1,Flow606,12,0.3690587138863002,6
2,1,Flow606,1,6.1,6
2,1,Flow606,2,1.1392438728331582,6
2,1,Flow606,3,1.0105081138600696,6
2,1,Flow606,4,0.5364821398340949,6
2,1,Flow606,5,0.793111715339542,6
2,1,Flow606,6,0.3714285714285719,6
2,1,Flow606,7,0.33402356157774094,6
2,1,Flow606,8,0.2195767195767191,6
2,1,Flow606,9,0.17399267399267426,6
2,1,Flow606,10,2.106782106782106,6
2,1,Flow606,11,0.12131948273027149,6
2,1,Flow606,12,0.2314527470490777,6
3,1,Flow606,1,4.517543859649122,6
3,1,Flow606,2,0.25563909774436055,6
3,1,Flow606,3,0.034806295399516074,6
3,1,Flow606,4,0.1836158192090389,6
3,1,Flow606,5,0.053785528620171164,6
3,1,Flow606,6,0.053785528620171164,6
3,1,Flow606,7,0.09359104148335629,6
3,1,Flow606,8,0.16384180790960468,6
3,1,Flow606,9,0.6347852568225241,6
3,1,Flow606,10,1.0608328641584004,6
3,1,Flow606,11,0.9500000000000002,6
3,1,Flow606,12,0.9473389355742299,6
4,1,Flow606,1,4.550749711649366,6
4,1,Flow606,2,1.083333333333333,6
4,1,Flow606,3,0.26785714285714235,6
4,1,Flow606,4,0.10909005452152609,6
4,1,Flow606,5,0.2664974619289344,6
4,1,Flow606,6,0.4243275759773226,6
4,1,Flow606,7,0.4833333333333334,6
4,1,Flow606,8,0.4833333333333334,6
4,1,Flow606,9,0.26785714285714235,6
4,1,Flow606,10,0.19285714285714306,6
4,1,Flow606,11,1.0178571428571432,6
4,1,Flow606,12,0.7266666666666666,6
5,2,Flow606,1,0.404040404040404,6
5,2,Flow606,2,0.22291021671826616,6
5,2,Flow606,3,0.21666666666666679,6
5,2,Flow606,4,2.3666666666666663,6
5,2,Flow606,5,0.7939086294416251,6
5,2,Flow606,6,1.0181818181818185,6
5,2,Flow606,7,0.21666666666666679,6
5,2,Flow606,8,0.21666666666666679,6
5,2,Flow606,9,0.4257575757575758,6
5,2,Flow606,10,1.1424242424242426,6
5,2,Flow606,11,1.2405303030303028,6
5,2,Flow606,12,1.2405303030303028,6
6,2,Flow606,1,0.16666666666666696,6
6,2,Flow606,2,0.19285714285714262,6
6,2,Flow606,3,0.1984899662229278,6
6,2,Flow606,4,0.1984899662229278,6
6,2,Flow606,5,0.07229949003245206,6
6,2,Flow606,6,0.07229949003245206,6
6,2,Flow606,7,1.0556328233657855,6
6,2,Flow606,8,1.0556328233657855,6
6,2,Flow606,9,0.03306010928961767,6
6,2,Flow606,10,2.173529411764706,6
6,2,Flow606,11,0.05537634408602132,6
6,2,Flow606,12,0.5553763440860213,6
7,2,Flow606,1,4.2,6
7,2,Flow606,2,0.1253623188405797,6
7,2,Flow606,3,0.2508474576271178,6
7,2,Flow606,4,0.12142857142857189,6
7,2,Flow606,5,0.23666666666666636,6
7,2,Flow606,6,2.562121212121212,6
7,2,Flow606,7,2.945454545454545,6
7,2,Flow606,8,1.3668131868131868,6
7,2,Flow606,9,1.48792270531401,6
7,2,Flow606,10,0.13844155844155814,6
7,2,Flow606,11,0.5798056904927136,6
7,2,Flow606,12,0.05321906956646982,6
8,2,Flow606,1,4.683333333333334,6
8,2,Flow606,2,0.197338935574229,6
8,2,Flow606,3,0.2738095238095237,6
8,2,Flow606,4,0.2738095238095237,6
8,2,Flow606,5,0.11813008130081304,6
8,2,Flow606,6,0.3618789521228547,6
8,2,Flow606,7,0.25013354700854684,6
8,2,Flow606,8,0.6833333333333331,6
8,2,Flow606,9,0.061862907031618786,6
8,2,Flow606,10,0.09074074074074057,6
8,2,Flow606,11,0.09074074074074057,6
8,2,Flow606,12,0.6833333333333331,6
9,3,Flow606,1,1.1238095238095234,6
9,3,Flow606,2,0.037962962962962976,6
9,3,Flow606,3,0.16666666666666696,6
9,3,Flow606,4,0.08333333333333393,6
9,3,Flow606,5,0.09657898931930475,6
9,3,Flow606,6,0.11190193752471345,6
9,3,Flow606,7,0.06786596904479492,6
9,3,Flow606,8,1.0216684723726983,6
9,3,Flow606,9,0.18333333333333313,6
9,3,Flow606,10,1.0564102564102562,6
9,3,Flow606,11,1.0361459392296397,6
9,3,Flow606,12,1.0361459392296397,6
10,3,Flow606,1,0.6000000000000001,6
10,3,Flow606,2,0.10438596491228092,6
10,3,Flow606,3,0.18333333333333357,6
10,3,Flow606,4,0.08862423249646145,6
10,3,Flow606,5,0.13888888888888928,6
10,3,Flow606,6,0.13888888888888928,6
10,3,Flow606,7,0.1341826196961291,6
10,3,Flow606,8,0.18071895424836626,6
10,3,Flow606,9,0.4666666666666668,6
10,3,Flow606,10,0.06485148514851513,6
10,3,Flow606,11,0.46939693969396945,6
10,3,Flow606,12,0.46939693969396945,6
11,3,Flow606,1,4.016666666666667,6
11,3,Flow606,2,0.05512820512820493,6
11,3,Flow606,3,0.09424243918474717,6
11,3,Flow606,4,0.12696078431372548,6
11,3,Flow606,5,0.20446194225721825,6
11,3,Flow606,6,0.14209770114942444,6
11,3,Flow606,7,0.15877192982456112,6
11,3,Flow606,8,0.14561750571365994,6
11,3,Flow606,9,0.14561750571365994,6
11,3,Flow606,10,1.010344992697934,6
11,3,Flow606,11,0.6928571428571431,6
11,3,Flow606,12,0.14660904995591117,6
12,3,Flow606,1,0.043939393939393945,6
12,3,Flow606,2,0.043939393939393945,6
12,3,Flow606,3,0.08786689700559425,6
12,3,Flow606,4,0.12355297795327491,6
12,3,Flow606,5,0.2967367256637168,6
12,3,Flow606,6,0.7379310344827585,6
12,3,Flow606,7,0.45935960591133007,6
12,3,Flow606,8,0.05364640024879552,6
12,3,Flow606,9,1.0702380952380954,6
12,3,Flow606,10,0.18647798742138377,6
12,3,Flow606,11,0.18333333333333357,6
12,3,Flow606,12,1.5333333333333332,6
13,4,Flow606,1,0.13333333333333286,6
13,4,Flow606,2,0.09837337102567822,6
13,4,Flow606,3,0.09837337102567822,6
13,4,Flow606,4,0.12301587301587258,6
13,4,Flow606,5,0.3886043533930854,6
13,4,Flow606,6,0.08708920187793412,6
13,4,Flow606,7,0.04087974172719955,6
13,4,Flow606,8,0.8343326885880078,6
13,4,Flow606,9,2.3894927536231885,6
13,4,Flow606,10,1.1271647438224157,6
13,4,Flow606,11,0.521289537712895,6
13,4,Flow606,12,0.5379562043795616,6
14,4,Flow606,1,8.55,6
14,4,Flow606,2,0.06277008686210639,6
14,4,Flow606,3,0.06842262031402901,6
14,4,Flow606,4,0.06842262031402901,6
14,4,Flow606,5,0.37572095578137876,6
14,4,Flow606,6,0.07728067057638777,6
14,4,Flow606,7,0.028751258811682057,6
14,4,Flow606,8,0.7272727272727266,6
14,4,Flow606,9,0.05989229893612347,6
14,4,Flow606,10,0.40759240759240756,6
14,4,Flow606,11,0.40759240759240756,6
14,4,Flow606,12,0.4136363636363636,6
15,4,Flow606,1,6.121212121212121,6
15,4,Flow606,2,0.1378787878787877,6
15,4,Flow606,3,0.038459595959595916,6
15,4,Flow606,4,0.03563354413557107,6
15,4,Flow606,5,0.1173928307464891,6
15,4,Flow606,6,0.04583333333333339,6
15,4,Flow606,7,0.044846491228070384,6
15,4,Flow606,8,0.09437689969604879,6
15,4,Flow606,9,0.21249999999999947,6
15,4,Flow606,10,0.20297619047619087,6
15,4,Flow606,11,0.20297619047619087,6
15,4,Flow606,12,0.21250000000000036,6
16,4,Flow606,1,6.553571428571429,6
16,4,Flow606,2,0.0974147984186513,6
16,4,Flow606,3,0.05567245072120963,6
16,4,Flow606,4,0.23877634820695315,6
16,4,Flow606,5,0.08413448118387601,6
16,4,Flow606,6,0.04778014761266869,6
16,4,Flow606,7,0.04778014761266869,6
16,4,Flow606,8,0.23511334097943992,6
16,4,Flow606,9,0.28068758652515013,6
16,4,Flow606,10,0.28068758652515013,6
16,4,Flow606,11,0.435314685314685,6
16,4,Flow606,12,0.435314685314685,6
17,5,Flow606,1,7.016666666666667,6
17,5,Flow606,2,0.09393939393939421,6
17,5,Flow606,3,0.42997275204359653,6
17,5,Flow606,4,0.1333333333333333,6
17,5,Flow606,5,0.04072822822822797,6
17,5,Flow606,6,0.043135587568361,6
17,5,Flow606,7,0.12020202020201998,6
17,5,Flow606,8,0.12020202020201998,6
17,5,Flow606,9,0.41111111111111054,6
17,5,Flow606,10,0.41111111111111054,6
17,5,Flow606,11,0.04999999999999982,6
17,5,Flow606,12,0.37647058823529456,6
18,5,Flow606,1,0.15000000000000036,6
18,5,Flow606,2,3.5166666666666666,6
18,5,Flow606,3,3.5166666666666666,6
18,5,Flow606,4,0.04406392694063932,6
18,5,Flow606,5,3.1559526121577006,6
18,5,Flow606,6,1.8746153846153852,6
18,5,Flow606,7,0.2666666666666666,6
18,5,Flow606,8,0.062294043092522955,6
18,5,Flow606,9,1.1490909090909094,6
18,5,Flow606,10,0.765352112676057,6
18,5,Flow606,11,0.7670270270270274,6
18,5,Flow606,12,0.30666666666666664,6
19,5,Flow606,1,0.07023809523809454,6
19,5,Flow606,2,0.0639107611548555,6
19,5,Flow606,3,0.5119047619047619,6
19,5,Flow606,4,0.5119047619047619,6
19,5,Flow606,5,0.1669398907103825,6
19,5,Flow606,6,1.3999999999999995,6
19,5,Flow606,7,1.3999999999999995,6
19,5,Flow606,8,1.3999999999999995,6
19,5,Flow606,9,6.205882352941177,6
19,5,Flow606,10,0.3725490196078436,6
19,5,Flow606,11,0.3725490196078436,6
19,5,Flow606,12,0.5392156862745097,6
20,5,Flow606,1,0.6499999999999999,6
20,5,Flow606,2,0.5454954954954956,6
20,5,Flow606,3,0.6166666666666667,6
20,5,Flow606,4,0.029487179487179382,6
20,5,Flow606,5,1.1518018018018017,6
20,5,Flow606,6,1.1518018018018017,6
20,5,Flow606,7,0.801801801801802,6
20,5,Flow606,8,0.8184684684684687,6
20,5,Flow606,9,0.8184684684684687,6
20,5,Flow606,10,1.2232408620073816,6
20,5,Flow606,11,0.4018018018018017,6
20,5,Flow606,12,0.4351351351351349,6
1,1,Flow607,1,4.122448979591836,7
1,1,Flow607,2,4.487575301204819,7
1,1,Flow607,3,1.0416293552588733,7
1,1,Flow607,4,1.0416293552588733,7
1,1,Flow607,5,1.4652777777777786,7
1,1,Flow607,6,0.25185106646168,7
1,1,Flow607,7,2.6173264486517507,7
1,1,Flow607,8,0.16792168674698793,7
1,1,Flow607,9,0.22159090909090917,7
1,1,Flow607,10,0.22159090909090917,7
1,1,Flow607,11,0.22159090909090917,7
1,1,Flow607,12,0.6761363636363633,7
2,1,Flow607,1,5.1063829787234045,7
2,1,Flow607,2,0.15504477921002202,7
2,1,Flow607,3,0.2970760233918135,7
2,1,Flow607,4,0.2344497607655498,7
2,1,Flow607,5,0.3630434782608698,7
2,1,Flow607,6,0.26508429458740057,7
2,1,Flow607,7,0.32177363699102823,7
2,1,Flow607,8,0.2601308569016467,7
2,1,Flow607,9,0.23616962085684712,7
2,1,Flow607,10,0.7412438163621538,7
2,1,Flow607,11,2.670189098998889,7
2,1,Flow607,12,4.127493438333413,7
3,1,Flow607,1,5.205882352941177,7
3,1,Flow607,2,0.3963585434173673,7
3,1,Flow607,3,0.45032258064516206,7
3,1,Flow607,4,0.30058406341259936,7
3,1,Flow607,5,2.7225490196078432,7
3,1,Flow607,6,0.28380443086325435,7
3,1,Flow607,7,0.28380443086325524,7
3,1,Flow607,8,2.7225490196078432,7
3,1,Flow607,9,2.1003168567807347,7
3,1,Flow607,10,1.7166666666666677,7
3,1,Flow607,11,3.3851851851851853,7
3,1,Flow607,12,3.0904977375565608,7
4,1,Flow607,1,5.169491525423728,7
4,1,Flow607,2,0.13914060216311075,7
4,1,Flow607,3,0.16285153695225674,7
4,1,Flow607,4,0.1085568326947639,7
4,1,Flow607,5,2.3723825693265423,7
4,1,Flow607,6,0.375,7
4,1,Flow607,7,3.2139724310776945,7
4,1,Flow607,8,3.2756083757781553,7
4,1,Flow607,9,5.552026618269813,7
4,1,Flow607,10,3.56572295247725,7
4,1,Flow607,11,3.716666666666667,7
4,1,Flow607,12,2.730769230769231,7
5,2,Flow607,1,7.1,7
5,2,Flow607,2,0.19091691777873443,7
5,2,Flow607,3,0.3869565217391302,7
5,2,Flow607,4,0.6403508771929824,7
5,2,Flow607,5,0.30555555555555536,7
5,2,Flow607,6,0.7222222222222219,7
5,2,Flow607,7,0.20438596491228056,7
5,2,Flow607,8,0.20438596491228056,7
5,2,Flow607,9,0.3018518518518518,7
5,2,Flow607,10,1.1848484848484848,7
5,2,Flow607,11,0.07175324675324646,7
5,2,Flow607,12,0.5998144712430427,7
6,2,Flow607,1,6.55,7
6,2,Flow607,2,0.41721601984759804,7
6,2,Flow607,3,0.41721601984759804,7
6,2,Flow607,4,0.3810160427807485,7
6,2,Flow607,5,0.30799373040752354,7
6,2,Flow607,6,0.3810160427807494,7
6,2,Flow607,7,0.4805555555555556,7
6,2,Flow607,8,0.38101604278074896,7
6,2,Flow607,9,0.30344827586206913,7
6,2,Flow607,10,0.14444444444444438,7
6,2,Flow607,11,0.06666666666666643,7
6,2,Flow607,12,0.46176470588235263,7
7,2,Flow607,1,6.55,7
7,2,Flow607,2,0.06573275862068995,7
7,2,Flow607,3,0.14015151515151514,7
7,2,Flow607,4,0.15693173821252682,7
7,2,Flow607,5,0.34636496875172806,7
7,2,Flow607,6,0.9770114942528734,7
7,2,Flow607,7,0.15040650406504064,7
7,2,Flow607,8,0.15040650406504064,7
7,2,Flow607,9,0.1322674418604648,7
7,2,Flow607,10,0.1322674418604648,7
7,2,Flow607,11,0.7166666666666668,7
7,2,Flow607,12,0.7166666666666668,7
8,2,Flow607,1,10.0,7
8,2,Flow607,2,0.20625000000000027,7
8,2,Flow607,3,0.20596891216605773,7
8,2,Flow607,4,0.3692307692307688,7
8,2,Flow607,5,0.13563218390804588,7
8,2,Flow607,6,6.2,7
8,2,Flow607,7,0.29638701775872667,7
8,2,Flow607,8,0.08840579710144914,7
8,2,Flow607,9,0.151098901098901,7
8,2,Flow607,10,0.151098901098901,7
8,2,Flow607,11,0.151098901098901,7
8,2,Flow607,12,0.14688067837674135,7
9,3,Flow607,1,4.083333333333333,7
9,3,Flow607,2,0.2691645133505598,7
9,3,Flow607,3,1.2368421052631575,7
9,3,Flow607,4,0.24349659851398275,7
9,3,Flow607,5,1.3666666666666671,7
9,3,Flow607,6,1.3666666666666671,7
9,3,Flow607,7,0.2999999999999994,7
9,3,Flow607,8,1.2466666666666661,7
9,3,Flow607,9,1.2466666666666661,7
9,3,Flow607,10,1.246666666666667,7
9,3,Flow607,11,1.3666666666666671,7
9,3,Flow607,12,1.1884057971014492,7
10,3,Flow607,1,5.05,7
10,3,Flow607,2,0.20602836879432562,7
10,3,Flow607,3,0.20602836879432562,7
10,3,Flow607,4,0.241742654508613,7
10,3,Flow607,5,0.1876073161627474,7
10,3,Flow607,6,0.06491228070175392,7
10,3,Flow607,7,5.085714285714285,7
10,3,Flow607,8,0.13571428571428523,7
10,3,Flow607,9,0.36571428571428566,7
10,3,Flow607,10,5.085714285714285,7
10,3,Flow607,11,3.114285714285714,7
10,3,Flow607,12,2.7523809523809524,7
11,3,Flow607,1,5.566666666666666,7
11,3,Flow607,2,0.09796408476745189,7
11,3,Flow607,3,0.041041592839049734,7
11,3,Flow607,4,0.1470600941806719,7
11,3,Flow607,5,0.1250074324243977,7
11,3,Flow607,6,0.1351418616226976,7
11,3,Flow607,7,0.1351418616226976,7
11,3,Flow607,8,0.14848566068078295,7
11,3,Flow607,9,0.10048853814355496,7
11,3,Flow607,10,0.08645345042425712,7
11,3,Flow607,11,0.08645345042425667,7
11,3,Flow607,12,0.2937188059139286,7
12,3,Flow607,1,5.583333333333333,7
12,3,Flow607,2,0.06289173789173752,7
12,3,Flow607,3,0.19455782312925152,7
12,3,Flow607,4,3.8333333333333335,7
12,3,Flow607,5,0.06967741935483929,7
12,3,Flow607,6,0.06967741935483929,7
12,3,Flow607,7,0.17634408602150575,7
12,3,Flow607,8,0.1720235988200587,7
12,3,Flow607,9,0.17634408602150575,7
12,3,Flow607,10,0.9666666666666668,7
12,3,Flow607,11,3.8333333333333335,7
12,3,Flow607,12,0.16416666666666657,7
13,4,Flow607,1,4.666666666666667,7
13,4,Flow607,2,0.40873015873015905,7
13,4,Flow607,3,0.4017857142857144,7
13,4,Flow607,4,0.5091575091575091,7
13,4,Flow607,5,0.39595389320160024,7
13,4,Flow607,6,0.08763269909103233,7
13,4,Flow607,7,0.08383838383838427,7
13,4,Flow607,8,0.43145743145743154,7
13,4,Flow607,9,1.4642857142857144,7
13,4,Flow607,10,1.4642857142857144,7
13,4,Flow607,11,0.10000000000000053,7
13,4,Flow607,12,0.08774688149688137,7
14,4,Flow607,1,10.0,7
14,4,Flow607,2,6.08,7
14,4,Flow607,3,0.6034877072612921,7
14,4,Flow607,4,0.06257861635220108,7
14,4,Flow607,5,0.09055052453993717,7
14,4,Flow607,6,0.09055052453993717,7
14,4,Flow607,7,0.0974466158321512,7
14,4,Flow607,8,0.13998357963875208,7
14,4,Flow607,9,0.16811594202898572,7
14,4,Flow607,10,0.09620253164556969,7
14,4,Flow607,11,0.09620253164556969,7
14,4,Flow607,12,0.09620253164556969,7
15,4,Flow607,1,5.616279069767442,7
15,4,Flow607,2,0.06871035940803383,7
15,4,Flow607,3,0.08893280632411038,7
15,4,Flow607,4,0.06871035940803383,7
15,4,Flow607,5,6.093023255813954,7
15,4,Flow607,6,0.07325581395348868,7
15,4,Flow607,7,0.09999999999999964,7
15,4,Flow607,8,0.09999999999999964,7
15,4,Flow607,9,1.4847826086956522,7
15,4,Flow607,10,1.1224637681159417,7
15,4,Flow607,11,1.1224637681159417,7
15,4,Flow607,12,1.1224637681159417,7
16,4,Flow607,1,10.0,7
16,4,Flow607,2,0.07857142857142874,7
16,4,Flow607,3,0.2333333333333334,7
16,4,Flow607,4,0.06190476190476213,7
16,4,Flow607,5,0.06190476190476213,7
16,4,Flow607,6,0.26969696969696955,7
16,4,Flow607,7,0.23333333333333295,7
16,4,Flow607,8,0.2739130434782604,7
16,4,Flow607,9,0.2739130434782604,7
16,4,Flow607,10,1.2555555555555555,7
16,4,Flow607,11,1.2555555555555555,7
16,4,Flow607,12,1.2555555555555555,7
17,5,Flow607,1,10.0,7
17,5,Flow607,2,0.06048265460030189,7
17,5,Flow607,3,0.06048265460030189,7
17,5,Flow607,4,3.286666666666667,7
17,5,Flow607,5,0.2369462508063247,7
17,5,Flow607,6,0.26422764227642315,7
17,5,Flow607,7,0.4551607730610181,7
17,5,Flow607,8,5.088235294117647,7
17,5,Flow607,9,0.424603174603174,7
17,5,Flow607,10,0.3798003072196616,7
17,5,Flow607,11,2.1794518751639127,7
17,5,Flow607,12,0.171376242804814,7
18,5,Flow607,1,6.133333333333333,7
18,5,Flow607,2,1.0073741952437256,7
18,5,Flow607,3,0.2279202279202277,7
18,5,Flow607,4,0.2019774011299429,7
18,5,Flow607,5,0.8098067531113049,7
18,5,Flow607,6,0.1057783527382492,7
18,5,Flow607,7,0.5867620751341676,7
18,5,Flow607,8,0.7737117251680354,7
18,5,Flow607,9,0.4241971620612395,7
18,5,Flow607,10,1.1753283837806965,7
18,5,Flow607,11,0.5944881889763778,7
18,5,Flow607,12,0.6316162828767871,7
19,5,Flow607,1,5.166666666666667,7
19,5,Flow607,2,0.21547116736990102,7
19,5,Flow607,3,0.16083133493205448,7
19,5,Flow607,4,0.10394244604316594,7
19,5,Flow607,5,0.20051003127926137,7
19,5,Flow607,6,0.11376077990251243,7
19,5,Flow607,7,0.1612403100775195,7
19,5,Flow607,8,0.9612403100775193,7
19,5,Flow607,9,1.4728682170542644,7
19,5,Flow607,10,0.8728306403351285,7
19,5,Flow607,11,0.8836765827612503,7
19,5,Flow607,12,0.5500000000000007,7
20,5,Flow607,1,0.1900000000000004,7
20,5,Flow607,2,0.22898550724637712,7
20,5,Flow607,3,0.11893115942028931,7
20,5,Flow607,4,0.08433315541528419,7
20,5,Flow607,5,0.09330295446905446,7
20,5,Flow607,6,0.12329134280353848,7
20,5,Flow607,7,0.7666666666666666,7
20,5,Flow607,8,1.4789297658862868,7
20,5,Flow607,9,0.22754000900453963,7
20,5,Flow607,10,0.17850877192982484,7
20,5,Flow607,11,0.17850877192982484,7
20,5,Flow607,12,0.14473226862777366,7
1,1,Flow608,1,9.5,8
1,1,Flow608,2,0.5870620722802569,8
1,1,Flow608,3,0.6708683473389367,8
1,1,Flow608,4,2.752837977296182,8
1,1,Flow608,5,2.752837977296182,8
1,1,Flow608,6,1.5022222222222226,8
1,1,Flow608,7,0.5408805031446535,8
1,1,Flow608,8,0.5833333333333339,8
1,1,Flow608,9,0.45614035087719307,8
1,1,Flow608,10,2.7413793103448274,8
1,1,Flow608,11,7.833333333333333,8
1,1,Flow608,12,3.046718099674365,8
2,1,Flow608,1,4.7,8
2,1,Flow608,2,1.4916666666666671,8
2,1,Flow608,3,0.39081746920492666,8
2,1,Flow608,4,0.33315205740954434,8
2,1,Flow608,5,0.4885935143288087,8
2,1,Flow608,6,0.5467532467532465,8
2,1,Flow608,7,0.6660714285714286,8
2,1,Flow608,8,0.18001735106998318,8
2,1,Flow608,9,1.274561403508772,8
2,1,Flow608,10,2.803030303030303,8
2,1,Flow608,11,0.2999999999999998,8
2,1,Flow608,12,8.157894736842106,8
3,1,Flow608,1,10.0,8
3,1,Flow608,2,0.18709677419354787,8
3,1,Flow608,3,0.18709677419354875,8
3,1,Flow608,4,1.3227272727272725,8
3,1,Flow608,5,0.39177489177489155,8
3,1,Flow608,6,0.3977272727272725,8
3,1,Flow608,7,0.3977272727272725,8
3,1,Flow608,8,1.3203463203463202,8
3,1,Flow608,9,0.5108225108225106,8
3,1,Flow608,10,0.3653679653679651,8
3,1,Flow608,11,2.6067466812147657,8
3,1,Flow608,12,2.6067466812147657,8
4,1,Flow608,1,10.0,8
4,1,Flow608,2,0.3453145057766367,8
4,1,Flow608,3,0.1351067233420178,8
4,1,Flow608,4,2.3428571428571425,8
4,1,Flow608,5,2.799489795918367,8
4,1,Flow608,6,0.10263157894736885,8
4,1,Flow608,7,4.55,8
4,1,Flow608,8,0.5558139534883715,8
4,1,Flow608,9,0.5558139534883715,8
4,1,Flow608,10,1.6333333333333335,8
4,1,Flow608,11,2.424908424908425,8
4,1,Flow608,12,2.424908424908425,8
5,2,Flow608,1,10.0,8
5,2,Flow608,2,0.7249999999999996,8
5,2,Flow608,3,0.2902549123738716,8
5,2,Flow608,4,0.3015119916579767,8
5,2,Flow608,5,0.4261363636363633,8
5,2,Flow608,6,0.6969696969696968,8
5,2,Flow608,7,0.3468384031129572,8
5,2,Flow608,8,0.32750136686714093,8
5,2,Flow608,9,0.3372805008398232,8
5,2,Flow608,10,0.45486578541886313,8
5,2,Flow608,11,0.48637316561844823,8
5,2,Flow608,12,0.43199999999999994,8
6,2,Flow608,1,8.55,8
6,2,Flow608,2,0.12829448364049645,8
6,2,Flow608,3,0.2279569892473119,8
6,2,Flow608,4,0.2613252339058798,8
6,2,Flow608,5,0.225202115453095,8
6,2,Flow608,6,0.8011494252873563,8
6,2,Flow608,7,0.12463741841914411,8
6,2,Flow608,8,0.1879660797809759,8
6,2,Flow608,9,0.17023809523809508,8
6,2,Flow608,10,0.6035714285714282,8
6,2,Flow608,11,0.6035714285714282,8
6,2,Flow608,12,0.6214285714285714,8
7,2,Flow608,1,0.36990950226244346,8
7,2,Flow608,2,0.13589743589743541,8
7,2,Flow608,3,0.27002288329519475,8
7,2,Flow608,4,0.384615384615385,8
7,2,Flow608,5,0.3145743145743145,8
7,2,Flow608,6,0.36190476190476195,8
7,2,Flow608,7,0.6285714285714286,8
7,2,Flow608,8,0.21461794019933533,8
7,2,Flow608,9,0.15694130598528266,8
7,2,Flow608,10,0.1546924792861697,8
7,2,Flow608,11,0.666666666666667,8
7,2,Flow608,12,0.10471082726056924,8
8,2,Flow608,1,2.210526315789474,8
8,2,Flow608,2,0.32417582417582524,8
8,2,Flow608,3,0.2333333333333334,8
8,2,Flow608,4,0.24874686716791983,8
8,2,Flow608,5,0.3352941176470585,8
8,2,Flow608,6,0.22930998540754643,8
8,2,Flow608,7,0.2351219512195124,8
8,2,Flow608,8,0.26178861788617924,8
8,2,Flow608,9,0.25394548063127687,8
8,2,Flow608,10,2.8666666666666663,8
8,2,Flow608,11,0.22845528455284558,8
8,2,Flow608,12,0.22845528455284558,8
9,3,Flow608,1,10.0,8
9,3,Flow608,2,0.13130081300813012,8
9,3,Flow608,3,0.11263048016701482,8
9,3,Flow608,4,0.33075252572939284,8
9,3,Flow608,5,0.3235294117647056,8
9,3,Flow608,6,0.41625615763546797,8
9,3,Flow608,7,0.27938071780436324,8
9,3,Flow608,8,5.5,8
9,3,Flow608,9,0.34617596319723987,8
9,3,Flow608,10,0.3561859732072499,8
9,3,Flow608,11,1.6037037037037039,8
9,3,Flow608,12,3.1121212121212123,8
10,3,Flow608,1,5.153846153846154,8
10,3,Flow608,2,0.21037581699346308,8
10,3,Flow608,3,0.39934815950920255,8
10,3,Flow608,4,0.4680981595092022,8
10,3,Flow608,5,2.946551724137931,8
10,3,Flow608,6,0.39482758620689706,8
10,3,Flow608,7,3.04293836194765,8
10,3,Flow608,8,0.2974358974358977,8
10,3,Flow608,9,2.223911630929175,8
10,3,Flow608,10,7.333333333333333,8
10,3,Flow608,11,0.43939393939393945,8
10,3,Flow608,12,2.135046728971963,8
11,3,Flow608,1,1.2666666666666666,8
11,3,Flow608,2,0.20740740740740726,8
11,3,Flow608,3,0.2349881796690303,8
11,3,Flow608,4,0.16047157768266107,8
11,3,Flow608,5,0.15374149659863923,8
11,3,Flow608,6,0.21666666666666679,8
11,3,Flow608,7,5.088888888888889,8
11,3,Flow608,8,0.8927738927738931,8
11,3,Flow608,9,2.3030303030303023,8
11,3,Flow608,10,0.5091851288091895,8
11,3,Flow608,11,0.8102766798418974,8
11,3,Flow608,12,0.836363636363636,8
12,3,Flow608,1,1.4333333333333327,8
12,3,Flow608,2,4.116666666666666,8
12,3,Flow608,3,0.23749999999999982,8
12,3,Flow608,4,0.23749999999999982,8
12,3,Flow608,5,0.43445440956651815,8
12,3,Flow608,6,0.22596899224806144,8
12,3,Flow608,7,0.22596899224806144,8
12,3,Flow608,8,0.27908496732026133,8
12,3,Flow608,9,0.22596899224806144,8
12,3,Flow608,10,0.8717948717948714,8
12,3,Flow608,11,0.3494996150885292,8
12,3,Flow608,12,0.3494996150885292,8
13,4,Flow608,1,0.18333333333333268,8
13,4,Flow608,2,0.46582733812949595,8
13,4,Flow608,3,0.677506775067751,8
13,4,Flow608,4,0.15969498910675384,8
13,4,Flow608,5,0.44783306581059357,8
13,4,Flow608,6,0.2513716522987255,8
13,4,Flow608,7,0.21330182473348724,8
13,4,Flow608,8,0.4162577018700677,8
13,4,Flow608,9,0.32586206896551717,8
13,4,Flow608,10,1.8357142857142854,8
13,4,Flow608,11,0.25,8
13,4,Flow608,12,0.25,8
14,4,Flow608,1,1.1333333333333329,8
14,4,Flow608,2,0.38912960367019256,8
14,4,Flow608,3,0.16215302464562908,8
14,4,Flow608,4,0.2290628706998814,8
14,4,Flow608,5,0.23333333333333295,8
14,4,Flow608,6,0.2333333333333334,8
14,4,Flow608,7,1.1052631578947372,8
14,4,Flow608,8,1.1052631578947372,8
14,4,Flow608,9,3.5384615384615383,8
14,4,Flow608,10,0.09401709401709368,8
14,4,Flow608,11,0.1499999999999999,8
14,4,Flow608,12,0.5717948717948715,8
15,4,Flow608,1,0.8025641025641024,8
15,4,Flow608,2,0.18655303030302983,8
15,4,Flow608,3,0.7946428571428568,8
15,4,Flow608,4,0.3770433546552949,8
15,4,Flow608,5,0.3771428571428572,8
15,4,Flow608,6,0.29027027027027064,8
15,4,Flow608,7,0.19862258953168066,8
15,4,Flow608,8,0.3904761904761904,8
15,4,Flow608,9,0.5732988994083255,8
15,4,Flow608,10,1.5486111111111116,8
15,4,Flow608,11,1.073986899196651,8
15,4,Flow608,12,0.04999999999999982,8
16,4,Flow608,1,5.016666666666667,8
16,4,Flow608,2,0.25520134228187974,8
16,4,Flow608,3,0.24084507042253467,8
16,4,Flow608,4,0.24394736842105225,8
16,4,Flow608,5,0.14751879699248072,8
16,4,Flow608,6,0.14751879699248072,8
16,4,Flow608,7,0.32052392292704024,8
16,4,Flow608,8,0.3273596176821987,8
16,4,Flow608,9,3.9000000000000004,8
16,4,Flow608,10,4.4,8
16,4,Flow608,11,0.142540792540792,8
16,4,Flow608,12,0.23888888888888893,8
17,5,Flow608,1,7.153846153846154,8
17,5,Flow608,2,1.3530465949820787,8
17,5,Flow608,3,0.5395256916996054,8
17,5,Flow608,4,0.5454545454545459,8
17,5,Flow608,5,2.153846153846154,8
17,5,Flow608,6,1.0508474576271185,8
17,5,Flow608,7,1.0508474576271185,8
17,5,Flow608,8,0.323574730354391,8
17,5,Flow608,9,0.2508474576271187,8
17,5,Flow608,10,0.2508474576271187,8
17,5,Flow608,11,0.2508474576271187,8
17,5,Flow608,12,0.2508474576271187,8
18,5,Flow608,1,4.6923076923076925,8
18,5,Flow608,2,0.702247191011236,8
18,5,Flow608,3,0.5833333333333321,8
18,5,Flow608,4,0.5833333333333321,8
18,5,Flow608,5,0.23558052434456922,8
18,5,Flow608,6,0.23558052434456922,8
18,5,Flow608,7,1.2167399446344245,8
18,5,Flow608,8,0.16498809741805598,8
18,5,Flow608,9,0.3045058139534884,8
18,5,Flow608,10,0.5536339003732422,8
18,5,Flow608,11,0.71556350626118,8
18,5,Flow608,12,0.573666261714683,8
19,5,Flow608,1,1.9712121212121207,8
19,5,Flow608,2,0.08856742065579493,8
19,5,Flow608,3,0.10180415172263846,8
19,5,Flow608,4,0.09208280878444519,8
19,5,Flow608,5,4.216606498194945,8
19,5,Flow608,6,0.2499398315282786,8
19,5,Flow608,7,0.2499398315282786,8
19,5,Flow608,8,0.2499398315282786,8
19,5,Flow608,9,0.16816479400749085,8
19,5,Flow608,10,1.2230667547918044,8
19,5,Flow608,11,0.16816479400749085,8
19,5,Flow608,12,0.2333333333333325,8
20,5,Flow608,1,4.181818181818182,8
20,5,Flow608,2,0.120114942528736,8
20,5,Flow608,3,0.6613180400556917,8
20,5,Flow608,4,0.45384853536556413,8
20,5,Flow608,5,0.5693528988741745,8
20,5,Flow608,6,0.11250000000000071,8
20,5,Flow608,7,0.11249999999999982,8
20,5,Flow608,8,0.42043010752688215,8
20,5,Flow608,9,0.42043010752688215,8
20,5,Flow608,10,0.4200638071605818,8
20,5,Flow608,11,1.0993961352657005,8
20,5,Flow608,12,3.066666666666668,8
1,1,Flow609,1,10.0,9
1,1,Flow609,2,0.21740662438336855,9
1,1,Flow609,3,0.21740662438336855,9
1,1,Flow609,4,0.21740662438336855,9
1,1,Flow609,5,0.2333333333333325,9
1,1,Flow609,6,0.26305220883534197,9
1,1,Flow609,7,0.6176470588235299,9
1,1,Flow609,8,0.6176470588235299,9
1,1,Flow609,9,5.0,9
1,1,Flow609,10,0.1058823529411761,9
1,1,Flow609,11,0.1058823529411761,9
1,1,Flow609,12,3.150326797385621,9
2,1,Flow609,1,10.0,9
2,1,Flow609,2,0.20238095238095255,9
2,1,Flow609,3,0.937229437229437,9
2,1,Flow609,4,0.22222222222222232,9
2,1,Flow609,5,0.23566446600625746,9
2,1,Flow609,6,1.4724341566446828,9
2,1,Flow609,7,2.5404040404040398,9
2,1,Flow609,8,1.1273605621431706,9
2,1,Flow609,9,1.2315026036765166,9
2,1,Flow609,10,0.5982587064676625,9
2,1,Flow609,11,1.1720940750791495,9
2,1,Flow609,12,0.27936966032204147,9
3,1,Flow609,1,4.078431372549019,9
3,1,Flow609,2,0.15705063950924192,9
3,1,Flow609,3,0.16117368933388931,9
3,1,Flow609,4,0.5784313725490202,9
3,1,Flow609,5,0.5784313725490202,9
3,1,Flow609,6,0.5784313725490202,9
3,1,Flow609,7,0.4846967465805614,9
3,1,Flow609,8,0.16884531590413943,9
3,1,Flow609,9,0.31881881881881924,9
3,1,Flow609,10,0.31881881881881835,9
3,1,Flow609,11,0.31881881881881924,9
3,1,Flow609,12,0.31881881881881924,9
4,1,Flow609,1,10.0,9
4,1,Flow609,2,0.18878820184790346,9
4,1,Flow609,3,0.21049783549783552,9
4,1,Flow609,4,0.18878820184790346,9
4,1,Flow609,5,0.13374906290465471,9
4,1,Flow609,6,0.13374906290465471,9
4,1,Flow609,7,0.13374906290465471,9
4,1,Flow609,8,0.4002112640633122,9
4,1,Flow609,9,0.17882488859547774,9
4,1,Flow609,10,0.12037037037037024,9
4,1,Flow609,11,0.24477019392273647,9
4,1,Flow609,12,0.2777777777777777,9
5,2,Flow609,1,7.037037037037037,9
5,2,Flow609,2,0.6283374105639741,9
5,2,Flow609,3,0.17192760942760899,9
5,2,Flow609,4,0.15309059059059038,9
5,2,Flow609,5,0.1948790896159318,9
5,2,Flow609,6,0.1948790896159318,9
5,2,Flow609,7,0.21371610845295042,9
5,2,Flow609,8,0.4353070175438587,9
5,2,Flow609,9,0.4228070175438594,9
5,2,Flow609,10,0.33930186290468445,9
5,2,Flow609,11,1.699827734711456,9
5,2,Flow609,12,1.3017429193899783,9
6,2,Flow609,1,7.018181818181818,9
6,2,Flow609,2,0.1899335232668573,9
6,2,Flow609,3,0.16699155295646495,9
6,2,Flow609,4,1.079653679653679,9
6,2,Flow609,5,4.285714285714286,9
6,2,Flow609,6,0.4107142857142856,9
6,2,Flow609,7,0.5096153846153841,9
6,2,Flow609,8,0.48987854251012175,9
6,2,Flow609,9,0.6821862348178138,9
6,2,Flow609,10,4.576923076923077,9
6,2,Flow609,11,0.24358974358974272,9
6,2,Flow609,12,0.2212090142712153,9
7,2,Flow609,1,4.7894736842105265,9
7,2,Flow609,2,0.3572702943800179,9
7,2,Flow609,3,0.32331240565147823,9
7,2,Flow609,4,0.4844632768361583,9
7,2,Flow609,5,0.18518518518518512,9
7,2,Flow609,6,0.1527257594673328,9
7,2,Flow609,7,0.1527257594673328,9
7,2,Flow609,8,0.18518518518518512,9
7,2,Flow609,9,0.10470797246280306,9
7,2,Flow609,10,0.25806451612903203,9
7,2,Flow609,11,0.4520348837209305,9
7,2,Flow609,12,0.42513870499968487,9
8,2,Flow609,1,10.0,9
8,2,Flow609,2,0.41161616161616177,9
8,2,Flow609,3,0.331435687600071,9
8,2,Flow609,4,0.9285714285714284,9
8,2,Flow609,5,0.27218169761273225,9
8,2,Flow609,6,0.4954999999999994,9
8,2,Flow609,7,0.2858366617616146,9
8,2,Flow609,8,0.25498571136966675,9
8,2,Flow609,9,0.2404610634823432,9
8,2,Flow609,10,0.5444884837945336,9
8,2,Flow609,11,0.34885257977214224,9
8,2,Flow609,12,0.07701707458142693,9
9,3,Flow609,1,10.0,9
9,3,Flow609,2,0.11666666666666714,9
9,3,Flow609,3,0.12916666666666732,9
9,3,Flow609,4,0.37022900763358724,9
9,3,Flow609,5,0.6617647058823533,9
9,3,Flow609,6,0.8562091503267979,9
9,3,Flow609,7,0.18090436174469815,9
9,3,Flow609,8,0.2798233328419082,9
9,3,Flow609,9,0.41911764705882426,9
9,3,Flow609,10,2.554526417525773,9
9,3,Flow609,11,0.1467230389304781,9
9,3,Flow609,12,0.1467230389304781,9
10,3,Flow609,1,3.24,9
10,3,Flow609,2,0.3951890034364265,9
10,3,Flow609,3,0.22431865828092246,9
10,3,Flow609,4,0.46249999999999947,9
10,3,Flow609,5,0.46249999999999947,9
10,3,Flow609,6,0.36666666666666714,9
10,3,Flow609,7,0.9464285714285712,9
10,3,Flow609,8,0.21584773849145567,9
10,3,Flow609,9,0.21584773849145567,9
10,3,Flow609,10,0.4499999999999993,9
10,3,Flow609,11,0.9853372434017595,9
10,3,Flow609,12,0.15344827586206922,9
11,3,Flow609,1,4.148148148148148,9
11,3,Flow609,2,0.33386226594731827,9
11,3,Flow609,3,0.3552091878589012,9
11,3,Flow609,4,0.36410256410256414,9
11,3,Flow609,5,0.5995370370370372,9
11,3,Flow609,6,1.1395348837209305,9
11,3,Flow609,7,0.32135306553911214,9
11,3,Flow609,8,0.8442967884828345,9
11,3,Flow609,9,0.8968253968253963,9
11,3,Flow609,10,0.17777777777777715,9
11,3,Flow609,11,0.4573593073593072,9
11,3,Flow609,12,0.28392857142857153,9
12,3,Flow609,1,10.0,9
12,3,Flow609,2,0.4670101695309459,9
12,3,Flow609,3,0.3301127214170698,9
12,3,Flow609,4,0.500538548752834,9
12,3,Flow609,5,0.35232112061380416,9
12,3,Flow609,6,0.45302500477649055,9
12,3,Flow609,7,0.4719785575048734,9
12,3,Flow609,8,0.5480769230769234,9
12,3,Flow609,9,0.8304093567251458,9
12,3,Flow609,10,0.9555555555555566,9
12,3,Flow609,11,0.5746031746031743,9
12,3,Flow609,12,0.8547008547008543,9
13,4,Flow609,1,6.177777777777778,9
13,4,Flow609,2,0.27394105473935326,9
13,4,Flow609,3,0.27151612043698314,9
13,4,Flow609,4,0.392081736909323,9
13,4,Flow609,5,0.3094927360414079,9
13,4,Flow609,6,0.30332864510079727,9
13,4,Flow609,7,0.16814345991561197,9
13,4,Flow609,8,0.18333333333333357,9
13,4,Flow609,9,3.5666666666666664,9
13,4,Flow609,10,0.25,9
13,4,Flow609,11,0.25,9
13,4,Flow609,12,0.25,9
14,4,Flow609,1,10.0,9
14,4,Flow609,2,0.19310344827586245,9
14,4,Flow609,3,1.7134057971014496,9
14,4,Flow609,4,0.325814536340852,9
14,4,Flow609,5,0.18575763858782768,9
14,4,Flow609,6,0.33749999999999947,9
14,4,Flow609,7,0.211515151515151,9
14,4,Flow609,8,0.22083333333333321,9
14,4,Flow609,9,0.16296296296296298,9
14,4,Flow609,10,1.088967327359942,9
14,4,Flow609,11,1.088967327359942,9
14,4,Flow609,12,0.17619047619047645,9
15,4,Flow609,1,10.0,9
15,4,Flow609,2,0.2792397660818713,9
15,4,Flow609,3,0.19653065247388124,9
15,4,Flow609,4,0.2792397660818722,9
15,4,Flow609,5,0.13049645390070985,9
15,4,Flow609,6,0.10686662893793653,9
15,4,Flow609,7,4.5638297872340425,9
15,4,Flow609,8,0.6138297872340424,9
15,4,Flow609,9,1.8666666666666671,9
15,4,Flow609,10,1.4705882352941182,9
15,4,Flow609,11,0.2705882352941176,9
15,4,Flow609,12,0.7372549019607841,9
16,4,Flow609,1,4.175438596491228,9
16,4,Flow609,2,0.2934472934472936,9
16,4,Flow609,3,0.29870065981638305,9
16,4,Flow609,4,0.3254385964912281,9
16,4,Flow609,5,0.5277777777777777,9
16,4,Flow609,6,0.6194299768518521,9
16,4,Flow609,7,0.7129629629629628,9
16,4,Flow609,8,0.9074074074074074,9
16,4,Flow609,9,0.6121212121212114,9
16,4,Flow609,10,1.2166666666666672,9
16,4,Flow609,11,0.3319727891156461,9
16,4,Flow609,12,0.14146528576908324,9
17,5,Flow609,1,1.5708333333333337,9
17,5,Flow609,2,0.34878934624697333,9
17,5,Flow609,3,0.16666666666666607,9
17,5,Flow609,4,4.55,9
17,5,Flow609,5,0.6462034134447929,9
17,5,Flow609,6,0.6328818487909391,9
17,5,Flow609,7,0.08333333333333393,9
17,5,Flow609,8,0.09166666666666679,9
17,5,Flow609,9,0.23809523809523903,9
17,5,Flow609,10,0.14879320539697893,9
17,5,Flow609,11,1.2666040100250626,9
17,5,Flow609,12,0.14947873446457116,9
18,5,Flow609,1,3.1521739130434785,9
18,5,Flow609,2,0.15358851674641105,9
18,5,Flow609,3,0.09848073792729295,9
18,5,Flow609,4,0.19716494845360888,9
18,5,Flow609,5,0.1252557188023058,9
18,5,Flow609,6,0.2039473684210531,9
18,5,Flow609,7,0.2039473684210531,9
18,5,Flow609,8,0.2039473684210531,9
18,5,Flow609,9,0.1146616541353378,9
18,5,Flow609,10,0.12894736842105292,9
18,5,Flow609,11,2.1166666666666663,9
18,5,Flow609,12,0.15833333333333321,9
19,5,Flow609,1,1.2374489200233505,9
19,5,Flow609,2,0.14360887868350503,9
19,5,Flow609,3,0.08788318361354808,9
19,5,Flow609,4,0.167440261303077,9
19,5,Flow609,5,0.167440261303077,9
19,5,Flow609,6,0.1814449917898191,9
19,5,Flow609,7,0.15937762825904134,9
19,5,Flow609,8,1.0731707317073171,9
19,5,Flow609,9,1.0731707317073171,9
19,5,Flow609,10,0.10542879622344614,9
19,5,Flow609,11,0.08225806451612883,9
19,5,Flow609,12,0.10542879622344614,9
20,5,Flow609,1,4.118694362017804,9
20,5,Flow609,2,0.046296296296296724,9
20,5,Flow609,3,0.046296296296296724,9
20,5,Flow609,4,0.14377289377289326,9
20,5,Flow609,5,0.10348496940675744,9
20,5,Flow609,6,0.21666666666666679,9
20,5,Flow609,7,0.20170940170940188,9
20,5,Flow609,8,0.6347222222222229,9
20,5,Flow609,9,0.32991452991452963,9
20,5,Flow609,10,0.5622222222222222,9
20,5,Flow609,11,0.7222222222222223,9
20,5,Flow609,12,0.7222222222222223,9
1,1,Flow6010,1,3.9444444444444446,10
1,1,Flow6010,2,6.035087719298246,10
1,1,Flow6010,3,0.6252678879667863,10
1,1,Flow6010,4,0.1879569892473114,10
1,1,Flow6010,5,0.30444444444444496,10
1,1,Flow6010,6,0.2766666666666673,10
1,1,Flow6010,7,0.35275362318840564,10
1,1,Flow6010,8,1.785266457680251,10
1,1,Flow6010,9,4.2747899159663865,10
1,1,Flow6010,10,0.31764705882353006,10
1,1,Flow6010,11,0.31764705882353006,10
1,1,Flow6010,12,0.476923076923077,10
2,1,Flow6010,1,3.9642857142857144,10
2,1,Flow6010,2,0.20753965651663897,10
2,1,Flow6010,3,1.0045454545454549,10
2,1,Flow6010,4,2.454545454545454,10
2,1,Flow6010,5,0.4666141180592067,10
2,1,Flow6010,6,0.6295454545454549,10
2,1,Flow6010,7,1.7901960784313733,10
2,1,Flow6010,8,0.27039381153305175,10
2,1,Flow6010,9,4.115384615384615,10
2,1,Flow6010,10,1.7337662337662332,10
2,1,Flow6010,11,1.4732181497386736,10
2,1,Flow6010,12,0.8057774001699238,10
3,1,Flow6010,1,4.333333333333333,10
3,1,Flow6010,2,0.27392344497607635,10
3,1,Flow6010,3,1.3363636363636369,10
3,1,Flow6010,4,0.5692982456140356,10
3,1,Flow6010,5,0.26742532005689945,10
3,1,Flow6010,6,0.26742532005689945,10
3,1,Flow6010,7,0.7172219376248936,10
3,1,Flow6010,8,0.3235010328332253,10
3,1,Flow6010,9,0.17721576668945094,10
3,1,Flow6010,10,0.16857007383323186,10
3,1,Flow6010,11,0.16857007383323186,10
3,1,Flow6010,12,0.23026315789473717,10
4,1,Flow6010,1,2.5213675213675213,10
4,1,Flow6010,2,0.1859649122807019,10
4,1,Flow6010,3,0.1859649122807019,10
4,1,Flow6010,4,0.09585182836609629,10
4,1,Flow6010,5,0.09176294394522966,10
4,1,Flow6010,6,0.3380952380952378,10
4,1,Flow6010,7,0.18127250900360092,10
4,1,Flow6010,8,0.273076923076923,10
4,1,Flow6010,9,0.27214059348890807,10
4,1,Flow6010,10,0.13504901960784288,10
4,1,Flow6010,11,0.3517730496453897,10
4,1,Flow6010,12,0.3517730496453897,10
5,2,Flow6010,1,3.1818181818181817,10
5,2,Flow6010,2,0.39753086419753103,10
5,2,Flow6010,3,1.2380952380952386,10
5,2,Flow6010,4,1.4676549865229114,10
5,2,Flow6010,5,1.4397759103641459,10
5,2,Flow6010,6,1.4254901960784312,10
5,2,Flow6010,7,0.2588235294117647,10
5,2,Flow6010,8,1.0921568627450982,10
5,2,Flow6010,9,0.6933333333333334,10
5,2,Flow6010,10,0.8605494505494504,10
5,2,Flow6010,11,0.15618597320725014,10
5,2,Flow6010,12,0.6667679837892604,10
6,2,Flow6010,1,4.375,10
6,2,Flow6010,2,0.4134615384615392,10
6,2,Flow6010,3,1.5958333333333332,10
6,2,Flow6010,4,3.833333333333333,10
6,2,Flow6010,5,4.625,10
6,2,Flow6010,6,2.0761143818334737,10
6,2,Flow6010,7,0.9049539170506908,10
6,2,Flow6010,8,0.15656565656565657,10
6,2,Flow6010,9,0.21622067448680315,10
6,2,Flow6010,10,0.16718587746625113,10
6,2,Flow6010,11,0.13501549358123066,10
6,2,Flow6010,12,1.0378321042529546,10
7,2,Flow6010,1,3.1739130434782608,10
7,2,Flow6010,2,0.14386903948364083,10
7,2,Flow6010,3,0.11089367253750781,10
7,2,Flow6010,4,0.20424049137727307,10
7,2,Flow6010,5,0.10069178400149381,10
7,2,Flow6010,6,0.21261614401858298,10
7,2,Flow6010,7,0.11275174101261021,10
7,2,Flow6010,8,0.1634199134199137,10
7,2,Flow6010,9,0.17169069462647446,10
7,2,Flow6010,10,7.522727272727273,10
7,2,Flow6010,11,0.20082288401253923,10
7,2,Flow6010,12,0.267535655833528,10
8,2,Flow6010,1,4.151515151515151,10
8,2,Flow6010,2,1.8499999999999996,10
8,2,Flow6010,3,0.4506638069224236,10
8,2,Flow6010,4,0.14638331115625647,10
8,2,Flow6010,5,0.7465886384290235,10
8,2,Flow6010,6,1.572480620155039,10
8,2,Flow6010,7,1.6034330011074203,10
8,2,Flow6010,8,0.11831395348837237,10
8,2,Flow6010,9,0.43488372093023253,10
8,2,Flow6010,10,0.4466926070038908,10
8,2,Flow6010,11,0.4466926070038908,10
8,2,Flow6010,12,4.4,10
9,3,Flow6010,1,4.555555555555555,10
9,3,Flow6010,2,0.2929517458553299,10
9,3,Flow6010,3,0.18919491525423737,10
9,3,Flow6010,4,0.38541666666666696,10
9,3,Flow6010,5,0.9270833333333339,10
9,3,Flow6010,6,0.44549995946822296,10
9,3,Flow6010,7,0.46557971014492683,10
9,3,Flow6010,8,0.19091544374563174,10
9,3,Flow6010,9,0.3392156862745104,10
9,3,Flow6010,10,0.833333333333333,10
9,3,Flow6010,11,8.553571428571429,10
9,3,Flow6010,12,2.125490196078431,10
10,3,Flow6010,1,6.444444444444445,10
10,3,Flow6010,2,0.11870748299319711,10
10,3,Flow6010,3,0.11533346403947231,10
10,3,Flow6010,4,0.061954452706681984,10
10,3,Flow6010,5,0.028107852039003234,10
10,3,Flow6010,6,0.07628622235926397,10
10,3,Flow6010,7,0.3785406014624222,10
10,3,Flow6010,8,5.1063829787234045,10
10,3,Flow6010,9,1.1166666666666671,10
10,3,Flow6010,10,0.4853387259858444,10
10,3,Flow6010,11,0.42777777777777803,10
10,3,Flow6010,12,0.42777777777777803,10
11,3,Flow6010,1,3.122448979591836,10
11,3,Flow6010,2,0.43333333333333357,10
11,3,Flow6010,3,0.14583333333333393,10
11,3,Flow6010,4,0.3991803278688524,10
11,3,Flow6010,5,0.03900215271622187,10
11,3,Flow6010,6,0.05685170286940178,10
11,3,Flow6010,7,0.07442067736185365,10
11,3,Flow6010,8,3.1507624200688635,10
11,3,Flow6010,9,3.0883458646616537,10
11,3,Flow6010,10,0.1538461538461542,10
11,3,Flow6010,11,0.6169642857142854,10
11,3,Flow6010,12,0.6169642857142854,10
12,3,Flow6010,1,0.1924242424242424,10
12,3,Flow6010,2,0.18181017893705587,10
12,3,Flow6010,3,0.15764229435366417,10
12,3,Flow6010,4,0.07362459891680917,10
12,3,Flow6010,5,0.17254023628887616,10
12,3,Flow6010,6,0.33534937588470015,10
12,3,Flow6010,7,0.1986290451139805,10
12,3,Flow6010,8,0.1986290451139805,10
12,3,Flow6010,9,0.35328947368421026,10
12,3,Flow6010,10,0.3326028117198794,10
12,3,Flow6010,11,1.1854809308613312,10
12,3,Flow6010,12,0.29166666666666696,10
13,4,Flow6010,1,0.4452830188679249,10
13,4,Flow6010,2,0.2666666666666666,10
13,4,Flow6010,3,0.08764367816091934,10
13,4,Flow6010,4,0.08764367816091934,10
13,4,Flow6010,5,0.1416666666666666,10
13,4,Flow6010,6,0.3100268276324618,10
13,4,Flow6010,7,0.8484536082474228,10
13,4,Flow6010,8,0.21111111111111125,10
13,4,Flow6010,9,1.1741249142072756,10
13,4,Flow6010,10,0.2153846153846155,10
13,4,Flow6010,11,0.21538461538461506,10
13,4,Flow6010,12,0.21428571428571397,10
14,4,Flow6010,1,0.11055555555555552,10
14,4,Flow6010,2,0.04227053140096615,10
14,4,Flow6010,3,0.058703019712193605,10
14,4,Flow6010,4,0.12564102564102608,10
14,4,Flow6010,5,0.07827260458839369,10
14,4,Flow6010,6,0.1185185185185178,10
14,4,Flow6010,7,0.10238095238095246,10
14,4,Flow6010,8,0.20952380952380922,10
14,4,Flow6010,9,0.13462783171521053,10
14,4,Flow6010,10,2.0787719758593544,10
14,4,Flow6010,11,0.1958881958881955,10
14,4,Flow6010,12,2.15,10
15,4,Flow6010,1,0.2281639928698751,10
15,4,Flow6010,2,0.4027670527670528,10
15,4,Flow6010,3,0.1597523219814243,10
15,4,Flow6010,4,0.13512851897184852,10
15,4,Flow6010,5,0.2087719298245614,10
15,4,Flow6010,6,0.4233378561736769,10
15,4,Flow6010,7,0.12240515390121676,10
15,4,Flow6010,8,0.27709279688513977,10
15,4,Flow6010,9,0.27709279688513977,10
15,4,Flow6010,10,0.729046316002838,10
15,4,Flow6010,11,0.3840579710144927,10
15,4,Flow6010,12,0.25813008130081316,10
16,4,Flow6010,1,6.285714285714286,10
16,4,Flow6010,2,0.1333333333333333,10
16,4,Flow6010,3,0.1265151515151519,10
16,4,Flow6010,4,0.19126912691269116,10
16,4,Flow6010,5,0.12174087444845583,10
16,4,Flow6010,6,0.12374784110535408,10
16,4,Flow6010,7,0.12434526005164104,10
16,4,Flow6010,8,1.0881422924901187,10
16,4,Flow6010,9,0.8699604743083,10
16,4,Flow6010,10,0.8999776269669626,10
16,4,Flow6010,11,0.17159090909090935,10
16,4,Flow6010,12,0.8277840633586551,10
17,5,Flow6010,1,1.2183908045977008,10
17,5,Flow6010,2,4.440677966101695,10
17,5,Flow6010,3,0.15464135021097025,10
17,5,Flow6010,4,0.41666666666666696,10
17,5,Flow6010,5,0.2651815181518158,10
17,5,Flow6010,6,0.16014492753623166,10
17,5,Flow6010,7,0.1309582309582309,10
17,5,Flow6010,8,0.18087121212121193,10
17,5,Flow6010,9,0.2122736418511071,10
17,5,Flow6010,10,0.2024203069657613,10
17,5,Flow6010,11,0.11207897793263655,10
17,5,Flow6010,12,0.11207897793263655,10
18,5,Flow6010,1,0.6166666666666663,10
18,5,Flow6010,2,0.38333333333333375,10
18,5,Flow6010,3,0.38333333333333286,10
18,5,Flow6010,4,0.07222222222222285,10
18,5,Flow6010,5,0.41904761904761845,10
18,5,Flow6010,6,0.16883468834688387,10
18,5,Flow6010,7,0.24894478909945938,10
18,5,Flow6010,8,0.1912442396313363,10
18,5,Flow6010,9,0.1912442396313363,10
18,5,Flow6010,10,0.20285714285714285,10
18,5,Flow6010,11,0.17774086378737497,10
18,5,Flow6010,12,3.75,10
19,5,Flow6010,1,4.083333333333333,10
19,5,Flow6010,2,1.154040404040403,10
19,5,Flow6010,3,0.39999999999999947,10
19,5,Flow6010,4,0.19710144927536177,10
19,5,Flow6010,5,3.9117647058823533,10
19,5,Flow6010,6,0.18171683389074644,10
19,5,Flow6010,7,0.3696969696969692,10
19,5,Flow6010,8,0.13642756680731338,10
19,5,Flow6010,9,0.14285714285714235,10
19,5,Flow6010,10,2.166666666666667,10
19,5,Flow6010,11,0.4833333333333334,10
19,5,Flow6010,12,0.6014124293785308,10
20,5,Flow6010,1,5.055555555555555,10
20,5,Flow6010,2,0.08023994773415666,10
20,5,Flow6010,3,0.08023994773415755,10
20,5,Flow6010,4,0.08023994773415666,10
20,5,Flow6010,5,0.4075010535187529,10
20,5,Flow6010,6,0.11783306207858679,10
20,5,Flow6010,7,0.12488687782805474,10
20,5,Flow6010,8,0.12983193277310967,10
20,5,Flow6010,9,0.14803767660910516,10
20,5,Flow6010,10,0.1199797160243401,10
20,5,Flow6010,11,2.1111111111111107,10
20,5,Flow6010,12,1.0947916666666666,10
