period,block,group,interval,ppi,group_id
1,1,CDA1,1,20.0,1
1,1,CDA1,2,2.0,1
1,1,CDA1,3,12.0,1
1,1,CDA1,4,12.0,1
1,1,CDA1,5,13.899999999999999,1
1,1,CDA1,6,2.0,1
1,1,CDA1,7,5.0,1
1,1,CDA1,8,5.0,1
1,1,CDA1,9,8.0,1
1,1,CDA1,10,13.0,1
1,1,CDA1,11,3.0,1
1,1,CDA1,12,6.0,1
1,1,CDA1,13,3.0,1
1,1,CDA1,14,1.0,1
1,1,CDA1,15,1.0,1
1,1,CDA1,16,1.0,1
1,1,CDA1,17,1.0,1
1,1,CDA1,18,3.0,1
1,1,CDA1,19,1.0,1
1,1,CDA1,20,1.0,1
1,1,CDA1,21,1.0,1
1,1,CDA1,22,5.0,1
1,1,CDA1,23,7.0,1
1,1,CDA1,24,2.0,1
2,1,CDA1,1,20.0,1
2,1,CDA1,2,6.0,1
2,1,CDA1,3,14.0,1
2,1,CDA1,4,6.0,1
2,1,CDA1,5,8.0,1
2,1,CDA1,6,4.0,1
2,1,CDA1,7,3.0,1
2,1,CDA1,8,7.0,1
2,1,CDA1,9,5.0,1
2,1,CDA1,10,5.0,1
2,1,CDA1,11,5.0,1
2,1,CDA1,12,5.0,1
2,1,CDA1,13,9.0,1
2,1,CDA1,14,1.0,1
2,1,CDA1,15,1.0,1
2,1,CDA1,16,1.0,1
2,1,CDA1,17,7.0,1
2,1,CDA1,18,2.0,1
2,1,CDA1,19,7.95,1
2,1,CDA1,20,7.9,1
2,1,CDA1,21,2.0,1
2,1,CDA1,22,2.0,1
2,1,CDA1,23,4.0,1
2,1,CDA1,24,1.0,1
3,1,CDA1,1,20.0,1
3,1,CDA1,2,6.0,1
3,1,CDA1,3,5.0,1
3,1,CDA1,4,5.0,1
3,1,CDA1,5,5.0,1
3,1,CDA1,6,4.0,1
3,1,CDA1,7,4.0,1
3,1,CDA1,8,4.0,1
3,1,CDA1,9,4.0,1
3,1,CDA1,10,9.95,1
3,1,CDA1,11,10.0,1
3,1,CDA1,12,2.0,1
3,1,CDA1,13,2.0,1
3,1,CDA1,14,2.0,1
3,1,CDA1,15,8.0,1
3,1,CDA1,16,8.0,1
3,1,CDA1,17,8.0,1
3,1,CDA1,18,4.0,1
3,1,CDA1,19,6.0,1
3,1,CDA1,20,2.3000000000000007,1
3,1,CDA1,21,2.1500000000000004,1
3,1,CDA1,22,4.0,1
3,1,CDA1,23,11.0,1
3,1,CDA1,24,3.0,1
4,1,CDA1,1,20.0,1
4,1,CDA1,2,1.0,1
4,1,CDA1,3,5.0,1
4,1,CDA1,4,3.0,1
4,1,CDA1,5,3.0,1
4,1,CDA1,6,7.0,1
4,1,CDA1,7,1.0,1
4,1,CDA1,8,2.0,1
4,1,CDA1,9,3.0,1
4,1,CDA1,10,3.0,1
4,1,CDA1,11,6.0,1
4,1,CDA1,12,3.0,1
4,1,CDA1,13,2.0,1
4,1,CDA1,14,10.0,1
4,1,CDA1,15,1.0,1
4,1,CDA1,16,6.0,1
4,1,CDA1,17,5.0,1
4,1,CDA1,18,9.0,1
4,1,CDA1,19,7.9,1
4,1,CDA1,20,7.95,1
4,1,CDA1,21,8.95,1
4,1,CDA1,22,8.95,1
4,1,CDA1,23,1.0,1
4,1,CDA1,24,1.0,1
5,2,CDA1,1,20.0,1
5,2,CDA1,2,2.0,1
5,2,CDA1,3,2.0,1
5,2,CDA1,4,1.0,1
5,2,CDA1,5,1.0,1
5,2,CDA1,6,2.0,1
5,2,CDA1,7,2.0,1
5,2,CDA1,8,2.0,1
5,2,CDA1,9,1.0,1
5,2,CDA1,10,6.0,1
5,2,CDA1,11,1.0,1
5,2,CDA1,12,1.0,1
5,2,CDA1,13,1.0,1
5,2,CDA1,14,1.0,1
5,2,CDA1,15,1.0,1
5,2,CDA1,16,1.0,1
5,2,CDA1,17,2.0,1
5,2,CDA1,18,3.0,1
5,2,CDA1,19,1.0,1
5,2,CDA1,20,1.0,1
5,2,CDA1,21,1.0,1
5,2,CDA1,22,6.25,1
5,2,CDA1,23,4.0,1
5,2,CDA1,24,1.0,1
6,2,CDA1,1,15.0,1
6,2,CDA1,2,10.0,1
6,2,CDA1,3,12.0,1
6,2,CDA1,4,12.0,1
6,2,CDA1,5,14.0,1
6,2,CDA1,6,1.0,1
6,2,CDA1,7,3.0,1
6,2,CDA1,8,2.0,1
6,2,CDA1,9,1.0999999999999996,1
6,2,CDA1,10,1.0,1
6,2,CDA1,11,1.0,1
6,2,CDA1,12,2.0,1
6,2,CDA1,13,5.0,1
6,2,CDA1,14,1.0,1
6,2,CDA1,15,1.0,1
6,2,CDA1,16,1.0,1
6,2,CDA1,17,6.0,1
6,2,CDA1,18,8.0,1
6,2,CDA1,19,3.0,1
6,2,CDA1,20,3.0,1
6,2,CDA1,21,3.0,1
6,2,CDA1,22,4.95,1
6,2,CDA1,23,4.95,1
6,2,CDA1,24,5.0,1
7,2,CDA1,1,20.0,1
7,2,CDA1,2,2.0,1
7,2,CDA1,3,3.0,1
7,2,CDA1,4,1.0,1
7,2,CDA1,5,1.0,1
7,2,CDA1,6,6.0,1
7,2,CDA1,7,1.0,1
7,2,CDA1,8,1.0,1
7,2,CDA1,9,1.0,1
7,2,CDA1,10,1.0,1
7,2,CDA1,11,6.0,1
7,2,CDA1,12,1.0,1
7,2,CDA1,13,5.0,1
7,2,CDA1,14,3.0,1
7,2,CDA1,15,2.0,1
7,2,CDA1,16,2.0,1
7,2,CDA1,17,1.0,1
7,2,CDA1,18,5.0,1
7,2,CDA1,19,1.0,1
7,2,CDA1,20,4.95,1
7,2,CDA1,21,4.0,1
7,2,CDA1,22,4.0,1
7,2,CDA1,23,1.0,1
7,2,CDA1,24,6.0,1
8,2,CDA1,1,15.0,1
8,2,CDA1,2,3.0,1
8,2,CDA1,3,1.0,1
8,2,CDA1,4,1.0,1
8,2,CDA1,5,2.0,1
8,2,CDA1,6,1.0,1
8,2,CDA1,7,1.0,1
8,2,CDA1,8,1.0,1
8,2,CDA1,9,6.0,1
8,2,CDA1,10,1.0,1
8,2,CDA1,11,1.0,1
8,2,CDA1,12,1.0,1
8,2,CDA1,13,1.0,1
8,2,CDA1,14,1.0,1
8,2,CDA1,15,4.0,1
8,2,CDA1,16,1.0,1
8,2,CDA1,17,2.0,1
8,2,CDA1,18,1.0,1
8,2,CDA1,19,1.0,1
8,2,CDA1,20,2.0,1
8,2,CDA1,21,2.0,1
8,2,CDA1,22,2.0,1
8,2,CDA1,23,1.1500000000000004,1
8,2,CDA1,24,1.0,1
9,3,CDA1,1,14.0,1
9,3,CDA1,2,1.0,1
9,3,CDA1,3,2.0,1
9,3,CDA1,4,5.0,1
9,3,CDA1,5,4.0,1
9,3,CDA1,6,2.0,1
9,3,CDA1,7,2.0,1
9,3,CDA1,8,2.0,1
9,3,CDA1,9,2.0,1
9,3,CDA1,10,2.0,1
9,3,CDA1,11,2.0,1
9,3,CDA1,12,7.0,1
9,3,CDA1,13,6.0,1
9,3,CDA1,14,5.0,1
9,3,CDA1,15,6.0,1
9,3,CDA1,16,6.0,1
9,3,CDA1,17,6.0,1
9,3,CDA1,18,1.0,1
9,3,CDA1,19,5.0,1
9,3,CDA1,20,5.0,1
9,3,CDA1,21,2.0,1
9,3,CDA1,22,2.0,1
9,3,CDA1,23,1.0,1
9,3,CDA1,24,1.0,1
10,3,CDA1,1,7.0,1
10,3,CDA1,2,2.0,1
10,3,CDA1,3,4.0,1
10,3,CDA1,4,2.0,1
10,3,CDA1,5,2.0,1
10,3,CDA1,6,6.0,1
10,3,CDA1,7,6.0,1
10,3,CDA1,8,2.0,1
10,3,CDA1,9,6.0,1
10,3,CDA1,10,5.0,1
10,3,CDA1,11,9.0,1
10,3,CDA1,12,9.0,1
10,3,CDA1,13,9.0,1
10,3,CDA1,14,6.0,1
10,3,CDA1,15,6.0,1
10,3,CDA1,16,1.0,1
10,3,CDA1,17,1.0,1
10,3,CDA1,18,3.0,1
10,3,CDA1,19,1.0,1
10,3,CDA1,20,4.05,1
10,3,CDA1,21,6.0,1
10,3,CDA1,22,6.0,1
10,3,CDA1,23,1.0,1
10,3,CDA1,24,1.0,1
11,3,CDA1,1,19.0,1
11,3,CDA1,2,3.0,1
11,3,CDA1,3,8.0,1
11,3,CDA1,4,2.0,1
11,3,CDA1,5,4.0,1
11,3,CDA1,6,2.0,1
11,3,CDA1,7,1.0,1
11,3,CDA1,8,1.0,1
11,3,CDA1,9,1.0,1
11,3,CDA1,10,1.0,1
11,3,CDA1,11,1.0,1
11,3,CDA1,12,1.0,1
11,3,CDA1,13,1.0,1
11,3,CDA1,14,5.0,1
11,3,CDA1,15,5.0,1
11,3,CDA1,16,1.0,1
11,3,CDA1,17,5.0,1
11,3,CDA1,18,5.0,1
11,3,CDA1,19,5.0,1
11,3,CDA1,20,5.0,1
11,3,CDA1,21,5.0,1
11,3,CDA1,22,5.0,1
11,3,CDA1,23,5.0,1
11,3,CDA1,24,4.0,1
12,3,CDA1,1,3.0,1
12,3,CDA1,2,9.0,1
12,3,CDA1,3,9.0,1
12,3,CDA1,4,5.0,1
12,3,CDA1,5,5.0,1
12,3,CDA1,6,5.0,1
12,3,CDA1,7,6.0,1
12,3,CDA1,8,6.0,1
12,3,CDA1,9,6.0,1
12,3,CDA1,10,6.0,1
12,3,CDA1,11,6.0,1
12,3,CDA1,12,2.0,1
12,3,CDA1,13,5.0,1
12,3,CDA1,14,5.0,1
12,3,CDA1,15,5.0,1
12,3,CDA1,16,6.0,1
12,3,CDA1,17,4.0,1
12,3,CDA1,18,5.0,1
12,3,CDA1,19,5.0,1
12,3,CDA1,20,5.0,1
12,3,CDA1,21,5.0,1
12,3,CDA1,22,5.0,1
12,3,CDA1,23,4.0,1
12,3,CDA1,24,4.0,1
13,4,CDA1,1,17.0,1
13,4,CDA1,2,3.0,1
13,4,CDA1,3,5.0,1
13,4,CDA1,4,1.0,1
13,4,CDA1,5,3.0,1
13,4,CDA1,6,6.0,1
13,4,CDA1,7,5.95,1
13,4,CDA1,8,5.95,1
13,4,CDA1,9,6.0,1
13,4,CDA1,10,7.0,1
13,4,CDA1,11,7.0,1
13,4,CDA1,12,2.0,1
13,4,CDA1,13,2.0,1
13,4,CDA1,14,1.0,1
13,4,CDA1,15,1.0,1
13,4,CDA1,16,6.0,1
13,4,CDA1,17,5.0,1
13,4,CDA1,18,4.0,1
13,4,CDA1,19,4.95,1
13,4,CDA1,20,1.0,1
13,4,CDA1,21,1.0,1
13,4,CDA1,22,5.95,1
13,4,CDA1,23,5.95,1
13,4,CDA1,24,6.0,1
14,4,CDA1,1,20.0,1
14,4,CDA1,2,3.0,1
14,4,CDA1,3,6.0,1
14,4,CDA1,4,4.0,1
14,4,CDA1,5,2.0,1
14,4,CDA1,6,2.0,1
14,4,CDA1,7,7.0,1
14,4,CDA1,8,6.0,1
14,4,CDA1,9,6.0,1
14,4,CDA1,10,1.5,1
14,4,CDA1,11,5.0,1
14,4,CDA1,12,5.0,1
14,4,CDA1,13,4.0,1
14,4,CDA1,14,3.0,1
14,4,CDA1,15,5.0,1
14,4,CDA1,16,1.0,1
14,4,CDA1,17,5.0,1
14,4,CDA1,18,5.0,1
14,4,CDA1,19,5.0,1
14,4,CDA1,20,5.0,1
14,4,CDA1,21,5.0,1
14,4,CDA1,22,5.0,1
14,4,CDA1,23,3.0,1
14,4,CDA1,24,3.0,1
15,4,CDA1,1,20.0,1
15,4,CDA1,2,1.0,1
15,4,CDA1,3,7.0,1
15,4,CDA1,4,5.0,1
15,4,CDA1,5,2.0,1
15,4,CDA1,6,2.0,1
15,4,CDA1,7,12.0,1
15,4,CDA1,8,4.0,1
15,4,CDA1,9,2.0,1
15,4,CDA1,10,1.0,1
15,4,CDA1,11,2.0,1
15,4,CDA1,12,2.0,1
15,4,CDA1,13,1.0,1
15,4,CDA1,14,1.0,1
15,4,CDA1,15,1.0,1
15,4,CDA1,16,1.0,1
15,4,CDA1,17,1.5499999999999998,1
15,4,CDA1,18,1.5499999999999998,1
15,4,CDA1,19,4.0,1
15,4,CDA1,20,6.0,1
15,4,CDA1,21,5.0,1
15,4,CDA1,22,1.0,1
15,4,CDA1,23,5.0,1
15,4,CDA1,24,4.0,1
16,4,CDA1,1,6.0,1
16,4,CDA1,2,5.2,1
16,4,CDA1,3,5.0,1
16,4,CDA1,4,4.0,1
16,4,CDA1,5,4.0,1
16,4,CDA1,6,1.0,1
16,4,CDA1,7,4.0,1
16,4,CDA1,8,4.0,1
16,4,CDA1,9,4.0,1
16,4,CDA1,10,1.0,1
16,4,CDA1,11,4.0,1
16,4,CDA1,12,1.0,1
16,4,CDA1,13,2.3,1
16,4,CDA1,14,1.0,1
16,4,CDA1,15,4.0,1
16,4,CDA1,16,1.0,1
16,4,CDA1,17,1.0,1
16,4,CDA1,18,1.0,1
16,4,CDA1,19,2.0,1
16,4,CDA1,20,1.0,1
16,4,CDA1,21,1.0,1
16,4,CDA1,22,1.5499999999999998,1
16,4,CDA1,23,2.0999999999999996,1
16,4,CDA1,24,2.0999999999999996,1
17,5,CDA1,1,12.0,1
17,5,CDA1,2,10.0,1
17,5,CDA1,3,8.0,1
17,5,CDA1,4,5.0,1
17,5,CDA1,5,10.0,1
17,5,CDA1,6,8.0,1
17,5,CDA1,7,2.0,1
17,5,CDA1,8,2.0,1
17,5,CDA1,9,4.0,1
17,5,CDA1,10,1.0,1
17,5,CDA1,11,6.0,1
17,5,CDA1,12,6.0,1
17,5,CDA1,13,1.0,1
17,5,CDA1,14,3.0,1
17,5,CDA1,15,6.0,1
17,5,CDA1,16,5.95,1
17,5,CDA1,17,5.95,1
17,5,CDA1,18,2.6500000000000004,1
17,5,CDA1,19,7.65,1
17,5,CDA1,20,15.0,1
17,5,CDA1,21,6.0,1
17,5,CDA1,22,4.9,1
17,5,CDA1,23,2.0,1
17,5,CDA1,24,2.0,1
18,5,CDA1,1,14.0,1
18,5,CDA1,2,6.0,1
18,5,CDA1,3,1.0,1
18,5,CDA1,4,1.0,1
18,5,CDA1,5,1.0,1
18,5,CDA1,6,3.0,1
18,5,CDA1,7,3.0,1
18,5,CDA1,8,3.0,1
18,5,CDA1,9,3.0,1
18,5,CDA1,10,3.0,1
18,5,CDA1,11,1.0,1
18,5,CDA1,12,3.0,1
18,5,CDA1,13,2.0,1
18,5,CDA1,14,2.0,1
18,5,CDA1,15,1.0,1
18,5,CDA1,16,1.0,1
18,5,CDA1,17,6.0,1
18,5,CDA1,18,2.0,1
18,5,CDA1,19,1.0,1
18,5,CDA1,20,9.0,1
18,5,CDA1,21,1.0,1
18,5,CDA1,22,9.0,1
18,5,CDA1,23,9.0,1
18,5,CDA1,24,9.0,1
19,5,CDA1,1,5.0,1
19,5,CDA1,2,8.0,1
19,5,CDA1,3,8.0,1
19,5,CDA1,4,4.0,1
19,5,CDA1,5,1.0,1
19,5,CDA1,6,4.0,1
19,5,CDA1,7,3.0,1
19,5,CDA1,8,1.0,1
19,5,CDA1,9,2.0,1
19,5,CDA1,10,2.0,1
19,5,CDA1,11,2.0,1
19,5,CDA1,12,2.0,1
19,5,CDA1,13,7.0,1
19,5,CDA1,14,7.0,1
19,5,CDA1,15,7.0,1
19,5,CDA1,16,7.0,1
19,5,CDA1,17,3.0,1
19,5,CDA1,18,3.0,1
19,5,CDA1,19,3.0,1
19,5,CDA1,20,3.0,1
19,5,CDA1,21,2.5999999999999996,1
19,5,CDA1,22,2.5999999999999996,1
19,5,CDA1,23,2.5999999999999996,1
19,5,CDA1,24,2.5999999999999996,1
20,5,CDA1,1,2.0,1
20,5,CDA1,2,1.0,1
20,5,CDA1,3,1.0,1
20,5,CDA1,4,1.0,1
20,5,CDA1,5,9.0,1
20,5,CDA1,6,1.0,1
20,5,CDA1,7,1.0,1
20,5,CDA1,8,1.0,1
20,5,CDA1,9,1.0,1
20,5,CDA1,10,1.0,1
20,5,CDA1,11,8.0,1
20,5,CDA1,12,1.0,1
20,5,CDA1,13,8.0,1
20,5,CDA1,14,1.0,1
20,5,CDA1,15,1.0,1
20,5,CDA1,16,2.0,1
20,5,CDA1,17,8.0,1
20,5,CDA1,18,1.0,1
20,5,CDA1,19,1.0,1
20,5,CDA1,20,1.0,1
20,5,CDA1,21,1.0,1
20,5,CDA1,22,1.0,1
20,5,CDA1,23,1.0,1
20,5,CDA1,24,1.0,1
1,1,CDA2,1,20.0,2
1,1,CDA2,2,12.0,2
1,1,CDA2,3,12.0,2
1,1,CDA2,4,12.0,2
1,1,CDA2,5,2.0,2
1,1,CDA2,6,10.0,2
1,1,CDA2,7,10.0,2
1,1,CDA2,8,12.0,2
1,1,CDA2,9,5.0,2
1,1,CDA2,10,2.0,2
1,1,CDA2,11,2.0,2
1,1,CDA2,12,2.0,2
1,1,CDA2,13,2.0,2
1,1,CDA2,14,2.0,2
1,1,CDA2,15,10.0,2
1,1,CDA2,16,7.0,2
1,1,CDA2,17,15.0,2
1,1,CDA2,18,15.0,2
1,1,CDA2,19,5.0,2
1,1,CDA2,20,5.0,2
1,1,CDA2,21,4.0,2
1,1,CDA2,22,4.0,2
1,1,CDA2,23,7.0,2
1,1,CDA2,24,3.0,2
2,1,CDA2,1,20.0,2
2,1,CDA2,2,13.0,2
2,1,CDA2,3,4.0,2
2,1,CDA2,4,4.0,2
2,1,CDA2,5,4.0,2
2,1,CDA2,6,1.0,2
2,1,CDA2,7,1.0,2
2,1,CDA2,8,1.0,2
2,1,CDA2,9,1.0,2
2,1,CDA2,10,3.0,2
2,1,CDA2,11,3.0,2
2,1,CDA2,12,3.0,2
2,1,CDA2,13,3.0,2
2,1,CDA2,14,3.0,2
2,1,CDA2,15,1.0,2
2,1,CDA2,16,1.0,2
2,1,CDA2,17,7.0,2
2,1,CDA2,18,1.0,2
2,1,CDA2,19,1.0,2
2,1,CDA2,20,3.0,2
2,1,CDA2,21,1.0,2
2,1,CDA2,22,2.0,2
2,1,CDA2,23,7.0,2
2,1,CDA2,24,7.0,2
3,1,CDA2,1,20.0,2
3,1,CDA2,2,2.0,2
3,1,CDA2,3,2.0,2
3,1,CDA2,4,2.0,2
3,1,CDA2,5,2.0,2
3,1,CDA2,6,2.0,2
3,1,CDA2,7,1.0,2
3,1,CDA2,8,1.0,2
3,1,CDA2,9,1.0,2
3,1,CDA2,10,1.0,2
3,1,CDA2,11,2.0,2
3,1,CDA2,12,12.0,2
3,1,CDA2,13,9.0,2
3,1,CDA2,14,6.0,2
3,1,CDA2,15,3.0,2
3,1,CDA2,16,4.0,2
3,1,CDA2,17,3.0,2
3,1,CDA2,18,3.0,2
3,1,CDA2,19,3.0,2
3,1,CDA2,20,3.0,2
3,1,CDA2,21,3.0,2
3,1,CDA2,22,3.0,2
3,1,CDA2,23,11.0,2
3,1,CDA2,24,6.0,2
4,1,CDA2,1,20.0,2
4,1,CDA2,2,2.0,2
4,1,CDA2,3,3.0,2
4,1,CDA2,4,3.0,2
4,1,CDA2,5,1.0,2
4,1,CDA2,6,2.0,2
4,1,CDA2,7,1.0,2
4,1,CDA2,8,2.0,2
4,1,CDA2,9,2.0,2
4,1,CDA2,10,2.0,2
4,1,CDA2,11,1.0,2
4,1,CDA2,12,1.0,2
4,1,CDA2,13,3.0,2
4,1,CDA2,14,3.0,2
4,1,CDA2,15,3.0,2
4,1,CDA2,16,3.0,2
4,1,CDA2,17,3.0,2
4,1,CDA2,18,3.0,2
4,1,CDA2,19,3.0,2
4,1,CDA2,20,3.0,2
4,1,CDA2,21,12.0,2
4,1,CDA2,22,13.0,2
4,1,CDA2,23,2.0,2
4,1,CDA2,24,4.0,2
5,2,CDA2,1,20.0,2
5,2,CDA2,2,6.0,2
5,2,CDA2,3,6.0,2
5,2,CDA2,4,6.0,2
5,2,CDA2,5,4.0,2
5,2,CDA2,6,6.0,2
5,2,CDA2,7,3.0,2
5,2,CDA2,8,2.0,2
5,2,CDA2,9,2.0,2
5,2,CDA2,10,2.0,2
5,2,CDA2,11,2.0,2
5,2,CDA2,12,4.0,2
5,2,CDA2,13,4.0,2
5,2,CDA2,14,4.0,2
5,2,CDA2,15,5.0,2
5,2,CDA2,16,5.0,2
5,2,CDA2,17,2.0,2
5,2,CDA2,18,8.0,2
5,2,CDA2,19,4.0,2
5,2,CDA2,20,4.0,2
5,2,CDA2,21,2.0,2
5,2,CDA2,22,2.0,2
5,2,CDA2,23,1.0,2
5,2,CDA2,24,1.0,2
6,2,CDA2,1,20.0,2
6,2,CDA2,2,6.0,2
6,2,CDA2,3,6.0,2
6,2,CDA2,4,6.0,2
6,2,CDA2,5,2.0,2
6,2,CDA2,6,2.0,2
6,2,CDA2,7,2.0,2
6,2,CDA2,8,11.0,2
6,2,CDA2,9,4.0,2
6,2,CDA2,10,4.0,2
6,2,CDA2,11,4.0,2
6,2,CDA2,12,8.0,2
6,2,CDA2,13,1.0,2
6,2,CDA2,14,2.0,2
6,2,CDA2,15,2.0,2
6,2,CDA2,16,2.0,2
6,2,CDA2,17,1.0,2
6,2,CDA2,18,1.0,2
6,2,CDA2,19,1.0,2
6,2,CDA2,20,1.0,2
6,2,CDA2,21,1.0,2
6,2,CDA2,22,11.0,2
6,2,CDA2,23,2.0,2
6,2,CDA2,24,1.0,2
7,2,CDA2,1,16.0,2
7,2,CDA2,2,4.0,2
7,2,CDA2,3,8.0,2
7,2,CDA2,4,6.0,2
7,2,CDA2,5,6.0,2
7,2,CDA2,6,2.0,2
7,2,CDA2,7,2.0,2
7,2,CDA2,8,4.5,2
7,2,CDA2,9,1.0,2
7,2,CDA2,10,3.0,2
7,2,CDA2,11,2.0,2
7,2,CDA2,12,2.0,2
7,2,CDA2,13,2.0,2
7,2,CDA2,14,2.0,2
7,2,CDA2,15,1.0,2
7,2,CDA2,16,2.0,2
7,2,CDA2,17,1.0,2
7,2,CDA2,18,1.0,2
7,2,CDA2,19,2.0999999999999996,2
7,2,CDA2,20,6.5,2
7,2,CDA2,21,1.9500000000000002,2
7,2,CDA2,22,2.1500000000000004,2
7,2,CDA2,23,1.7000000000000002,2
7,2,CDA2,24,1.7000000000000002,2
8,2,CDA2,1,14.6,2
8,2,CDA2,2,4.0,2
8,2,CDA2,3,4.0,2
8,2,CDA2,4,1.0,2
8,2,CDA2,5,4.0,2
8,2,CDA2,6,5.0,2
8,2,CDA2,7,1.0,2
8,2,CDA2,8,1.0,2
8,2,CDA2,9,1.0,2
8,2,CDA2,10,2.0,2
8,2,CDA2,11,1.5499999999999998,2
8,2,CDA2,12,1.5499999999999998,2
8,2,CDA2,13,1.0,2
8,2,CDA2,14,1.0,2
8,2,CDA2,15,1.0,2
8,2,CDA2,16,1.0,2
8,2,CDA2,17,1.0,2
8,2,CDA2,18,1.0,2
8,2,CDA2,19,1.0,2
8,2,CDA2,20,1.0,2
8,2,CDA2,21,1.0,2
8,2,CDA2,22,1.0,2
8,2,CDA2,23,1.0,2
8,2,CDA2,24,1.0,2
9,3,CDA2,1,14.0,2
9,3,CDA2,2,3.0,2
9,3,CDA2,3,2.0,2
9,3,CDA2,4,2.0,2
9,3,CDA2,5,1.0,2
9,3,CDA2,6,1.0,2
9,3,CDA2,7,1.0,2
9,3,CDA2,8,8.0,2
9,3,CDA2,9,9.0,2
9,3,CDA2,10,3.0,2
9,3,CDA2,11,2.0,2
9,3,CDA2,12,2.0,2
9,3,CDA2,13,1.0,2
9,3,CDA2,14,3.0,2
9,3,CDA2,15,4.0,2
9,3,CDA2,16,5.95,2
9,3,CDA2,17,6.0,2
9,3,CDA2,18,2.0,2
9,3,CDA2,19,2.0,2
9,3,CDA2,20,2.0,2
9,3,CDA2,21,2.0,2
9,3,CDA2,22,9.0,2
9,3,CDA2,23,3.3,2
9,3,CDA2,24,1.0,2
10,3,CDA2,1,20.0,2
10,3,CDA2,2,1.0,2
10,3,CDA2,3,1.0,2
10,3,CDA2,4,2.0,2
10,3,CDA2,5,2.0,2
10,3,CDA2,6,2.0,2
10,3,CDA2,7,2.0,2
10,3,CDA2,8,1.0,2
10,3,CDA2,9,1.0,2
10,3,CDA2,10,1.0,2
10,3,CDA2,11,1.0,2
10,3,CDA2,12,5.0,2
10,3,CDA2,13,1.0,2
10,3,CDA2,14,1.0,2
10,3,CDA2,15,1.0,2
10,3,CDA2,16,1.0,2
10,3,CDA2,17,1.0,2
10,3,CDA2,18,1.0,2
10,3,CDA2,19,1.0,2
10,3,CDA2,20,1.0,2
10,3,CDA2,21,1.0,2
10,3,CDA2,22,1.0,2
10,3,CDA2,23,1.0,2
10,3,CDA2,24,6.0,2
11,3,CDA2,1,13.0,2
11,3,CDA2,2,2.0,2
11,3,CDA2,3,2.0,2
11,3,CDA2,4,1.0,2
11,3,CDA2,5,2.0,2
11,3,CDA2,6,2.0,2
11,3,CDA2,7,2.0,2
11,3,CDA2,8,3.0,2
11,3,CDA2,9,2.0,2
11,3,CDA2,10,1.0,2
11,3,CDA2,11,1.0,2
11,3,CDA2,12,2.0,2
11,3,CDA2,13,2.0,2
11,3,CDA2,14,2.0,2
11,3,CDA2,15,2.0,2
11,3,CDA2,16,2.0,2
11,3,CDA2,17,1.9500000000000002,2
11,3,CDA2,18,1.0,2
11,3,CDA2,19,11.0,2
11,3,CDA2,20,2.0,2
11,3,CDA2,21,2.0,2
11,3,CDA2,22,2.0,2
11,3,CDA2,23,2.0,2
11,3,CDA2,24,1.5999999999999996,2
12,3,CDA2,1,10.0,2
12,3,CDA2,2,2.0,2
12,3,CDA2,3,1.0,2
12,3,CDA2,4,2.0,2
12,3,CDA2,5,1.0,2
12,3,CDA2,6,2.0,2
12,3,CDA2,7,2.0,2
12,3,CDA2,8,2.0,2
12,3,CDA2,9,4.0,2
12,3,CDA2,10,4.0,2
12,3,CDA2,11,4.0,2
12,3,CDA2,12,5.0,2
12,3,CDA2,13,1.0,2
12,3,CDA2,14,4.0,2
12,3,CDA2,15,8.0,2
12,3,CDA2,16,9.0,2
12,3,CDA2,17,1.0,2
12,3,CDA2,18,1.0,2
12,3,CDA2,19,1.5999999999999996,2
12,3,CDA2,20,8.0,2
12,3,CDA2,21,5.0,2
12,3,CDA2,22,4.6,2
12,3,CDA2,23,4.300000000000001,2
12,3,CDA2,24,4.300000000000001,2
13,4,CDA2,1,13.0,2
13,4,CDA2,2,1.0,2
13,4,CDA2,3,1.0,2
13,4,CDA2,4,2.0,2
13,4,CDA2,5,1.0,2
13,4,CDA2,6,1.0,2
13,4,CDA2,7,1.0,2
13,4,CDA2,8,1.2000000000000002,2
13,4,CDA2,9,1.0,2
13,4,CDA2,10,12.399999999999999,2
13,4,CDA2,11,1.0,2
13,4,CDA2,12,1.0,2
13,4,CDA2,13,2.0,2
13,4,CDA2,14,12.0,2
13,4,CDA2,15,12.0,2
13,4,CDA2,16,14.0,2
13,4,CDA2,17,1.0,2
13,4,CDA2,18,6.0,2
13,4,CDA2,19,1.0,2
13,4,CDA2,20,1.0,2
13,4,CDA2,21,3.0,2
13,4,CDA2,22,2.0,2
13,4,CDA2,23,1.0,2
13,4,CDA2,24,1.0,2
14,4,CDA2,1,13.0,2
14,4,CDA2,2,1.0,2
14,4,CDA2,3,1.0,2
14,4,CDA2,4,1.0,2
14,4,CDA2,5,1.0,2
14,4,CDA2,6,2.0,2
14,4,CDA2,7,3.0,2
14,4,CDA2,8,1.0,2
14,4,CDA2,9,1.0,2
14,4,CDA2,10,1.0,2
14,4,CDA2,11,2.0,2
14,4,CDA2,12,2.0,2
14,4,CDA2,13,2.0,2
14,4,CDA2,14,2.0,2
14,4,CDA2,15,2.0,2
14,4,CDA2,16,3.0,2
14,4,CDA2,17,3.0,2
14,4,CDA2,18,1.0,2
14,4,CDA2,19,1.0,2
14,4,CDA2,20,2.0,2
14,4,CDA2,21,2.0,2
14,4,CDA2,22,2.3000000000000007,2
14,4,CDA2,23,2.0,2
14,4,CDA2,24,6.0,2
15,4,CDA2,1,1.0,2
15,4,CDA2,2,1.0,2
15,4,CDA2,3,2.0,2
15,4,CDA2,4,3.0,2
15,4,CDA2,5,1.0,2
15,4,CDA2,6,1.0,2
15,4,CDA2,7,1.0,2
15,4,CDA2,8,1.0,2
15,4,CDA2,9,6.95,2
15,4,CDA2,10,1.0,2
15,4,CDA2,11,1.0,2
15,4,CDA2,12,1.0,2
15,4,CDA2,13,1.0,2
15,4,CDA2,14,1.0,2
15,4,CDA2,15,1.0,2
15,4,CDA2,16,1.0,2
15,4,CDA2,17,1.0,2
15,4,CDA2,18,1.0,2
15,4,CDA2,19,1.0,2
15,4,CDA2,20,2.0,2
15,4,CDA2,21,1.8000000000000007,2
15,4,CDA2,22,1.0,2
15,4,CDA2,23,7.0,2
15,4,CDA2,24,3.0,2
16,4,CDA2,1,7.0,2
16,4,CDA2,2,1.0,2
16,4,CDA2,3,3.0,2
16,4,CDA2,4,1.0,2
16,4,CDA2,5,1.0,2
16,4,CDA2,6,2.0,2
16,4,CDA2,7,2.0,2
16,4,CDA2,8,2.0,2
16,4,CDA2,9,2.0,2
16,4,CDA2,10,1.0,2
16,4,CDA2,11,1.0,2
16,4,CDA2,12,1.0,2
16,4,CDA2,13,1.0,2
16,4,CDA2,14,2.0,2
16,4,CDA2,15,1.0,2
16,4,CDA2,16,1.0,2
16,4,CDA2,17,1.0,2
16,4,CDA2,18,1.0,2
16,4,CDA2,19,1.0,2
16,4,CDA2,20,1.0,2
16,4,CDA2,21,1.0,2
16,4,CDA2,22,2.0,2
16,4,CDA2,23,13.0,2
16,4,CDA2,24,15.0,2
17,5,CDA2,1,20.0,2
17,5,CDA2,2,2.0,2
17,5,CDA2,3,2.0,2
17,5,CDA2,4,2.0,2
17,5,CDA2,5,1.0,2
17,5,CDA2,6,2.0,2
17,5,CDA2,7,12.0,2
17,5,CDA2,8,5.0,2
17,5,CDA2,9,2.0,2
17,5,CDA2,10,3.0,2
17,5,CDA2,11,6.0,2
17,5,CDA2,12,4.0,2
17,5,CDA2,13,2.0,2
17,5,CDA2,14,7.0,2
17,5,CDA2,15,2.8999999999999986,2
17,5,CDA2,16,8.0,2
17,5,CDA2,17,12.75,2
17,5,CDA2,18,10.8,2
17,5,CDA2,19,5.800000000000001,2
17,5,CDA2,20,5.800000000000001,2
17,5,CDA2,21,5.800000000000001,2
17,5,CDA2,22,11.75,2
17,5,CDA2,23,4.0,2
17,5,CDA2,24,11.75,2
18,5,CDA2,1,20.0,2
18,5,CDA2,2,1.0,2
18,5,CDA2,3,1.0,2
18,5,CDA2,4,2.0,2
18,5,CDA2,5,5.0,2
18,5,CDA2,6,5.0,2
18,5,CDA2,7,5.0,2
18,5,CDA2,8,1.0,2
18,5,CDA2,9,1.0,2
18,5,CDA2,10,7.0,2
18,5,CDA2,11,8.0,2
18,5,CDA2,12,7.0,2
18,5,CDA2,13,7.0,2
18,5,CDA2,14,7.0,2
18,5,CDA2,15,7.0,2
18,5,CDA2,16,7.0,2
18,5,CDA2,17,7.0,2
18,5,CDA2,18,15.0,2
18,5,CDA2,19,5.0,2
18,5,CDA2,20,4.800000000000001,2
18,5,CDA2,21,5.0,2
18,5,CDA2,22,5.0,2
18,5,CDA2,23,5.0,2
18,5,CDA2,24,5.0,2
19,5,CDA2,1,10.0,2
19,5,CDA2,2,1.0,2
19,5,CDA2,3,9.0,2
19,5,CDA2,4,5.0,2
19,5,CDA2,5,2.0,2
19,5,CDA2,6,2.0,2
19,5,CDA2,7,5.0,2
19,5,CDA2,8,5.0,2
19,5,CDA2,9,5.0,2
19,5,CDA2,10,2.0,2
19,5,CDA2,11,2.0,2
19,5,CDA2,12,2.0,2
19,5,CDA2,13,2.0,2
19,5,CDA2,14,2.0,2
19,5,CDA2,15,2.0,2
19,5,CDA2,16,12.5,2
19,5,CDA2,17,4.0,2
19,5,CDA2,18,3.0,2
19,5,CDA2,19,3.0,2
19,5,CDA2,20,13.5,2
19,5,CDA2,21,2.7499999999999982,2
19,5,CDA2,22,2.0,2
19,5,CDA2,23,2.0,2
19,5,CDA2,24,2.0,2
20,5,CDA2,1,20.0,2
20,5,CDA2,2,5.0,2
20,5,CDA2,3,3.0,2
20,5,CDA2,4,12.0,2
20,5,CDA2,5,5.0,2
20,5,CDA2,6,4.0,2
20,5,CDA2,7,4.0,2
20,5,CDA2,8,2.0,2
20,5,CDA2,9,2.0,2
20,5,CDA2,10,1.8000000000000007,2
20,5,CDA2,11,1.8000000000000007,2
20,5,CDA2,12,2.0,2
20,5,CDA2,13,1.9000000000000004,2
20,5,CDA2,14,8.2,2
20,5,CDA2,15,1.0,2
20,5,CDA2,16,1.0,2
20,5,CDA2,17,1.0,2
20,5,CDA2,18,1.0,2
20,5,CDA2,19,1.0,2
20,5,CDA2,20,1.0,2
20,5,CDA2,21,12.0,2
20,5,CDA2,22,2.0,2
20,5,CDA2,23,2.0,2
20,5,CDA2,24,2.0,2
1,1,CDA3,1,16.0,3
1,1,CDA3,2,16.0,3
1,1,CDA3,3,4.0,3
1,1,CDA3,4,6.0,3
1,1,CDA3,5,6.0,3
1,1,CDA3,6,12.0,3
1,1,CDA3,7,10.0,3
1,1,CDA3,8,9.0,3
1,1,CDA3,9,3.0,3
1,1,CDA3,10,3.0,3
1,1,CDA3,11,2.0999999999999996,3
1,1,CDA3,12,5.1,3
1,1,CDA3,13,13.1,3
1,1,CDA3,14,3.0,3
1,1,CDA3,15,3.0,3
1,1,CDA3,16,3.0,3
1,1,CDA3,17,3.0,3
1,1,CDA3,18,7.0,3
1,1,CDA3,19,7.0,3
1,1,CDA3,20,2.0,3
1,1,CDA3,21,2.0,3
1,1,CDA3,22,2.0,3
1,1,CDA3,23,2.0,3
1,1,CDA3,24,8.0,3
2,1,CDA3,1,19.95,3
2,1,CDA3,2,12.0,3
2,1,CDA3,3,1.0,3
2,1,CDA3,4,5.0,3
2,1,CDA3,5,2.0,3
2,1,CDA3,6,10.0,3
2,1,CDA3,7,13.0,3
2,1,CDA3,8,5.0,3
2,1,CDA3,9,3.0,3
2,1,CDA3,10,2.0,3
2,1,CDA3,11,1.0,3
2,1,CDA3,12,4.0,3
2,1,CDA3,13,11.9,3
2,1,CDA3,14,1.0,3
2,1,CDA3,15,1.0,3
2,1,CDA3,16,3.0,3
2,1,CDA3,17,2.0,3
2,1,CDA3,18,2.0,3
2,1,CDA3,19,1.0,3
2,1,CDA3,20,1.0,3
2,1,CDA3,21,3.0,3
2,1,CDA3,22,12.0,3
2,1,CDA3,23,1.0,3
2,1,CDA3,24,1.0,3
3,1,CDA3,1,20.0,3
3,1,CDA3,2,3.0,3
3,1,CDA3,3,4.0,3
3,1,CDA3,4,4.0,3
3,1,CDA3,5,11.0,3
3,1,CDA3,6,1.0,3
3,1,CDA3,7,6.899999999999999,3
3,1,CDA3,8,2.0,3
3,1,CDA3,9,2.0,3
3,1,CDA3,10,2.0,3
3,1,CDA3,11,2.0,3
3,1,CDA3,12,2.0,3
3,1,CDA3,13,2.0,3
3,1,CDA3,14,1.0,3
3,1,CDA3,15,10.0,3
3,1,CDA3,16,1.0,3
3,1,CDA3,17,1.0,3
3,1,CDA3,18,1.0,3
3,1,CDA3,19,1.0,3
3,1,CDA3,20,1.0,3
3,1,CDA3,21,1.0,3
3,1,CDA3,22,1.0,3
3,1,CDA3,23,1.0,3
3,1,CDA3,24,1.0,3
4,1,CDA3,1,20.0,3
4,1,CDA3,2,7.0,3
4,1,CDA3,3,2.0,3
4,1,CDA3,4,2.0,3
4,1,CDA3,5,2.0,3
4,1,CDA3,6,2.0,3
4,1,CDA3,7,1.0,3
4,1,CDA3,8,3.0,3
4,1,CDA3,9,4.0,3
4,1,CDA3,10,1.0,3
4,1,CDA3,11,1.0,3
4,1,CDA3,12,3.0,3
4,1,CDA3,13,1.0999999999999996,3
4,1,CDA3,14,1.0500000000000007,3
4,1,CDA3,15,2.0,3
4,1,CDA3,16,2.0,3
4,1,CDA3,17,2.0,3
4,1,CDA3,18,1.0,3
4,1,CDA3,19,1.0,3
4,1,CDA3,20,1.0,3
4,1,CDA3,21,1.0,3
4,1,CDA3,22,5.0,3
4,1,CDA3,23,5.0,3
4,1,CDA3,24,1.0,3
5,2,CDA3,1,20.0,3
5,2,CDA3,2,10.0,3
5,2,CDA3,3,10.0,3
5,2,CDA3,4,2.0,3
5,2,CDA3,5,2.0,3
5,2,CDA3,6,2.0,3
5,2,CDA3,7,2.0,3
5,2,CDA3,8,2.0,3
5,2,CDA3,9,2.0,3
5,2,CDA3,10,12.0,3
5,2,CDA3,11,2.0,3
5,2,CDA3,12,6.0,3
5,2,CDA3,13,1.0,3
5,2,CDA3,14,1.0,3
5,2,CDA3,15,1.0,3
5,2,CDA3,16,1.0,3
5,2,CDA3,17,6.0,3
5,2,CDA3,18,1.0,3
5,2,CDA3,19,1.0,3
5,2,CDA3,20,1.0,3
5,2,CDA3,21,1.0,3
5,2,CDA3,22,1.0,3
5,2,CDA3,23,13.55,3
5,2,CDA3,24,1.0,3
6,2,CDA3,1,15.0,3
6,2,CDA3,2,1.0,3
6,2,CDA3,3,1.0,3
6,2,CDA3,4,1.0,3
6,2,CDA3,5,1.0,3
6,2,CDA3,6,1.0,3
6,2,CDA3,7,1.0,3
6,2,CDA3,8,1.0,3
6,2,CDA3,9,1.0,3
6,2,CDA3,10,1.0,3
6,2,CDA3,11,1.0,3
6,2,CDA3,12,1.0,3
6,2,CDA3,13,2.0,3
6,2,CDA3,14,2.0,3
6,2,CDA3,15,2.0,3
6,2,CDA3,16,3.0,3
6,2,CDA3,17,1.0,3
6,2,CDA3,18,5.0,3
6,2,CDA3,19,1.0,3
6,2,CDA3,20,1.0,3
6,2,CDA3,21,1.0,3
6,2,CDA3,22,1.0,3
6,2,CDA3,23,1.0,3
6,2,CDA3,24,1.0,3
7,2,CDA3,1,20.0,3
7,2,CDA3,2,4.0,3
7,2,CDA3,3,3.0,3
7,2,CDA3,4,1.0,3
7,2,CDA3,5,1.0,3
7,2,CDA3,6,1.0,3
7,2,CDA3,7,1.0,3
7,2,CDA3,8,1.0,3
7,2,CDA3,9,1.0,3
7,2,CDA3,10,1.0,3
7,2,CDA3,11,14.0,3
7,2,CDA3,12,1.0,3
7,2,CDA3,13,2.0,3
7,2,CDA3,14,1.0,3
7,2,CDA3,15,1.0,3
7,2,CDA3,16,1.0,3
7,2,CDA3,17,1.0,3
7,2,CDA3,18,1.0,3
7,2,CDA3,19,1.0,3
7,2,CDA3,20,2.0,3
7,2,CDA3,21,1.0,3
7,2,CDA3,22,1.0,3
7,2,CDA3,23,1.0,3
7,2,CDA3,24,1.0,3
8,2,CDA3,1,15.0,3
8,2,CDA3,2,2.0,3
8,2,CDA3,3,1.0,3
8,2,CDA3,4,1.0,3
8,2,CDA3,5,2.0,3
8,2,CDA3,6,3.0,3
8,2,CDA3,7,3.0,3
8,2,CDA3,8,7.0,3
8,2,CDA3,9,1.0,3
8,2,CDA3,10,1.0,3
8,2,CDA3,11,4.0,3
8,2,CDA3,12,2.0,3
8,2,CDA3,13,2.0,3
8,2,CDA3,14,1.0,3
8,2,CDA3,15,1.0,3
8,2,CDA3,16,1.0,3
8,2,CDA3,17,3.0,3
8,2,CDA3,18,14.0,3
8,2,CDA3,19,14.0,3
8,2,CDA3,20,11.899999999999999,3
8,2,CDA3,21,11.899999999999999,3
8,2,CDA3,22,3.0,3
8,2,CDA3,23,3.0,3
8,2,CDA3,24,1.0,3
9,3,CDA3,1,20.0,3
9,3,CDA3,2,1.0,3
9,3,CDA3,3,1.0,3
9,3,CDA3,4,1.0,3
9,3,CDA3,5,1.0,3
9,3,CDA3,6,9.0,3
9,3,CDA3,7,1.0,3
9,3,CDA3,8,1.0,3
9,3,CDA3,9,3.0,3
9,3,CDA3,10,2.0,3
9,3,CDA3,11,11.0,3
9,3,CDA3,12,13.0,3
9,3,CDA3,13,1.0,3
9,3,CDA3,14,13.75,3
9,3,CDA3,15,13.75,3
9,3,CDA3,16,14.0,3
9,3,CDA3,17,13.5,3
9,3,CDA3,18,1.0,3
9,3,CDA3,19,2.0,3
9,3,CDA3,20,1.0,3
9,3,CDA3,21,2.0,3
9,3,CDA3,22,1.0,3
9,3,CDA3,23,1.0,3
9,3,CDA3,24,10.0,3
10,3,CDA3,1,20.0,3
10,3,CDA3,2,1.0,3
10,3,CDA3,3,1.0,3
10,3,CDA3,4,2.0,3
10,3,CDA3,5,3.0,3
10,3,CDA3,6,3.0,3
10,3,CDA3,7,7.0,3
10,3,CDA3,8,3.0,3
10,3,CDA3,9,3.0,3
10,3,CDA3,10,3.0,3
10,3,CDA3,11,3.0,3
10,3,CDA3,12,3.9499999999999993,3
10,3,CDA3,13,1.0,3
10,3,CDA3,14,1.0,3
10,3,CDA3,15,1.0,3
10,3,CDA3,16,1.0,3
10,3,CDA3,17,11.5,3
10,3,CDA3,18,2.9499999999999993,3
10,3,CDA3,19,1.9499999999999993,3
10,3,CDA3,20,1.9499999999999993,3
10,3,CDA3,21,2.0,3
10,3,CDA3,22,2.0,3
10,3,CDA3,23,2.0,3
10,3,CDA3,24,9.85,3
11,3,CDA3,1,20.0,3
11,3,CDA3,2,12.0,3
11,3,CDA3,3,2.0,3
11,3,CDA3,4,2.0,3
11,3,CDA3,5,12.0,3
11,3,CDA3,6,1.0,3
11,3,CDA3,7,1.0,3
11,3,CDA3,8,11.0,3
11,3,CDA3,9,1.0,3
11,3,CDA3,10,1.0,3
11,3,CDA3,11,1.0,3
11,3,CDA3,12,1.0,3
11,3,CDA3,13,1.0,3
11,3,CDA3,14,5.0,3
11,3,CDA3,15,1.0,3
11,3,CDA3,16,1.0,3
11,3,CDA3,17,1.0,3
11,3,CDA3,18,1.0,3
11,3,CDA3,19,7.0,3
11,3,CDA3,20,7.0,3
11,3,CDA3,21,1.0,3
11,3,CDA3,22,1.0,3
11,3,CDA3,23,18.95,3
11,3,CDA3,24,4.300000000000001,3
12,3,CDA3,1,20.0,3
12,3,CDA3,2,1.0,3
12,3,CDA3,3,1.0,3
12,3,CDA3,4,1.0,3
12,3,CDA3,5,1.0,3
12,3,CDA3,6,2.0,3
12,3,CDA3,7,2.0,3
12,3,CDA3,8,2.0,3
12,3,CDA3,9,2.0,3
12,3,CDA3,10,2.0,3
12,3,CDA3,11,1.0,3
12,3,CDA3,12,2.0,3
12,3,CDA3,13,1.0,3
12,3,CDA3,14,1.0,3
12,3,CDA3,15,1.0,3
12,3,CDA3,16,1.0,3
12,3,CDA3,17,1.0,3
12,3,CDA3,18,1.0,3
12,3,CDA3,19,8.0,3
12,3,CDA3,20,8.0,3
12,3,CDA3,21,2.0,3
12,3,CDA3,22,10.0,3
12,3,CDA3,23,3.5,3
12,3,CDA3,24,7.0,3
13,4,CDA3,1,20.0,3
13,4,CDA3,2,4.0,3
13,4,CDA3,3,3.0,3
13,4,CDA3,4,1.0,3
13,4,CDA3,5,2.0,3
13,4,CDA3,6,1.0,3
13,4,CDA3,7,1.0,3
13,4,CDA3,8,1.0,3
13,4,CDA3,9,1.0,3
13,4,CDA3,10,1.0,3
13,4,CDA3,11,1.0,3
13,4,CDA3,12,1.0,3
13,4,CDA3,13,14.0,3
13,4,CDA3,14,14.0,3
13,4,CDA3,15,2.0,3
13,4,CDA3,16,3.0,3
13,4,CDA3,17,3.0,3
13,4,CDA3,18,14.0,3
13,4,CDA3,19,2.0,3
13,4,CDA3,20,1.0,3
13,4,CDA3,21,1.0,3
13,4,CDA3,22,1.0,3
13,4,CDA3,23,15.0,3
13,4,CDA3,24,15.0,3
14,4,CDA3,1,12.0,3
14,4,CDA3,2,12.0,3
14,4,CDA3,3,2.0,3
14,4,CDA3,4,14.0,3
14,4,CDA3,5,2.0,3
14,4,CDA3,6,2.0,3
14,4,CDA3,7,2.0,3
14,4,CDA3,8,2.0,3
14,4,CDA3,9,2.0,3
14,4,CDA3,10,3.0,3
14,4,CDA3,11,2.0,3
14,4,CDA3,12,1.0,3
14,4,CDA3,13,1.0,3
14,4,CDA3,14,1.0,3
14,4,CDA3,15,1.0,3
14,4,CDA3,16,2.0,3
14,4,CDA3,17,1.0,3
14,4,CDA3,18,1.0,3
14,4,CDA3,19,1.0,3
14,4,CDA3,20,14.0,3
14,4,CDA3,21,1.0,3
14,4,CDA3,22,1.0,3
14,4,CDA3,23,1.0,3
14,4,CDA3,24,1.0,3
15,4,CDA3,1,15.0,3
15,4,CDA3,2,3.0,3
15,4,CDA3,3,3.0,3
15,4,CDA3,4,1.0,3
15,4,CDA3,5,1.0,3
15,4,CDA3,6,1.0,3
15,4,CDA3,7,2.0,3
15,4,CDA3,8,2.0,3
15,4,CDA3,9,1.0,3
15,4,CDA3,10,13.0,3
15,4,CDA3,11,1.0,3
15,4,CDA3,12,1.0,3
15,4,CDA3,13,1.0,3
15,4,CDA3,14,1.0,3
15,4,CDA3,15,1.0,3
15,4,CDA3,16,1.0,3
15,4,CDA3,17,1.0,3
15,4,CDA3,18,1.0,3
15,4,CDA3,19,1.0,3
15,4,CDA3,20,1.0,3
15,4,CDA3,21,14.0,3
15,4,CDA3,22,1.0,3
15,4,CDA3,23,1.0,3
15,4,CDA3,24,1.0,3
16,4,CDA3,1,20.0,3
16,4,CDA3,2,1.0,3
16,4,CDA3,3,1.0,3
16,4,CDA3,4,2.0,3
16,4,CDA3,5,1.0,3
16,4,CDA3,6,1.0,3
16,4,CDA3,7,1.0,3
16,4,CDA3,8,1.0,3
16,4,CDA3,9,1.0,3
16,4,CDA3,10,12.899999999999999,3
16,4,CDA3,11,1.0,3
16,4,CDA3,12,1.0,3
16,4,CDA3,13,1.0,3
16,4,CDA3,14,1.0,3
16,4,CDA3,15,1.0,3
16,4,CDA3,16,1.0,3
16,4,CDA3,17,1.0,3
16,4,CDA3,18,1.0,3
16,4,CDA3,19,15.0,3
16,4,CDA3,20,1.0,3
16,4,CDA3,21,1.0,3
16,4,CDA3,22,1.0,3
16,4,CDA3,23,1.0,3
16,4,CDA3,24,1.0,3
17,5,CDA3,1,20.0,3
17,5,CDA3,2,12.0,3
17,5,CDA3,3,1.0,3
17,5,CDA3,4,6.0,3
17,5,CDA3,5,5.0,3
17,5,CDA3,6,5.0,3
17,5,CDA3,7,4.0,3
17,5,CDA3,8,4.0,3
17,5,CDA3,9,4.0,3
17,5,CDA3,10,11.0,3
17,5,CDA3,11,8.0,3
17,5,CDA3,12,8.0,3
17,5,CDA3,13,6.0,3
17,5,CDA3,14,6.0,3
17,5,CDA3,15,5.0,3
17,5,CDA3,16,5.0,3
17,5,CDA3,17,6.0,3
17,5,CDA3,18,4.0,3
17,5,CDA3,19,4.0,3
17,5,CDA3,20,12.8,3
17,5,CDA3,21,12.8,3
17,5,CDA3,22,12.0,3
17,5,CDA3,23,14.0,3
17,5,CDA3,24,1.0,3
18,5,CDA3,1,20.0,3
18,5,CDA3,2,10.0,3
18,5,CDA3,3,4.0,3
18,5,CDA3,4,4.0,3
18,5,CDA3,5,1.0,3
18,5,CDA3,6,3.0,3
18,5,CDA3,7,3.0,3
18,5,CDA3,8,3.0,3
18,5,CDA3,9,4.0,3
18,5,CDA3,10,1.0,3
18,5,CDA3,11,2.0,3
18,5,CDA3,12,1.0,3
18,5,CDA3,13,1.0,3
18,5,CDA3,14,10.0,3
18,5,CDA3,15,2.0,3
18,5,CDA3,16,1.0,3
18,5,CDA3,17,1.0,3
18,5,CDA3,18,2.0,3
18,5,CDA3,19,2.0,3
18,5,CDA3,20,1.6999999999999993,3
18,5,CDA3,21,1.0,3
18,5,CDA3,22,1.0,3
18,5,CDA3,23,1.0,3
18,5,CDA3,24,1.0,3
19,5,CDA3,1,10.0,3
19,5,CDA3,2,4.0,3
19,5,CDA3,3,3.0,3
19,5,CDA3,4,2.0,3
19,5,CDA3,5,2.0,3
19,5,CDA3,6,2.0,3
19,5,CDA3,7,1.0,3
19,5,CDA3,8,1.0,3
19,5,CDA3,9,1.0,3
19,5,CDA3,10,3.0,3
19,5,CDA3,11,3.0,3
19,5,CDA3,12,3.0,3
19,5,CDA3,13,11.0,3
19,5,CDA3,14,2.0,3
19,5,CDA3,15,1.0,3
19,5,CDA3,16,12.0,3
19,5,CDA3,17,8.899999999999999,3
19,5,CDA3,18,4.0,3
19,5,CDA3,19,4.0,3
19,5,CDA3,20,4.0,3
19,5,CDA3,21,13.0,3
19,5,CDA3,22,2.0,3
19,5,CDA3,23,2.0,3
19,5,CDA3,24,3.0,3
20,5,CDA3,1,20.0,3
20,5,CDA3,2,1.0,3
20,5,CDA3,3,2.0,3
20,5,CDA3,4,2.0,3
20,5,CDA3,5,3.0,3
20,5,CDA3,6,2.0,3
20,5,CDA3,7,1.0,3
20,5,CDA3,8,1.0,3
20,5,CDA3,9,3.0,3
20,5,CDA3,10,3.0,3
20,5,CDA3,11,3.0,3
20,5,CDA3,12,15.0,3
20,5,CDA3,13,1.0,3
20,5,CDA3,14,1.0,3
20,5,CDA3,15,2.0,3
20,5,CDA3,16,2.0,3
20,5,CDA3,17,2.0,3
20,5,CDA3,18,1.0,3
20,5,CDA3,19,1.0,3
20,5,CDA3,20,13.0,3
20,5,CDA3,21,15.0,3
20,5,CDA3,22,1.4499999999999993,3
20,5,CDA3,23,1.0,3
20,5,CDA3,24,1.0,3
1,1,CDA4,1,20.0,4
1,1,CDA4,2,10.0,4
1,1,CDA4,3,1.0,4
1,1,CDA4,4,10.0,4
1,1,CDA4,5,11.0,4
1,1,CDA4,6,5.0,4
1,1,CDA4,7,1.0,4
1,1,CDA4,8,1.0,4
1,1,CDA4,9,1.0,4
1,1,CDA4,10,1.0,4
1,1,CDA4,11,1.0,4
1,1,CDA4,12,1.0,4
1,1,CDA4,13,1.0,4
1,1,CDA4,14,2.0,4
1,1,CDA4,15,2.0,4
1,1,CDA4,16,2.0,4
1,1,CDA4,17,2.0,4
1,1,CDA4,18,2.0,4
1,1,CDA4,19,1.0,4
1,1,CDA4,20,1.0,4
1,1,CDA4,21,1.0,4
1,1,CDA4,22,3.0,4
1,1,CDA4,23,4.0,4
1,1,CDA4,24,2.0,4
2,1,CDA4,1,20.0,4
2,1,CDA4,2,10.0,4
2,1,CDA4,3,10.0,4
2,1,CDA4,4,10.0,4
2,1,CDA4,5,8.0,4
2,1,CDA4,6,8.0,4
2,1,CDA4,7,3.0,4
2,1,CDA4,8,1.0,4
2,1,CDA4,9,1.0,4
2,1,CDA4,10,1.0,4
2,1,CDA4,11,1.0,4
2,1,CDA4,12,2.0,4
2,1,CDA4,13,2.0,4
2,1,CDA4,14,2.0,4
2,1,CDA4,15,4.0,4
2,1,CDA4,16,5.0,4
2,1,CDA4,17,5.0,4
2,1,CDA4,18,5.0,4
2,1,CDA4,19,8.0,4
2,1,CDA4,20,4.0,4
2,1,CDA4,21,4.0,4
2,1,CDA4,22,3.0,4
2,1,CDA4,23,3.0500000000000007,4
2,1,CDA4,24,3.0500000000000007,4
3,1,CDA4,1,20.0,4
3,1,CDA4,2,10.0,4
3,1,CDA4,3,2.0,4
3,1,CDA4,4,1.0,4
3,1,CDA4,5,6.0,4
3,1,CDA4,6,3.0,4
3,1,CDA4,7,3.0,4
3,1,CDA4,8,3.0,4
3,1,CDA4,9,1.0,4
3,1,CDA4,10,1.0,4
3,1,CDA4,11,1.0,4
3,1,CDA4,12,3.0,4
3,1,CDA4,13,4.0,4
3,1,CDA4,14,4.0,4
3,1,CDA4,15,2.0,4
3,1,CDA4,16,1.0,4
3,1,CDA4,17,2.0,4
3,1,CDA4,18,2.0,4
3,1,CDA4,19,2.0,4
3,1,CDA4,20,2.0,4
3,1,CDA4,21,2.0,4
3,1,CDA4,22,10.0,4
3,1,CDA4,23,12.0,4
3,1,CDA4,24,1.0,4
4,1,CDA4,1,20.0,4
4,1,CDA4,2,20.0,4
4,1,CDA4,3,4.0,4
4,1,CDA4,4,4.0,4
4,1,CDA4,5,4.0,4
4,1,CDA4,6,6.0,4
4,1,CDA4,7,5.0,4
4,1,CDA4,8,5.0,4
4,1,CDA4,9,1.0,4
4,1,CDA4,10,1.0,4
4,1,CDA4,11,1.0,4
4,1,CDA4,12,4.0,4
4,1,CDA4,13,4.0,4
4,1,CDA4,14,4.0,4
4,1,CDA4,15,1.0,4
4,1,CDA4,16,1.0,4
4,1,CDA4,17,1.0,4
4,1,CDA4,18,1.0,4
4,1,CDA4,19,1.0,4
4,1,CDA4,20,2.0,4
4,1,CDA4,21,2.0,4
4,1,CDA4,22,2.0,4
4,1,CDA4,23,2.0,4
4,1,CDA4,24,2.0,4
5,2,CDA4,1,20.0,4
5,2,CDA4,2,10.0,4
5,2,CDA4,3,8.0,4
5,2,CDA4,4,8.0,4
5,2,CDA4,5,8.0,4
5,2,CDA4,6,5.0,4
5,2,CDA4,7,1.0,4
5,2,CDA4,8,1.0,4
5,2,CDA4,9,3.0,4
5,2,CDA4,10,4.0,4
5,2,CDA4,11,4.0,4
5,2,CDA4,12,3.0,4
5,2,CDA4,13,6.0,4
5,2,CDA4,14,6.0,4
5,2,CDA4,15,3.0,4
5,2,CDA4,16,3.0,4
5,2,CDA4,17,7.0,4
5,2,CDA4,18,2.8,4
5,2,CDA4,19,7.0,4
5,2,CDA4,20,6.0,4
5,2,CDA4,21,4.0,4
5,2,CDA4,22,8.65,4
5,2,CDA4,23,8.65,4
5,2,CDA4,24,3.9000000000000004,4
6,2,CDA4,1,20.0,4
6,2,CDA4,2,10.0,4
6,2,CDA4,3,4.0,4
6,2,CDA4,4,2.0,4
6,2,CDA4,5,4.0,4
6,2,CDA4,6,4.0,4
6,2,CDA4,7,3.0,4
6,2,CDA4,8,3.0,4
6,2,CDA4,9,3.0,4
6,2,CDA4,10,1.0,4
6,2,CDA4,11,1.0,4
6,2,CDA4,12,5.0,4
6,2,CDA4,13,1.0,4
6,2,CDA4,14,6.0,4
6,2,CDA4,15,6.0,4
6,2,CDA4,16,3.0,4
6,2,CDA4,17,6.0,4
6,2,CDA4,18,6.0,4
6,2,CDA4,19,1.0,4
6,2,CDA4,20,1.0,4
6,2,CDA4,21,1.0,4
6,2,CDA4,22,1.0,4
6,2,CDA4,23,1.0,4
6,2,CDA4,24,1.0,4
7,2,CDA4,1,20.0,4
7,2,CDA4,2,5.0,4
7,2,CDA4,3,9.0,4
7,2,CDA4,4,3.0,4
7,2,CDA4,5,3.0,4
7,2,CDA4,6,3.0,4
7,2,CDA4,7,7.75,4
7,2,CDA4,8,11.0,4
7,2,CDA4,9,11.0,4
7,2,CDA4,10,2.0,4
7,2,CDA4,11,2.0,4
7,2,CDA4,12,6.0,4
7,2,CDA4,13,6.0,4
7,2,CDA4,14,1.0,4
7,2,CDA4,15,2.0,4
7,2,CDA4,16,2.0,4
7,2,CDA4,17,2.0,4
7,2,CDA4,18,1.0,4
7,2,CDA4,19,1.0,4
7,2,CDA4,20,1.0,4
7,2,CDA4,21,1.0,4
7,2,CDA4,22,1.0,4
7,2,CDA4,23,1.0,4
7,2,CDA4,24,1.0,4
8,2,CDA4,1,20.0,4
8,2,CDA4,2,9.0,4
8,2,CDA4,3,7.0,4
8,2,CDA4,4,4.0,4
8,2,CDA4,5,1.0,4
8,2,CDA4,6,7.0,4
8,2,CDA4,7,10.0,4
8,2,CDA4,8,6.0,4
8,2,CDA4,9,2.0,4
8,2,CDA4,10,2.0,4
8,2,CDA4,11,2.0,4
8,2,CDA4,12,1.0,4
8,2,CDA4,13,1.0,4
8,2,CDA4,14,12.0,4
8,2,CDA4,15,12.0,4
8,2,CDA4,16,1.0,4
8,2,CDA4,17,1.0,4
8,2,CDA4,18,12.0,4
8,2,CDA4,19,11.0,4
8,2,CDA4,20,11.0,4
8,2,CDA4,21,2.0,4
8,2,CDA4,22,12.0,4
8,2,CDA4,23,12.0,4
8,2,CDA4,24,2.0,4
9,3,CDA4,1,20.0,4
9,3,CDA4,2,12.0,4
9,3,CDA4,3,12.0,4
9,3,CDA4,4,11.0,4
9,3,CDA4,5,2.0,4
9,3,CDA4,6,4.0,4
9,3,CDA4,7,4.0,4
9,3,CDA4,8,4.0,4
9,3,CDA4,9,4.0,4
9,3,CDA4,10,8.0,4
9,3,CDA4,11,7.0,4
9,3,CDA4,12,8.0,4
9,3,CDA4,13,2.0,4
9,3,CDA4,14,4.0,4
9,3,CDA4,15,4.0,4
9,3,CDA4,16,2.0,4
9,3,CDA4,17,4.0,4
9,3,CDA4,18,3.0,4
9,3,CDA4,19,1.0,4
9,3,CDA4,20,2.0,4
9,3,CDA4,21,4.199999999999999,4
9,3,CDA4,22,1.0,4
9,3,CDA4,23,1.0,4
9,3,CDA4,24,1.0,4
10,3,CDA4,1,20.0,4
10,3,CDA4,2,9.0,4
10,3,CDA4,3,1.0,4
10,3,CDA4,4,12.0,4
10,3,CDA4,5,1.0,4
10,3,CDA4,6,2.0,4
10,3,CDA4,7,2.0,4
10,3,CDA4,8,3.0,4
10,3,CDA4,9,3.0,4
10,3,CDA4,10,2.0,4
10,3,CDA4,11,2.0,4
10,3,CDA4,12,2.0,4
10,3,CDA4,13,2.0,4
10,3,CDA4,14,8.0,4
10,3,CDA4,15,6.0,4
10,3,CDA4,16,6.0,4
10,3,CDA4,17,2.0,4
10,3,CDA4,18,4.0,4
10,3,CDA4,19,3.0,4
10,3,CDA4,20,6.0,4
10,3,CDA4,21,2.0,4
10,3,CDA4,22,1.0,4
10,3,CDA4,23,4.0,4
10,3,CDA4,24,1.0,4
11,3,CDA4,1,20.0,4
11,3,CDA4,2,7.0,4
11,3,CDA4,3,1.0,4
11,3,CDA4,4,4.0,4
11,3,CDA4,5,3.0,4
11,3,CDA4,6,3.0,4
11,3,CDA4,7,3.0,4
11,3,CDA4,8,10.0,4
11,3,CDA4,9,2.0,4
11,3,CDA4,10,3.0,4
11,3,CDA4,11,3.0,4
11,3,CDA4,12,4.0,4
11,3,CDA4,13,3.0,4
11,3,CDA4,14,3.0,4
11,3,CDA4,15,3.0,4
11,3,CDA4,16,3.0,4
11,3,CDA4,17,10.0,4
11,3,CDA4,18,2.0,4
11,3,CDA4,19,12.0,4
11,3,CDA4,20,12.0,4
11,3,CDA4,21,2.0,4
11,3,CDA4,22,1.0,4
11,3,CDA4,23,9.95,4
11,3,CDA4,24,2.0,4
12,3,CDA4,1,20.0,4
12,3,CDA4,2,14.0,4
12,3,CDA4,3,2.0,4
12,3,CDA4,4,12.0,4
12,3,CDA4,5,12.0,4
12,3,CDA4,6,5.0,4
12,3,CDA4,7,1.0,4
12,3,CDA4,8,2.0,4
12,3,CDA4,9,2.0,4
12,3,CDA4,10,2.0,4
12,3,CDA4,11,2.0,4
12,3,CDA4,12,1.0,4
12,3,CDA4,13,1.0,4
12,3,CDA4,14,1.0,4
12,3,CDA4,15,1.0,4
12,3,CDA4,16,1.0,4
12,3,CDA4,17,4.0,4
12,3,CDA4,18,4.0,4
12,3,CDA4,19,3.0,4
12,3,CDA4,20,1.0,4
12,3,CDA4,21,2.0,4
12,3,CDA4,22,1.0,4
12,3,CDA4,23,1.0,4
12,3,CDA4,24,1.0,4
13,4,CDA4,1,20.0,4
13,4,CDA4,2,5.0,4
13,4,CDA4,3,5.0,4
13,4,CDA4,4,5.0,4
13,4,CDA4,5,5.0,4
13,4,CDA4,6,1.0,4
13,4,CDA4,7,2.0,4
13,4,CDA4,8,2.0,4
13,4,CDA4,9,2.0,4
13,4,CDA4,10,1.0,4
13,4,CDA4,11,1.0,4
13,4,CDA4,12,1.0,4
13,4,CDA4,13,1.0499999999999998,4
13,4,CDA4,14,1.0499999999999998,4
13,4,CDA4,15,1.0499999999999998,4
13,4,CDA4,16,1.0499999999999998,4
13,4,CDA4,17,2.0,4
13,4,CDA4,18,1.0,4
13,4,CDA4,19,1.0,4
13,4,CDA4,20,1.0,4
13,4,CDA4,21,1.0,4
13,4,CDA4,22,2.3499999999999996,4
13,4,CDA4,23,2.3499999999999996,4
13,4,CDA4,24,1.0,4
14,4,CDA4,1,20.0,4
14,4,CDA4,2,1.0,4
14,4,CDA4,3,1.0,4
14,4,CDA4,4,1.0,4
14,4,CDA4,5,1.0,4
14,4,CDA4,6,1.0,4
14,4,CDA4,7,2.0,4
14,4,CDA4,8,2.0,4
14,4,CDA4,9,1.0,4
14,4,CDA4,10,1.0,4
14,4,CDA4,11,1.0,4
14,4,CDA4,12,1.0,4
14,4,CDA4,13,1.0,4
14,4,CDA4,14,1.0,4
14,4,CDA4,15,1.0,4
14,4,CDA4,16,1.0,4
14,4,CDA4,17,3.0,4
14,4,CDA4,18,2.0,4
14,4,CDA4,19,3.0,4
14,4,CDA4,20,16.0,4
14,4,CDA4,21,16.0,4
14,4,CDA4,22,2.5999999999999996,4
14,4,CDA4,23,1.0,4
14,4,CDA4,24,1.0,4
15,4,CDA4,1,20.0,4
15,4,CDA4,2,2.0,4
15,4,CDA4,3,1.0,4
15,4,CDA4,4,1.0,4
15,4,CDA4,5,1.0,4
15,4,CDA4,6,2.0,4
15,4,CDA4,7,2.0,4
15,4,CDA4,8,1.0,4
15,4,CDA4,9,1.0,4
15,4,CDA4,10,1.0,4
15,4,CDA4,11,1.0,4
15,4,CDA4,12,1.0,4
15,4,CDA4,13,14.0,4
15,4,CDA4,14,3.0,4
15,4,CDA4,15,2.0,4
15,4,CDA4,16,6.0,4
15,4,CDA4,17,6.0,4
15,4,CDA4,18,1.0,4
15,4,CDA4,19,1.0,4
15,4,CDA4,20,1.0,4
15,4,CDA4,21,4.0,4
15,4,CDA4,22,5.0,4
15,4,CDA4,23,1.0,4
15,4,CDA4,24,1.0,4
16,4,CDA4,1,20.0,4
16,4,CDA4,2,3.0,4
16,4,CDA4,3,1.0,4
16,4,CDA4,4,1.0,4
16,4,CDA4,5,1.0,4
16,4,CDA4,6,1.0,4
16,4,CDA4,7,1.0,4
16,4,CDA4,8,1.0,4
16,4,CDA4,9,1.0,4
16,4,CDA4,10,1.0,4
16,4,CDA4,11,3.0,4
16,4,CDA4,12,2.0,4
16,4,CDA4,13,2.0,4
16,4,CDA4,14,2.0,4
16,4,CDA4,15,2.0,4
16,4,CDA4,16,2.0,4
16,4,CDA4,17,2.0,4
16,4,CDA4,18,1.0,4
16,4,CDA4,19,1.0,4
16,4,CDA4,20,5.0,4
16,4,CDA4,21,5.0,4
16,4,CDA4,22,4.0,4
16,4,CDA4,23,4.0,4
16,4,CDA4,24,4.0,4
17,5,CDA4,1,15.0,4
17,5,CDA4,2,9.0,4
17,5,CDA4,3,4.0,4
17,5,CDA4,4,4.0,4
17,5,CDA4,5,4.0,4
17,5,CDA4,6,1.0,4
17,5,CDA4,7,9.0,4
17,5,CDA4,8,2.0,4
17,5,CDA4,9,5.0,4
17,5,CDA4,10,12.0,4
17,5,CDA4,11,2.0,4
17,5,CDA4,12,12.0,4
17,5,CDA4,13,12.0,4
17,5,CDA4,14,15.0,4
17,5,CDA4,15,7.0,4
17,5,CDA4,16,7.0,4
17,5,CDA4,17,7.0,4
17,5,CDA4,18,7.0,4
17,5,CDA4,19,5.0,4
17,5,CDA4,20,5.0,4
17,5,CDA4,21,5.0,4
17,5,CDA4,22,5.0,4
17,5,CDA4,23,3.0,4
17,5,CDA4,24,3.0,4
18,5,CDA4,1,20.0,4
18,5,CDA4,2,6.0,4
18,5,CDA4,3,2.0,4
18,5,CDA4,4,4.0,4
18,5,CDA4,5,1.0,4
18,5,CDA4,6,3.0,4
18,5,CDA4,7,6.0,4
18,5,CDA4,8,11.0,4
18,5,CDA4,9,8.0,4
18,5,CDA4,10,2.0,4
18,5,CDA4,11,2.0,4
18,5,CDA4,12,4.0,4
18,5,CDA4,13,4.0,4
18,5,CDA4,14,2.0,4
18,5,CDA4,15,14.0,4
18,5,CDA4,16,4.5,4
18,5,CDA4,17,8.0,4
18,5,CDA4,18,14.0,4
18,5,CDA4,19,14.0,4
18,5,CDA4,20,7.0,4
18,5,CDA4,21,6.85,4
18,5,CDA4,22,11.8,4
18,5,CDA4,23,1.0,4
18,5,CDA4,24,1.0,4
19,5,CDA4,1,13.0,4
19,5,CDA4,2,4.0,4
19,5,CDA4,3,1.0,4
19,5,CDA4,4,3.0,4
19,5,CDA4,5,4.0,4
19,5,CDA4,6,4.0,4
19,5,CDA4,7,1.0,4
19,5,CDA4,8,4.0,4
19,5,CDA4,9,2.0,4
19,5,CDA4,10,6.0,4
19,5,CDA4,11,6.0,4
19,5,CDA4,12,1.0,4
19,5,CDA4,13,6.0,4
19,5,CDA4,14,5.0,4
19,5,CDA4,15,4.0,4
19,5,CDA4,16,4.0,4
19,5,CDA4,17,4.0,4
19,5,CDA4,18,4.0,4
19,5,CDA4,19,4.0,4
19,5,CDA4,20,4.0,4
19,5,CDA4,21,4.0,4
19,5,CDA4,22,1.0,4
19,5,CDA4,23,1.0,4
19,5,CDA4,24,1.0,4
20,5,CDA4,1,13.0,4
20,5,CDA4,2,2.0,4
20,5,CDA4,3,4.0,4
20,5,CDA4,4,3.0,4
20,5,CDA4,5,2.0,4
20,5,CDA4,6,3.0,4
20,5,CDA4,7,3.0,4
20,5,CDA4,8,1.0,4
20,5,CDA4,9,3.0,4
20,5,CDA4,10,4.0,4
20,5,CDA4,11,3.0,4
20,5,CDA4,12,3.0,4
20,5,CDA4,13,2.0,4
20,5,CDA4,14,2.0,4
20,5,CDA4,15,2.0,4
20,5,CDA4,16,1.0,4
20,5,CDA4,17,1.0,4
20,5,CDA4,18,4.0,4
20,5,CDA4,19,5.0,4
20,5,CDA4,20,5.0,4
20,5,CDA4,21,8.0,4
20,5,CDA4,22,5.0,4
20,5,CDA4,23,5.0,4
20,5,CDA4,24,6.0,4
1,1,CDA5,1,19.95,5
1,1,CDA5,2,6.0,5
1,1,CDA5,3,2.0,5
1,1,CDA5,4,2.0,5
1,1,CDA5,5,2.0,5
1,1,CDA5,6,3.0,5
1,1,CDA5,7,3.0,5
1,1,CDA5,8,1.0,5
1,1,CDA5,9,2.0,5
1,1,CDA5,10,2.0,5
1,1,CDA5,11,2.0,5
1,1,CDA5,12,4.0,5
1,1,CDA5,13,4.0,5
1,1,CDA5,14,4.0,5
1,1,CDA5,15,2.0,5
1,1,CDA5,16,2.0,5
1,1,CDA5,17,2.0,5
1,1,CDA5,18,2.0,5
1,1,CDA5,19,1.0,5
1,1,CDA5,20,1.0,5
1,1,CDA5,21,1.0,5
1,1,CDA5,22,1.0,5
1,1,CDA5,23,1.0,5
1,1,CDA5,24,1.0,5
2,1,CDA5,1,20.0,5
2,1,CDA5,2,3.0,5
2,1,CDA5,3,8.0,5
2,1,CDA5,4,4.0,5
2,1,CDA5,5,4.0,5
2,1,CDA5,6,4.0,5
2,1,CDA5,7,3.0,5
2,1,CDA5,8,3.0,5
2,1,CDA5,9,2.0,5
2,1,CDA5,10,1.0,5
2,1,CDA5,11,1.0,5
2,1,CDA5,12,1.0,5
2,1,CDA5,13,1.0,5
2,1,CDA5,14,14.0,5
2,1,CDA5,15,3.0,5
2,1,CDA5,16,3.0,5
2,1,CDA5,17,1.0,5
2,1,CDA5,18,4.0,5
2,1,CDA5,19,4.0,5
2,1,CDA5,20,4.0,5
2,1,CDA5,21,3.0,5
2,1,CDA5,22,2.8000000000000007,5
2,1,CDA5,23,4.0,5
2,1,CDA5,24,3.0,5
3,1,CDA5,1,20.0,5
3,1,CDA5,2,4.0,5
3,1,CDA5,3,4.0,5
3,1,CDA5,4,3.0,5
3,1,CDA5,5,3.0,5
3,1,CDA5,6,3.0,5
3,1,CDA5,7,1.0,5
3,1,CDA5,8,2.0,5
3,1,CDA5,9,2.0,5
3,1,CDA5,10,2.0,5
3,1,CDA5,11,2.0,5
3,1,CDA5,12,1.9499999999999993,5
3,1,CDA5,13,2.9000000000000004,5
3,1,CDA5,14,2.9000000000000004,5
3,1,CDA5,15,3.9000000000000004,5
3,1,CDA5,16,4.0,5
3,1,CDA5,17,1.0,5
3,1,CDA5,18,1.0,5
3,1,CDA5,19,1.0,5
3,1,CDA5,20,1.0,5
3,1,CDA5,21,1.0,5
3,1,CDA5,22,1.0,5
3,1,CDA5,23,1.0999999999999996,5
3,1,CDA5,24,1.0999999999999996,5
4,1,CDA5,1,19.9,5
4,1,CDA5,2,3.0,5
4,1,CDA5,3,3.0,5
4,1,CDA5,4,2.0,5
4,1,CDA5,5,2.0,5
4,1,CDA5,6,2.0,5
4,1,CDA5,7,2.0,5
4,1,CDA5,8,2.0,5
4,1,CDA5,9,2.0,5
4,1,CDA5,10,2.0,5
4,1,CDA5,11,1.0,5
4,1,CDA5,12,1.0,5
4,1,CDA5,13,1.0,5
4,1,CDA5,14,1.0,5
4,1,CDA5,15,1.0,5
4,1,CDA5,16,1.0,5
4,1,CDA5,17,1.0,5
4,1,CDA5,18,3.0,5
4,1,CDA5,19,3.0,5
4,1,CDA5,20,6.0,5
4,1,CDA5,21,3.6500000000000004,5
4,1,CDA5,22,1.0,5
4,1,CDA5,23,1.0,5
4,1,CDA5,24,1.0,5
5,2,CDA5,1,20.0,5
5,2,CDA5,2,10.0,5
5,2,CDA5,3,8.0,5
5,2,CDA5,4,2.0,5
5,2,CDA5,5,2.0,5
5,2,CDA5,6,2.0,5
5,2,CDA5,7,2.0,5
5,2,CDA5,8,4.0,5
5,2,CDA5,9,2.0,5
5,2,CDA5,10,4.0,5
5,2,CDA5,11,1.0,5
5,2,CDA5,12,1.0,5
5,2,CDA5,13,1.0,5
5,2,CDA5,14,3.0,5
5,2,CDA5,15,6.0,5
5,2,CDA5,16,1.0,5
5,2,CDA5,17,5.0,5
5,2,CDA5,18,4.0,5
5,2,CDA5,19,3.0,5
5,2,CDA5,20,5.0,5
5,2,CDA5,21,5.0,5
5,2,CDA5,22,4.0,5
5,2,CDA5,23,1.0,5
5,2,CDA5,24,1.0,5
6,2,CDA5,1,14.0,5
6,2,CDA5,2,2.0,5
6,2,CDA5,3,2.0,5
6,2,CDA5,4,2.0,5
6,2,CDA5,5,2.0,5
6,2,CDA5,6,1.0,5
6,2,CDA5,7,1.0,5
6,2,CDA5,8,1.0,5
6,2,CDA5,9,2.0,5
6,2,CDA5,10,6.0,5
6,2,CDA5,11,6.0,5
6,2,CDA5,12,1.0,5
6,2,CDA5,13,1.0,5
6,2,CDA5,14,1.0,5
6,2,CDA5,15,6.0,5
6,2,CDA5,16,6.0,5
6,2,CDA5,17,6.0,5
6,2,CDA5,18,6.0,5
6,2,CDA5,19,7.0,5
6,2,CDA5,20,4.0,5
6,2,CDA5,21,4.0,5
6,2,CDA5,22,4.0,5
6,2,CDA5,23,3.0,5
6,2,CDA5,24,4.0,5
7,2,CDA5,1,20.0,5
7,2,CDA5,2,2.0,5
7,2,CDA5,3,6.0,5
7,2,CDA5,4,1.0,5
7,2,CDA5,5,1.0,5
7,2,CDA5,6,1.0,5
7,2,CDA5,7,1.0,5
7,2,CDA5,8,6.0,5
7,2,CDA5,9,1.0,5
7,2,CDA5,10,1.0,5
7,2,CDA5,11,1.0,5
7,2,CDA5,12,7.0,5
7,2,CDA5,13,9.0,5
7,2,CDA5,14,1.0,5
7,2,CDA5,15,1.0,5
7,2,CDA5,16,1.0,5
7,2,CDA5,17,1.0,5
7,2,CDA5,18,1.0,5
7,2,CDA5,19,1.0,5
7,2,CDA5,20,1.0,5
7,2,CDA5,21,6.0,5
7,2,CDA5,22,6.0,5
7,2,CDA5,23,6.0,5
7,2,CDA5,24,3.0,5
8,2,CDA5,1,14.0,5
8,2,CDA5,2,1.0,5
8,2,CDA5,3,5.0,5
8,2,CDA5,4,5.0,5
8,2,CDA5,5,5.0,5
8,2,CDA5,6,5.0,5
8,2,CDA5,7,6.0,5
8,2,CDA5,8,3.0,5
8,2,CDA5,9,3.0,5
8,2,CDA5,10,3.0,5
8,2,CDA5,11,3.0,5
8,2,CDA5,12,3.0,5
8,2,CDA5,13,3.0,5
8,2,CDA5,14,3.0,5
8,2,CDA5,15,3.0,5
8,2,CDA5,16,4.0,5
8,2,CDA5,17,2.0,5
8,2,CDA5,18,10.0,5
8,2,CDA5,19,4.0,5
8,2,CDA5,20,5.0,5
8,2,CDA5,21,1.0,5
8,2,CDA5,22,1.0,5
8,2,CDA5,23,1.0,5
8,2,CDA5,24,1.0,5
9,3,CDA5,1,20.0,5
9,3,CDA5,2,1.0,5
9,3,CDA5,3,2.0,5
9,3,CDA5,4,8.0,5
9,3,CDA5,5,2.0,5
9,3,CDA5,6,4.0,5
9,3,CDA5,7,3.0,5
9,3,CDA5,8,1.0,5
9,3,CDA5,9,1.0,5
9,3,CDA5,10,1.0,5
9,3,CDA5,11,1.0,5
9,3,CDA5,12,1.0,5
9,3,CDA5,13,1.0,5
9,3,CDA5,14,1.0,5
9,3,CDA5,15,1.0,5
9,3,CDA5,16,1.0,5
9,3,CDA5,17,1.0,5
9,3,CDA5,18,1.0,5
9,3,CDA5,19,1.0,5
9,3,CDA5,20,1.0,5
9,3,CDA5,21,1.0,5
9,3,CDA5,22,8.0,5
9,3,CDA5,23,8.0,5
9,3,CDA5,24,1.0,5
10,3,CDA5,1,7.0,5
10,3,CDA5,2,5.0,5
10,3,CDA5,3,1.0,5
10,3,CDA5,4,1.0,5
10,3,CDA5,5,1.0,5
10,3,CDA5,6,3.0,5
10,3,CDA5,7,3.0,5
10,3,CDA5,8,2.0,5
10,3,CDA5,9,2.0,5
10,3,CDA5,10,2.0,5
10,3,CDA5,11,2.0,5
10,3,CDA5,12,2.0,5
10,3,CDA5,13,2.0,5
10,3,CDA5,14,3.0,5
10,3,CDA5,15,1.0,5
10,3,CDA5,16,1.0,5
10,3,CDA5,17,1.0,5
10,3,CDA5,18,1.0,5
10,3,CDA5,19,1.0,5
10,3,CDA5,20,1.0,5
10,3,CDA5,21,2.0,5
10,3,CDA5,22,3.0,5
10,3,CDA5,23,1.0,5
10,3,CDA5,24,7.0,5
11,3,CDA5,1,4.0,5
11,3,CDA5,2,3.0,5
11,3,CDA5,3,1.0,5
11,3,CDA5,4,3.0,5
11,3,CDA5,5,1.0,5
11,3,CDA5,6,2.0,5
11,3,CDA5,7,2.0,5
11,3,CDA5,8,2.0,5
11,3,CDA5,9,2.0,5
11,3,CDA5,10,3.0,5
11,3,CDA5,11,1.0,5
11,3,CDA5,12,1.0,5
11,3,CDA5,13,1.0,5
11,3,CDA5,14,1.0,5
11,3,CDA5,15,1.0,5
11,3,CDA5,16,1.0,5
11,3,CDA5,17,3.0,5
11,3,CDA5,18,1.0,5
11,3,CDA5,19,1.0,5
11,3,CDA5,20,2.0,5
11,3,CDA5,21,1.0,5
11,3,CDA5,22,5.0,5
11,3,CDA5,23,2.0,5
11,3,CDA5,24,7.0,5
12,3,CDA5,1,9.899999999999999,5
12,3,CDA5,2,5.0,5
12,3,CDA5,3,3.0,5
12,3,CDA5,4,3.0,5
12,3,CDA5,5,11.0,5
12,3,CDA5,6,1.0,5
12,3,CDA5,7,1.0,5
12,3,CDA5,8,1.0,5
12,3,CDA5,9,1.0,5
12,3,CDA5,10,1.0,5
12,3,CDA5,11,3.0,5
12,3,CDA5,12,1.0,5
12,3,CDA5,13,2.0,5
12,3,CDA5,14,2.0,5
12,3,CDA5,15,2.0,5
12,3,CDA5,16,2.0,5
12,3,CDA5,17,1.0,5
12,3,CDA5,18,1.0,5
12,3,CDA5,19,2.0,5
12,3,CDA5,20,1.0,5
12,3,CDA5,21,1.0,5
12,3,CDA5,22,1.0,5
12,3,CDA5,23,1.0,5
12,3,CDA5,24,1.0,5
13,4,CDA5,1,19.9,5
13,4,CDA5,2,2.0,5
13,4,CDA5,3,1.0,5
13,4,CDA5,4,1.0,5
13,4,CDA5,5,1.0,5
13,4,CDA5,6,1.0,5
13,4,CDA5,7,1.0,5
13,4,CDA5,8,10.0,5
13,4,CDA5,9,4.0,5
13,4,CDA5,10,10.0,5
13,4,CDA5,11,2.0,5
13,4,CDA5,12,2.0,5
13,4,CDA5,13,2.0,5
13,4,CDA5,14,2.0,5
13,4,CDA5,15,2.0,5
13,4,CDA5,16,5.0,5
13,4,CDA5,17,5.0,5
13,4,CDA5,18,4.800000000000001,5
13,4,CDA5,19,6.6,5
13,4,CDA5,20,4.0,5
13,4,CDA5,21,4.0,5
13,4,CDA5,22,4.0,5
13,4,CDA5,23,4.0,5
13,4,CDA5,24,4.0,5
14,4,CDA5,1,13.0,5
14,4,CDA5,2,1.0,5
14,4,CDA5,3,1.0,5
14,4,CDA5,4,1.0,5
14,4,CDA5,5,1.0,5
14,4,CDA5,6,6.1,5
14,4,CDA5,7,4.0,5
14,4,CDA5,8,3.0,5
14,4,CDA5,9,1.0,5
14,4,CDA5,10,3.0,5
14,4,CDA5,11,1.0,5
14,4,CDA5,12,1.0,5
14,4,CDA5,13,15.0,5
14,4,CDA5,14,11.0,5
14,4,CDA5,15,2.0,5
14,4,CDA5,16,2.0,5
14,4,CDA5,17,2.0,5
14,4,CDA5,18,2.0,5
14,4,CDA5,19,2.0,5
14,4,CDA5,20,2.0,5
14,4,CDA5,21,1.0,5
14,4,CDA5,22,1.0,5
14,4,CDA5,23,1.0,5
14,4,CDA5,24,2.0,5
15,4,CDA5,1,11.0,5
15,4,CDA5,2,1.0,5
15,4,CDA5,3,1.0,5
15,4,CDA5,4,1.0,5
15,4,CDA5,5,4.0,5
15,4,CDA5,6,13.0,5
15,4,CDA5,7,1.0,5
15,4,CDA5,8,1.0,5
15,4,CDA5,9,1.0,5
15,4,CDA5,10,2.0,5
15,4,CDA5,11,1.0,5
15,4,CDA5,12,3.0,5
15,4,CDA5,13,3.0,5
15,4,CDA5,14,2.0,5
15,4,CDA5,15,2.0,5
15,4,CDA5,16,2.0,5
15,4,CDA5,17,2.0,5
15,4,CDA5,18,2.0,5
15,4,CDA5,19,1.0,5
15,4,CDA5,20,2.0,5
15,4,CDA5,21,2.0,5
15,4,CDA5,22,2.0,5
15,4,CDA5,23,2.0,5
15,4,CDA5,24,2.0,5
16,4,CDA5,1,1.0,5
16,4,CDA5,2,1.0,5
16,4,CDA5,3,1.0,5
16,4,CDA5,4,1.0,5
16,4,CDA5,5,2.0,5
16,4,CDA5,6,3.0,5
16,4,CDA5,7,3.0,5
16,4,CDA5,8,3.0,5
16,4,CDA5,9,2.0,5
16,4,CDA5,10,2.0,5
16,4,CDA5,11,2.0,5
16,4,CDA5,12,2.0,5
16,4,CDA5,13,2.0,5
16,4,CDA5,14,3.0,5
16,4,CDA5,15,1.0,5
16,4,CDA5,16,1.0,5
16,4,CDA5,17,1.0,5
16,4,CDA5,18,1.0,5
16,4,CDA5,19,1.0,5
16,4,CDA5,20,6.0,5
16,4,CDA5,21,3.0,5
16,4,CDA5,22,2.6500000000000004,5
16,4,CDA5,23,2.6500000000000004,5
16,4,CDA5,24,2.6500000000000004,5
17,5,CDA5,1,15.0,5
17,5,CDA5,2,4.0,5
17,5,CDA5,3,10.0,5
17,5,CDA5,4,6.0,5
17,5,CDA5,5,6.0,5
17,5,CDA5,6,7.0,5
17,5,CDA5,7,1.0,5
17,5,CDA5,8,10.0,5
17,5,CDA5,9,14.0,5
17,5,CDA5,10,9.0,5
17,5,CDA5,11,7.0,5
17,5,CDA5,12,2.0,5
17,5,CDA5,13,2.0,5
17,5,CDA5,14,2.0,5
17,5,CDA5,15,2.0,5
17,5,CDA5,16,1.0,5
17,5,CDA5,17,1.0,5
17,5,CDA5,18,1.0,5
17,5,CDA5,19,1.0,5
17,5,CDA5,20,1.0,5
17,5,CDA5,21,1.0,5
17,5,CDA5,22,1.0,5
17,5,CDA5,23,3.0,5
17,5,CDA5,24,2.0,5
18,5,CDA5,1,20.0,5
18,5,CDA5,2,5.0,5
18,5,CDA5,3,2.0,5
18,5,CDA5,4,11.0,5
18,5,CDA5,5,2.0,5
18,5,CDA5,6,4.0,5
18,5,CDA5,7,5.0,5
18,5,CDA5,8,12.0,5
18,5,CDA5,9,3.0,5
18,5,CDA5,10,3.0,5
18,5,CDA5,11,3.0,5
18,5,CDA5,12,2.0,5
18,5,CDA5,13,2.0,5
18,5,CDA5,14,2.0,5
18,5,CDA5,15,2.0,5
18,5,CDA5,16,2.0,5
18,5,CDA5,17,2.0,5
18,5,CDA5,18,2.0,5
18,5,CDA5,19,2.0,5
18,5,CDA5,20,2.0,5
18,5,CDA5,21,4.0,5
18,5,CDA5,22,2.0,5
18,5,CDA5,23,2.0,5
18,5,CDA5,24,2.0,5
19,5,CDA5,1,12.0,5
19,5,CDA5,2,4.0,5
19,5,CDA5,3,1.0,5
19,5,CDA5,4,2.0,5
19,5,CDA5,5,2.0,5
19,5,CDA5,6,3.0,5
19,5,CDA5,7,3.0,5
19,5,CDA5,8,3.0,5
19,5,CDA5,9,1.0,5
19,5,CDA5,10,1.0,5
19,5,CDA5,11,1.0,5
19,5,CDA5,12,1.0,5
19,5,CDA5,13,1.0,5
19,5,CDA5,14,3.0,5
19,5,CDA5,15,3.0,5
19,5,CDA5,16,3.0,5
19,5,CDA5,17,3.0,5
19,5,CDA5,18,3.0,5
19,5,CDA5,19,2.0,5
19,5,CDA5,20,2.0,5
19,5,CDA5,21,2.0,5
19,5,CDA5,22,2.0,5
19,5,CDA5,23,5.0,5
19,5,CDA5,24,5.0,5
20,5,CDA5,1,12.899999999999999,5
20,5,CDA5,2,1.0,5
20,5,CDA5,3,1.0,5
20,5,CDA5,4,2.0,5
20,5,CDA5,5,1.0,5
20,5,CDA5,6,3.0,5
20,5,CDA5,7,1.0,5
20,5,CDA5,8,1.0,5
20,5,CDA5,9,4.0,5
20,5,CDA5,10,4.0,5
20,5,CDA5,11,4.0,5
20,5,CDA5,12,4.0,5
20,5,CDA5,13,5.0,5
20,5,CDA5,14,3.0,5
20,5,CDA5,15,3.0,5
20,5,CDA5,16,3.0,5
20,5,CDA5,17,5.0,5
20,5,CDA5,18,4.0,5
20,5,CDA5,19,4.0,5
20,5,CDA5,20,3.0,5
20,5,CDA5,21,4.0,5
20,5,CDA5,22,2.0,5
20,5,CDA5,23,4.0,5
20,5,CDA5,24,2.6999999999999993,5
1,1,Flow301,1,5.0,1
1,1,Flow301,2,5.0,1
1,1,Flow301,3,1.8666666666666667,1
1,1,Flow301,4,1.6980973000225026,1
1,1,Flow301,5,1.6980973000225026,1
1,1,Flow301,6,3.0252747252747256,1
1,1,Flow301,7,1.4,1
1,1,Flow301,8,0.3666666666666667,1
1,1,Flow301,9,0.3666666666666667,1
1,1,Flow301,10,0.3666666666666667,1
1,1,Flow301,11,0.3666666666666665,1
1,1,Flow301,12,0.3666666666666667,1
1,1,Flow301,13,0.30000000000000004,1
1,1,Flow301,14,0.30000000000000004,1
1,1,Flow301,15,0.30000000000000004,1
1,1,Flow301,16,0.30000000000000004,1
1,1,Flow301,17,0.30000000000000004,1
1,1,Flow301,18,0.9297979797979796,1
1,1,Flow301,19,0.9297979797979796,1
1,1,Flow301,20,0.9297979797979796,1
1,1,Flow301,21,0.9297979797979796,1
1,1,Flow301,22,0.5021541950113377,1
1,1,Flow301,23,0.5021541950113377,1
1,1,Flow301,24,0.5021541950113377,1
2,1,Flow301,1,5.0,1
2,1,Flow301,2,5.0,1
2,1,Flow301,3,1.9166666666666667,1
2,1,Flow301,4,1.0666666666666664,1
2,1,Flow301,5,1.0875,1
2,1,Flow301,6,0.6531460084033613,1
2,1,Flow301,7,0.9882352941176469,1
2,1,Flow301,8,0.2875000000000001,1
2,1,Flow301,9,0.5474999999999999,1
2,1,Flow301,10,0.4648145082009625,1
2,1,Flow301,11,0.6771416606843745,1
2,1,Flow301,12,0.7054079923426657,1
2,1,Flow301,13,0.6601818616893995,1
2,1,Flow301,14,0.6797065337763012,1
2,1,Flow301,15,0.6797065337763012,1
2,1,Flow301,16,0.776470588235294,1
2,1,Flow301,17,0.5051870748299321,1
2,1,Flow301,18,0.5051870748299321,1
2,1,Flow301,19,0.5051870748299321,1
2,1,Flow301,20,0.4380102040816327,1
2,1,Flow301,21,0.3567460317460317,1
2,1,Flow301,22,0.3533978174603174,1
2,1,Flow301,23,0.367857142857143,1
2,1,Flow301,24,0.36754385964912295,1
3,1,Flow301,1,5.0,1
3,1,Flow301,2,5.0,1
3,1,Flow301,3,1.276190476190476,1
3,1,Flow301,4,1.276190476190476,1
3,1,Flow301,5,1.5961538461538463,1
3,1,Flow301,6,1.816166328600406,1
3,1,Flow301,7,1.574002609992543,1
3,1,Flow301,8,1.4519444444444445,1
3,1,Flow301,9,1.1333333333333333,1
3,1,Flow301,10,1.8046031642381388,1
3,1,Flow301,11,0.5020202020202023,1
3,1,Flow301,12,0.5043454345434544,1
3,1,Flow301,13,0.5163398692810457,1
3,1,Flow301,14,0.5163398692810457,1
3,1,Flow301,15,1.5339816071159356,1
3,1,Flow301,16,1.5222222222222224,1
3,1,Flow301,17,1.0333333333333334,1
3,1,Flow301,18,0.9175141242937848,1
3,1,Flow301,19,0.7955836110198531,1
3,1,Flow301,20,0.9939534883720933,1
3,1,Flow301,21,0.8451612903225807,1
3,1,Flow301,22,0.7755960729312763,1
3,1,Flow301,23,0.7755960729312763,1
3,1,Flow301,24,0.8784946236559139,1
4,1,Flow301,1,5.0,1
4,1,Flow301,2,1.3777777777777782,1
4,1,Flow301,3,1.3777777777777782,1
4,1,Flow301,4,0.813058419243986,1
4,1,Flow301,5,0.5983500156396622,1
4,1,Flow301,6,0.6333333333333331,1
4,1,Flow301,7,0.5597222222222218,1
4,1,Flow301,8,0.6749999999999998,1
4,1,Flow301,9,0.668333333333333,1
4,1,Flow301,10,0.5380434782608694,1
4,1,Flow301,11,0.29089443996776776,1
4,1,Flow301,12,0.29089443996776776,1
4,1,Flow301,13,0.5220588235294119,1
4,1,Flow301,14,0.3137254901960782,1
4,1,Flow301,15,0.28983947494585793,1
4,1,Flow301,16,0.4164809466664907,1
4,1,Flow301,17,0.43131868131868134,1
4,1,Flow301,18,0.44037889097355865,1
4,1,Flow301,19,1.6428571428571428,1
4,1,Flow301,20,1.2224982746721875,1
4,1,Flow301,21,1.2066252587991717,1
4,1,Flow301,22,1.1016420361247947,1
4,1,Flow301,23,2.2,1
4,1,Flow301,24,0.9588235294117647,1
5,2,Flow301,1,5.0,1
5,2,Flow301,2,1.8973958333333334,1
5,2,Flow301,3,0.280380058126537,1
5,2,Flow301,4,0.3380952380952382,1
5,2,Flow301,5,0.3380952380952382,1
5,2,Flow301,6,0.1572654812998162,1
5,2,Flow301,7,0.1484444118160413,1
5,2,Flow301,8,0.26658110834293636,1
5,2,Flow301,9,1.6006734006734007,1
5,2,Flow301,10,0.7096156762823429,1
5,2,Flow301,11,0.6796824161947284,1
5,2,Flow301,12,1.608714827614349,1
5,2,Flow301,13,0.3943609022556389,1
5,2,Flow301,14,0.3943609022556389,1
5,2,Flow301,15,0.166430634137124,1
5,2,Flow301,16,0.20234769947842524,1
5,2,Flow301,17,0.23770188466534314,1
5,2,Flow301,18,0.43897143437351926,1
5,2,Flow301,19,0.43897143437351926,1
5,2,Flow301,20,0.43240740740740735,1
5,2,Flow301,21,0.38245614035087727,1
5,2,Flow301,22,0.7545454545454545,1
5,2,Flow301,23,1.2727272727272727,1
5,2,Flow301,24,0.3555555555555556,1
6,2,Flow301,1,5.0,1
6,2,Flow301,2,5.0,1
6,2,Flow301,3,0.49369900932400945,1
6,2,Flow301,4,0.2647326203208553,1
6,2,Flow301,5,0.22109800938252833,1
6,2,Flow301,6,0.19776668418286958,1
6,2,Flow301,7,0.19179600886917947,1
6,2,Flow301,8,0.24545454545454537,1
6,2,Flow301,9,0.4983333333333333,1
6,2,Flow301,10,0.3733333333333333,1
6,2,Flow301,11,0.3733333333333333,1
6,2,Flow301,12,0.5354545454545454,1
6,2,Flow301,13,0.48897261774370215,1
6,2,Flow301,14,0.407025641025641,1
6,2,Flow301,15,0.407025641025641,1
6,2,Flow301,16,0.48897261774370215,1
6,2,Flow301,17,0.4458405110536894,1
6,2,Flow301,18,0.8394628099173554,1
6,2,Flow301,19,0.4348181991243101,1
6,2,Flow301,20,0.4348181991243101,1
6,2,Flow301,21,0.5177202699261523,1
6,2,Flow301,22,0.78,1
6,2,Flow301,23,0.47923280423280423,1
6,2,Flow301,24,0.1439858073360878,1
7,2,Flow301,1,5.0,1
7,2,Flow301,2,0.30099800399201593,1
7,2,Flow301,3,0.30099800399201593,1
7,2,Flow301,4,0.24945581273994577,1
7,2,Flow301,5,0.2735964052257298,1
7,2,Flow301,6,2.9583333333333335,1
7,2,Flow301,7,0.21006289308176096,1
7,2,Flow301,8,0.21006289308176118,1
7,2,Flow301,9,0.15006289308176113,1
7,2,Flow301,10,0.22779588272372298,1
7,2,Flow301,11,0.22779588272372298,1
7,2,Flow301,12,0.38833954036159923,1
7,2,Flow301,13,0.38833954036159923,1
7,2,Flow301,14,0.6855129551820736,1
7,2,Flow301,15,0.8547865824651539,1
7,2,Flow301,16,0.8407362945178071,1
7,2,Flow301,17,0.8647058823529411,1
7,2,Flow301,18,0.8307436182019977,1
7,2,Flow301,19,0.8602040816326532,1
7,2,Flow301,20,0.21938775510204067,1
7,2,Flow301,21,0.27370669197911734,1
7,2,Flow301,22,0.27370669197911734,1
7,2,Flow301,23,0.46802350945377746,1
7,2,Flow301,24,0.4223897305053099,1
8,2,Flow301,1,5.0,1
8,2,Flow301,2,1.6,1
8,2,Flow301,3,0.3433938893476465,1
8,2,Flow301,4,0.16798071207873755,1
8,2,Flow301,5,0.16798071207873755,1
8,2,Flow301,6,0.1894455590987727,1
8,2,Flow301,7,0.1765666508867516,1
8,2,Flow301,8,0.2743589743589743,1
8,2,Flow301,9,0.26969696969696977,1
8,2,Flow301,10,0.34632034632034614,1
8,2,Flow301,11,0.3187950937950934,1
8,2,Flow301,12,0.3187950937950934,1
8,2,Flow301,13,0.3187950937950934,1
8,2,Flow301,14,0.2498047549934339,1
8,2,Flow301,15,0.2498047549934339,1
8,2,Flow301,16,0.2611111111111113,1
8,2,Flow301,17,0.26111111111111107,1
8,2,Flow301,18,0.26111111111111107,1
8,2,Flow301,19,0.2563218390804598,1
8,2,Flow301,20,0.2563218390804598,1
8,2,Flow301,21,0.6325977306029882,1
8,2,Flow301,22,0.6325977306029882,1
8,2,Flow301,23,0.29047619047619055,1
8,2,Flow301,24,0.29047619047619055,1
9,3,Flow301,1,5.0,1
9,3,Flow301,2,1.1904761904761905,1
9,3,Flow301,3,0.7694235588972429,1
9,3,Flow301,4,0.30165649520488214,1
9,3,Flow301,5,0.25464370145221205,1
9,3,Flow301,6,0.3046594982078852,1
9,3,Flow301,7,0.30893300248138944,1
9,3,Flow301,8,0.2622377622377623,1
9,3,Flow301,9,0.5755079705428143,1
9,3,Flow301,10,0.45190672422815314,1
9,3,Flow301,11,0.3355104015481374,1
9,3,Flow301,12,0.3355104015481374,1
9,3,Flow301,13,0.4168129274344854,1
9,3,Flow301,14,0.43356643356643354,1
9,3,Flow301,15,0.8028619625988048,1
9,3,Flow301,16,0.21150762527233158,1
9,3,Flow301,17,0.21365740740740735,1
9,3,Flow301,18,0.26689814814814805,1
9,3,Flow301,19,0.13970524113973326,1
9,3,Flow301,20,0.15861317007056286,1
9,3,Flow301,21,0.15861317007056286,1
9,3,Flow301,22,0.2151726347479317,1
9,3,Flow301,23,0.1870370370370369,1
9,3,Flow301,24,0.1870370370370369,1
10,3,Flow301,1,5.0,1
10,3,Flow301,2,5.0,1
10,3,Flow301,3,0.2886792452830189,1
10,3,Flow301,4,0.6234031681144612,1
10,3,Flow301,5,0.26950117174422505,1
10,3,Flow301,6,0.17227534856558857,1
10,3,Flow301,7,0.22903412377096588,1
10,3,Flow301,8,0.22903412377096588,1
10,3,Flow301,9,0.2723998847594351,1
10,3,Flow301,10,0.22644061247162206,1
10,3,Flow301,11,1.1710610476565084,1
10,3,Flow301,12,0.6639012954762027,1
10,3,Flow301,13,0.6639012954762027,1
10,3,Flow301,14,0.47885118320645725,1
10,3,Flow301,15,1.0779431496110474,1
10,3,Flow301,16,1.0779431496110474,1
10,3,Flow301,17,0.16287878787878807,1
10,3,Flow301,18,0.16287878787878807,1
10,3,Flow301,19,0.1658902691511388,1
10,3,Flow301,20,1.679779158040028,1
10,3,Flow301,21,1.7294685990338166,1
10,3,Flow301,22,4.269230769230769,1
10,3,Flow301,23,4.269230769230769,1
10,3,Flow301,24,1.7127776662982361,1
11,3,Flow301,1,5.0,1
11,3,Flow301,2,5.0,1
11,3,Flow301,3,0.2411854879918245,1
11,3,Flow301,4,0.21964326032964543,1
11,3,Flow301,5,0.21964326032964543,1
11,3,Flow301,6,0.21964326032964543,1
11,3,Flow301,7,0.17467823813944827,1
11,3,Flow301,8,0.2275744518639251,1
11,3,Flow301,9,0.2275744518639251,1
11,3,Flow301,10,0.33659767600820256,1
11,3,Flow301,11,0.3776803118908383,1
11,3,Flow301,12,0.3573003153043901,1
11,3,Flow301,13,0.3573003153043901,1
11,3,Flow301,14,0.1584210526315788,1
11,3,Flow301,15,0.1584210526315788,1
11,3,Flow301,16,0.186855962492245,1
11,3,Flow301,17,0.14165569205950312,1
11,3,Flow301,18,0.14165569205950312,1
11,3,Flow301,19,0.1444187336156486,1
11,3,Flow301,20,0.1444187336156486,1
11,3,Flow301,21,0.1444187336156486,1
11,3,Flow301,22,0.12313242699001714,1
11,3,Flow301,23,0.12313242699001714,1
11,3,Flow301,24,0.14439507860560452,1
12,3,Flow301,1,5.0,1
12,3,Flow301,2,1.7333333333333334,1
12,3,Flow301,3,0.4048484848484848,1
12,3,Flow301,4,0.4048484848484848,1
12,3,Flow301,5,0.2118326118326117,1
12,3,Flow301,6,0.17086999022482896,1
12,3,Flow301,7,0.17086999022482896,1
12,3,Flow301,8,0.3193548387096774,1
12,3,Flow301,9,0.4999999999999998,1
12,3,Flow301,10,0.4531420765027323,1
12,3,Flow301,11,0.4531420765027323,1
12,3,Flow301,12,0.33740947470120464,1
12,3,Flow301,13,0.33740947470120464,1
12,3,Flow301,14,0.5185618054262122,1
12,3,Flow301,15,0.5185618054262122,1
12,3,Flow301,16,0.44051282774597733,1
12,3,Flow301,17,0.7076659216489727,1
12,3,Flow301,18,0.6979390009543733,1
12,3,Flow301,19,0.6687857249617251,1
12,3,Flow301,20,0.1727005870841487,1
12,3,Flow301,21,0.20365296803653,1
12,3,Flow301,22,0.19824561403508767,1
12,3,Flow301,23,0.16729323308270683,1
12,3,Flow301,24,0.16729323308270683,1
13,4,Flow301,1,5.0,1
13,4,Flow301,2,2.1333333333333333,1
13,4,Flow301,3,0.32352941176470584,1
13,4,Flow301,4,0.19019607843137276,1
13,4,Flow301,5,0.1324483775811207,1
13,4,Flow301,6,0.1324483775811207,1
13,4,Flow301,7,0.19019607843137276,1
13,4,Flow301,8,0.14879725085910667,1
13,4,Flow301,9,0.14879725085910667,1
13,4,Flow301,10,0.28213058419243997,1
13,4,Flow301,11,0.2154639175257731,1
13,4,Flow301,12,0.2154639175257731,1
13,4,Flow301,13,0.2154639175257731,1
13,4,Flow301,14,0.2568627450980394,1
13,4,Flow301,15,0.2568627450980394,1
13,4,Flow301,16,0.24183006535947693,1
13,4,Flow301,17,0.3825788940678645,1
13,4,Flow301,18,0.24183006535947693,1
13,4,Flow301,19,0.24183006535947693,1
13,4,Flow301,20,0.17971887550200805,1
13,4,Flow301,21,0.26962908873604796,1
13,4,Flow301,22,0.16345432404981763,1
13,4,Flow301,23,0.16345432404981763,1
13,4,Flow301,24,0.16345432404981763,1
14,4,Flow301,1,5.0,1
14,4,Flow301,2,1.6,1
14,4,Flow301,3,1.4833333333333334,1
14,4,Flow301,4,0.21126707731185368,1
14,4,Flow301,5,0.24814814814814823,1
14,4,Flow301,6,0.24814814814814823,1
14,4,Flow301,7,0.2365835222978081,1
14,4,Flow301,8,0.26151229722658287,1
14,4,Flow301,9,0.1886078717201165,1
14,4,Flow301,10,0.1320486913607497,1
14,4,Flow301,11,0.1320486913607497,1
14,4,Flow301,12,0.21351073692650768,1
14,4,Flow301,13,0.36429608127721336,1
14,4,Flow301,14,0.4076923076923078,1
14,4,Flow301,15,0.24449541284403686,1
14,4,Flow301,16,0.24449541284403686,1
14,4,Flow301,17,0.24449541284403686,1
14,4,Flow301,18,0.23404915178801966,1
14,4,Flow301,19,0.6462432378280905,1
14,4,Flow301,20,0.579235880398671,1
14,4,Flow301,21,0.5486687147977469,1
14,4,Flow301,22,0.5524020039945994,1
14,4,Flow301,23,0.16651786505110633,1
14,4,Flow301,24,0.11689708141321042,1
15,4,Flow301,1,5.0,1
15,4,Flow301,2,1.8511111111111112,1
15,4,Flow301,3,0.6008734653610055,1
15,4,Flow301,4,0.21167464114832546,1
15,4,Flow301,5,0.21167464114832546,1
15,4,Flow301,6,0.2533333333333334,1
15,4,Flow301,7,0.20976645435244157,1
15,4,Flow301,8,0.14309978768577492,1
15,4,Flow301,9,0.39146030860754744,1
15,4,Flow301,10,0.8606060606060606,1
15,4,Flow301,11,0.22336977007161707,1
15,4,Flow301,12,0.22336977007161707,1
15,4,Flow301,13,0.2792349726775958,1
15,4,Flow301,14,0.2792349726775958,1
15,4,Flow301,15,0.2706666666666666,1
15,4,Flow301,16,0.26747967479674806,1
15,4,Flow301,17,0.27333333333333343,1
15,4,Flow301,18,0.27333333333333343,1
15,4,Flow301,19,0.16388888888888875,1
15,4,Flow301,20,0.3113730472426124,1
15,4,Flow301,21,0.29873033470594423,1
15,4,Flow301,22,0.29873033470594423,1
15,4,Flow301,23,0.2717948717948717,1
15,4,Flow301,24,0.20650406504065044,1
16,4,Flow301,1,5.0,1
16,4,Flow301,2,1.4722222222222223,1
16,4,Flow301,3,0.6167951188182401,1
16,4,Flow301,4,0.34953703703703654,1
16,4,Flow301,5,0.34953703703703654,1
16,4,Flow301,6,0.34953703703703654,1
16,4,Flow301,7,0.3999999999999997,1
16,4,Flow301,8,0.3072463768115943,1
16,4,Flow301,9,0.2251950947603123,1
16,4,Flow301,10,0.13638843426077463,1
16,4,Flow301,11,0.13638843426077463,1
16,4,Flow301,12,0.13638843426077463,1
16,4,Flow301,13,0.2251950947603123,1
16,4,Flow301,14,0.22011766394030707,1
16,4,Flow301,15,0.3128712871287127,1
16,4,Flow301,16,0.202048776306202,1
16,4,Flow301,17,0.20712620712620722,1
16,4,Flow301,18,0.2891774891774892,1
16,4,Flow301,19,0.5692652329749104,1
16,4,Flow301,20,0.5111842105263154,1
16,4,Flow301,21,0.8849842767295598,1
16,4,Flow301,22,0.5382038905952902,1
16,4,Flow301,23,1.0654088050314465,1
16,4,Flow301,24,0.3625089605734768,1
17,5,Flow301,1,5.0,1
17,5,Flow301,2,1.6666666666666665,1
17,5,Flow301,3,0.7782608695652176,1
17,5,Flow301,4,0.6296950568141906,1
17,5,Flow301,5,0.6623099493198179,1
17,5,Flow301,6,0.645773559920547,1
17,5,Flow301,7,0.3460841189267585,1
17,5,Flow301,8,0.3460841189267585,1
17,5,Flow301,9,0.27743058062530945,1
17,5,Flow301,10,0.2595138987331991,1
17,5,Flow301,11,1.7164041308233773,1
17,5,Flow301,12,1.7164041308233773,1
17,5,Flow301,13,0.300709219858156,1
17,5,Flow301,14,0.28091755319148914,1
17,5,Flow301,15,1.4984284532671626,1
17,5,Flow301,16,1.4984284532671626,1
17,5,Flow301,17,1.423330701556508,1
17,5,Flow301,18,0.9776302451033634,1
17,5,Flow301,19,1.052727996814018,1
17,5,Flow301,20,1.6185463859761464,1
17,5,Flow301,21,0.6575963718820859,1
17,5,Flow301,22,0.4214226633581468,1
17,5,Flow301,23,0.4214226633581468,1
17,5,Flow301,24,0.48835784313725483,1
18,5,Flow301,1,5.0,1
18,5,Flow301,2,2.0217391304347827,1
18,5,Flow301,3,0.8146370763783506,1
18,5,Flow301,4,0.3650793650793651,1
18,5,Flow301,5,0.3161002232696597,1
18,5,Flow301,6,0.268765341188022,1
18,5,Flow301,7,0.40952380952380985,1
18,5,Flow301,8,0.30297826367389025,1
18,5,Flow301,9,0.2123655913978495,1
18,5,Flow301,10,0.18089430894308922,1
18,5,Flow301,11,0.2057823129251699,1
18,5,Flow301,12,0.2057823129251699,1
18,5,Flow301,13,0.5326754385964914,1
18,5,Flow301,14,0.32062146892655363,1
18,5,Flow301,15,0.5768115942028986,1
18,5,Flow301,16,0.6000000000000001,1
18,5,Flow301,17,0.6000000000000001,1
18,5,Flow301,18,0.6000000000000001,1
18,5,Flow301,19,0.6965552178318135,1
18,5,Flow301,20,0.6965552178318135,1
18,5,Flow301,21,0.6670811458045498,1
18,5,Flow301,22,0.6930689877498386,1
18,5,Flow301,23,0.6333333333333337,1
18,5,Flow301,24,0.5309523809523808,1
19,5,Flow301,1,5.0,1
19,5,Flow301,2,5.0,1
19,5,Flow301,3,0.44385964912280684,1
19,5,Flow301,4,0.43891797556719014,1
19,5,Flow301,5,0.43645833333333295,1
19,5,Flow301,6,0.43645833333333295,1
19,5,Flow301,7,0.4364583333333334,1
19,5,Flow301,8,0.5770468253968257,1
19,5,Flow301,9,0.5666666666666664,1
19,5,Flow301,10,0.5666666666666664,1
19,5,Flow301,11,0.5666666666666664,1
19,5,Flow301,12,0.5666666666666664,1
19,5,Flow301,13,0.5666666666666664,1
19,5,Flow301,14,0.5666666666666664,1
19,5,Flow301,15,0.6410256410256414,1
19,5,Flow301,16,0.4440383905500189,1
19,5,Flow301,17,0.4380952380952383,1
19,5,Flow301,18,0.6458333333333335,1
19,5,Flow301,19,0.6458333333333335,1
19,5,Flow301,20,0.6458333333333335,1
19,5,Flow301,21,0.5933333333333337,1
19,5,Flow301,22,0.14483462199312713,1
19,5,Flow301,23,0.14483462199312713,1
19,5,Flow301,24,0.14483462199312713,1
20,5,Flow301,1,5.0,1
20,5,Flow301,2,0.8944444444444444,1
20,5,Flow301,3,0.49444444444444446,1
20,5,Flow301,4,0.40256410256410247,1
20,5,Flow301,5,0.21238479262672838,1
20,5,Flow301,6,0.21238479262672838,1
20,5,Flow301,7,0.3692307692307688,1
20,5,Flow301,8,0.3272867757242759,1
20,5,Flow301,9,0.3263736263736261,1
20,5,Flow301,10,0.40256410256410247,1
20,5,Flow301,11,0.40256410256410247,1
20,5,Flow301,12,0.3655234836085901,1
20,5,Flow301,13,0.521906462331994,1
20,5,Flow301,14,0.521906462331994,1
20,5,Flow301,15,0.36923076923076925,1
20,5,Flow301,16,0.36923076923076925,1
20,5,Flow301,17,0.36923076923076925,1
20,5,Flow301,18,0.36923076923076925,1
20,5,Flow301,19,0.36923076923076925,1
20,5,Flow301,20,0.36923076923076925,1
20,5,Flow301,21,0.36923076923076925,1
20,5,Flow301,22,0.36923076923076925,1
20,5,Flow301,23,0.36923076923076925,1
20,5,Flow301,24,0.36923076923076925,1
1,1,Flow302,1,5.0,2
1,1,Flow302,2,2.75,2
1,1,Flow302,3,0.48076923076923084,2
1,1,Flow302,4,0.4046822742474916,2
1,1,Flow302,5,0.4555732037746427,2
1,1,Flow302,6,0.4555732037746427,2
1,1,Flow302,7,0.3490130972145362,2
1,1,Flow302,8,0.47721822541966397,2
1,1,Flow302,9,0.47721822541966397,2
1,1,Flow302,10,1.8011175964888468,2
1,1,Flow302,11,1.8011175964888468,2
1,1,Flow302,12,0.9854136776661884,2
1,1,Flow302,13,1.051321138211382,2
1,1,Flow302,14,0.6579301075268815,2
1,1,Flow302,15,0.8280590717299576,2
1,1,Flow302,16,0.8280590717299576,2
1,1,Flow302,17,0.6828115971479973,2
1,1,Flow302,18,0.6828115971479973,2
1,1,Flow302,19,0.6830484371267165,2
1,1,Flow302,20,1.0847619047619048,2
1,1,Flow302,21,1.0847619047619048,2
1,1,Flow302,22,2.574149659863946,2
1,1,Flow302,23,1.8622077845021954,2
1,1,Flow302,24,1.7212916814999408,2
2,1,Flow302,1,5.0,2
2,1,Flow302,2,2.8333333333333335,2
2,1,Flow302,3,0.47500000000000053,2
2,1,Flow302,4,0.4068965517241381,2
2,1,Flow302,5,0.24363636363636365,2
2,1,Flow302,6,0.3148894348894351,2
2,1,Flow302,7,0.3148894348894351,2
2,1,Flow302,8,0.6572419541691388,2
2,1,Flow302,9,0.6572419541691388,2
2,1,Flow302,10,0.34918478260869534,2
2,1,Flow302,11,0.4766524520255859,2
2,1,Flow302,12,0.2288288288288287,2
2,1,Flow302,13,0.22882882882882916,2
2,1,Flow302,14,0.36650005055506263,2
2,1,Flow302,15,0.3809121621621623,2
2,1,Flow302,16,0.43614774748073515,2
2,1,Flow302,17,0.5126398450946641,2
2,1,Flow302,18,0.5126398450946641,2
2,1,Flow302,19,0.9589215104910025,2
2,1,Flow302,20,1.2883194322505123,2
2,1,Flow302,21,0.6324345995528531,2
2,1,Flow302,22,0.8632478632478637,2
2,1,Flow302,23,0.7420634920634921,2
2,1,Flow302,24,0.6132560920750905,2
3,1,Flow302,1,5.0,2
3,1,Flow302,2,4.1,2
3,1,Flow302,3,0.34553571428571406,2
3,1,Flow302,4,0.3202263779527561,2
3,1,Flow302,5,0.37337662337662314,2
3,1,Flow302,6,0.39564565867296464,2
3,1,Flow302,7,0.425633016390091,2
3,1,Flow302,8,0.39564565867296464,2
3,1,Flow302,9,0.39564565867296464,2
3,1,Flow302,10,0.39564565867296464,2
3,1,Flow302,11,0.3521452145214523,2
3,1,Flow302,12,0.44761904761904736,2
3,1,Flow302,13,0.6334033613445373,2
3,1,Flow302,14,0.6564648586707409,2
3,1,Flow302,15,0.6219696969696971,2
3,1,Flow302,16,0.4944444444444449,2
3,1,Flow302,17,0.411111111111111,2
3,1,Flow302,18,0.3624999999999998,2
3,1,Flow302,19,0.37310606060606055,2
3,1,Flow302,20,0.37777777777777777,2
3,1,Flow302,21,0.4468173050427118,2
3,1,Flow302,22,0.6122044241037377,2
3,1,Flow302,23,0.766666666666667,2
3,1,Flow302,24,0.9778613199665829,2
4,1,Flow302,1,5.0,2
4,1,Flow302,2,1.5588235294117645,2
4,1,Flow302,3,0.5,2
4,1,Flow302,4,0.3120587316463608,2
4,1,Flow302,5,0.40200794177916954,2
4,1,Flow302,6,0.40200794177916954,2
4,1,Flow302,7,0.4459953283808211,2
4,1,Flow302,8,0.262647497626475,2
4,1,Flow302,9,0.262647497626475,2
4,1,Flow302,10,0.28111924441476566,2
4,1,Flow302,11,0.38095238095238093,2
4,1,Flow302,12,0.28835978835978837,2
4,1,Flow302,13,0.19288595526219243,2
4,1,Flow302,14,0.19288595526219243,2
4,1,Flow302,15,0.28835978835978837,2
4,1,Flow302,16,0.2832512315270934,2
4,1,Flow302,17,0.18777739842949792,2
4,1,Flow302,18,0.2616690240452617,2
4,1,Flow302,19,0.8000000000000003,2
4,1,Flow302,20,0.8000000000000003,2
4,1,Flow302,21,0.31428571428571406,2
4,1,Flow302,22,0.5726152857282276,2
4,1,Flow302,23,0.677777777777778,2
4,1,Flow302,24,2.708333333333333,2
5,2,Flow302,1,5.0,2
5,2,Flow302,2,0.5764705882352938,2
5,2,Flow302,3,0.443137254901961,2
5,2,Flow302,4,0.37777777777777777,2
5,2,Flow302,5,0.37777777777777777,2
5,2,Flow302,6,0.25228758169934595,2
5,2,Flow302,7,0.2929292929292928,2
5,2,Flow302,8,0.2555663013109819,2
5,2,Flow302,9,0.29292929292929326,2
5,2,Flow302,10,1.748148148148148,2
5,2,Flow302,11,2.2818181818181817,2
5,2,Flow302,12,3.0166666666666666,2
5,2,Flow302,13,0.38035527690700155,2
5,2,Flow302,14,0.38035527690700155,2
5,2,Flow302,15,0.2234234234234238,2
5,2,Flow302,16,0.411111111111111,2
5,2,Flow302,17,1.7133333333333334,2
5,2,Flow302,18,2.9400000000000004,2
5,2,Flow302,19,1.9700000000000002,2
5,2,Flow302,20,1.3162962962962963,2
5,2,Flow302,21,0.5794202898550724,2
5,2,Flow302,22,0.5794202898550724,2
5,2,Flow302,23,1.3962962962962964,2
5,2,Flow302,24,1.3962962962962964,2
6,2,Flow302,1,5.0,2
6,2,Flow302,2,2.7333333333333334,2
6,2,Flow302,3,0.5555555555555554,2
6,2,Flow302,4,0.33043478260869596,2
6,2,Flow302,5,0.2967741935483872,2
6,2,Flow302,6,0.2967741935483872,2
6,2,Flow302,7,0.1929280397022337,2
6,2,Flow302,8,0.2325174825174825,2
6,2,Flow302,9,0.3363636363636364,2
6,2,Flow302,10,0.41428571428571415,2
6,2,Flow302,11,1.5753968253968256,2
6,2,Flow302,12,1.5753968253968256,2
6,2,Flow302,13,0.5886446886446888,2
6,2,Flow302,14,0.5886446886446888,2
6,2,Flow302,15,0.477707963919513,2
6,2,Flow302,16,0.45798319327731085,2
6,2,Flow302,17,0.45798319327731085,2
6,2,Flow302,18,0.6305999373433582,2
6,2,Flow302,19,0.5185185185185188,2
6,2,Flow302,20,1.5661375661375665,2
6,2,Flow302,21,0.5555555555555555,2
6,2,Flow302,22,0.5555555555555555,2
6,2,Flow302,23,1.6865079365079367,2
6,2,Flow302,24,1.346078431372549,2
7,2,Flow302,1,5.0,2
7,2,Flow302,2,0.35897435897435903,2
7,2,Flow302,3,0.5208791208791212,2
7,2,Flow302,4,0.48873873873873874,2
7,2,Flow302,5,0.9718850503164227,2
7,2,Flow302,6,0.30980392156862724,2
7,2,Flow302,7,0.5999999999999996,2
7,2,Flow302,8,3.85,2
7,2,Flow302,9,3.166666666666667,2
7,2,Flow302,10,2.6333333333333333,2
7,2,Flow302,11,2.6333333333333333,2
7,2,Flow302,12,2.6333333333333333,2
7,2,Flow302,13,0.33416084914121,2
7,2,Flow302,14,0.321046643913538,2
7,2,Flow302,15,0.32104664391353843,2
7,2,Flow302,16,0.7541666666666669,2
7,2,Flow302,17,0.7541666666666669,2
7,2,Flow302,18,0.5222943722943723,2
7,2,Flow302,19,0.5770833333333334,2
7,2,Flow302,20,0.5079234972677595,2
7,2,Flow302,21,0.5770833333333334,2
7,2,Flow302,22,0.5770833333333334,2
7,2,Flow302,23,1.5166666666666666,2
7,2,Flow302,24,1.5166666666666666,2
8,2,Flow302,1,5.0,2
8,2,Flow302,2,5.0,2
8,2,Flow302,3,0.28148148148148167,2
8,2,Flow302,4,0.5572892389791564,2
8,2,Flow302,5,1.2467341790252073,2
8,2,Flow302,6,0.3042128603104213,2
8,2,Flow302,7,1.2467341790252073,2
8,2,Flow302,8,0.46297079221381,2
8,2,Flow302,9,0.5000000000000004,2
8,2,Flow302,10,3.1724137931034484,2
8,2,Flow302,11,0.7890804597701151,2
8,2,Flow302,12,0.7890804597701151,2
8,2,Flow302,13,0.47241379310344844,2
8,2,Flow302,14,0.45412698412698416,2
8,2,Flow302,15,0.5929955490518868,2
8,2,Flow302,16,0.6096762653237062,2
8,2,Flow302,17,0.6096762653237062,2
8,2,Flow302,18,0.5472818311874108,2
8,2,Flow302,19,0.5472818311874108,2
8,2,Flow302,20,0.6227272727272728,2
8,2,Flow302,21,1.9166666666666667,2
8,2,Flow302,22,1.8944444444444446,2
8,2,Flow302,23,1.8500000000000003,2
8,2,Flow302,24,1.0055555555555555,2
9,3,Flow302,1,5.0,2
9,3,Flow302,2,3.05,2
9,3,Flow302,3,0.5576036866359448,2
9,3,Flow302,4,0.2459200211065884,2
9,3,Flow302,5,0.2857131284327865,2
9,3,Flow302,6,0.24071146245059305,2
9,3,Flow302,7,0.38165875045670417,2
9,3,Flow302,8,0.38165875045670417,2
9,3,Flow302,9,0.23230990592141687,2
9,3,Flow302,10,0.18892307692307675,2
9,3,Flow302,11,0.18892307692307675,2
9,3,Flow302,12,0.3052204603214381,2
9,3,Flow302,13,0.22450646698434307,2
9,3,Flow302,14,0.20702034485904575,2
9,3,Flow302,15,0.26387298282144744,2
9,3,Flow302,16,0.28635080076426656,2
9,3,Flow302,17,0.7282437101386519,2
9,3,Flow302,18,0.5908661326571774,2
9,3,Flow302,19,0.5908661326571774,2
9,3,Flow302,20,0.703472222222222,2
9,3,Flow302,21,0.4556401384083044,2
9,3,Flow302,22,2.869409439090685,2
9,3,Flow302,23,2.812251216275984,2
9,3,Flow302,24,0.21084566254345516,2
10,3,Flow302,1,5.0,2
10,3,Flow302,2,2.1166666666666667,2
10,3,Flow302,3,0.2562678062678061,2
10,3,Flow302,4,0.3047336057116916,2
10,3,Flow302,5,0.2622457541301393,2
10,3,Flow302,6,0.20159430190841876,2
10,3,Flow302,7,0.20159430190841876,2
10,3,Flow302,8,0.23477926324901421,2
10,3,Flow302,9,0.2963962658581796,2
10,3,Flow302,10,0.2602165412468356,2
10,3,Flow302,11,0.2602165412468356,2
10,3,Flow302,12,0.7119843788137663,2
10,3,Flow302,13,0.6634992458521873,2
10,3,Flow302,14,0.47497995822484995,2
10,3,Flow302,15,0.4205516052574878,2
10,3,Flow302,16,0.4205516052574878,2
10,3,Flow302,17,0.3404761904761906,2
10,3,Flow302,18,0.5278551836707224,2
10,3,Flow302,19,0.5278551836707224,2
10,3,Flow302,20,0.5278551836707224,2
10,3,Flow302,21,0.43141160027952496,2
10,3,Flow302,22,0.5131726065688333,2
10,3,Flow302,23,0.4761812252827313,2
10,3,Flow302,24,0.4874257925982062,2
11,3,Flow302,1,5.0,2
11,3,Flow302,2,0.46666666666666634,2
11,3,Flow302,3,0.5499999999999998,2
11,3,Flow302,4,0.5682950727883536,2
11,3,Flow302,5,0.4284134922447289,2
11,3,Flow302,6,0.45681536585539906,2
11,3,Flow302,7,0.28758694489031544,2
11,3,Flow302,8,0.2695494268527976,2
11,3,Flow302,9,0.2562586240883107,2
11,3,Flow302,10,0.2562586240883107,2
11,3,Flow302,11,0.3018726591760297,2
11,3,Flow302,12,0.3018726591760301,2
11,3,Flow302,13,0.28239638059104344,2
11,3,Flow302,14,0.19707011148004128,2
11,3,Flow302,15,0.29261597639706505,2
11,3,Flow302,16,0.25120504721809533,2
11,3,Flow302,17,0.3018726591760301,2
11,3,Flow302,18,0.3018726591760301,2
11,3,Flow302,19,0.2313884521753371,2
11,3,Flow302,20,0.41494252873563253,2
11,3,Flow302,21,0.4149425287356321,2
11,3,Flow302,22,0.4149425287356321,2
11,3,Flow302,23,0.9666666666666668,2
11,3,Flow302,24,0.9666666666666668,2
12,3,Flow302,1,5.0,2
12,3,Flow302,2,2.8833333333333333,2
12,3,Flow302,3,0.33968253968253936,2
12,3,Flow302,4,0.46567522101721615,2
12,3,Flow302,5,0.4376915620485389,2
12,3,Flow302,6,0.35850466884465515,2
12,3,Flow302,7,0.35850466884465515,2
12,3,Flow302,8,0.27112602806795705,2
12,3,Flow302,9,0.33070237405206937,2
12,3,Flow302,10,0.4172952084497301,2
12,3,Flow302,11,0.2593629446351131,2
12,3,Flow302,12,0.21481876332622596,2
12,3,Flow302,13,0.23466003316749573,2
12,3,Flow302,14,0.23466003316749573,2
12,3,Flow302,15,0.199268130405855,2
12,3,Flow302,16,0.1794268605645848,2
12,3,Flow302,17,0.2430555555555558,2
12,3,Flow302,18,0.24305555555555536,2
12,3,Flow302,19,0.24305555555555536,2
12,3,Flow302,20,0.12929857231533237,2
12,3,Flow302,21,0.17961570593149512,2
12,3,Flow302,22,0.4983333333333335,2
12,3,Flow302,23,0.4983333333333335,2
12,3,Flow302,24,0.4983333333333335,2
13,4,Flow302,1,4.283333333333333,2
13,4,Flow302,2,2.8499999999999996,2
13,4,Flow302,3,0.5806174089068823,2
13,4,Flow302,4,0.5806174089068823,2
13,4,Flow302,5,0.2698511166253099,2
13,4,Flow302,6,0.2698511166253099,2
13,4,Flow302,7,0.2698511166253099,2
13,4,Flow302,8,0.2698511166253099,2
13,4,Flow302,9,0.44052287581699345,2
13,4,Flow302,10,0.44052287581699345,2
13,4,Flow302,11,0.44052287581699345,2
13,4,Flow302,12,0.31647058823529406,2
13,4,Flow302,13,0.2680487804878049,2
13,4,Flow302,14,0.2680487804878049,2
13,4,Flow302,15,0.3164705882352943,2
13,4,Flow302,16,0.31647058823529406,2
13,4,Flow302,17,0.348888888888889,2
13,4,Flow302,18,0.348888888888889,2
13,4,Flow302,19,0.348888888888889,2
13,4,Flow302,20,0.348888888888889,2
13,4,Flow302,21,0.645355964167845,2
13,4,Flow302,22,0.645355964167845,2
13,4,Flow302,23,1.0666666666666664,2
13,4,Flow302,24,0.645355964167845,2
14,4,Flow302,1,5.0,2
14,4,Flow302,2,5.0,2
14,4,Flow302,3,0.3146369047619044,2
14,4,Flow302,4,0.14871794871794863,2
14,4,Flow302,5,0.23313485677502443,2
14,4,Flow302,6,0.26333125612036,2
14,4,Flow302,7,1.9840425531914896,2
14,4,Flow302,8,1.9840425531914896,2
14,4,Flow302,9,0.44765957446808535,2
14,4,Flow302,10,0.45055091185410334,2
14,4,Flow302,11,0.2527992840492841,2
14,4,Flow302,12,0.2858611111111111,2
14,4,Flow302,13,0.40896527068437205,2
14,4,Flow302,14,0.17971887550200782,2
14,4,Flow302,15,0.45872815974585857,2
14,4,Flow302,16,0.2631724137931033,2
14,4,Flow302,17,0.2266009852216746,2
14,4,Flow302,18,0.2266009852216746,2
14,4,Flow302,19,0.22371615312791793,2
14,4,Flow302,20,0.19470729751403382,2
14,4,Flow302,21,0.19470729751403382,2
14,4,Flow302,22,0.6054838709677424,2
14,4,Flow302,23,0.6069549663299663,2
14,4,Flow302,24,0.6069549663299663,2
15,4,Flow302,1,5.0,2
15,4,Flow302,2,2.4,2
15,4,Flow302,3,0.33333333333333304,2
15,4,Flow302,4,0.28695652173913055,2
15,4,Flow302,5,0.286956521739131,2
15,4,Flow302,6,0.45834749792988116,2
15,4,Flow302,7,0.4701133573278615,2
15,4,Flow302,8,0.545099136739748,2
15,4,Flow302,9,0.33461435251304694,2
15,4,Flow302,10,0.33461435251304694,2
15,4,Flow302,11,0.21167434260654594,2
15,4,Flow302,12,0.31330321852060994,2
15,4,Flow302,13,0.4151759834368529,2
15,4,Flow302,14,0.24665639238809978,2
15,4,Flow302,15,0.3010751656431805,2
15,4,Flow302,16,0.3010751656431805,2
15,4,Flow302,17,0.3010751656431805,2
15,4,Flow302,18,0.333843137254902,2
15,4,Flow302,19,0.333843137254902,2
15,4,Flow302,20,0.333843137254902,2
15,4,Flow302,21,0.333843137254902,2
15,4,Flow302,22,0.333843137254902,2
15,4,Flow302,23,0.333843137254902,2
15,4,Flow302,24,0.3011764705882354,2
16,4,Flow302,1,5.0,2
16,4,Flow302,2,1.8333333333333333,2
16,4,Flow302,3,0.23666666666666658,2
16,4,Flow302,4,0.23666666666666658,2
16,4,Flow302,5,0.2071428571428573,2
16,4,Flow302,6,0.2121189717925389,2
16,4,Flow302,7,0.31083895171813847,2
16,4,Flow302,8,0.31083895171813847,2
16,4,Flow302,9,0.21797752808988768,2
16,4,Flow302,10,0.21797752808988768,2
16,4,Flow302,11,0.21797752808988768,2
16,4,Flow302,12,0.148358208955224,2
16,4,Flow302,13,0.2255555555555555,2
16,4,Flow302,14,0.2255555555555555,2
16,4,Flow302,15,0.2255555555555555,2
16,4,Flow302,16,0.16776536312849166,2
16,4,Flow302,17,0.2171598138221551,2
16,4,Flow302,18,0.19034157832744403,2
16,4,Flow302,19,0.19034157832744403,2
16,4,Flow302,20,0.19034157832744403,2
16,4,Flow302,21,0.19034157832744403,2
16,4,Flow302,22,0.26503243858412096,2
16,4,Flow302,23,0.26503243858412096,2
16,4,Flow302,24,0.26503243858412096,2
17,5,Flow302,1,5.0,2
17,5,Flow302,2,0.3666666666666667,2
17,5,Flow302,3,0.24761904761904763,2
17,5,Flow302,4,0.24761904761904763,2
17,5,Flow302,5,0.3815849891467693,2
17,5,Flow302,6,0.4009433962264153,2
17,5,Flow302,7,0.43478260869565233,2
17,5,Flow302,8,0.6751918158567776,2
17,5,Flow302,9,0.6751918158567776,2
17,5,Flow302,10,0.3999999999999999,2
17,5,Flow302,11,0.5833333333333335,2
17,5,Flow302,12,0.43333333333333335,2
17,5,Flow302,13,0.43333333333333335,2
17,5,Flow302,14,0.49487179487179445,2
17,5,Flow302,15,0.49487179487179445,2
17,5,Flow302,16,0.49487179487179445,2
17,5,Flow302,17,0.6333333333333333,2
17,5,Flow302,18,0.4999999999999998,2
17,5,Flow302,19,0.41846153846153866,2
17,5,Flow302,20,0.5,2
17,5,Flow302,21,0.6333333333333329,2
17,5,Flow302,22,0.6333333333333333,2
17,5,Flow302,23,0.6333333333333333,2
17,5,Flow302,24,0.6333333333333333,2
18,5,Flow302,1,5.0,2
18,5,Flow302,2,2.25,2
18,5,Flow302,3,2.142857142857143,2
18,5,Flow302,4,0.4049442657218336,2
18,5,Flow302,5,0.19304669373549865,2
18,5,Flow302,6,0.4998992852501627,2
18,5,Flow302,7,0.3579456063931823,2
18,5,Flow302,8,0.21804838025356954,2
18,5,Flow302,9,0.20016965255157482,2
18,5,Flow302,10,0.1720139824797844,2
18,5,Flow302,11,0.1720139824797844,2
18,5,Flow302,12,0.1607752205865416,2
18,5,Flow302,13,0.1607752205865416,2
18,5,Flow302,14,0.26751370496243343,2
18,5,Flow302,15,0.21488112985409513,2
18,5,Flow302,16,0.4344484091584895,2
18,5,Flow302,17,0.4381213450292396,2
18,5,Flow302,18,0.4381213450292396,2
18,5,Flow302,19,0.3999999999999999,2
18,5,Flow302,20,0.3999999999999999,2
18,5,Flow302,21,0.38124999999999964,2
18,5,Flow302,22,2.141025641025641,2
18,5,Flow302,23,0.3435897435897437,2
18,5,Flow302,24,0.6333333333333333,2
19,5,Flow302,1,5.0,2
19,5,Flow302,2,0.2785714285714289,2
19,5,Flow302,3,0.3360705507382469,2
19,5,Flow302,4,0.34375259146388615,2
19,5,Flow302,5,0.5330024395075927,2
19,5,Flow302,6,1.3333333333333333,2
19,5,Flow302,7,0.46842105263157907,2
19,5,Flow302,8,0.4400110741971206,2
19,5,Flow302,9,0.5234746922024622,2
19,5,Flow302,10,0.38181818181818183,2
19,5,Flow302,11,0.3169533169533172,2
19,5,Flow302,12,0.277056277056277,2
19,5,Flow302,13,0.3169533169533172,2
19,5,Flow302,14,0.3169533169533172,2
19,5,Flow302,15,0.4951351351351345,2
19,5,Flow302,16,0.672466216216216,2
19,5,Flow302,17,0.672466216216216,2
19,5,Flow302,18,0.45833333333333304,2
19,5,Flow302,19,0.4583333333333335,2
19,5,Flow302,20,0.4583333333333335,2
19,5,Flow302,21,0.4583333333333335,2
19,5,Flow302,22,0.6131578947368417,2
19,5,Flow302,23,0.7479166666666663,2
19,5,Flow302,24,0.7635416666666668,2
20,5,Flow302,1,5.0,2
20,5,Flow302,2,0.6868421052631577,2
20,5,Flow302,3,0.26737189689552343,2
20,5,Flow302,4,0.38908875840187207,2
20,5,Flow302,5,0.4770114942528738,2
20,5,Flow302,6,0.4080714182224612,2
20,5,Flow302,7,1.9558823529411766,2
20,5,Flow302,8,0.5989202657807304,2
20,5,Flow302,9,0.4323593073593073,2
20,5,Flow302,10,0.34772950417280324,2
20,5,Flow302,11,0.36357248244434537,2
20,5,Flow302,12,0.31308922558922525,2
20,5,Flow302,13,0.5565789473684215,2
20,5,Flow302,14,0.5565789473684215,2
20,5,Flow302,15,0.3588038612390476,2
20,5,Flow302,16,0.5056190681622086,2
20,5,Flow302,17,0.46666666666666634,2
20,5,Flow302,18,0.5056190681622086,2
20,5,Flow302,19,0.2623871427511739,2
20,5,Flow302,20,0.2623871427511739,2
20,5,Flow302,21,0.2623871427511739,2
20,5,Flow302,22,0.2623871427511739,2
20,5,Flow302,23,0.5056190681622086,2
20,5,Flow302,24,0.5056190681622086,2
1,1,Flow303,1,5.0,3
1,1,Flow303,2,5.0,3
1,1,Flow303,3,0.47499999999999964,3
1,1,Flow303,4,4.35,3
1,1,Flow303,5,1.7586206896551726,3
1,1,Flow303,6,1.4827586206896552,3
1,1,Flow303,7,0.28078817733990125,3
1,1,Flow303,8,0.28078817733990125,3
1,1,Flow303,9,0.29099225897255465,3
1,1,Flow303,10,0.33793103448275863,3
1,1,Flow303,11,0.33793103448275863,3
1,1,Flow303,12,1.8785714285714286,3
1,1,Flow303,13,1.8785714285714286,3
1,1,Flow303,14,1.2000000000000002,3
1,1,Flow303,15,1.8289473684210527,3
1,1,Flow303,16,1.8098911070780406,3
1,1,Flow303,17,1.0969827586206904,3
1,1,Flow303,18,0.9761904761904767,3
1,1,Flow303,19,0.9761904761904767,3
1,1,Flow303,20,1.3333333333333335,3
1,1,Flow303,21,1.3333333333333335,3
1,1,Flow303,22,1.75,3
1,1,Flow303,23,1.75,3
1,1,Flow303,24,1.6590909090909083,3
2,1,Flow303,1,5.0,3
2,1,Flow303,2,5.0,3
2,1,Flow303,3,0.40000000000000036,3
2,1,Flow303,4,1.3249999999999997,3
2,1,Flow303,5,0.856551724137931,3
2,1,Flow303,6,0.856551724137931,3
2,1,Flow303,7,0.7786046511627909,3
2,1,Flow303,8,0.7786046511627909,3
2,1,Flow303,9,1.0266666666666664,3
2,1,Flow303,10,1.0266666666666664,3
2,1,Flow303,11,0.4728429776528045,3
2,1,Flow303,12,0.8432994365613822,3
2,1,Flow303,13,0.8597997138769671,3
2,1,Flow303,14,0.5131330472103004,3
2,1,Flow303,15,0.9166666666666661,3
2,1,Flow303,16,0.9050550144300145,3
2,1,Flow303,17,0.9050550144300145,3
2,1,Flow303,18,1.129103535353535,3
2,1,Flow303,19,1.7275058275058273,3
2,1,Flow303,20,1.7275058275058273,3
2,1,Flow303,21,1.166454081632653,3
2,1,Flow303,22,1.0155084591595416,3
2,1,Flow303,23,1.0155084591595416,3
2,1,Flow303,24,1.0155084591595416,3
3,1,Flow303,1,5.0,3
3,1,Flow303,2,5.0,3
3,1,Flow303,3,0.9916666666666663,3
3,1,Flow303,4,0.6457142857142855,3
3,1,Flow303,5,0.6564285714285716,3
3,1,Flow303,6,0.5663988095238097,3
3,1,Flow303,7,0.4763511187607574,3
3,1,Flow303,8,0.4763511187607574,3
3,1,Flow303,9,0.6717501585288521,3
3,1,Flow303,10,0.3438554216867469,3
3,1,Flow303,11,0.2921686746987948,3
3,1,Flow303,12,0.2999999999999998,3
3,1,Flow303,13,0.30000000000000027,3
3,1,Flow303,14,2.8333333333333335,3
3,1,Flow303,15,2.8333333333333335,3
3,1,Flow303,16,2.3473850574712642,3
3,1,Flow303,17,0.43551877046761067,3
3,1,Flow303,18,0.6544871794871789,3
3,1,Flow303,19,0.4996226415094336,3
3,1,Flow303,20,0.4818181818181819,3
3,1,Flow303,21,0.4658852677720602,3
3,1,Flow303,22,0.8555555555555552,3
3,1,Flow303,23,1.6311688311688304,3
3,1,Flow303,24,1.6311688311688304,3
4,1,Flow303,1,5.0,3
4,1,Flow303,2,2.4333333333333336,3
4,1,Flow303,3,5.0,3
4,1,Flow303,4,0.29883530183727025,3
4,1,Flow303,5,0.3022757897450319,3
4,1,Flow303,6,0.29493668002915463,3
4,1,Flow303,7,0.29493668002915463,3
4,1,Flow303,8,0.4121901839058997,3
4,1,Flow303,9,0.6791208791208789,3
4,1,Flow303,10,0.6791208791208789,3
4,1,Flow303,11,0.5383290816326531,3
4,1,Flow303,12,0.5383290816326531,3
4,1,Flow303,13,0.5383290816326531,3
4,1,Flow303,14,1.8326884920634923,3
4,1,Flow303,15,1.8326884920634923,3
4,1,Flow303,16,0.3555555555555552,3
4,1,Flow303,17,0.611764705882353,3
4,1,Flow303,18,1.7562499999999996,3
4,1,Flow303,19,0.9142857142857146,3
4,1,Flow303,20,0.9142857142857146,3
4,1,Flow303,21,1.8201754385964914,3
4,1,Flow303,22,1.4217948717948716,3
4,1,Flow303,23,1.4624445729708886,3
4,1,Flow303,24,1.4624445729708886,3
5,2,Flow303,1,5.0,3
5,2,Flow303,2,5.0,3
5,2,Flow303,3,3.4833333333333334,3
5,2,Flow303,4,0.5752351097178683,3
5,2,Flow303,5,2.594956413449564,3
5,2,Flow303,6,2.264056224899598,3
5,2,Flow303,7,2.448653198653198,3
5,2,Flow303,8,2.264056224899598,3
5,2,Flow303,9,0.36439636095402017,3
5,2,Flow303,10,0.36439636095402017,3
5,2,Flow303,11,0.36439636095402017,3
5,2,Flow303,12,0.36439636095402017,3
5,2,Flow303,13,0.3886581142383303,3
5,2,Flow303,14,0.4836734693877549,3
5,2,Flow303,15,0.48810051736880977,3
5,2,Flow303,16,0.3964137047710534,3
5,2,Flow303,17,0.48810051736880977,3
5,2,Flow303,18,0.48810051736880977,3
5,2,Flow303,19,0.7053030303030305,3
5,2,Flow303,20,0.5302657833825521,3
5,2,Flow303,21,0.708472344161545,3
5,2,Flow303,22,0.7442724458204335,3
5,2,Flow303,23,2.5138960205391534,3
5,2,Flow303,24,2.524951243295953,3
6,2,Flow303,1,5.0,3
6,2,Flow303,2,1.6136363636363638,3
6,2,Flow303,3,1.8863636363636362,3
6,2,Flow303,4,0.5958944281524925,3
6,2,Flow303,5,0.3015873015873014,3
6,2,Flow303,6,0.30158730158730185,3
6,2,Flow303,7,0.3350107166154137,3
6,2,Flow303,8,0.6799086757990871,3
6,2,Flow303,9,0.2744951383694838,3
6,2,Flow303,10,0.2744951383694838,3
6,2,Flow303,11,0.6268760907504363,3
6,2,Flow303,12,0.6268760907504363,3
6,2,Flow303,13,0.6500916300146611,3
6,2,Flow303,14,0.46001016260162597,3
6,2,Flow303,15,0.46001016260162597,3
6,2,Flow303,16,0.5669211195928758,3
6,2,Flow303,17,0.6422885572139303,3
6,2,Flow303,18,2.3810435435435444,3
6,2,Flow303,19,0.812643678160919,3
6,2,Flow303,20,0.812643678160919,3
6,2,Flow303,21,0.6891472868217052,3
6,2,Flow303,22,1.4239376755468554,3
6,2,Flow303,23,1.4239376755468554,3
6,2,Flow303,24,1.6989906272530644,3
7,2,Flow303,1,5.0,3
7,2,Flow303,2,1.0031055900621113,3
7,2,Flow303,3,1.0031055900621122,3
7,2,Flow303,4,1.4530303030303033,3
7,2,Flow303,5,1.4530303030303033,3
7,2,Flow303,6,1.1607142857142856,3
7,2,Flow303,7,0.8018595041322314,3
7,2,Flow303,8,1.0748736980640787,3
7,2,Flow303,9,1.0748736980640787,3
7,2,Flow303,10,0.9353503905807767,3
7,2,Flow303,11,1.9886363636363638,3
7,2,Flow303,12,1.65625,3
7,2,Flow303,13,2.2333333333333334,3
7,2,Flow303,14,2.2333333333333334,3
7,2,Flow303,15,1.2833333333333334,3
7,2,Flow303,16,1.2000000000000004,3
7,2,Flow303,17,1.0750000000000004,3
7,2,Flow303,18,1.0958333333333334,3
7,2,Flow303,19,0.9083333333333334,3
7,2,Flow303,20,0.9083333333333334,3
7,2,Flow303,21,0.5809523809523809,3
7,2,Flow303,22,0.6166666666666669,3
7,2,Flow303,23,0.7025641025641027,3
7,2,Flow303,24,0.7025641025641032,3
8,2,Flow303,1,5.0,3
8,2,Flow303,2,3.2,3
8,2,Flow303,3,1.4083333333333334,3
8,2,Flow303,4,1.133621541501976,3
8,2,Flow303,5,1.0464091337637846,3
8,2,Flow303,6,0.7734592567616825,3
8,2,Flow303,7,0.7734592567616825,3
8,2,Flow303,8,0.7734592567616825,3
8,2,Flow303,9,0.7734592567616825,3
8,2,Flow303,10,0.7501072322173234,3
8,2,Flow303,11,0.7389830508474571,3
8,2,Flow303,12,0.7389830508474571,3
8,2,Flow303,13,0.7264581572273885,3
8,2,Flow303,14,0.8507185122569743,3
8,2,Flow303,15,0.7688311688311691,3
8,2,Flow303,16,0.8362468671679206,3
8,2,Flow303,17,1.7408789062499999,3
8,2,Flow303,18,1.6439856557377048,3
8,2,Flow303,19,1.0208839470814013,3
8,2,Flow303,20,1.1051505364398175,3
8,2,Flow303,21,1.1051505364398175,3
8,2,Flow303,22,1.0096765490096495,3
8,2,Flow303,23,1.0096765490096495,3
8,2,Flow303,24,1.0096765490096495,3
9,3,Flow303,1,5.0,3
9,3,Flow303,2,1.5333333333333332,3
9,3,Flow303,3,1.6916666666666664,3
9,3,Flow303,4,1.9359649122807019,3
9,3,Flow303,5,2.360526315789474,3
9,3,Flow303,6,0.36178704393149674,3
9,3,Flow303,7,0.36178704393149674,3
9,3,Flow303,8,0.257899698340875,3
9,3,Flow303,9,0.3683510638297869,3
9,3,Flow303,10,0.3999999999999999,3
9,3,Flow303,11,0.2690003256268314,3
9,3,Flow303,12,2.4394736842105265,3
9,3,Flow303,13,0.8400584795321637,3
9,3,Flow303,14,0.4808080808080808,3
9,3,Flow303,15,0.32472084716672267,3
9,3,Flow303,16,2.5485312899106,3
9,3,Flow303,17,0.5096697682904581,3
9,3,Flow303,18,0.3776455026455028,3
9,3,Flow303,19,0.35261637784573585,3
9,3,Flow303,20,0.35261637784573585,3
9,3,Flow303,21,0.35261637784573585,3
9,3,Flow303,22,0.3717295276928305,3
9,3,Flow303,23,0.3776455026455028,3
9,3,Flow303,24,0.28835978835978837,3
10,3,Flow303,1,5.0,3
10,3,Flow303,2,2.1666666666666665,3
10,3,Flow303,3,2.239080459770115,3
10,3,Flow303,4,0.3141830677913151,3
10,3,Flow303,5,0.5666666666666664,3
10,3,Flow303,6,0.6107843137254898,3
10,3,Flow303,7,0.5965773809523802,3
10,3,Flow303,8,0.6250979623824451,3
10,3,Flow303,9,0.48571428571428577,3
10,3,Flow303,10,1.9500000000000002,3
10,3,Flow303,11,1.8868421052631583,3
10,3,Flow303,12,0.2874037726978904,3
10,3,Flow303,13,0.24848484848484853,3
10,3,Flow303,14,0.24848484848484853,3
10,3,Flow303,15,1.512774674512479,3
10,3,Flow303,16,1.512774674512479,3
10,3,Flow303,17,0.38747188148030354,3
10,3,Flow303,18,0.38747188148030354,3
10,3,Flow303,19,0.24725274725274726,3
10,3,Flow303,20,1.2404137529137529,3
10,3,Flow303,21,0.29425287356321794,3
10,3,Flow303,22,0.38747188148030354,3
10,3,Flow303,23,0.38747188148030354,3
10,3,Flow303,24,1.534987880336717,3
11,3,Flow303,1,5.0,3
11,3,Flow303,2,2.7,3
11,3,Flow303,3,0.18735119047618998,3
11,3,Flow303,4,0.5166666666666666,3
11,3,Flow303,5,0.625,3
11,3,Flow303,6,0.23731617647058822,3
11,3,Flow303,7,0.2495506535947709,3
11,3,Flow303,8,0.2495506535947709,3
11,3,Flow303,9,0.2495506535947709,3
11,3,Flow303,10,0.14783496732026125,3
11,3,Flow303,11,0.20437209670608114,3
11,3,Flow303,12,1.6878086558319119,3
11,3,Flow303,13,1.3359260423213914,3
11,3,Flow303,14,1.5351495726495727,3
11,3,Flow303,15,0.3529947916666667,3
11,3,Flow303,16,0.2969065656565655,3
11,3,Flow303,17,0.2921717171717173,3
11,3,Flow303,18,0.36684027777777795,3
11,3,Flow303,19,0.36684027777777795,3
11,3,Flow303,20,0.28333333333333366,3
11,3,Flow303,21,0.2833333333333332,3
11,3,Flow303,22,0.28333333333333366,3
11,3,Flow303,23,0.2791666666666668,3
11,3,Flow303,24,0.5297619047619047,3
12,3,Flow303,1,5.0,3
12,3,Flow303,2,2.3333333333333335,3
12,3,Flow303,3,0.4720779220779221,3
12,3,Flow303,4,0.36406926406926443,3
12,3,Flow303,5,0.24311294765840197,3
12,3,Flow303,6,0.46649449035812696,3
12,3,Flow303,7,0.46649449035812696,3
12,3,Flow303,8,0.113788004631028,3
12,3,Flow303,9,1.803585558391871,3
12,3,Flow303,10,1.803585558391871,3
12,3,Flow303,11,0.1396178092986604,3
12,3,Flow303,12,0.1396178092986604,3
12,3,Flow303,13,0.16723646723646723,3
12,3,Flow303,14,0.45672867919703375,3
12,3,Flow303,15,0.4448717948717946,3
12,3,Flow303,16,0.2448717948717949,3
12,3,Flow303,17,1.0293813713168554,3
12,3,Flow303,18,0.2448717948717949,3
12,3,Flow303,19,0.43256419153365755,3
12,3,Flow303,20,0.43335453774385124,3
12,3,Flow303,21,1.8696428571428574,3
12,3,Flow303,22,1.8696428571428574,3
12,3,Flow303,23,0.20026762187088254,3
12,3,Flow303,24,1.534323347107438,3
13,4,Flow303,1,5.0,3
13,4,Flow303,2,2.611111111111111,3
13,4,Flow303,3,0.14444444444444438,3
13,4,Flow303,4,0.13522727272727275,3
13,4,Flow303,5,0.13522727272727275,3
13,4,Flow303,6,0.11746031746031749,3
13,4,Flow303,7,0.11746031746031749,3
13,4,Flow303,8,0.5030647382920108,3
13,4,Flow303,9,0.4311827956989245,3
13,4,Flow303,10,0.5717948717948718,3
13,4,Flow303,11,0.22051282051282062,3
13,4,Flow303,12,0.5645833333333334,3
13,4,Flow303,13,0.5651282051282049,3
13,4,Flow303,14,0.5651282051282049,3
13,4,Flow303,15,2.5349999999999993,3
13,4,Flow303,16,2.541666666666666,3
13,4,Flow303,17,2.1724999999999994,3
13,4,Flow303,18,2.2528571428571427,3
13,4,Flow303,19,2.555128205128205,3
13,4,Flow303,20,2.555128205128205,3
13,4,Flow303,21,0.17982456140350878,3
13,4,Flow303,22,0.14875709532198056,3
13,4,Flow303,23,0.20000000000000018,3
13,4,Flow303,24,2.3525641025641026,3
14,4,Flow303,1,5.0,3
14,4,Flow303,2,0.9666666666666668,3
14,4,Flow303,3,0.40000000000000036,3
14,4,Flow303,4,0.6500000000000004,3
14,4,Flow303,5,0.4666666666666668,3
14,4,Flow303,6,0.4666666666666668,3
14,4,Flow303,7,0.4644376899696052,3
14,4,Flow303,8,0.3791666666666669,3
14,4,Flow303,9,0.3791666666666669,3
14,4,Flow303,10,0.3689102564102562,3
14,4,Flow303,11,0.36891025641025665,3
14,4,Flow303,12,0.27291666666666625,3
14,4,Flow303,13,0.27291666666666625,3
14,4,Flow303,14,3.064583333333333,3
14,4,Flow303,15,0.3298709847288046,3
14,4,Flow303,16,0.3259250020786564,3
14,4,Flow303,17,0.4491228070175435,3
14,4,Flow303,18,0.4491228070175435,3
14,4,Flow303,19,0.3163037926569978,3
14,4,Flow303,20,0.3163037926569978,3
14,4,Flow303,21,0.35969976755359934,3
14,4,Flow303,22,0.3163037926569978,3
14,4,Flow303,23,0.6007315880538626,3
14,4,Flow303,24,0.584848484848485,3
15,4,Flow303,1,5.0,3
15,4,Flow303,2,2.8333333333333335,3
15,4,Flow303,3,0.44597069597069616,3
15,4,Flow303,4,0.42820512820512846,3
15,4,Flow303,5,0.6016548463356977,3
15,4,Flow303,6,0.6016548463356977,3
15,4,Flow303,7,0.19407987938810245,3
15,4,Flow303,8,0.16303030303030308,3
15,4,Flow303,9,0.16303030303030308,3
15,4,Flow303,10,0.16303030303030308,3
15,4,Flow303,11,0.42666666666666675,3
15,4,Flow303,12,0.29000000000000004,3
15,4,Flow303,13,0.18489370748299327,3
15,4,Flow303,14,0.5021634615384611,3
15,4,Flow303,15,0.5519230769230767,3
15,4,Flow303,16,0.3942028985507249,3
15,4,Flow303,17,0.3942028985507249,3
15,4,Flow303,18,0.5186087570621478,3
15,4,Flow303,19,0.23333333333333361,3
15,4,Flow303,20,0.23333333333333361,3
15,4,Flow303,21,0.23333333333333361,3
15,4,Flow303,22,0.5333333333333334,3
15,4,Flow303,23,0.7344313063063064,3
15,4,Flow303,24,0.7344313063063064,3
16,4,Flow303,1,5.0,3
16,4,Flow303,2,3.3666666666666667,3
16,4,Flow303,3,1.3833333333333333,3
16,4,Flow303,4,1.2833333333333337,3
16,4,Flow303,5,1.2901960784313729,3
16,4,Flow303,6,0.5182503770739064,3
16,4,Flow303,7,0.4174284049284047,3
16,4,Flow303,8,0.47866275880981757,3
16,4,Flow303,9,0.47866275880981757,3
16,4,Flow303,10,0.47866275880981757,3
16,4,Flow303,11,0.3031896373668528,3
16,4,Flow303,12,0.32276174529695645,3
16,4,Flow303,13,2.6597222222222223,3
16,4,Flow303,14,2.693589743589744,3
16,4,Flow303,15,0.5309401709401711,3
16,4,Flow303,16,0.5910256410256411,3
16,4,Flow303,17,0.5910256410256411,3
16,4,Flow303,18,0.5910256410256411,3
16,4,Flow303,19,0.15821330126262878,3
16,4,Flow303,20,0.16897169557120906,3
16,4,Flow303,21,0.26506466784244553,3
16,4,Flow303,22,0.41781045751633994,3
16,4,Flow303,23,0.303841500891636,3
16,4,Flow303,24,0.303841500891636,3
17,5,Flow303,1,5.0,3
17,5,Flow303,2,5.0,3
17,5,Flow303,3,1.0750000000000002,3
17,5,Flow303,4,0.1722222222222225,3
17,5,Flow303,5,0.1722222222222225,3
17,5,Flow303,6,0.1722222222222225,3
17,5,Flow303,7,0.4535584886128361,3
17,5,Flow303,8,0.6333333333333333,3
17,5,Flow303,9,0.8999999999999999,3
17,5,Flow303,10,0.5499999999999998,3
17,5,Flow303,11,2.6166666666666667,3
17,5,Flow303,12,2.814285714285714,3
17,5,Flow303,13,0.4666666666666668,3
17,5,Flow303,14,0.46666666666666634,3
17,5,Flow303,15,0.46666666666666634,3
17,5,Flow303,16,0.5801041543377918,3
17,5,Flow303,17,0.8833333333333333,3
17,5,Flow303,18,0.24444444444444446,3
17,5,Flow303,19,0.24444444444444446,3
17,5,Flow303,20,0.824074074074074,3
17,5,Flow303,21,0.7961309523809521,3
17,5,Flow303,22,0.6755952380952381,3
17,5,Flow303,23,0.9961538461538462,3
17,5,Flow303,24,1.0061538461538464,3
18,5,Flow303,1,5.0,3
18,5,Flow303,2,0.89047619047619,3
18,5,Flow303,3,0.89047619047619,3
18,5,Flow303,4,0.7524096385542172,3
18,5,Flow303,5,0.689855072463768,3
18,5,Flow303,6,0.9107336956521737,3
18,5,Flow303,7,0.5522013614404919,3
18,5,Flow303,8,0.7582251082251088,3
18,5,Flow303,9,0.7582251082251079,3
18,5,Flow303,10,0.6949134199134201,3
18,5,Flow303,11,0.4738727690943354,3
18,5,Flow303,12,0.22967799414534795,3
18,5,Flow303,13,0.46945945571444403,3
18,5,Flow303,14,0.4349584636961916,3
18,5,Flow303,15,0.25546790409899467,3
18,5,Flow303,16,0.18000000000000016,3
18,5,Flow303,17,0.2530045351473924,3
18,5,Flow303,18,0.4962215320910972,3
18,5,Flow303,19,0.4962215320910972,3
18,5,Flow303,20,0.4962215320910972,3
18,5,Flow303,21,0.505612244897959,3
18,5,Flow303,22,0.29761904761904745,3
18,5,Flow303,23,0.49489795918367374,3
18,5,Flow303,24,0.5027210884353734,3
19,5,Flow303,1,5.0,3
19,5,Flow303,2,0.5428571428571427,3
19,5,Flow303,3,0.7345238095238096,3
19,5,Flow303,4,0.2641025641025645,3
19,5,Flow303,5,0.3666666666666667,3
19,5,Flow303,6,0.3666666666666667,3
19,5,Flow303,7,0.49481792717086837,3
19,5,Flow303,8,0.30952380952380976,3
19,5,Flow303,9,0.3438596491228072,3
19,5,Flow303,10,0.3438596491228072,3
19,5,Flow303,11,0.4048914384406608,3
19,5,Flow303,12,0.5634036516160865,3
19,5,Flow303,13,0.5992673992673989,3
19,5,Flow303,14,0.6291125541125542,3
19,5,Flow303,15,0.45674603174603234,3
19,5,Flow303,16,0.5238095238095242,3
19,5,Flow303,17,0.5351334058825317,3
19,5,Flow303,18,0.4587301587301593,3
19,5,Flow303,19,0.4903796653796655,3
19,5,Flow303,20,0.4903796653796655,3
19,5,Flow303,21,0.166392751790982,3
19,5,Flow303,22,0.5380952380952384,3
19,5,Flow303,23,0.604629629629629,3
19,5,Flow303,24,0.33333333333333304,3
20,5,Flow303,1,5.0,3
20,5,Flow303,2,2.6666666666666665,3
20,5,Flow303,3,0.5,3
20,5,Flow303,4,0.3763381995133819,3
20,5,Flow303,5,0.6467653508771933,3
20,5,Flow303,6,0.5902777777777777,3
20,5,Flow303,7,0.20896067854909317,3
20,5,Flow303,8,0.21025641025640995,3
20,5,Flow303,9,0.540852490421456,3
20,5,Flow303,10,0.18193705673758842,3
20,5,Flow303,11,0.19583333333333375,3
20,5,Flow303,12,0.4241800062774641,3
20,5,Flow303,13,0.41666666666666696,3
20,5,Flow303,14,0.5636160714285721,3
20,5,Flow303,15,0.13289760348583846,3
20,5,Flow303,16,1.4401041666666665,3
20,5,Flow303,17,0.19581886574074092,3
20,5,Flow303,18,0.1875,3
20,5,Flow303,19,0.3947368421052633,3
20,5,Flow303,20,0.5214285714285709,3
20,5,Flow303,21,0.43739495798319306,3
20,5,Flow303,22,0.6362871464375224,3
20,5,Flow303,23,0.6362871464375224,3
20,5,Flow303,24,0.6362871464375224,3
1,1,Flow304,1,5.0,4
1,1,Flow304,2,1.8166666666666669,4
1,1,Flow304,3,1.8166666666666669,4
1,1,Flow304,4,3.482638888888889,4
1,1,Flow304,5,2.216666666666667,4
1,1,Flow304,6,0.6541666666666668,4
1,1,Flow304,7,0.6541666666666668,4
1,1,Flow304,8,0.6554948391013968,4
1,1,Flow304,9,0.6554948391013968,4
1,1,Flow304,10,0.6554948391013968,4
1,1,Flow304,11,0.6554948391013968,4
1,1,Flow304,12,0.6541666666666668,4
1,1,Flow304,13,0.3643321439910219,4
1,1,Flow304,14,0.3087406015037595,4
1,1,Flow304,15,0.3087406015037595,4
1,1,Flow304,16,0.30000000000000027,4
1,1,Flow304,17,0.30000000000000027,4
1,1,Flow304,18,0.4621458710066304,4
1,1,Flow304,19,0.14246031746031784,4
1,1,Flow304,20,0.14246031746031784,4
1,1,Flow304,21,0.4621458710066304,4
1,1,Flow304,22,0.4621458710066304,4
1,1,Flow304,23,0.19999999999999973,4
1,1,Flow304,24,0.5374999999999996,4
2,1,Flow304,1,5.0,4
2,1,Flow304,2,2.3125,4
2,1,Flow304,3,2.3125,4
2,1,Flow304,4,1.7174657534246576,4
2,1,Flow304,5,0.9167453944260742,4
2,1,Flow304,6,0.6907894736842106,4
2,1,Flow304,7,0.41578947368421026,4
2,1,Flow304,8,0.6907894736842106,4
2,1,Flow304,9,0.6907894736842106,4
2,1,Flow304,10,0.38245614035087705,4
2,1,Flow304,11,0.757862789699776,4
2,1,Flow304,12,0.7760210619008228,4
2,1,Flow304,13,0.3619433198380566,4
2,1,Flow304,14,0.3619433198380566,4
2,1,Flow304,15,0.3619433198380566,4
2,1,Flow304,16,1.6133333333333324,4
2,1,Flow304,17,1.6133333333333324,4
2,1,Flow304,18,0.882536906254813,4
2,1,Flow304,19,0.882536906254813,4
2,1,Flow304,20,0.3824561403508775,4
2,1,Flow304,21,0.8125,4
2,1,Flow304,22,0.8190340909090907,4
2,1,Flow304,23,0.8190340909090907,4
2,1,Flow304,24,0.3764093137254898,4
3,1,Flow304,1,5.0,4
3,1,Flow304,2,2.316666666666667,4
3,1,Flow304,3,1.9914529914529915,4
3,1,Flow304,4,0.7338903293959476,4
3,1,Flow304,5,0.48538011695906436,4
3,1,Flow304,6,0.352710133542812,4
3,1,Flow304,7,0.3144399460188936,4
3,1,Flow304,8,0.20149664355672936,4
3,1,Flow304,9,0.42982456140350855,4
3,1,Flow304,10,0.19188125894134478,4
3,1,Flow304,11,0.19188125894134478,4
3,1,Flow304,12,0.30482456140350855,4
3,1,Flow304,13,0.30482456140350855,4
3,1,Flow304,14,0.2502145922746779,4
3,1,Flow304,15,0.8168812589413448,4
3,1,Flow304,16,0.9298245614035088,4
3,1,Flow304,17,0.9916666666666667,4
3,1,Flow304,18,0.7825000000000002,4
3,1,Flow304,19,1.0741666666666663,4
3,1,Flow304,20,0.25133928571428577,4
3,1,Flow304,21,0.25133928571428577,4
3,1,Flow304,22,0.1544642857142855,4
3,1,Flow304,23,0.1544642857142855,4
3,1,Flow304,24,0.17499999999999982,4
4,1,Flow304,1,5.0,4
4,1,Flow304,2,5.0,4
4,1,Flow304,3,0.3762962962962959,4
4,1,Flow304,4,0.3343225065616795,4
4,1,Flow304,5,0.5,4
4,1,Flow304,6,0.43333333333333357,4
4,1,Flow304,7,0.2650103519668736,4
4,1,Flow304,8,0.2650103519668736,4
4,1,Flow304,9,0.4173913043478259,4
4,1,Flow304,10,0.5079203109815351,4
4,1,Flow304,11,0.536850094206831,4
4,1,Flow304,12,0.549141028477631,4
4,1,Flow304,13,0.4173913043478259,4
4,1,Flow304,14,0.267391304347826,4
4,1,Flow304,15,0.6320625070156023,4
4,1,Flow304,16,0.6255505454214201,4
4,1,Flow304,17,0.41739130434782634,4
4,1,Flow304,18,0.41739130434782634,4
4,1,Flow304,19,0.41739130434782634,4
4,1,Flow304,20,0.5426273101981121,4
4,1,Flow304,21,0.5426273101981121,4
4,1,Flow304,22,0.5426273101981121,4
4,1,Flow304,23,0.41739130434782634,4
4,1,Flow304,24,0.41739130434782634,4
5,2,Flow304,1,5.0,4
5,2,Flow304,2,2.2916666666666665,4
5,2,Flow304,3,2.2916666666666665,4
5,2,Flow304,4,0.3160728709770586,4
5,2,Flow304,5,0.594699362300861,4
5,2,Flow304,6,0.42630461504078676,4
5,2,Flow304,7,0.3346828609986505,4
5,2,Flow304,8,0.4162679425837319,4
5,2,Flow304,9,0.5886257051029777,4
5,2,Flow304,10,0.5042735042735043,4
5,2,Flow304,11,0.3333333333333335,4
5,2,Flow304,12,0.5884826790057767,4
5,2,Flow304,13,0.7205712256493508,4
5,2,Flow304,14,0.6875000000000002,4
5,2,Flow304,15,0.47244490358126745,4
5,2,Flow304,16,0.5127341597796142,4
5,2,Flow304,17,0.5127341597796142,4
5,2,Flow304,18,0.6875,4
5,2,Flow304,19,0.29606749311294767,4
5,2,Flow304,20,0.29606749311294767,4
5,2,Flow304,21,0.33512268651706956,4
5,2,Flow304,22,1.117357290110332,4
5,2,Flow304,23,0.6131901720410553,4
5,2,Flow304,24,0.6131901720410553,4
6,2,Flow304,1,5.0,4
6,2,Flow304,2,3.033333333333333,4
6,2,Flow304,3,0.5666666666666667,4
6,2,Flow304,4,0.5627450980392157,4
6,2,Flow304,5,0.32941176470588207,4
6,2,Flow304,6,0.5499999999999998,4
6,2,Flow304,7,0.5499999999999998,4
6,2,Flow304,8,0.33333333333333326,4
6,2,Flow304,9,0.21364412568306013,4
6,2,Flow304,10,0.3812500000000001,4
6,2,Flow304,11,0.3812500000000001,4
6,2,Flow304,12,0.3812500000000001,4
6,2,Flow304,13,0.3812500000000001,4
6,2,Flow304,14,0.18388157894736845,4
6,2,Flow304,15,0.18388157894736845,4
6,2,Flow304,16,0.18388157894736845,4
6,2,Flow304,17,0.18388157894736867,4
6,2,Flow304,18,0.18388157894736823,4
6,2,Flow304,19,0.18388157894736823,4
6,2,Flow304,20,0.3812500000000001,4
6,2,Flow304,21,0.3812500000000001,4
6,2,Flow304,22,0.5540868489022814,4
6,2,Flow304,23,0.3812500000000001,4
6,2,Flow304,24,0.3812500000000001,4
7,2,Flow304,1,5.0,4
7,2,Flow304,2,5.0,4
7,2,Flow304,3,0.4333333333333331,4
7,2,Flow304,4,0.199427102927076,4
7,2,Flow304,5,0.25577342047930274,4
7,2,Flow304,6,0.319500716185799,4
7,2,Flow304,7,0.5500000000000003,4
7,2,Flow304,8,0.30748106060606073,4
7,2,Flow304,9,0.30748106060606073,4
7,2,Flow304,10,0.11958041958041976,4
7,2,Flow304,11,0.11958041958041976,4
7,2,Flow304,12,0.11958041958041976,4
7,2,Flow304,13,0.11958041958041976,4
7,2,Flow304,14,0.23108108108108105,4
7,2,Flow304,15,0.23108108108108105,4
7,2,Flow304,16,0.35689655172413803,4
7,2,Flow304,17,0.32934553131597477,4
7,2,Flow304,18,0.35689655172413803,4
7,2,Flow304,19,0.35689655172413803,4
7,2,Flow304,20,0.6023027337682509,4
7,2,Flow304,21,0.6706362612612613,4
7,2,Flow304,22,0.6706362612612613,4
7,2,Flow304,23,0.5916666666666668,4
7,2,Flow304,24,0.6666666666666667,4
8,2,Flow304,1,5.0,4
8,2,Flow304,2,3.283333333333333,4
8,2,Flow304,3,0.2388127853881279,4
8,2,Flow304,4,0.2388127853881279,4
8,2,Flow304,5,0.17896440129449864,4
8,2,Flow304,6,0.27142857142857135,4
8,2,Flow304,7,0.39537929550905315,4
8,2,Flow304,8,0.6880952380952379,4
8,2,Flow304,9,0.6880952380952379,4
8,2,Flow304,10,0.5912158785550137,4
8,2,Flow304,11,0.2724014336917564,4
8,2,Flow304,12,0.2724014336917564,4
8,2,Flow304,13,0.2637362637362637,4
8,2,Flow304,14,0.5343864329417092,4
8,2,Flow304,15,0.6089401130230274,4
8,2,Flow304,16,0.5004109827022467,4
8,2,Flow304,17,0.521212121212121,4
8,2,Flow304,18,0.521212121212121,4
8,2,Flow304,19,0.18974358974358996,4
8,2,Flow304,20,0.3465025946275948,4
8,2,Flow304,21,0.3465025946275948,4
8,2,Flow304,22,0.3337776099305225,4
8,2,Flow304,23,0.4699585137085136,4
8,2,Flow304,24,0.4699585137085136,4
9,3,Flow304,1,5.0,4
9,3,Flow304,2,3.283333333333333,4
9,3,Flow304,3,1.0,4
9,3,Flow304,4,0.583333333333333,4
9,3,Flow304,5,0.5083826429980274,4
9,3,Flow304,6,0.2558830724070451,4
9,3,Flow304,7,0.14191729323308255,4
9,3,Flow304,8,0.14191729323308255,4
9,3,Flow304,9,0.37387387387387383,4
9,3,Flow304,10,0.37387387387387383,4
9,3,Flow304,11,0.212169312169312,4
9,3,Flow304,12,0.212169312169312,4
9,3,Flow304,13,0.17491441020852783,4
9,3,Flow304,14,0.17491441020852783,4
9,3,Flow304,15,0.40105697628845793,4
9,3,Flow304,16,0.4711151368760065,4
9,3,Flow304,17,0.613636363636364,4
9,3,Flow304,18,0.39409157221411784,4
9,3,Flow304,19,0.4291131359221989,4
9,3,Flow304,20,0.4291131359221989,4
9,3,Flow304,21,0.47875216986616564,4
9,3,Flow304,22,0.9924242424242422,4
9,3,Flow304,23,0.5286521388216305,4
9,3,Flow304,24,0.5286521388216305,4
10,3,Flow304,1,5.0,4
10,3,Flow304,2,2.533333333333333,4
10,3,Flow304,3,2.1145631067961164,4
10,3,Flow304,4,1.8035714285714286,4
10,3,Flow304,5,0.2590618336886994,4
10,3,Flow304,6,0.33323732718894017,4
10,3,Flow304,7,0.31854207839262205,4
10,3,Flow304,8,0.3015791027154666,4
10,3,Flow304,9,0.28170144462279323,4
10,3,Flow304,10,0.28170144462279323,4
10,3,Flow304,11,0.24761904761904763,4
10,3,Flow304,12,0.24761904761904718,4
10,3,Flow304,13,0.24761904761904718,4
10,3,Flow304,14,0.8856906534325888,4
10,3,Flow304,15,1.0333333333333332,4
10,3,Flow304,16,0.8695616211745243,4
10,3,Flow304,17,1.5888888888888888,4
10,3,Flow304,18,1.3214285714285714,4
10,3,Flow304,19,1.3333333333333333,4
10,3,Flow304,20,1.3333333333333333,4
10,3,Flow304,21,1.3333333333333333,4
10,3,Flow304,22,1.1458333333333333,4
10,3,Flow304,23,0.8245682888540031,4
10,3,Flow304,24,0.8214285714285714,4
11,3,Flow304,1,5.0,4
11,3,Flow304,2,5.0,4
11,3,Flow304,3,0.29922480620155056,4
11,3,Flow304,4,0.48028673835125435,4
11,3,Flow304,5,1.3916666666666666,4
11,3,Flow304,6,0.5005903806609346,4
11,3,Flow304,7,0.4650856389986826,4
11,3,Flow304,8,0.2698239883868627,4
11,3,Flow304,9,0.2698239883868627,4
11,3,Flow304,10,0.40573249932315125,4
11,3,Flow304,11,0.4868999644423371,4
11,3,Flow304,12,0.3910361095989838,4
11,3,Flow304,13,0.3910361095989838,4
11,3,Flow304,14,0.45027367268746565,4
11,3,Flow304,15,0.2950765136393878,4
11,3,Flow304,16,0.7681159420289854,4
11,3,Flow304,17,0.7681159420289854,4
11,3,Flow304,18,0.7681159420289854,4
11,3,Flow304,19,0.6250117583820467,4
11,3,Flow304,20,0.7681159420289854,4
11,3,Flow304,21,0.7681159420289854,4
11,3,Flow304,22,0.7681159420289854,4
11,3,Flow304,23,0.7681159420289854,4
11,3,Flow304,24,0.7681159420289854,4
12,3,Flow304,1,5.0,4
12,3,Flow304,2,5.0,4
12,3,Flow304,3,0.403831417624521,4
12,3,Flow304,4,0.3940753200635454,4
12,3,Flow304,5,1.5291666666666668,4
12,3,Flow304,6,0.3253526444315915,4
12,3,Flow304,7,0.35816464237516876,4
12,3,Flow304,8,0.6203211987421537,4
12,3,Flow304,9,0.3248313090418353,4
12,3,Flow304,10,0.3248313090418353,4
12,3,Flow304,11,0.3248313090418353,4
12,3,Flow304,12,0.3824721398266173,4
12,3,Flow304,13,0.3075778729093237,4
12,3,Flow304,14,0.3824721398266173,4
12,3,Flow304,15,0.1782702079047742,4
12,3,Flow304,16,0.21007699275362324,4
12,3,Flow304,17,0.2666666666666666,4
12,3,Flow304,18,0.2666666666666666,4
12,3,Flow304,19,1.047619047619048,4
12,3,Flow304,20,1.047619047619048,4
12,3,Flow304,21,1.047619047619048,4
12,3,Flow304,22,2.3249084249084246,4
12,3,Flow304,23,0.1773610053313026,4
12,3,Flow304,24,0.37367374005305054,4
13,4,Flow304,1,5.0,4
13,4,Flow304,2,5.0,4
13,4,Flow304,3,2.2777777777777777,4
13,4,Flow304,4,0.5666666666666664,4
13,4,Flow304,5,1.6583333333333334,4
13,4,Flow304,6,0.1860739191073919,4
13,4,Flow304,7,0.46279069767441894,4
13,4,Flow304,8,0.4834795321637426,4
13,4,Flow304,9,0.2244662042703658,4
13,4,Flow304,10,0.4913793103448274,4
13,4,Flow304,11,0.1813672111312763,4
13,4,Flow304,12,0.2463826910074376,4
13,4,Flow304,13,0.2463826910074376,4
13,4,Flow304,14,0.2463826910074376,4
13,4,Flow304,15,0.1904176904176904,4
13,4,Flow304,16,0.2540106951871657,4
13,4,Flow304,17,0.2540106951871657,4
13,4,Flow304,18,0.2540106951871657,4
13,4,Flow304,19,0.09883017345703937,4
13,4,Flow304,20,0.19956901206901212,4
13,4,Flow304,21,0.19081779053084658,4
13,4,Flow304,22,0.2540106951871657,4
13,4,Flow304,23,0.2540106951871659,4
13,4,Flow304,24,0.2540106951871657,4
14,4,Flow304,1,5.0,4
14,4,Flow304,2,2.6333333333333333,4
14,4,Flow304,3,0.233974982176421,4
14,4,Flow304,4,0.42166266986410883,4
14,4,Flow304,5,0.6111111111111112,4
14,4,Flow304,6,0.3666666666666667,4
14,4,Flow304,7,0.3547008547008548,4
14,4,Flow304,8,0.3640334338863751,4
14,4,Flow304,9,0.14358974358974375,4
14,4,Flow304,10,0.24848484848484853,4
14,4,Flow304,11,0.2287581699346406,4
14,4,Flow304,12,0.29292929292929304,4
14,4,Flow304,13,0.2234848484848484,4
14,4,Flow304,14,0.206372549019608,4
14,4,Flow304,15,0.206372549019608,4
14,4,Flow304,16,0.3672480620155041,4
14,4,Flow304,17,0.1978004956629491,4
14,4,Flow304,18,0.4366925064599483,4
14,4,Flow304,19,0.4366925064599485,4
14,4,Flow304,20,0.3672480620155041,4
14,4,Flow304,21,0.4366925064599485,4
14,4,Flow304,22,0.4366925064599485,4
14,4,Flow304,23,0.4589147286821704,4
14,4,Flow304,24,0.4589147286821704,4
15,4,Flow304,1,5.0,4
15,4,Flow304,2,1.4636363636363634,4
15,4,Flow304,3,0.2992409867172674,4
15,4,Flow304,4,0.19136975455265226,4
15,4,Flow304,5,0.14970308788598596,4
15,4,Flow304,6,0.28452380952380985,4
15,4,Flow304,7,0.17051282051282057,4
15,4,Flow304,8,0.17051282051282057,4
15,4,Flow304,9,0.3057142857142858,4
15,4,Flow304,10,0.33571428571428585,4
15,4,Flow304,11,0.33571428571428563,4
15,4,Flow304,12,0.33571428571428585,4
15,4,Flow304,13,0.33571428571428585,4
15,4,Flow304,14,0.38571428571428545,4
15,4,Flow304,15,0.33571428571428585,4
15,4,Flow304,16,0.33571428571428585,4
15,4,Flow304,17,0.33571428571428585,4
15,4,Flow304,18,0.3030303030303032,4
15,4,Flow304,19,0.29828431372549025,4
15,4,Flow304,20,0.33571428571428563,4
15,4,Flow304,21,0.33571428571428563,4
15,4,Flow304,22,0.33571428571428563,4
15,4,Flow304,23,0.10405405405405421,4
15,4,Flow304,24,0.10405405405405421,4
16,4,Flow304,1,5.0,4
16,4,Flow304,2,1.85,4
16,4,Flow304,3,0.6609589041095889,4
16,4,Flow304,4,0.4722222222222223,4
16,4,Flow304,5,1.587037037037037,4
16,4,Flow304,6,0.4571428571428573,4
16,4,Flow304,7,0.4571428571428564,4
16,4,Flow304,8,0.7111111111111117,4
16,4,Flow304,9,0.22091324200913243,4
16,4,Flow304,10,0.22091324200913243,4
16,4,Flow304,11,0.22091324200913243,4
16,4,Flow304,12,0.46757990867579924,4
16,4,Flow304,13,0.25091324200913245,4
16,4,Flow304,14,0.25091324200913245,4
16,4,Flow304,15,0.25091324200913245,4
16,4,Flow304,16,0.1326667570226694,4
16,4,Flow304,17,0.14329714073449362,4
16,4,Flow304,18,0.16696368269171735,4
16,4,Flow304,19,0.1818681318681319,4
16,4,Flow304,20,0.08100775193798437,4
16,4,Flow304,21,0.18186813186813167,4
16,4,Flow304,22,0.5440444444444443,4
16,4,Flow304,23,0.5440444444444443,4
16,4,Flow304,24,0.5440444444444443,4
17,5,Flow304,1,5.0,4
17,5,Flow304,2,1.85,4
17,5,Flow304,3,0.8333333333333335,4
17,5,Flow304,4,0.9510206460206461,4
17,5,Flow304,5,0.9510206460206461,4
17,5,Flow304,6,0.30785597381342056,4
17,5,Flow304,7,0.5294871794871798,4
17,5,Flow304,8,0.35012071340645745,4
17,5,Flow304,9,0.24654975219214625,4
17,5,Flow304,10,0.2815552313106169,4
17,5,Flow304,11,0.19153413261561036,4
17,5,Flow304,12,0.2815552313106169,4
17,5,Flow304,13,0.40942408376963346,4
17,5,Flow304,14,0.6210526315789475,4
17,5,Flow304,15,0.5119617224880386,4
17,5,Flow304,16,0.22422062350119898,4
17,5,Flow304,17,0.22422062350119898,4
17,5,Flow304,18,0.13162803090860642,4
17,5,Flow304,19,0.13162803090860642,4
17,5,Flow304,20,0.13162803090860642,4
17,5,Flow304,21,0.5527919658499272,4
17,5,Flow304,22,0.5527919658499272,4
17,5,Flow304,23,0.5527919658499272,4
17,5,Flow304,24,0.5527919658499272,4
18,5,Flow304,1,5.0,4
18,5,Flow304,2,5.0,4
18,5,Flow304,3,0.22366526503567785,4
18,5,Flow304,4,0.2253003500141899,4
18,5,Flow304,5,0.21873995797800028,4
18,5,Flow304,6,0.21873995797800028,4
18,5,Flow304,7,0.2666666666666666,4
18,5,Flow304,8,0.2666666666666666,4
18,5,Flow304,9,0.37719298245613997,4
18,5,Flow304,10,0.17163275193798455,4
18,5,Flow304,11,0.17163275193798455,4
18,5,Flow304,12,0.38178333148709775,4
18,5,Flow304,13,0.38178333148709775,4
18,5,Flow304,14,0.9939716502216502,4
18,5,Flow304,15,0.33110119047619024,4
18,5,Flow304,16,0.8958601458601458,4
18,5,Flow304,17,0.6111111111111112,4
18,5,Flow304,18,0.6111111111111112,4
18,5,Flow304,19,0.6111111111111112,4
18,5,Flow304,20,0.6111111111111112,4
18,5,Flow304,21,0.4294871794871793,4
18,5,Flow304,22,0.6111111111111112,4
18,5,Flow304,23,0.6111111111111112,4
18,5,Flow304,24,0.6111111111111112,4
19,5,Flow304,1,5.0,4
19,5,Flow304,2,0.5,4
19,5,Flow304,3,0.5,4
19,5,Flow304,4,0.34065040650406475,4
19,5,Flow304,5,1.1335727969348661,4
19,5,Flow304,6,0.39509469696969735,4
19,5,Flow304,7,0.39509469696969735,4
19,5,Flow304,8,0.2583333333333333,4
19,5,Flow304,9,0.2583333333333333,4
19,5,Flow304,10,0.2583333333333333,4
19,5,Flow304,11,0.2583333333333333,4
19,5,Flow304,12,0.2583333333333333,4
19,5,Flow304,13,0.2583333333333333,4
19,5,Flow304,14,0.38125960061443953,4
19,5,Flow304,15,0.38125960061443953,4
19,5,Flow304,16,0.5900937297996123,4
19,5,Flow304,17,0.5744111280875992,4
19,5,Flow304,18,0.6929738562091501,4
19,5,Flow304,19,0.6888888888888891,4
19,5,Flow304,20,0.3569105691056911,4
19,5,Flow304,21,0.6888888888888891,4
19,5,Flow304,22,0.6888888888888891,4
19,5,Flow304,23,0.3082043343653251,4
19,5,Flow304,24,0.6526960784313727,4
20,5,Flow304,1,5.0,4
20,5,Flow304,2,5.0,4
20,5,Flow304,3,0.5333333333333332,4
20,5,Flow304,4,0.4333333333333331,4
20,5,Flow304,5,0.20375976225032844,4
20,5,Flow304,6,0.20375976225032844,4
20,5,Flow304,7,0.13312254479256502,4
20,5,Flow304,8,0.2645929339477724,4
20,5,Flow304,9,0.2645929339477724,4
20,5,Flow304,10,0.5041438404270266,4
20,5,Flow304,11,0.20375976225032844,4
20,5,Flow304,12,0.28338399189463015,4
20,5,Flow304,13,0.5315805109922755,4
20,5,Flow304,14,0.16818181818181843,4
20,5,Flow304,15,0.16818181818181843,4
20,5,Flow304,16,0.16818181818181843,4
20,5,Flow304,17,0.28338399189463015,4
20,5,Flow304,18,0.5222222222222221,4
20,5,Flow304,19,0.16666666666666652,4
20,5,Flow304,20,0.5489417989417991,4
20,5,Flow304,21,0.5489417989417991,4
20,5,Flow304,22,0.5489417989417991,4
20,5,Flow304,23,0.675925925925926,4
20,5,Flow304,24,0.820422535211268,4
1,1,Flow305,1,5.0,5
1,1,Flow305,2,5.0,5
1,1,Flow305,3,2.3333333333333335,5
1,1,Flow305,4,0.7333333333333334,5
1,1,Flow305,5,0.666666666666667,5
1,1,Flow305,6,0.6674783549783552,5
1,1,Flow305,7,0.7333333333333334,5
1,1,Flow305,8,0.7333333333333334,5
1,1,Flow305,9,0.7333333333333334,5
1,1,Flow305,10,0.733333333333333,5
1,1,Flow305,11,0.733333333333333,5
1,1,Flow305,12,2.40943094629156,5
1,1,Flow305,13,0.9420289855072466,5
1,1,Flow305,14,0.9420289855072466,5
1,1,Flow305,15,0.9420289855072466,5
1,1,Flow305,16,0.6666666666666661,5
1,1,Flow305,17,0.8468727373990532,5
1,1,Flow305,18,0.8268497330282223,5
1,1,Flow305,19,0.8268497330282223,5
1,1,Flow305,20,0.939571150097466,5
1,1,Flow305,21,0.9913194444444446,5
1,1,Flow305,22,0.9913194444444446,5
1,1,Flow305,23,0.8972991961647345,5
1,1,Flow305,24,0.8972991961647345,5
2,1,Flow305,1,5.0,5
2,1,Flow305,2,5.0,5
2,1,Flow305,3,0.958333333333333,5
2,1,Flow305,4,0.7225609756097562,5
2,1,Flow305,5,0.7225609756097562,5
2,1,Flow305,6,1.022826086956522,5
2,1,Flow305,7,1.022826086956522,5
2,1,Flow305,8,1.022826086956522,5
2,1,Flow305,9,0.9698369565217391,5
2,1,Flow305,10,0.9698369565217386,5
2,1,Flow305,11,0.8973969314490851,5
2,1,Flow305,12,0.8973969314490855,5
2,1,Flow305,13,0.4320807453416151,5
2,1,Flow305,14,0.5917447306791574,5
2,1,Flow305,15,0.5917447306791574,5
2,1,Flow305,16,0.6741071428571432,5
2,1,Flow305,17,0.9610468799493188,5
2,1,Flow305,18,0.9500000000000002,5
2,1,Flow305,19,0.9500000000000002,5
2,1,Flow305,20,0.9500000000000002,5
2,1,Flow305,21,1.6406489859976947,5
2,1,Flow305,22,0.9311477721376198,5
2,1,Flow305,23,0.9139175257731957,5
2,1,Flow305,24,0.9139175257731957,5
3,1,Flow305,1,5.0,5
3,1,Flow305,2,2.7142857142857144,5
3,1,Flow305,3,0.5249999999999999,5
3,1,Flow305,4,0.32499999999999973,5
3,1,Flow305,5,0.7083798882681569,5
3,1,Flow305,6,0.9083798882681562,5
3,1,Flow305,7,0.5315199335548173,5
3,1,Flow305,8,0.4251067869008067,5
3,1,Flow305,9,0.5315199335548173,5
3,1,Flow305,10,0.5518138434080853,5
3,1,Flow305,11,0.7615384615384619,5
3,1,Flow305,12,0.7324553950722179,5
3,1,Flow305,13,0.7324553950722179,5
3,1,Flow305,14,1.103698575949367,5
3,1,Flow305,15,2.4,5
3,1,Flow305,16,1.294158878504673,5
3,1,Flow305,17,1.294158878504673,5
3,1,Flow305,18,1.294158878504673,5
3,1,Flow305,19,0.5846153846153848,5
3,1,Flow305,20,0.5846153846153848,5
3,1,Flow305,21,2.4,5
3,1,Flow305,22,2.4,5
3,1,Flow305,23,2.4,5
3,1,Flow305,24,1.4909090909090912,5
4,1,Flow305,1,5.0,5
4,1,Flow305,2,5.0,5
4,1,Flow305,3,1.3999999999999995,5
4,1,Flow305,4,0.41731060606060577,5
4,1,Flow305,5,0.4060606060606058,5
4,1,Flow305,6,0.33658333333333346,5
4,1,Flow305,7,0.3958333333333335,5
4,1,Flow305,8,0.3958333333333335,5
4,1,Flow305,9,0.4768857048748356,5
4,1,Flow305,10,0.4768857048748356,5
4,1,Flow305,11,0.4768857048748356,5
4,1,Flow305,12,0.5708333333333333,5
4,1,Flow305,13,2.783333333333333,5
4,1,Flow305,14,1.0958333333333332,5
4,1,Flow305,15,0.6755464480874314,5
4,1,Flow305,16,0.934895833333333,5
4,1,Flow305,17,0.934895833333333,5
4,1,Flow305,18,0.9186458333333332,5
4,1,Flow305,19,0.8377154888801157,5
4,1,Flow305,20,0.8377154888801157,5
4,1,Flow305,21,0.2595545977011491,5
4,1,Flow305,22,0.16944444444444473,5
4,1,Flow305,23,0.7023815190315261,5
4,1,Flow305,24,0.7023815190315261,5
5,2,Flow305,1,5.0,5
5,2,Flow305,2,5.0,5
5,2,Flow305,3,3.6,5
5,2,Flow305,4,1.1217391304347828,5
5,2,Flow305,5,1.158302057694245,5
5,2,Flow305,6,1.30040938960537,5
5,2,Flow305,7,2.2284929835265403,5
5,2,Flow305,8,1.2065016725574351,5
5,2,Flow305,9,0.546218487394958,5
5,2,Flow305,10,0.546218487394958,5
5,2,Flow305,11,0.31436837029893927,5
5,2,Flow305,12,0.2592213114754096,5
5,2,Flow305,13,0.2592213114754096,5
5,2,Flow305,14,0.33005464480874336,5
5,2,Flow305,15,0.49696969696969706,5
5,2,Flow305,16,0.49696969696969706,5
5,2,Flow305,17,0.6636363636363636,5
5,2,Flow305,18,0.7418428287041428,5
5,2,Flow305,19,0.7418428287041428,5
5,2,Flow305,20,0.3551316336839603,5
5,2,Flow305,21,0.3682972877838271,5
5,2,Flow305,22,0.44343758121332466,5
5,2,Flow305,23,0.8636363636363638,5
5,2,Flow305,24,0.8636363636363638,5
6,2,Flow305,1,5.0,5
6,2,Flow305,2,5.0,5
6,2,Flow305,3,0.7703076923076926,5
6,2,Flow305,4,0.44361702127659575,5
6,2,Flow305,5,0.38285203168924076,5
6,2,Flow305,6,0.38285203168924076,5
6,2,Flow305,7,1.5771610555050044,5
6,2,Flow305,8,0.49916666666666676,5
6,2,Flow305,9,0.49916666666666676,5
6,2,Flow305,10,0.5182483882483881,5
6,2,Flow305,11,0.3533333333333333,5
6,2,Flow305,12,0.3533333333333333,5
6,2,Flow305,13,0.3533333333333333,5
6,2,Flow305,14,0.534516793863026,5
6,2,Flow305,15,0.5936907919666539,5
6,2,Flow305,16,0.38888888888888884,5
6,2,Flow305,17,0.8045814817154929,5
6,2,Flow305,18,0.8045814817154929,5
6,2,Flow305,19,1.110758377425044,5
6,2,Flow305,20,0.48235294117647076,5
6,2,Flow305,21,0.48235294117647076,5
6,2,Flow305,22,1.110758377425044,5
6,2,Flow305,23,1.1973137973137973,5
6,2,Flow305,24,0.6044776119402986,5
7,2,Flow305,1,5.0,5
7,2,Flow305,2,1.6722222222222223,5
7,2,Flow305,3,1.5302457830872682,5
7,2,Flow305,4,0.6300420970297138,5
7,2,Flow305,5,0.15838509316770177,5
7,2,Flow305,6,0.15838509316770177,5
7,2,Flow305,7,0.3214285714285714,5
7,2,Flow305,8,0.3214285714285714,5
7,2,Flow305,9,0.23809523809523814,5
7,2,Flow305,10,0.3365566724941724,5
7,2,Flow305,11,0.5416666666666667,5
7,2,Flow305,12,0.5416666666666667,5
7,2,Flow305,13,0.390966771323914,5
7,2,Flow305,14,0.2151515151515151,5
7,2,Flow305,15,0.6219891219891218,5
7,2,Flow305,16,0.5182812285753466,5
7,2,Flow305,17,0.23853708020374698,5
7,2,Flow305,18,0.7886243658302483,5
7,2,Flow305,19,0.6818181818181819,5
7,2,Flow305,20,0.404040404040404,5
7,2,Flow305,21,0.7739336686705107,5
7,2,Flow305,22,0.7739336686705107,5
7,2,Flow305,23,0.7739336686705107,5
7,2,Flow305,24,0.4444444444444444,5
8,2,Flow305,1,5.0,5
8,2,Flow305,2,3.607142857142857,5
8,2,Flow305,3,0.5226154428463283,5
8,2,Flow305,4,0.5750000000000002,5
8,2,Flow305,5,0.30000000000000004,5
8,2,Flow305,6,0.2999999999999998,5
8,2,Flow305,7,0.30000000000000004,5
8,2,Flow305,8,0.30000000000000004,5
8,2,Flow305,9,0.30000000000000004,5
8,2,Flow305,10,0.30000000000000004,5
8,2,Flow305,11,0.30000000000000004,5
8,2,Flow305,12,0.30000000000000004,5
8,2,Flow305,13,0.4222222222222225,5
8,2,Flow305,14,0.363526570048309,5
8,2,Flow305,15,0.872429529646149,5
8,2,Flow305,16,0.872429529646149,5
8,2,Flow305,17,0.9262092127821026,5
8,2,Flow305,18,0.9262092127821026,5
8,2,Flow305,19,0.5662200799768808,5
8,2,Flow305,20,0.7428954518189198,5
8,2,Flow305,21,0.7428954518189198,5
8,2,Flow305,22,0.743422062570999,5
8,2,Flow305,23,0.5816316511642905,5
8,2,Flow305,24,0.5816316511642905,5
9,3,Flow305,1,5.0,5
9,3,Flow305,2,5.0,5
9,3,Flow305,3,1.0666666666666664,5
9,3,Flow305,4,0.5288461538461533,5
9,3,Flow305,5,0.5288461538461537,5
9,3,Flow305,6,0.5288461538461537,5
9,3,Flow305,7,0.5223684210526316,5
9,3,Flow305,8,0.5223684210526316,5
9,3,Flow305,9,0.5223684210526316,5
9,3,Flow305,10,0.50051282051282,5
9,3,Flow305,11,0.48,5
9,3,Flow305,12,0.28358974358974365,5
9,3,Flow305,13,0.33633699633699643,5
9,3,Flow305,14,0.3165567765567767,5
9,3,Flow305,15,0.2741713570981865,5
9,3,Flow305,16,0.2741713570981865,5
9,3,Flow305,17,0.4205128205128206,5
9,3,Flow305,18,1.1378356945367254,5
9,3,Flow305,19,0.4275147928994083,5
9,3,Flow305,20,0.4902366863905323,5
9,3,Flow305,21,0.47840236686390547,5
9,3,Flow305,22,0.8463883677298312,5
9,3,Flow305,23,0.7788461538461537,5
9,3,Flow305,24,0.7788461538461537,5
10,3,Flow305,1,5.0,5
10,3,Flow305,2,3.15,5
10,3,Flow305,3,0.583333333333333,5
10,3,Flow305,4,0.2833333333333332,5
10,3,Flow305,5,0.8555555555555554,5
10,3,Flow305,6,0.4194444444444443,5
10,3,Flow305,7,0.4194444444444443,5
10,3,Flow305,8,0.21111111111111103,5
10,3,Flow305,9,0.21111111111111103,5
10,3,Flow305,10,0.4194444444444445,5
10,3,Flow305,11,0.4194444444444445,5
10,3,Flow305,12,0.9117764471057885,5
10,3,Flow305,13,0.5229437229437228,5
10,3,Flow305,14,0.30980392156862746,5
10,3,Flow305,15,0.27647058823529425,5
10,3,Flow305,16,0.27647058823529425,5
10,3,Flow305,17,0.5617417135709821,5
10,3,Flow305,18,0.5070512820512825,5
10,3,Flow305,19,0.964457035858471,5
10,3,Flow305,20,0.6977346278317149,5
10,3,Flow305,21,0.6977346278317149,5
10,3,Flow305,22,0.19166666666666643,5
10,3,Flow305,23,2.801442307692308,5
10,3,Flow305,24,2.801442307692308,5
11,3,Flow305,1,5.0,5
11,3,Flow305,2,0.5270833333333336,5
11,3,Flow305,3,0.3150793650793653,5
11,3,Flow305,4,0.1841847826086953,5
11,3,Flow305,5,0.1841847826086953,5
11,3,Flow305,6,0.3868421052631581,5
11,3,Flow305,7,0.3868421052631581,5
11,3,Flow305,8,0.2684210526315789,5
11,3,Flow305,9,0.3868421052631579,5
11,3,Flow305,10,0.762434522324769,5
11,3,Flow305,11,0.762434522324769,5
11,3,Flow305,12,0.3035087719298244,5
11,3,Flow305,13,0.47017543859649136,5
11,3,Flow305,14,0.47017543859649136,5
11,3,Flow305,15,0.24795321637426926,5
11,3,Flow305,16,0.1825803825803829,5
11,3,Flow305,17,0.7888238446303752,5
11,3,Flow305,18,0.7888238446303752,5
11,3,Flow305,19,0.7888238446303752,5
11,3,Flow305,20,1.950980392156863,5
11,3,Flow305,21,0.4741521630138945,5
11,3,Flow305,22,0.4741521630138945,5
11,3,Flow305,23,0.3791666666666669,5
11,3,Flow305,24,0.3791666666666669,5
12,3,Flow305,1,5.0,5
12,3,Flow305,2,2.8653846153846154,5
12,3,Flow305,3,2.753328402366864,5
12,3,Flow305,4,0.2528604118993134,5
12,3,Flow305,5,0.17702292858024116,5
12,3,Flow305,6,0.423913043478261,5
12,3,Flow305,7,0.42391304347826075,5
12,3,Flow305,8,0.42391304347826075,5
12,3,Flow305,9,0.2236477115117892,5
12,3,Flow305,10,0.2236477115117892,5
12,3,Flow305,11,0.3928751803751802,5
12,3,Flow305,12,0.4969160412757976,5
12,3,Flow305,13,0.5479831144465295,5
12,3,Flow305,14,0.46163718663718667,5
12,3,Flow305,15,0.4052057552057553,5
12,3,Flow305,16,0.38813868813868835,5
12,3,Flow305,17,0.36945040054796197,5
12,3,Flow305,18,0.36945040054796197,5
12,3,Flow305,19,0.5092598092598093,5
12,3,Flow305,20,0.36945040054796197,5
12,3,Flow305,21,0.513328642901814,5
12,3,Flow305,22,1.8368810051736881,5
12,3,Flow305,23,0.4663292847503375,5
12,3,Flow305,24,0.29973262032085546,5
13,4,Flow305,1,5.0,5
13,4,Flow305,2,1.9,5
13,4,Flow305,3,0.15838509316770177,5
13,4,Flow305,4,0.16044372294372278,5
13,4,Flow305,5,0.1554775566539386,5
13,4,Flow305,6,0.15762615762615728,5
13,4,Flow305,7,0.11811572337888121,5
13,4,Flow305,8,0.17485777496839439,5
13,4,Flow305,9,0.17142857142857149,5
13,4,Flow305,10,0.15349927849927836,5
13,4,Flow305,11,0.15770127308588844,5
13,4,Flow305,12,0.3356643356643356,5
13,4,Flow305,13,0.21836228287841197,5
13,4,Flow305,14,0.18955223880597005,5
13,4,Flow305,15,0.36443819721338677,5
13,4,Flow305,16,0.36443819721338677,5
13,4,Flow305,17,0.36443819721338677,5
13,4,Flow305,18,1.0824175824175821,5
13,4,Flow305,19,1.0824175824175821,5
13,4,Flow305,20,0.28717948717948705,5
13,4,Flow305,21,0.28717948717948727,5
13,4,Flow305,22,0.28717948717948727,5
13,4,Flow305,23,0.28717948717948727,5
13,4,Flow305,24,0.28717948717948727,5
14,4,Flow305,1,5.0,5
14,4,Flow305,2,3.103448275862069,5
14,4,Flow305,3,0.20756748565820726,5
14,4,Flow305,4,0.13263184424421892,5
14,4,Flow305,5,0.18178438661710028,5
14,4,Flow305,6,0.18178438661710028,5
14,4,Flow305,7,0.13892724375995757,5
14,4,Flow305,8,0.13892724375995757,5
14,4,Flow305,9,0.2191196876760655,5
14,4,Flow305,10,0.22941176470588243,5
14,4,Flow305,11,0.22941176470588243,5
14,4,Flow305,12,0.2078431372549019,5
14,4,Flow305,13,0.2078431372549019,5
14,4,Flow305,14,0.1348416289592762,5
14,4,Flow305,15,0.13484162895927598,5
14,4,Flow305,16,0.15641025641025652,5
14,4,Flow305,17,0.12617769827072167,5
14,4,Flow305,18,0.12617769827072145,5
14,4,Flow305,19,0.30934065934065935,5
14,4,Flow305,20,0.30934065934065935,5
14,4,Flow305,21,0.9150903676685358,5
14,4,Flow305,22,0.9535714285714286,5
14,4,Flow305,23,1.557875457875458,5
14,4,Flow305,24,0.30934065934065913,5
15,4,Flow305,1,5.0,5
15,4,Flow305,2,1.7,5
15,4,Flow305,3,0.2779264214046826,5
15,4,Flow305,4,0.22410999628390926,5
15,4,Flow305,5,0.18256410256410271,5
15,4,Flow305,6,0.18256410256410271,5
15,4,Flow305,7,0.18256410256410271,5
15,4,Flow305,8,0.21333333333333337,5
15,4,Flow305,9,0.2666666666666666,5
15,4,Flow305,10,0.34761904761904727,5
15,4,Flow305,11,0.16219178082191776,5
15,4,Flow305,12,0.16219178082191776,5
15,4,Flow305,13,0.21333333333333337,5
15,4,Flow305,14,0.21333333333333337,5
15,4,Flow305,15,0.16219178082191776,5
15,4,Flow305,16,0.16219178082191776,5
15,4,Flow305,17,0.16219178082191754,5
15,4,Flow305,18,0.21333333333333315,5
15,4,Flow305,19,0.25454545454545485,5
15,4,Flow305,20,0.21212121212121215,5
15,4,Flow305,21,0.21212121212121215,5
15,4,Flow305,22,1.7545454545454544,5
15,4,Flow305,23,1.7545454545454544,5
15,4,Flow305,24,1.7545454545454544,5
16,4,Flow305,1,5.0,5
16,4,Flow305,2,3.2,5
16,4,Flow305,3,0.28,5
16,4,Flow305,4,0.2799999999999998,5
16,4,Flow305,5,0.28000000000000025,5
16,4,Flow305,6,0.28000000000000025,5
16,4,Flow305,7,0.28000000000000025,5
16,4,Flow305,8,0.39827862850250884,5
16,4,Flow305,9,0.3333333333333335,5
16,4,Flow305,10,0.2845070422535212,5
16,4,Flow305,11,0.2845070422535214,5
16,4,Flow305,12,1.2187554616904963,5
16,4,Flow305,13,0.2977777777777777,5
16,4,Flow305,14,0.3442944369063774,5
16,4,Flow305,15,0.48254649499284663,5
16,4,Flow305,16,0.37543554006968627,5
16,4,Flow305,17,0.16355311355311386,5
16,4,Flow305,18,0.6885941644562334,5
16,4,Flow305,19,0.1897435897435895,5
16,4,Flow305,20,0.12307692307692308,5
16,4,Flow305,21,0.4333333333333331,5
16,4,Flow305,22,0.4364829396325458,5
16,4,Flow305,23,1.673228346456693,5
16,4,Flow305,24,1.673228346456693,5
17,5,Flow305,1,5.0,5
17,5,Flow305,2,5.0,5
17,5,Flow305,3,1.2202898550724637,5
17,5,Flow305,4,0.6149829497016199,5
17,5,Flow305,5,1.916666666666666,5
17,5,Flow305,6,0.4480242111641939,5
17,5,Flow305,7,0.3604613964186494,5
17,5,Flow305,8,0.4406607276726664,5
17,5,Flow305,9,0.3798376901431426,5
17,5,Flow305,10,0.35196498239604135,5
17,5,Flow305,11,1.6402765388046388,5
17,5,Flow305,12,0.839285714285714,5
17,5,Flow305,13,1.2529732124244322,5
17,5,Flow305,14,1.3094342818428184,5
17,5,Flow305,15,1.75,5
17,5,Flow305,16,0.7884615384615383,5
17,5,Flow305,17,0.4727138643067845,5
17,5,Flow305,18,0.9997377908882337,5
17,5,Flow305,19,0.8242346938775511,5
17,5,Flow305,20,1.0,5
17,5,Flow305,21,0.8285714285714287,5
17,5,Flow305,22,0.5524326735299083,5
17,5,Flow305,23,0.8285714285714287,5
17,5,Flow305,24,1.0333333333333332,5
18,5,Flow305,1,5.0,5
18,5,Flow305,2,5.0,5
18,5,Flow305,3,0.2738095238095237,5
18,5,Flow305,4,0.2738095238095237,5
18,5,Flow305,5,0.2738095238095237,5
18,5,Flow305,6,0.1547619047619051,5
18,5,Flow305,7,0.2738095238095237,5
18,5,Flow305,8,0.39743589743589736,5
18,5,Flow305,9,0.3974358974358978,5
18,5,Flow305,10,0.2987455197132616,5
18,5,Flow305,11,0.2987455197132616,5
18,5,Flow305,12,0.9025641025641029,5
18,5,Flow305,13,0.2133333333333336,5
18,5,Flow305,14,0.32733062330623364,5
18,5,Flow305,15,0.4562556458897924,5
18,5,Flow305,16,0.4562556458897924,5
18,5,Flow305,17,0.46401298205421915,5
18,5,Flow305,18,0.5555555555555554,5
18,5,Flow305,19,1.5297768479776848,5
18,5,Flow305,20,0.6252743652743651,5
18,5,Flow305,21,0.6252743652743651,5
18,5,Flow305,22,1.0042301184433167,5
18,5,Flow305,23,0.5703226422298591,5
18,5,Flow305,24,0.6698162729658796,5
19,5,Flow305,1,5.0,5
19,5,Flow305,2,0.6474358974358974,5
19,5,Flow305,3,0.5897191057581255,5
19,5,Flow305,4,0.5206509104998065,5
19,5,Flow305,5,1.457142857142857,5
19,5,Flow305,6,0.4333333333333331,5
19,5,Flow305,7,0.9166666666666665,5
19,5,Flow305,8,0.9166666666666665,5
19,5,Flow305,9,1.4620098039215685,5
19,5,Flow305,10,1.2973364978902953,5
19,5,Flow305,11,1.2973364978902953,5
19,5,Flow305,12,1.2843137254901964,5
19,5,Flow305,13,1.0666666666666664,5
19,5,Flow305,14,1.606060606060606,5
19,5,Flow305,15,1.606060606060606,5
19,5,Flow305,16,1.0,5
19,5,Flow305,17,1.0,5
19,5,Flow305,18,1.0666666666666664,5
19,5,Flow305,19,1.0666666666666664,5
19,5,Flow305,20,0.4757763975155278,5
19,5,Flow305,21,0.6041666666666665,5
19,5,Flow305,22,0.9517263427109972,5
19,5,Flow305,23,1.456140350877193,5
19,5,Flow305,24,1.456140350877193,5
20,5,Flow305,1,5.0,5
20,5,Flow305,2,2.169014084507042,5
20,5,Flow305,3,0.3023474178403758,5
20,5,Flow305,4,0.8636113198096678,5
20,5,Flow305,5,0.8636113198096678,5
20,5,Flow305,6,0.2666666666666666,5
20,5,Flow305,7,0.9228915662650603,5
20,5,Flow305,8,0.7333333333333334,5
20,5,Flow305,9,0.8454545454545457,5
20,5,Flow305,10,0.8607863408521301,5
20,5,Flow305,11,0.8454545454545457,5
20,5,Flow305,12,0.8454545454545457,5
20,5,Flow305,13,0.8637974547023295,5
20,5,Flow305,14,0.6131455399061032,5
20,5,Flow305,15,0.6131455399061032,5
20,5,Flow305,16,0.7333333333333334,5
20,5,Flow305,17,0.6363636363636362,5
20,5,Flow305,18,1.332075471698113,5
20,5,Flow305,19,1.332075471698113,5
20,5,Flow305,20,1.332075471698113,5
20,5,Flow305,21,1.5779912563276572,5
20,5,Flow305,22,0.6338584010840105,5
20,5,Flow305,23,0.6050295857988166,5
20,5,Flow305,24,1.3820754716981134,5
1,1,Flow606,1,5.0,6
1,1,Flow606,2,2.138888888888889,6
1,1,Flow606,3,0.4330065359477122,6
1,1,Flow606,4,0.43300653594771266,6
1,1,Flow606,5,0.4117647058823528,6
1,1,Flow606,6,0.4117647058823528,6
1,1,Flow606,7,0.510784313725491,6
1,1,Flow606,8,2.0441176470588234,6
1,1,Flow606,9,0.3496732026143792,6
1,1,Flow606,10,0.7596525096525095,6
1,1,Flow606,11,0.7596525096525091,6
1,1,Flow606,12,0.49549549549549576,6
1,1,Flow606,13,2.2454954954954958,6
1,1,Flow606,14,2.2454954954954958,6
1,1,Flow606,15,2.2454954954954958,6
1,1,Flow606,16,0.9045864045864045,6
1,1,Flow606,17,0.3103103103103102,6
1,1,Flow606,18,0.3103103103103102,6
1,1,Flow606,19,0.3103103103103102,6
1,1,Flow606,20,0.3103103103103102,6
1,1,Flow606,21,0.9045864045864045,6
1,1,Flow606,22,0.5221621621621617,6
1,1,Flow606,23,0.3690587138863002,6
1,1,Flow606,24,0.3690587138863002,6
2,1,Flow606,1,5.0,6
2,1,Flow606,2,3.1,6
2,1,Flow606,3,0.6660287877527251,6
2,1,Flow606,4,0.6392438728331586,6
2,1,Flow606,5,0.6930477963997519,6
2,1,Flow606,6,0.7181975499949442,6
2,1,Flow606,7,0.5364821398340953,6
2,1,Flow606,8,0.5364821398340953,6
2,1,Flow606,9,0.5364821398340953,6
2,1,Flow606,10,0.47323848602837737,6
2,1,Flow606,11,0.6667203959495183,6
2,1,Flow606,12,0.371428571428571,6
2,1,Flow606,13,0.371428571428571,6
2,1,Flow606,14,0.2421997507136826,6
2,1,Flow606,15,0.40476190476190466,6
2,1,Flow606,16,0.22077811367990963,6
2,1,Flow606,17,0.22518073538191752,6
2,1,Flow606,18,0.17399267399267382,6
2,1,Flow606,19,0.34226190476190466,6
2,1,Flow606,20,1.8113275613275608,6
2,1,Flow606,21,0.6943889443889444,6
2,1,Flow606,22,0.11455584526123985,6
2,1,Flow606,23,0.17827758378217062,6
2,1,Flow606,24,0.16962247742064251,6
3,1,Flow606,1,5.0,6
3,1,Flow606,2,2.267543859649123,6
3,1,Flow606,3,0.2805443319165315,6
3,1,Flow606,4,0.255639097744361,6
3,1,Flow606,5,0.21681254052051502,6
3,1,Flow606,6,0.03480629539951563,6
3,1,Flow606,7,0.18361581920903935,6
3,1,Flow606,8,0.18361581920903935,6
3,1,Flow606,9,0.18361581920903935,6
3,1,Flow606,10,0.04462659984053108,6
3,1,Flow606,11,0.04462659984053108,6
3,1,Flow606,12,0.04462659984053108,6
3,1,Flow606,13,0.0464006667159067,6
3,1,Flow606,14,0.06419866844143618,6
3,1,Flow606,15,0.05806935099015753,6
3,1,Flow606,16,0.16384180790960468,6
3,1,Flow606,17,0.4023921945181339,6
3,1,Flow606,18,0.3880346912540338,6
3,1,Flow606,19,0.4041239683492872,6
3,1,Flow606,20,0.5466476997989247,6
3,1,Flow606,21,1.0748816832896755,6
3,1,Flow606,22,0.6599973771638399,6
3,1,Flow606,23,0.6599973771638399,6
3,1,Flow606,24,0.6568698670314332,6
4,1,Flow606,1,5.0,6
4,1,Flow606,2,2.300749711649366,6
4,1,Flow606,3,0.35306136095609775,6
4,1,Flow606,4,0.9235042735042733,6
4,1,Flow606,5,0.2678571428571428,6
4,1,Flow606,6,0.2678571428571428,6
4,1,Flow606,7,0.266497461928934,6
4,1,Flow606,8,0.10909005452152654,6
4,1,Flow606,9,0.26649746192893353,6
4,1,Flow606,10,0.266497461928934,6
4,1,Flow606,11,0.266497461928934,6
4,1,Flow606,12,0.3454125189531281,6
4,1,Flow606,13,0.3464335409488468,6
4,1,Flow606,14,0.40427875695732896,6
4,1,Flow606,15,0.40427875695732896,6
4,1,Flow606,16,0.40427875695732896,6
4,1,Flow606,17,0.2678571428571428,6
4,1,Flow606,18,0.2678571428571428,6
4,1,Flow606,19,0.27581808585503165,6
4,1,Flow606,20,0.19285714285714262,6
4,1,Flow606,21,0.19285714285714262,6
4,1,Flow606,22,0.5335839598997492,6
4,1,Flow606,23,0.5335839598997492,6
4,1,Flow606,24,0.4883333333333333,6
5,2,Flow606,1,5.0,6
5,2,Flow606,2,0.4040404040404044,6
5,2,Flow606,3,0.2229102167182666,6
5,2,Flow606,4,0.22291021671826616,6
5,2,Flow606,5,0.21666666666666679,6
5,2,Flow606,6,0.21666666666666679,6
5,2,Flow606,7,0.4747474747474749,6
5,2,Flow606,8,2.3267605633802817,6
5,2,Flow606,9,2.3267605633802817,6
5,2,Flow606,10,0.7939086294416251,6
5,2,Flow606,11,1.0181818181818185,6
5,2,Flow606,12,1.0181818181818185,6
5,2,Flow606,13,1.0181818181818176,6
5,2,Flow606,14,0.21666666666666679,6
5,2,Flow606,15,0.21666666666666679,6
5,2,Flow606,16,0.21666666666666679,6
5,2,Flow606,17,0.21666666666666679,6
5,2,Flow606,18,0.4257575757575762,6
5,2,Flow606,19,0.4257575757575762,6
5,2,Flow606,20,1.1424242424242426,6
5,2,Flow606,21,1.108652037617555,6
5,2,Flow606,22,0.8683712121212119,6
5,2,Flow606,23,0.8683712121212119,6
5,2,Flow606,24,0.8683712121212119,6
6,2,Flow606,1,5.0,6
6,2,Flow606,2,0.16666666666666652,6
6,2,Flow606,3,0.5666666666666667,6
6,2,Flow606,4,0.19285714285714284,6
6,2,Flow606,5,0.1960899471562434,6
6,2,Flow606,6,0.1960899471562434,6
6,2,Flow606,7,0.1984899662229287,6
6,2,Flow606,8,0.1984899662229287,6
6,2,Flow606,9,0.0722994900324525,6
6,2,Flow606,10,0.057979286897509974,6
6,2,Flow606,11,0.07145315672758379,6
6,2,Flow606,12,0.07145315672758379,6
6,2,Flow606,13,0.07229949003245228,6
6,2,Flow606,14,1.055632823365786,6
6,2,Flow606,15,1.055632823365786,6
6,2,Flow606,16,1.055632823365786,6
6,2,Flow606,17,0.033060109289617445,6
6,2,Flow606,18,0.033060109289617445,6
6,2,Flow606,19,1.1568627450980395,6
6,2,Flow606,20,1.1735294117647057,6
6,2,Flow606,21,0.055376344086021545,6
6,2,Flow606,22,0.055376344086021545,6
6,2,Flow606,23,0.055376344086021545,6
6,2,Flow606,24,0.30537634408602155,6
7,2,Flow606,1,5.0,6
7,2,Flow606,2,2.2,6
7,2,Flow606,3,0.1595431098010316,6
7,2,Flow606,4,0.1253623188405797,6
7,2,Flow606,5,0.25084745762711824,6
7,2,Flow606,6,0.25084745762711824,6
7,2,Flow606,7,0.25084745762711824,6
7,2,Flow606,8,0.12142857142857144,6
7,2,Flow606,9,0.12142857142857144,6
7,2,Flow606,10,0.23666666666666636,6
7,2,Flow606,11,0.2366666666666668,6
7,2,Flow606,12,1.312121212121212,6
7,2,Flow606,13,1.3074915824915823,6
7,2,Flow606,14,1.9454545454545453,6
7,2,Flow606,15,1.1734065934065931,6
7,2,Flow606,16,1.1734065934065931,6
7,2,Flow606,17,1.355672796591164,6
7,2,Flow606,18,1.3137392498805542,6
7,2,Flow606,19,0.5536842105263158,6
7,2,Flow606,20,0.13844155844155837,6
7,2,Flow606,21,0.13844155844155837,6
7,2,Flow606,22,0.32980569049271335,6
7,2,Flow606,23,0.32980569049271335,6
7,2,Flow606,24,0.05321906956646982,6
8,2,Flow606,1,5.0,6
8,2,Flow606,2,2.433333333333333,6
8,2,Flow606,3,0.10867244392812436,6
8,2,Flow606,4,0.19733893557422943,6
8,2,Flow606,5,0.2711484593837534,6
8,2,Flow606,6,0.2738095238095237,6
8,2,Flow606,7,0.2738095238095237,6
8,2,Flow606,8,0.2738095238095237,6
8,2,Flow606,9,0.24263624950065643,6
8,2,Flow606,10,0.10739837398373986,6
8,2,Flow606,11,0.10739837398373986,6
8,2,Flow606,12,0.27098012646793124,6
8,2,Flow606,13,0.8819783197831979,6
8,2,Flow606,14,0.18340010683760677,6
8,2,Flow606,15,0.12184959349593472,6
8,2,Flow606,16,0.6833333333333329,6
8,2,Flow606,17,0.7666666666666666,6
8,2,Flow606,18,0.061700684285040275,6
8,2,Flow606,19,0.14836485421591816,6
8,2,Flow606,20,0.09074074074074079,6
8,2,Flow606,21,0.09074074074074079,6
8,2,Flow606,22,0.09074074074074079,6
8,2,Flow606,23,0.21384976525821608,6
8,2,Flow606,24,0.5628411730545875,6
9,3,Flow606,1,5.0,6
9,3,Flow606,2,0.6238095238095238,6
9,3,Flow606,3,0.03925925925925955,6
9,3,Flow606,4,0.035648148148148096,6
9,3,Flow606,5,0.08231481481481473,6
9,3,Flow606,6,0.16666666666666674,6
9,3,Flow606,7,0.029999999999999805,6
9,3,Flow606,8,0.08333333333333348,6
9,3,Flow606,9,0.0716228279929858,6
9,3,Flow606,10,0.0716228279929858,6
9,3,Flow606,11,0.08095096876235708,6
9,3,Flow606,12,0.08095096876235708,6
9,3,Flow606,13,0.05893298452239737,6
9,3,Flow606,14,0.05893298452239737,6
9,3,Flow606,15,0.4542462489696093,6
9,3,Flow606,16,1.0216684723726979,6
9,3,Flow606,17,0.18333333333333313,6
9,3,Flow606,18,0.18333333333333313,6
9,3,Flow606,19,0.15000000000000036,6
9,3,Flow606,20,1.0564102564102567,6
9,3,Flow606,21,1.0517318938371574,6
9,3,Flow606,22,1.0361459392296397,6
9,3,Flow606,23,1.0361459392296397,6
9,3,Flow606,24,1.0361459392296397,6
10,3,Flow606,1,5.0,6
10,3,Flow606,2,0.34999999999999987,6
10,3,Flow606,3,0.1043859649122807,6
10,3,Flow606,4,0.1043859649122807,6
10,3,Flow606,5,0.1043859649122807,6
10,3,Flow606,6,0.18333333333333357,6
10,3,Flow606,7,0.033615819209039444,6
10,3,Flow606,8,0.07778669251941706,6
10,3,Flow606,9,0.07778669251941706,6
10,3,Flow606,10,0.11747574967405505,6
10,3,Flow606,11,0.11747574967405505,6
10,3,Flow606,12,0.10751486310299896,6
10,3,Flow606,13,0.10889201208256427,6
10,3,Flow606,14,0.10056588611925088,6
10,3,Flow606,15,0.18071895424836626,6
10,3,Flow606,16,0.18071895424836626,6
10,3,Flow606,17,0.4666666666666668,6
10,3,Flow606,18,0.4666666666666668,6
10,3,Flow606,19,0.15273972602739727,6
10,3,Flow606,20,0.06485148514851469,6
10,3,Flow606,21,0.46939693969396945,6
10,3,Flow606,22,0.46939693969396945,6
10,3,Flow606,23,0.46939693969396945,6
10,3,Flow606,24,0.46939693969396945,6
11,3,Flow606,1,5.0,6
11,3,Flow606,2,2.0166666666666666,6
11,3,Flow606,3,0.05512820512820493,6
11,3,Flow606,4,0.05512820512820493,6
11,3,Flow606,5,0.12696078431372548,6
11,3,Flow606,6,0.06346737343852737,6
11,3,Flow606,7,0.12696078431372548,6
11,3,Flow606,8,0.12696078431372548,6
11,3,Flow606,9,0.22894902459650623,6
11,3,Flow606,10,0.2044619422572178,6
11,3,Flow606,11,0.2044619422572178,6
11,3,Flow606,12,0.14209770114942533,6
11,3,Flow606,13,0.15877192982456156,6
11,3,Flow606,14,0.15877192982456156,6
11,3,Flow606,15,0.2333333333333334,6
11,3,Flow606,16,0.11447541952349649,6
11,3,Flow606,17,0.11447541952349649,6
11,3,Flow606,18,0.11447541952349649,6
11,3,Flow606,19,0.1956989247311829,6
11,3,Flow606,20,0.824220115396586,6
11,3,Flow606,21,1.2142857142857144,6
11,3,Flow606,22,0.5847228647164209,6
11,3,Flow606,23,0.5834308195749278,6
11,3,Flow606,24,0.11712545814315112,6
12,3,Flow606,1,5.0,6
12,3,Flow606,2,0.043939393939393945,6
12,3,Flow606,3,0.043939393939393945,6
12,3,Flow606,4,0.043939393939393945,6
12,3,Flow606,5,0.059751086712133805,6
12,3,Flow606,6,0.06893344850279703,6
12,3,Flow606,7,0.12841025008226437,6
12,3,Flow606,8,0.08677648897663737,6
12,3,Flow606,9,0.07810278874629839,6
12,3,Flow606,10,0.2967367256637168,6
12,3,Flow606,11,0.2967367256637168,6
12,3,Flow606,12,0.47798814767071285,6
12,3,Flow606,13,0.4295366795366795,6
12,3,Flow606,14,0.4593596059113296,6
12,3,Flow606,15,0.05364640024879508,6
12,3,Flow606,16,0.05364640024879508,6
12,3,Flow606,17,0.16948286395115986,6
12,3,Flow606,18,0.7041666666666666,6
12,3,Flow606,19,0.7041666666666666,6
12,3,Flow606,20,0.18647798742138377,6
12,3,Flow606,21,0.18647798742138377,6
12,3,Flow606,22,0.18333333333333357,6
12,3,Flow606,23,0.36870748299319733,6
12,3,Flow606,24,0.7833333333333332,6
13,4,Flow606,1,5.0,6
13,4,Flow606,2,0.1333333333333333,6
13,4,Flow606,3,0.08548474945533746,6
13,4,Flow606,4,0.06972364506653506,6
13,4,Flow606,5,0.06972364506653506,6
13,4,Flow606,6,0.06972364506653506,6
13,4,Flow606,7,0.08197231373332015,6
13,4,Flow606,8,0.0865079365079362,6
13,4,Flow606,9,0.34904601571268223,6
13,4,Flow606,10,0.38860435339308586,6
13,4,Flow606,11,0.08708920187793412,6
13,4,Flow606,12,0.08708920187793412,6
13,4,Flow606,13,0.08708920187793412,6
13,4,Flow606,14,0.040879741727199326,6
13,4,Flow606,15,0.595226274907126,6
13,4,Flow606,16,0.595226274907126,6
13,4,Flow606,17,0.6060992907801419,6
13,4,Flow606,18,1.5483910587079346,6
13,4,Flow606,19,1.5579482333737453,6
13,4,Flow606,20,0.789806850912583,6
13,4,Flow606,21,0.5212895377128954,6
13,4,Flow606,22,0.5212895377128954,6
13,4,Flow606,23,0.5379562043795618,6
13,4,Flow606,24,0.5379562043795618,6
14,4,Flow606,1,5.0,6
14,4,Flow606,2,4.3,6
14,4,Flow606,3,0.04596837676438659,6
14,4,Flow606,4,0.04596837676438659,6
14,4,Flow606,5,0.032378208129420605,6
14,4,Flow606,6,0.06842262031402924,6
14,4,Flow606,7,0.06842262031402924,6
14,4,Flow606,8,0.06842262031402924,6
14,4,Flow606,9,0.37572095578137876,6
14,4,Flow606,10,0.37572095578137876,6
14,4,Flow606,11,0.07409439606658386,6
14,4,Flow606,12,0.07409439606658386,6
14,4,Flow606,13,0.028751258811681835,6
14,4,Flow606,14,0.028751258811681835,6
14,4,Flow606,15,0.40759240759240756,6
14,4,Flow606,16,0.7272727272727275,6
14,4,Flow606,17,0.3761363636363635,6
14,4,Flow606,18,0.05989229893612347,6
14,4,Flow606,19,0.4075924075924078,6
14,4,Flow606,20,0.4075924075924078,6
14,4,Flow606,21,0.4075924075924078,6
14,4,Flow606,22,0.4075924075924078,6
14,4,Flow606,23,0.41363636363636336,6
14,4,Flow606,24,0.41363636363636336,6
15,4,Flow606,1,4.3,6
15,4,Flow606,2,3.121212121212121,6
15,4,Flow606,3,0.13787878787878793,6
15,4,Flow606,4,0.13787878787878793,6
15,4,Flow606,5,0.13371212121212128,6
15,4,Flow606,6,0.03381313131313135,6
15,4,Flow606,7,0.03381313131313135,6
15,4,Flow606,8,0.03116699512225507,6
15,4,Flow606,9,0.03116699512225507,6
15,4,Flow606,10,0.11372690317812251,6
15,4,Flow606,11,0.11372690317812251,6
15,4,Flow606,12,0.04583333333333339,6
15,4,Flow606,13,0.04583333333333339,6
15,4,Flow606,14,0.04484649122807016,6
15,4,Flow606,15,0.03373538011695909,6
15,4,Flow606,16,0.09437689969604879,6
15,4,Flow606,17,0.20297619047619087,6
15,4,Flow606,18,0.21250000000000013,6
15,4,Flow606,19,0.050000000000000044,6
15,4,Flow606,20,0.20297619047619042,6
15,4,Flow606,21,0.20297619047619042,6
15,4,Flow606,22,0.20297619047619042,6
15,4,Flow606,23,0.20297619047619042,6
15,4,Flow606,24,0.2124999999999999,6
16,4,Flow606,1,5.0,6
16,4,Flow606,2,3.303571428571429,6
16,4,Flow606,3,0.04504662004661997,6
16,4,Flow606,4,0.07106760128483014,6
16,4,Flow606,5,0.04190680734874186,6
16,4,Flow606,6,0.053578914514248455,6
16,4,Flow606,7,0.23877634820695315,6
16,4,Flow606,8,0.23877634820695315,6
16,4,Flow606,9,0.08413448118387601,6
16,4,Flow606,10,0.08413448118387601,6
16,4,Flow606,11,0.04778014761266869,6
16,4,Flow606,12,0.04778014761266869,6
16,4,Flow606,13,0.04778014761266869,6
16,4,Flow606,14,0.04778014761266869,6
16,4,Flow606,15,0.05514414438565041,6
16,4,Flow606,16,0.2351133409794397,6
16,4,Flow606,17,0.271467674550647,6
16,4,Flow606,18,0.2806875865251497,6
16,4,Flow606,19,0.2806875865251497,6
16,4,Flow606,20,0.2806875865251497,6
16,4,Flow606,21,0.2806875865251497,6
16,4,Flow606,22,0.4353146853146854,6
16,4,Flow606,23,0.4353146853146854,6
16,4,Flow606,24,0.4353146853146854,6
17,5,Flow606,1,5.0,6
17,5,Flow606,2,3.5166666666666666,6
17,5,Flow606,3,0.16666666666666652,6
17,5,Flow606,4,0.09393939393939399,6
17,5,Flow606,5,0.07698948948948958,6
17,5,Flow606,6,0.42997275204359675,6
17,5,Flow606,7,0.42997275204359675,6
17,5,Flow606,8,0.1333333333333333,6
17,5,Flow606,9,0.034253003003002824,6
17,5,Flow606,10,0.034253003003002824,6
17,5,Flow606,11,0.03876309783172571,6
17,5,Flow606,12,0.03545668267306934,6
17,5,Flow606,13,0.03545668267306934,6
17,5,Flow606,14,0.12020202020201998,6
17,5,Flow606,15,0.12020202020201998,6
17,5,Flow606,16,0.12020202020201998,6
17,5,Flow606,17,0.12020202020201998,6
17,5,Flow606,18,0.411111111111111,6
17,5,Flow606,19,0.411111111111111,6
17,5,Flow606,20,0.411111111111111,6
17,5,Flow606,21,0.04444444444444429,6
17,5,Flow606,22,0.050000000000000266,6
17,5,Flow606,23,0.37647058823529456,6
17,5,Flow606,24,0.3040096507352943,6
18,5,Flow606,1,5.0,6
18,5,Flow606,2,0.1499999999999999,6
18,5,Flow606,3,0.046064814814814836,6
18,5,Flow606,4,1.7666666666666666,6
18,5,Flow606,5,0.033333333333333215,6
18,5,Flow606,6,1.7666666666666666,6
18,5,Flow606,7,0.11923076923076925,6
18,5,Flow606,8,0.04406392694063932,6
18,5,Flow606,9,1.6559526121577006,6
18,5,Flow606,10,1.6559526121577006,6
18,5,Flow606,11,1.6872469635627532,6
18,5,Flow606,12,1.1246153846153848,6
18,5,Flow606,13,0.4900000000000002,6
18,5,Flow606,14,0.2666666666666666,6
18,5,Flow606,15,0.46111111111111125,6
18,5,Flow606,16,0.06229404309252251,6
18,5,Flow606,17,0.757743979721166,6
18,5,Flow606,18,0.757743979721166,6
18,5,Flow606,19,0.5153521126760565,6
18,5,Flow606,20,0.5153521126760565,6
18,5,Flow606,21,0.5170270270270274,6
18,5,Flow606,22,0.5170270270270274,6
18,5,Flow606,23,0.3066666666666671,6
18,5,Flow606,24,0.30666666666666664,6
19,5,Flow606,1,5.0,6
19,5,Flow606,2,0.07023809523809499,6
19,5,Flow606,3,0.07023809523809499,6
19,5,Flow606,4,0.0639107611548555,6
19,5,Flow606,5,1.5843832020997377,6
19,5,Flow606,6,0.5119047619047614,6
19,5,Flow606,7,0.5119047619047619,6
19,5,Flow606,8,0.5119047619047619,6
19,5,Flow606,9,0.09999999999999987,6
19,5,Flow606,10,0.1669398907103823,6
19,5,Flow606,11,0.6291666666666669,6
19,5,Flow606,12,1.0693693693693695,6
19,5,Flow606,13,1.0693693693693695,6
19,5,Flow606,14,0.925757575757576,6
19,5,Flow606,15,1.0693693693693695,6
19,5,Flow606,16,1.0693693693693695,6
19,5,Flow606,17,0.6803030303030306,6
19,5,Flow606,18,3.2058823529411766,6
19,5,Flow606,19,0.9815233785822022,6
19,5,Flow606,20,0.3782507739938086,6
19,5,Flow606,21,0.3169934640522878,6
19,5,Flow606,22,0.3725490196078427,6
19,5,Flow606,23,1.0071861339059742,6
19,5,Flow606,24,0.5392156862745097,6
20,5,Flow606,1,5.0,6
20,5,Flow606,2,0.3999999999999999,6
20,5,Flow606,3,0.2884884884884884,6
20,5,Flow606,4,0.2884884884884884,6
20,5,Flow606,5,0.6166666666666667,6
20,5,Flow606,6,0.6166666666666667,6
20,5,Flow606,7,0.06751412429378556,6
20,5,Flow606,8,0.029487179487179382,6
20,5,Flow606,9,0.6426137676137675,6
20,5,Flow606,10,0.6518018018018017,6
20,5,Flow606,11,0.6518018018018017,6
20,5,Flow606,12,0.6518018018018017,6
20,5,Flow606,13,0.6495029512270891,6
20,5,Flow606,14,0.6387270891581238,6
20,5,Flow606,15,0.6495029512270891,6
20,5,Flow606,16,0.5684684684684682,6
20,5,Flow606,17,0.10477239353891332,6
20,5,Flow606,18,0.5684684684684682,6
20,5,Flow606,19,0.5684684684684682,6
20,5,Flow606,20,0.7232408620073816,6
20,5,Flow606,21,1.2065637065637065,6
20,5,Flow606,22,0.4018018018018017,6
20,5,Flow606,23,0.30675229685130656,6
20,5,Flow606,24,0.4351351351351349,6
1,1,Flow607,1,5.0,7
1,1,Flow607,2,2.122448979591837,7
1,1,Flow607,3,2.505813953488372,7
1,1,Flow607,4,2.293264331210191,7
1,1,Flow607,5,1.2464956478696974,7
1,1,Flow607,6,0.6005525480299578,7
1,1,Flow607,7,0.5961911508282478,7
1,1,Flow607,8,0.6005525480299578,7
1,1,Flow607,9,0.5178936630330551,7
1,1,Flow607,10,0.9652777777777777,7
1,1,Flow607,11,0.2849088662341672,7
1,1,Flow607,12,0.25185106646168,7
1,1,Flow607,13,1.334268648879262,7
1,1,Flow607,14,1.3673264486517498,7
1,1,Flow607,15,1.3673264486517498,7
1,1,Flow607,16,0.16792168674698793,7
1,1,Flow607,17,0.44480519480519476,7
1,1,Flow607,18,0.22159090909090917,7
1,1,Flow607,19,0.22159090909090917,7
1,1,Flow607,20,0.22159090909090917,7
1,1,Flow607,21,0.22159090909090917,7
1,1,Flow607,22,0.22159090909090917,7
1,1,Flow607,23,3.0625,7
1,1,Flow607,24,0.42613636363636376,7
2,1,Flow607,1,5.0,7
2,1,Flow607,2,2.606382978723404,7
2,1,Flow607,3,0.23971631205673738,7
2,1,Flow607,4,0.15504477921002247,7
2,1,Flow607,5,0.2180411444998427,7
2,1,Flow607,6,0.29707602339181305,7
2,1,Flow607,7,0.23444976076555024,7
2,1,Flow607,8,0.23444976076555024,7
2,1,Flow607,9,0.33873596693127883,7
2,1,Flow607,10,0.36175629367197004,7
2,1,Flow607,11,0.36175629367197004,7
2,1,Flow607,12,0.30781335273785704,7
2,1,Flow607,13,0.3630434782608698,7
2,1,Flow607,14,0.32177363699102823,7
2,1,Flow607,15,0.39560161779575287,7
2,1,Flow607,16,0.2601308569016463,7
2,1,Flow607,17,0.236169620856848,7
2,1,Flow607,18,0.236169620856848,7
2,1,Flow607,19,0.34718400766327084,7
2,1,Flow607,20,0.5420258702827132,7
2,1,Flow607,21,0.1606548504133709,7
2,1,Flow607,22,1.4201890989988875,7
2,1,Flow607,23,1.3972005932517608,7
2,1,Flow607,24,2.117342299150017,7
3,1,Flow607,1,5.0,7
3,1,Flow607,2,2.7058823529411766,7
3,1,Flow607,3,0.35093915948412713,7
3,1,Flow607,4,0.3963585434173671,7
3,1,Flow607,5,0.28430997063704844,7
3,1,Flow607,6,0.4503225806451616,7
3,1,Flow607,7,0.2969294792486785,7
3,1,Flow607,8,0.27553151558425526,7
3,1,Flow607,9,1.3907801418439716,7
3,1,Flow607,10,1.4725490196078432,7
3,1,Flow607,11,0.28380443086325435,7
3,1,Flow607,12,0.28380443086325435,7
3,1,Flow607,13,0.23937564454388127,7
3,1,Flow607,14,0.26100956109839046,7
3,1,Flow607,15,1.3747549019607845,7
3,1,Flow607,16,1.4725490196078432,7
3,1,Flow607,17,1.100316856780735,7
3,1,Flow607,18,1.100316856780735,7
3,1,Flow607,19,2.1006961235316837,7
3,1,Flow607,20,0.9666666666666668,7
3,1,Flow607,21,1.7925925925925927,7
3,1,Flow607,22,1.7925925925925927,7
3,1,Flow607,23,0.6166666666666667,7
3,1,Flow607,24,1.6040723981900453,7
4,1,Flow607,1,5.0,7
4,1,Flow607,2,2.669491525423729,7
4,1,Flow607,3,0.1391406021631103,7
4,1,Flow607,4,0.1391406021631103,7
4,1,Flow607,5,0.1391406021631103,7
4,1,Flow607,6,0.16285153695225674,7
4,1,Flow607,7,0.15948275862068995,7
4,1,Flow607,8,0.1085568326947639,7
4,1,Flow607,9,2.1048387096774195,7
4,1,Flow607,10,1.372382569326542,7
4,1,Flow607,11,0.3240740740740744,7
4,1,Flow607,12,0.375,7
4,1,Flow607,13,1.713972431077694,7
4,1,Flow607,14,1.713972431077694,7
4,1,Flow607,15,1.7714501096491224,7
4,1,Flow607,16,1.7756083757781544,7
4,1,Flow607,17,1.6268606298354578,7
4,1,Flow607,18,2.802026618269812,7
4,1,Flow607,19,1.3925438596491224,7
4,1,Flow607,20,1.8157229524772496,7
4,1,Flow607,21,1.8157229524772496,7
4,1,Flow607,22,1.9666666666666668,7
4,1,Flow607,23,1.9666666666666668,7
4,1,Flow607,24,1.4807692307692308,7
5,2,Flow607,1,5.0,7
5,2,Flow607,2,3.6,7
5,2,Flow607,3,0.24604743083003955,7
5,2,Flow607,4,0.19091691777873443,7
5,2,Flow607,5,0.3869565217391304,7
5,2,Flow607,6,0.3869565217391304,7
5,2,Flow607,7,0.2448512585812357,7
5,2,Flow607,8,0.48245614035087714,7
5,2,Flow607,9,0.2037539628906122,7
5,2,Flow607,10,0.3055555555555556,7
5,2,Flow607,11,0.25059288537549396,7
5,2,Flow607,12,0.4722222222222223,7
5,2,Flow607,13,0.4722222222222223,7
5,2,Flow607,14,0.20438596491228078,7
5,2,Flow607,15,0.20438596491228078,7
5,2,Flow607,16,0.20438596491228078,7
5,2,Flow607,17,0.3018518518518518,7
5,2,Flow607,18,0.3018518518518518,7
5,2,Flow607,19,0.6952380952380951,7
5,2,Flow607,20,0.6848484848484847,7
5,2,Flow607,21,0.0717532467532469,7
5,2,Flow607,22,0.0717532467532469,7
5,2,Flow607,23,0.34981447124304266,7
5,2,Flow607,24,0.34981447124304266,7
6,2,Flow607,1,5.0,7
6,2,Flow607,2,3.3,7
6,2,Flow607,3,0.2264705882352942,7
6,2,Flow607,4,0.4219918483076375,7
6,2,Flow607,5,0.4219918483076375,7
6,2,Flow607,6,0.4219918483076375,7
6,2,Flow607,7,0.4219918483076379,7
6,2,Flow607,8,0.38101604278074874,7
6,2,Flow607,9,0.3079937304075233,7
6,2,Flow607,10,0.3079937304075233,7
6,2,Flow607,11,0.3810160427807485,7
6,2,Flow607,12,0.3810160427807485,7
6,2,Flow607,13,0.32986240110079135,7
6,2,Flow607,14,0.39027777777777795,7
6,2,Flow607,15,0.32986240110079135,7
6,2,Flow607,16,0.32986240110079135,7
6,2,Flow607,17,0.37647058823529456,7
6,2,Flow607,18,0.2934482758620691,7
6,2,Flow607,19,0.17787356321839098,7
6,2,Flow607,20,0.10555555555555562,7
6,2,Flow607,21,0.10555555555555562,7
6,2,Flow607,22,0.06666666666666665,7
6,2,Flow607,23,0.06666666666666665,7
6,2,Flow607,24,0.46176470588235285,7
7,2,Flow607,1,5.0,7
7,2,Flow607,2,3.3,7
7,2,Flow607,3,0.12331495098039236,7
7,2,Flow607,4,0.06573275862068972,7
7,2,Flow607,5,0.19961240310077533,7
7,2,Flow607,6,0.14015151515151514,7
7,2,Flow607,7,0.14015151515151514,7
7,2,Flow607,8,0.15693173821252637,7
7,2,Flow607,9,0.17244897959183647,7
7,2,Flow607,10,0.2594069741717824,7
7,2,Flow607,11,0.9770114942528734,7
7,2,Flow607,12,0.9770114942528734,7
7,2,Flow607,13,0.1638211382113821,7
7,2,Flow607,14,0.12068285620114882,7
7,2,Flow607,15,0.12068285620114882,7
7,2,Flow607,16,0.12068285620114882,7
7,2,Flow607,17,0.14278403048564337,7
7,2,Flow607,18,0.11613372093023266,7
7,2,Flow607,19,0.11613372093023266,7
7,2,Flow607,20,0.11613372093023266,7
7,2,Flow607,21,0.11613372093023266,7
7,2,Flow607,22,0.7166666666666666,7
7,2,Flow607,23,0.7166666666666666,7
7,2,Flow607,24,0.7166666666666666,7
8,2,Flow607,1,5.0,7
8,2,Flow607,2,5.0,7
8,2,Flow607,3,0.20624999999999982,7
8,2,Flow607,4,0.20625000000000004,7
8,2,Flow607,5,0.20624999999999982,7
8,2,Flow607,6,0.19855131654814517,7
8,2,Flow607,7,0.4037037037037039,7
8,2,Flow607,8,0.32465007302823756,7
8,2,Flow607,9,0.13563218390804588,7
8,2,Flow607,10,0.1356321839080461,7
8,2,Flow607,11,0.27037037037037037,7
8,2,Flow607,12,3.2,7
8,2,Flow607,13,0.08840579710144914,7
8,2,Flow607,14,0.18018983466013494,7
8,2,Flow607,15,0.08840579710144914,7
8,2,Flow607,16,0.08840579710144914,7
8,2,Flow607,17,0.13712374581939812,7
8,2,Flow607,18,0.15109890109890123,7
8,2,Flow607,19,0.15109890109890123,7
8,2,Flow607,20,0.15109890109890123,7
8,2,Flow607,21,0.15109890109890123,7
8,2,Flow607,22,0.15109890109890123,7
8,2,Flow607,23,0.15109890109890123,7
8,2,Flow607,24,0.14688067837674135,7
9,3,Flow607,1,5.0,7
9,3,Flow607,2,2.0833333333333335,7
9,3,Flow607,3,0.18180354267310772,7
9,3,Flow607,4,0.2691645133505598,7
9,3,Flow607,5,0.18157768157768173,7
9,3,Flow607,6,1.2368421052631575,7
9,3,Flow607,7,0.19528176109560835,7
9,3,Flow607,8,0.2396561317434116,7
9,3,Flow607,9,0.2396561317434116,7
9,3,Flow607,10,1.3666666666666667,7
9,3,Flow607,11,1.3666666666666667,7
9,3,Flow607,12,1.3666666666666667,7
9,3,Flow607,13,1.3666666666666665,7
9,3,Flow607,14,0.2999999999999998,7
9,3,Flow607,15,0.2999999999999998,7
9,3,Flow607,16,1.2466666666666661,7
9,3,Flow607,17,1.2466666666666661,7
9,3,Flow607,18,1.2466666666666661,7
9,3,Flow607,19,1.2466666666666666,7
9,3,Flow607,20,1.2466666666666666,7
9,3,Flow607,21,1.3666666666666663,7
9,3,Flow607,22,1.3666666666666663,7
9,3,Flow607,23,1.3666666666666663,7
9,3,Flow607,24,1.1884057971014492,7
10,3,Flow607,1,5.0,7
10,3,Flow607,2,2.55,7
10,3,Flow607,3,0.25370370370370354,7
10,3,Flow607,4,0.20602836879432607,7
10,3,Flow607,5,0.20602836879432607,7
10,3,Flow607,6,0.20602836879432607,7
10,3,Flow607,7,0.20602836879432607,7
10,3,Flow607,8,0.2417426545086121,7
10,3,Flow607,9,0.06491228070175437,7
10,3,Flow607,10,0.1876073161627474,7
10,3,Flow607,11,0.6982456140350886,7
10,3,Flow607,12,0.06491228070175437,7
10,3,Flow607,13,1.6301587301587301,7
10,3,Flow607,14,2.585714285714286,7
10,3,Flow607,15,0.3657142857142861,7
10,3,Flow607,16,0.13571428571428568,7
10,3,Flow607,17,0.13571428571428568,7
10,3,Flow607,18,0.3657142857142861,7
10,3,Flow607,19,0.3657142857142861,7
10,3,Flow607,20,2.585714285714286,7
10,3,Flow607,21,0.6179723502304149,7
10,3,Flow607,22,1.6142857142857143,7
10,3,Flow607,23,1.6142857142857143,7
10,3,Flow607,24,1.592857142857143,7
11,3,Flow607,1,5.0,7
11,3,Flow607,2,2.816666666666667,7
11,3,Flow607,3,0.19324894514767932,7
11,3,Flow607,4,0.07019091219774598,7
11,3,Flow607,5,0.1523333514423859,7
11,3,Flow607,6,0.041041592839048846,7
11,3,Flow607,7,0.14583806215274975,7
11,3,Flow607,8,0.14706009418067145,7
11,3,Flow607,9,0.20566300088484368,7
11,3,Flow607,10,0.12500743242439727,7
11,3,Flow607,11,0.13028068968611217,7
11,3,Flow607,12,0.13514186162269803,7
11,3,Flow607,13,0.055886044392483125,7
11,3,Flow607,14,0.13514186162269803,7
11,3,Flow607,15,0.17119628339140514,7
11,3,Flow607,16,0.1484856606807825,7
11,3,Flow607,17,0.1484856606807825,7
11,3,Flow607,18,0.10048853814355496,7
11,3,Flow607,19,0.10048853814355496,7
11,3,Flow607,20,0.0864534504242569,7
11,3,Flow607,21,0.08645345042425712,7
11,3,Flow607,22,0.08645345042425712,7
11,3,Flow607,23,0.141187909197231,7
11,3,Flow607,24,0.28560027991686443,7
12,3,Flow607,1,5.0,7
12,3,Flow607,2,2.8333333333333335,7
12,3,Flow607,3,0.1612554112554112,7
12,3,Flow607,4,0.06289173789173796,7
12,3,Flow607,5,0.12599900099900063,7
12,3,Flow607,6,0.19455782312925196,7
12,3,Flow607,7,2.1333333333333333,7
12,3,Flow607,8,2.0533333333333332,7
12,3,Flow607,9,0.21952010376134878,7
12,3,Flow607,10,0.06967741935483884,7
12,3,Flow607,11,0.06967741935483884,7
12,3,Flow607,12,0.06967741935483884,7
12,3,Flow607,13,0.1396757601545735,7
12,3,Flow607,14,0.1396757601545735,7
12,3,Flow607,15,0.1396757601545735,7
12,3,Flow607,16,0.1703775811209436,7
12,3,Flow607,17,0.1703775811209436,7
12,3,Flow607,18,0.1763440860215053,7
12,3,Flow607,19,0.1846153846153844,7
12,3,Flow607,20,0.9666666666666668,7
12,3,Flow607,21,0.8611111111111112,7
12,3,Flow607,22,2.3333333333333335,7
12,3,Flow607,23,0.8999999999999999,7
12,3,Flow607,24,0.16416666666666657,7
13,4,Flow607,1,5.0,7
13,4,Flow607,2,2.4166666666666665,7
13,4,Flow607,3,0.18725490196078431,7
13,4,Flow607,4,0.4087301587301586,7
13,4,Flow607,5,0.4087301587301586,7
13,4,Flow607,6,0.4017857142857142,7
13,4,Flow607,7,0.5008880395683455,7
13,4,Flow607,8,0.5008880395683455,7
13,4,Flow607,9,0.5057200668036999,7
13,4,Flow607,10,0.35749235474006125,7
13,4,Flow607,11,0.07437190510107183,7
13,4,Flow607,12,0.07437190510107183,7
13,4,Flow607,13,0.07437190510107183,7
13,4,Flow607,14,0.08383838383838382,7
13,4,Flow607,15,0.08383838383838382,7
13,4,Flow607,16,0.43145743145743154,7
13,4,Flow607,17,0.43145743145743154,7
13,4,Flow607,18,0.8447916666666664,7
13,4,Flow607,19,0.8447916666666664,7
13,4,Flow607,20,0.8447916666666664,7
13,4,Flow607,21,0.375,7
13,4,Flow607,22,0.10000000000000009,7
13,4,Flow607,23,0.07336062023562029,7
13,4,Flow607,24,0.07336062023562029,7
14,4,Flow607,1,5.0,7
14,4,Flow607,2,5.0,7
14,4,Flow607,3,3.0408163265306123,7
14,4,Flow607,4,3.08,7
14,4,Flow607,5,0.3766149870801041,7
14,4,Flow607,6,0.3534877072612921,7
14,4,Flow607,7,0.06257861635220108,7
14,4,Flow607,8,0.06257861635220108,7
14,4,Flow607,9,0.07656457044606912,7
14,4,Flow607,10,0.07656457044606912,7
14,4,Flow607,11,0.1140278917145201,7
14,4,Flow607,12,0.07656457044606912,7
14,4,Flow607,13,0.08118599448323982,7
14,4,Flow607,14,0.08118599448323982,7
14,4,Flow607,15,0.08118599448323982,7
14,4,Flow607,16,0.12832512315270916,7
14,4,Flow607,17,0.12832512315270916,7
14,4,Flow607,18,0.16811594202898572,7
14,4,Flow607,19,0.36616402116402114,7
14,4,Flow607,20,0.09620253164556969,7
14,4,Flow607,21,0.09620253164556969,7
14,4,Flow607,22,0.09620253164556969,7
14,4,Flow607,23,0.09620253164556969,7
14,4,Flow607,24,0.09620253164556947,7
15,4,Flow607,1,5.0,7
15,4,Flow607,2,2.866279069767442,7
15,4,Flow607,3,0.5449999999999999,7
15,4,Flow607,4,0.06871035940803383,7
15,4,Flow607,5,0.06871035940803383,7
15,4,Flow607,6,0.08893280632411082,7
15,4,Flow607,7,0.08893280632411082,7
15,4,Flow607,8,0.06871035940803383,7
15,4,Flow607,9,0.06871035940803383,7
15,4,Flow607,10,3.058139534883721,7
15,4,Flow607,11,3.058139534883721,7
15,4,Flow607,12,0.07325581395348824,7
15,4,Flow607,13,0.07325581395348846,7
15,4,Flow607,14,0.10000000000000009,7
15,4,Flow607,15,0.10000000000000009,7
15,4,Flow607,16,0.10000000000000009,7
15,4,Flow607,17,0.8416666666666667,7
15,4,Flow607,18,0.8036231884057972,7
15,4,Flow607,19,0.6224637681159422,7
15,4,Flow607,20,0.6224637681159422,7
15,4,Flow607,21,0.6224637681159422,7
15,4,Flow607,22,0.6224637681159422,7
15,4,Flow607,23,0.6224637681159422,7
15,4,Flow607,24,0.6224637681159422,7
16,4,Flow607,1,5.0,7
16,4,Flow607,2,5.0,7
16,4,Flow607,3,2.9166666666666665,7
16,4,Flow607,4,0.07857142857142851,7
16,4,Flow607,5,0.2333333333333334,7
16,4,Flow607,6,0.2333333333333334,7
16,4,Flow607,7,0.2333333333333334,7
16,4,Flow607,8,0.06190476190476191,7
16,4,Flow607,9,0.06190476190476191,7
16,4,Flow607,10,0.06190476190476191,7
16,4,Flow607,11,0.06190476190476191,7
16,4,Flow607,12,0.2515151515151517,7
16,4,Flow607,13,0.3322463768115942,7
16,4,Flow607,14,0.23333333333333317,7
16,4,Flow607,15,0.30000000000000004,7
16,4,Flow607,16,0.20869565217391295,7
16,4,Flow607,17,0.20869565217391295,7
16,4,Flow607,18,0.20869565217391295,7
16,4,Flow607,19,0.20869565217391295,7
16,4,Flow607,20,0.7555555555555555,7
16,4,Flow607,21,0.7555555555555555,7
16,4,Flow607,22,0.7555555555555555,7
16,4,Flow607,23,0.7555555555555555,7
16,4,Flow607,24,0.7555555555555555,7
17,5,Flow607,1,5.0,7
17,5,Flow607,2,5.0,7
17,5,Flow607,3,1.6067119155354448,7
17,5,Flow607,4,0.060482654600301666,7
17,5,Flow607,5,0.060482654600301666,7
17,5,Flow607,6,0.060482654600301666,7
17,5,Flow607,7,0.05477722182511324,7
17,5,Flow607,8,1.7866666666666666,7
17,5,Flow607,9,2.9166666666666665,7
17,5,Flow607,10,0.17797555745393034,7
17,5,Flow607,11,0.2551594746716699,7
17,5,Flow607,12,0.2551594746716699,7
17,5,Flow607,13,0.2551594746716699,7
17,5,Flow607,14,0.34953160604270406,7
17,5,Flow607,15,2.9191176470588234,7
17,5,Flow607,16,2.588235294117647,7
17,5,Flow607,17,0.47712418300653603,7
17,5,Flow607,18,0.42460317460317487,7
17,5,Flow607,19,0.37980030721966207,7
17,5,Flow607,20,0.37980030721966207,7
17,5,Flow607,21,0.5583717357910909,7
17,5,Flow607,22,1.2099396800419617,7
17,5,Flow607,23,0.17807853823148356,7
17,5,Flow607,24,0.171376242804814,7
18,5,Flow607,1,5.0,7
18,5,Flow607,2,3.1333333333333333,7
18,5,Flow607,3,0.4651162790697674,7
18,5,Flow607,4,0.6560323873341214,7
18,5,Flow607,5,0.6560323873341214,7
18,5,Flow607,6,0.23340455840455832,7
18,5,Flow607,7,0.20675343175343164,7
18,5,Flow607,8,0.19533491348395238,7
18,5,Flow607,9,0.20197740112994378,7
18,5,Flow607,10,0.5341491420720637,7
18,5,Flow607,11,2.348102630444157,7
18,5,Flow607,12,0.10570257978712716,7
18,5,Flow607,13,0.5652386638803195,7
18,5,Flow607,14,0.5652386638803195,7
18,5,Flow607,15,0.5833499187315487,7
18,5,Flow607,16,0.6235837805605247,7
18,5,Flow607,17,0.6235837805605247,7
18,5,Flow607,18,0.4241971620612395,7
18,5,Flow607,19,0.6753283837806965,7
18,5,Flow607,20,0.6753283837806965,7
18,5,Flow607,21,0.5944881889763778,7
18,5,Flow607,22,0.5944881889763778,7
18,5,Flow607,23,0.4166484775728474,7
18,5,Flow607,24,0.4166484775728474,7
19,5,Flow607,1,5.0,7
19,5,Flow607,2,2.6666666666666665,7
19,5,Flow607,3,2.2708333333333335,7
19,5,Flow607,4,0.21547116736990146,7
19,5,Flow607,5,0.16083133493205448,7
19,5,Flow607,6,0.16083133493205448,7
19,5,Flow607,7,0.19542657525185758,7
19,5,Flow607,8,0.10394244604316549,7
19,5,Flow607,9,2.433333333333333,7
19,5,Flow607,10,0.16321797860259357,7
19,5,Flow607,11,0.13263888888888875,7
19,5,Flow607,12,0.11376077990251199,7
19,5,Flow607,13,0.11376077990251199,7
19,5,Flow607,14,0.1612403100775195,7
19,5,Flow607,15,0.1612403100775195,7
19,5,Flow607,16,0.7112403100775198,7
19,5,Flow607,17,0.9670542635658914,7
19,5,Flow607,18,0.9670542635658914,7
19,5,Flow607,19,0.7018252543387193,7
19,5,Flow607,20,0.6228306403351289,7
19,5,Flow607,21,0.6228306403351289,7
19,5,Flow607,22,0.6336765827612512,7
19,5,Flow607,23,0.6336765827612512,7
19,5,Flow607,24,0.5500000000000003,7
20,5,Flow607,1,5.0,7
20,5,Flow607,2,0.18999999999999995,7
20,5,Flow607,3,0.2291408477790262,7
20,5,Flow607,4,0.22898550724637712,7
20,5,Flow607,5,0.11893115942028976,7
20,5,Flow607,6,0.11893115942028976,7
20,5,Flow607,7,0.08433315541528374,7
20,5,Flow607,8,0.08433315541528419,7
20,5,Flow607,9,0.0933029544690549,7
20,5,Flow607,10,0.0933029544690549,7
20,5,Flow607,11,0.09330295446905446,7
20,5,Flow607,12,0.12329134280353804,7
20,5,Flow607,13,1.9666666666666668,7
20,5,Flow607,14,0.5166666666666666,7
20,5,Flow607,15,0.5166666666666666,7
20,5,Flow607,16,0.8622909698996657,7
20,5,Flow607,17,0.2466838107570375,7
20,5,Flow607,18,0.2466838107570375,7
20,5,Flow607,19,0.18661188111989047,7
20,5,Flow607,20,0.18661188111989047,7
20,5,Flow607,21,0.17850877192982484,7
20,5,Flow607,22,0.17850877192982484,7
20,5,Flow607,23,0.14473226862777366,7
20,5,Flow607,24,0.14473226862777366,7
1,1,Flow608,1,5.0,8
1,1,Flow608,2,5.0,8
1,1,Flow608,3,2.0833333333333335,8
1,1,Flow608,4,0.5876486831989522,8
1,1,Flow608,5,0.5876486831989522,8
1,1,Flow608,6,0.6785714285714288,8
1,1,Flow608,7,0.8879740518962076,8
1,1,Flow608,8,1.5028379772961813,8
1,1,Flow608,9,0.5268199233716473,8
1,1,Flow608,10,1.5028379772961813,8
1,1,Flow608,11,1.2643484066144226,8
1,1,Flow608,12,1.2643484066144226,8
1,1,Flow608,13,1.2643484066144226,8
1,1,Flow608,14,0.540880503144654,8
1,1,Flow608,15,0.5681716082659483,8
1,1,Flow608,16,0.5833333333333339,8
1,1,Flow608,17,0.3928571428571428,8
1,1,Flow608,18,0.45614035087719307,8
1,1,Flow608,19,1.4913793103448276,8
1,1,Flow608,20,1.4913793103448276,8
1,1,Flow608,21,5.0,8
1,1,Flow608,22,5.0,8
1,1,Flow608,23,4.00801282051282,8
1,1,Flow608,24,1.721347555584309,8
2,1,Flow608,1,5.0,8
2,1,Flow608,2,2.45,8
2,1,Flow608,3,2.161111111111111,8
2,1,Flow608,4,1.319699098974056,8
2,1,Flow608,5,0.9926810092572387,8
2,1,Flow608,6,0.3908174692049271,8
2,1,Flow608,7,0.3908174692049271,8
2,1,Flow608,8,0.3133641015484785,8
2,1,Flow608,9,1.071410869121252,8
2,1,Flow608,10,0.4885935143288087,8
2,1,Flow608,11,0.420745920745921,8
2,1,Flow608,12,0.546753246753247,8
2,1,Flow608,13,0.6660714285714286,8
2,1,Flow608,14,0.6660714285714286,8
2,1,Flow608,15,0.5803571428571432,8
2,1,Flow608,16,0.18001735106998273,8
2,1,Flow608,17,0.774561403508772,8
2,1,Flow608,18,0.774561403508772,8
2,1,Flow608,19,4.407894736842105,8
2,1,Flow608,20,1.553030303030303,8
2,1,Flow608,21,0.8,8
2,1,Flow608,22,0.30000000000000004,8
2,1,Flow608,23,0.30000000000000004,8
2,1,Flow608,24,4.407894736842105,8
3,1,Flow608,1,5.0,8
3,1,Flow608,2,5.0,8
3,1,Flow608,3,0.4111111111111112,8
3,1,Flow608,4,0.18709677419354875,8
3,1,Flow608,5,0.1870967741935483,8
3,1,Flow608,6,0.1870967741935483,8
3,1,Flow608,7,0.33939393939393936,8
3,1,Flow608,8,0.8227272727272728,8
3,1,Flow608,9,0.8203463203463204,8
3,1,Flow608,10,0.3917748917748918,8
3,1,Flow608,11,0.3977272727272727,8
3,1,Flow608,12,0.3977272727272727,8
3,1,Flow608,13,0.3977272727272727,8
3,1,Flow608,14,0.3977272727272727,8
3,1,Flow608,15,0.8203463203463204,8
3,1,Flow608,16,0.8203463203463204,8
3,1,Flow608,17,0.5108225108225108,8
3,1,Flow608,18,0.5108225108225108,8
3,1,Flow608,19,0.36536796536796556,8
3,1,Flow608,20,0.36536796536796556,8
3,1,Flow608,21,1.3567466812147666,8
3,1,Flow608,22,1.3567466812147666,8
3,1,Flow608,23,1.3567466812147666,8
3,1,Flow608,24,1.3567466812147666,8
4,1,Flow608,1,5.0,8
4,1,Flow608,2,5.0,8
4,1,Flow608,3,0.17317290552584685,8
4,1,Flow608,4,0.34531450577663714,8
4,1,Flow608,5,1.6575757575757581,8
4,1,Flow608,6,0.13510672334201734,8
4,1,Flow608,7,1.8928571428571428,8
4,1,Flow608,8,1.3428571428571427,8
4,1,Flow608,9,0.19548872180451093,8
4,1,Flow608,10,1.5494897959183676,8
4,1,Flow608,11,1.5494897959183676,8
4,1,Flow608,12,0.10263157894736841,8
4,1,Flow608,13,0.10263157894736841,8
4,1,Flow608,14,2.3,8
4,1,Flow608,15,3.3535714285714286,8
4,1,Flow608,16,0.783376714994648,8
4,1,Flow608,17,0.783376714994648,8
4,1,Flow608,18,2.9660649995134767,8
4,1,Flow608,19,4.3,8
4,1,Flow608,20,0.8833333333333333,8
4,1,Flow608,21,1.4249084249084247,8
4,1,Flow608,22,1.4249084249084247,8
4,1,Flow608,23,1.4249084249084247,8
4,1,Flow608,24,1.4249084249084247,8
5,2,Flow608,1,5.0,8
5,2,Flow608,2,5.0,8
5,2,Flow608,3,0.16666666666666696,8
5,2,Flow608,4,0.4750000000000001,8
5,2,Flow608,5,0.28333333333333366,8
5,2,Flow608,6,0.21557355284121105,8
5,2,Flow608,7,0.21557355284121105,8
5,2,Flow608,8,0.24090198123044848,8
5,2,Flow608,9,0.6136363636363638,8
5,2,Flow608,10,0.42613636363636376,8
5,2,Flow608,11,0.5409461462450593,8
5,2,Flow608,12,0.696969696969697,8
5,2,Flow608,13,0.48876811594202896,8
5,2,Flow608,14,0.25759999251693055,8
5,2,Flow608,15,1.6016949152542372,8
5,2,Flow608,16,0.3275013668671405,8
5,2,Flow608,17,0.23631029986962204,8
5,2,Flow608,18,0.2528210413803633,8
5,2,Flow608,19,0.4726817042606517,8
5,2,Flow608,20,0.4537486821831156,8
5,2,Flow608,21,0.4537486821831156,8
5,2,Flow608,22,0.46186074582300973,8
5,2,Flow608,23,0.4871926815323042,8
5,2,Flow608,24,0.43199999999999994,8
6,2,Flow608,1,5.0,8
6,2,Flow608,2,4.3,8
6,2,Flow608,3,1.3863636363636362,8
6,2,Flow608,4,0.12721245761320477,8
6,2,Flow608,5,0.2279569892473119,8
6,2,Flow608,6,0.2279569892473119,8
6,2,Flow608,7,0.12350883381838473,8
6,2,Flow608,8,0.24464111157659563,8
6,2,Flow608,9,0.364186327888687,8
6,2,Flow608,10,0.16630178178125377,8
6,2,Flow608,11,0.16630178178125377,8
6,2,Flow608,12,0.5373236677115986,8
6,2,Flow608,13,1.2954545454545454,8
6,2,Flow608,14,0.12463741841914433,8
6,2,Flow608,15,0.11695960776647407,8
6,2,Flow608,16,0.1528079602801844,8
6,2,Flow608,17,0.12463741841914433,8
6,2,Flow608,18,0.17023809523809508,8
6,2,Flow608,19,3.553571428571429,8
6,2,Flow608,20,0.35357142857142865,8
6,2,Flow608,21,0.35357142857142865,8
6,2,Flow608,22,0.35357142857142865,8
6,2,Flow608,23,0.40000000000000013,8
6,2,Flow608,24,0.37142857142857144,8
7,2,Flow608,1,5.0,8
7,2,Flow608,2,0.33171212536751793,8
7,2,Flow608,3,1.2949453551912535,8
7,2,Flow608,4,0.13589743589743608,8
7,2,Flow608,5,0.16929824561403484,8
7,2,Flow608,6,0.22997366196198232,8
7,2,Flow608,7,0.25632591093117396,8
7,2,Flow608,8,0.3210874240890689,8
7,2,Flow608,9,0.251071405573724,8
7,2,Flow608,10,0.30808080808080796,8
7,2,Flow608,11,0.36190476190476173,8
7,2,Flow608,12,0.36190476190476173,8
7,2,Flow608,13,0.2612903225806451,8
7,2,Flow608,14,0.37857142857142856,8
7,2,Flow608,15,0.21461794019933556,8
7,2,Flow608,16,0.21461794019933556,8
7,2,Flow608,17,0.1684762822572008,8
7,2,Flow608,18,0.12316762268961101,8
7,2,Flow608,19,0.13964771192164793,8
7,2,Flow608,20,0.1356795729764182,8
7,2,Flow608,21,0.1166666666666667,8
7,2,Flow608,22,0.41666666666666674,8
7,2,Flow608,23,0.41666666666666674,8
7,2,Flow608,24,0.08860776767924916,8
8,2,Flow608,1,5.0,8
8,2,Flow608,2,1.4843358395989974,8
8,2,Flow608,3,0.49624060150375904,8
8,2,Flow608,4,0.3241758241758246,8
8,2,Flow608,5,0.31349206349206304,8
8,2,Flow608,6,0.2333333333333334,8
8,2,Flow608,7,0.16676954732510296,8
8,2,Flow608,8,0.24874686716791983,8
8,2,Flow608,9,0.2674484434436346,8
8,2,Flow608,10,0.33529411764705874,8
8,2,Flow608,11,0.26529738981600337,8
8,2,Flow608,12,0.22930998540754666,8
8,2,Flow608,13,0.2891111111111109,8
8,2,Flow608,14,0.23512195121951196,8
8,2,Flow608,15,0.2617886178861788,8
8,2,Flow608,16,0.2617886178861788,8
8,2,Flow608,17,0.261788617886179,8
8,2,Flow608,18,0.22960742771684917,8
8,2,Flow608,19,1.6166666666666667,8
8,2,Flow608,20,1.6166666666666667,8
8,2,Flow608,21,0.22845528455284536,8
8,2,Flow608,22,0.22845528455284536,8
8,2,Flow608,23,0.22845528455284536,8
8,2,Flow608,24,0.22845528455284536,8
9,3,Flow608,1,5.0,8
9,3,Flow608,2,5.0,8
9,3,Flow608,3,0.1333333333333333,8
9,3,Flow608,4,0.1313008130081299,8
9,3,Flow608,5,0.1126304801670146,8
9,3,Flow608,6,0.1126304801670146,8
9,3,Flow608,7,0.3028139609462759,8
9,3,Flow608,8,0.8281426829055948,8
9,3,Flow608,9,0.1702380952380952,8
9,3,Flow608,10,0.32352941176470607,8
9,3,Flow608,11,0.41625615763546775,8
9,3,Flow608,12,0.41625615763546775,8
9,3,Flow608,13,0.6870272878827761,8
9,3,Flow608,14,0.7001418686122933,8
9,3,Flow608,15,0.3163265306122449,8
9,3,Flow608,16,4.016666666666667,8
9,3,Flow608,17,2.6861702127659575,8
9,3,Flow608,18,0.7946741956410104,8
9,3,Flow608,19,0.3561859732072499,8
9,3,Flow608,20,0.3561859732072499,8
9,3,Flow608,21,0.8537037037037036,8
9,3,Flow608,22,0.8537037037037036,8
9,3,Flow608,23,0.8537037037037036,8
9,3,Flow608,24,1.612121212121212,8
10,3,Flow608,1,5.0,8
10,3,Flow608,2,2.6538461538461537,8
10,3,Flow608,3,2.794478527607362,8
10,3,Flow608,4,0.2081290849673203,8
10,3,Flow608,5,0.4097326261857068,8
10,3,Flow608,6,0.39462219409651,8
10,3,Flow608,7,0.4097326261857068,8
10,3,Flow608,8,0.4533748361730012,8
10,3,Flow608,9,0.6697662601626015,8
10,3,Flow608,10,1.8332512315270937,8
10,3,Flow608,11,1.8,8
10,3,Flow608,12,0.39482758620689684,8
10,3,Flow608,13,0.3704686118479219,8
10,3,Flow608,14,1.9719335772586548,8
10,3,Flow608,15,1.9118150547513428,8
10,3,Flow608,16,1.1684843844525101,8
10,3,Flow608,17,1.1684843844525101,8
10,3,Flow608,18,1.566341780376868,8
10,3,Flow608,19,3.4241071428571432,8
10,3,Flow608,20,4.578947368421053,8
10,3,Flow608,21,1.8526014463640015,8
10,3,Flow608,22,0.43939393939393945,8
10,3,Flow608,23,0.28787878787878785,8
10,3,Flow608,24,1.4969093293982623,8
11,3,Flow608,1,5.0,8
11,3,Flow608,2,1.2666666666666666,8
11,3,Flow608,3,0.1626028649801894,8
11,3,Flow608,4,0.20740740740740748,8
11,3,Flow608,5,0.12974910394265238,8
11,3,Flow608,6,0.23498817966903052,8
11,3,Flow608,7,0.15209235209235206,8
11,3,Flow608,8,0.16047157768266107,8
11,3,Flow608,9,0.08017931384228216,8
11,3,Flow608,10,0.15374149659863967,8
11,3,Flow608,11,0.14972677595628414,8
11,3,Flow608,12,0.21666666666666656,8
11,3,Flow608,13,2.6555555555555554,8
11,3,Flow608,14,2.6555555555555554,8
11,3,Flow608,15,0.8585858585858586,8
11,3,Flow608,16,0.8927738927738926,8
11,3,Flow608,17,0.30657800143781466,8
11,3,Flow608,18,1.7537303705066862,8
11,3,Flow608,19,1.7537303705066862,8
11,3,Flow608,20,0.4378790812585276,8
11,3,Flow608,21,1.799184149184149,8
11,3,Flow608,22,0.8102766798418974,8
11,3,Flow608,23,0.8102766798418974,8
11,3,Flow608,24,0.8363636363636364,8
12,3,Flow608,1,5.0,8
12,3,Flow608,2,1.4333333333333331,8
12,3,Flow608,3,3.098826700977239,8
12,3,Flow608,4,2.1166666666666667,8
12,3,Flow608,5,0.7984615384615381,8
12,3,Flow608,6,0.2958385238243537,8
12,3,Flow608,7,0.233557544907826,8
12,3,Flow608,8,0.233557544907826,8
12,3,Flow608,9,0.13526986115460904,8
12,3,Flow608,10,0.4344544095665168,8
12,3,Flow608,11,0.5981877640005449,8
12,3,Flow608,12,0.22596899224806233,8
12,3,Flow608,13,0.22596899224806233,8
12,3,Flow608,14,0.22596899224806233,8
12,3,Flow608,15,0.22596899224806233,8
12,3,Flow608,16,0.40311133560892465,8
12,3,Flow608,17,0.22596899224806233,8
12,3,Flow608,18,0.22596899224806233,8
12,3,Flow608,19,0.37908496732026165,8
12,3,Flow608,20,0.8198804185351269,8
12,3,Flow608,21,0.8198804185351269,8
12,3,Flow608,22,0.34949961508852945,8
12,3,Flow608,23,0.34949961508852945,8
12,3,Flow608,24,0.34949961508852945,8
13,4,Flow608,1,5.0,8
13,4,Flow608,2,0.18333333333333313,8
13,4,Flow608,3,0.23666067146282965,8
13,4,Flow608,4,0.4658273381294964,8
13,4,Flow608,5,0.4175177219752493,8
13,4,Flow608,6,0.677506775067751,8
13,4,Flow608,7,0.6775067750677508,8
13,4,Flow608,8,0.15969498910675428,8
13,4,Flow608,9,0.4098727894393257,8
13,4,Flow608,10,0.447833065810594,8
13,4,Flow608,11,0.447833065810594,8
13,4,Flow608,12,0.23731149676379726,8
13,4,Flow608,13,0.3020703686980717,8
13,4,Flow608,14,0.19851405210222417,8
13,4,Flow608,15,0.3020703686980717,8
13,4,Flow608,16,0.37105988541779245,8
13,4,Flow608,17,0.37105988541779245,8
13,4,Flow608,18,0.32586206896551717,8
13,4,Flow608,19,0.19218375466429438,8
13,4,Flow608,20,1.0553191489361702,8
13,4,Flow608,21,0.25,8
13,4,Flow608,22,0.25,8
13,4,Flow608,23,0.25,8
13,4,Flow608,24,0.25,8
14,4,Flow608,1,5.0,8
14,4,Flow608,2,1.133333333333333,8
14,4,Flow608,3,0.38912960367019234,8
14,4,Flow608,4,0.38912960367019234,8
14,4,Flow608,5,0.38912960367019234,8
14,4,Flow608,6,0.16215302464562908,8
14,4,Flow608,7,0.2290628706998814,8
14,4,Flow608,8,0.2290628706998814,8
14,4,Flow608,9,0.2333333333333334,8
14,4,Flow608,10,0.2333333333333334,8
14,4,Flow608,11,0.2333333333333334,8
14,4,Flow608,12,0.2333333333333334,8
14,4,Flow608,13,1.0913461538461542,8
14,4,Flow608,14,1.0913461538461542,8
14,4,Flow608,15,1.0913461538461542,8
14,4,Flow608,16,1.0913461538461542,8
14,4,Flow608,17,1.0913461538461542,8
14,4,Flow608,18,1.7884615384615385,8
14,4,Flow608,19,1.7884615384615385,8
14,4,Flow608,20,0.09401709401709413,8
14,4,Flow608,21,0.153225806451613,8
14,4,Flow608,22,0.1499999999999999,8
14,4,Flow608,23,0.1499999999999999,8
14,4,Flow608,24,0.321794871794872,8
15,4,Flow608,1,5.0,8
15,4,Flow608,2,0.5848623155332422,8
15,4,Flow608,3,0.4727192982456139,8
15,4,Flow608,4,0.18655303030303005,8
15,4,Flow608,5,0.2366666666666668,8
15,4,Flow608,6,0.794642857142857,8
15,4,Flow608,7,0.151423532375913,8
15,4,Flow608,8,0.3770433546552949,8
15,4,Flow608,9,0.3771428571428572,8
15,4,Flow608,10,0.377142857142857,8
15,4,Flow608,11,0.4056417024084462,8
15,4,Flow608,12,0.2902702702702702,8
15,4,Flow608,13,0.18528925619834724,8
15,4,Flow608,14,0.19862258953168022,8
15,4,Flow608,15,0.28903702630244177,8
15,4,Flow608,16,0.3904761904761904,8
15,4,Flow608,17,0.3904761904761904,8
15,4,Flow608,18,0.3120442959219514,8
15,4,Flow608,19,0.2658914728682169,8
15,4,Flow608,20,1.0558781763826608,8
15,4,Flow608,21,1.0558781763826608,8
15,4,Flow608,22,0.5755579264839703,8
15,4,Flow608,23,0.12916666666666665,8
15,4,Flow608,24,0.050000000000000044,8
16,4,Flow608,1,5.0,8
16,4,Flow608,2,2.5166666666666666,8
16,4,Flow608,3,0.11092896174863398,8
16,4,Flow608,4,0.2552013422818793,8
16,4,Flow608,5,0.41233766233766245,8
16,4,Flow608,6,0.2408450704225351,8
16,4,Flow608,7,0.3583333333333336,8
16,4,Flow608,8,0.24394736842105247,8
16,4,Flow608,9,0.24394736842105247,8
16,4,Flow608,10,0.14751879699248116,8
16,4,Flow608,11,0.14751879699248116,8
16,4,Flow608,12,0.14751879699248138,8
16,4,Flow608,13,0.2384595635430038,8
16,4,Flow608,14,0.32052392292704046,8
16,4,Flow608,15,0.3629530668602161,8
16,4,Flow608,16,0.32735961768219846,8
16,4,Flow608,17,0.32735961768219846,8
16,4,Flow608,18,2.65,8
16,4,Flow608,19,2.65,8
16,4,Flow608,20,2.65,8
16,4,Flow608,21,0.14254079254079266,8
16,4,Flow608,22,0.14254079254079266,8
16,4,Flow608,23,0.14254079254079266,8
16,4,Flow608,24,0.23888888888888893,8
17,5,Flow608,1,5.0,8
17,5,Flow608,2,3.6538461538461537,8
17,5,Flow608,3,0.5942760942760943,8
17,5,Flow608,4,1.7988351254480288,8
17,5,Flow608,5,1.7988351254480288,8
17,5,Flow608,6,0.4713396877594107,8
17,5,Flow608,7,0.4713396877594107,8
17,5,Flow608,8,0.5454545454545454,8
17,5,Flow608,9,0.79020979020979,8
17,5,Flow608,10,1.2358133669609082,8
17,5,Flow608,11,0.1972677595628416,8
17,5,Flow608,12,0.6328146707418729,8
17,5,Flow608,13,0.6488866733133931,8
17,5,Flow608,14,0.6328146707418729,8
17,5,Flow608,15,0.6488866733133931,8
17,5,Flow608,16,0.32357473035439144,8
17,5,Flow608,17,0.7469258889996677,8
17,5,Flow608,18,0.2508474576271187,8
17,5,Flow608,19,0.2905533399800597,8
17,5,Flow608,20,0.2508474576271187,8
17,5,Flow608,21,0.2508474576271187,8
17,5,Flow608,22,0.2508474576271187,8
17,5,Flow608,23,0.2508474576271187,8
17,5,Flow608,24,0.2508474576271187,8
18,5,Flow608,1,5.0,8
18,5,Flow608,2,2.6923076923076925,8
18,5,Flow608,3,0.4819805243445692,8
18,5,Flow608,4,0.4819805243445692,8
18,5,Flow608,5,0.10049751243781113,8
18,5,Flow608,6,0.583333333333333,8
18,5,Flow608,7,0.583333333333333,8
18,5,Flow608,8,0.583333333333333,8
18,5,Flow608,9,0.23558052434456922,8
18,5,Flow608,10,0.23558052434456922,8
18,5,Flow608,11,0.15000000000000036,8
18,5,Flow608,12,0.23558052434456922,8
18,5,Flow608,13,0.7167399446344245,8
18,5,Flow608,14,0.7167399446344245,8
18,5,Flow608,15,0.7528433945756783,8
18,5,Flow608,16,0.1649880974180551,8
18,5,Flow608,17,0.11723163841807915,8
18,5,Flow608,18,0.2959509434505274,8
18,5,Flow608,19,0.33364354543497,8
18,5,Flow608,20,0.316222634941143,8
18,5,Flow608,21,0.12552854122621548,8
18,5,Flow608,22,0.4547253323163889,8
18,5,Flow608,23,0.3656252169385632,8
18,5,Flow608,24,0.3656252169385632,8
19,5,Flow608,1,5.0,8
19,5,Flow608,2,1.2212121212121212,8
19,5,Flow608,3,0.15574256252222352,8
19,5,Flow608,4,0.08856742065579493,8
19,5,Flow608,5,0.08856742065579493,8
19,5,Flow608,6,0.1018041517226389,8
19,5,Flow608,7,0.1018041517226389,8
19,5,Flow608,8,0.09208280878444519,8
19,5,Flow608,9,0.675825961364867,8
19,5,Flow608,10,2.216606498194946,8
19,5,Flow608,11,2.216606498194946,8
19,5,Flow608,12,0.24993983152827903,8
19,5,Flow608,13,0.18747347491931032,8
19,5,Flow608,14,0.24993983152827903,8
19,5,Flow608,15,0.24993983152827903,8
19,5,Flow608,16,0.24993983152827903,8
19,5,Flow608,17,0.447126436781609,8
19,5,Flow608,18,0.1681647940074904,8
19,5,Flow608,19,0.7613794482902563,8
19,5,Flow608,20,0.7230667547918044,8
19,5,Flow608,21,0.1681647940074904,8
19,5,Flow608,22,0.1681647940074904,8
19,5,Flow608,23,0.2333333333333334,8
19,5,Flow608,24,0.2333333333333334,8
20,5,Flow608,1,5.0,8
20,5,Flow608,2,2.1818181818181817,8
20,5,Flow608,3,0.13678160919540217,8
20,5,Flow608,4,0.12011494252873556,8
20,5,Flow608,5,0.5142717833993,8
20,5,Flow608,6,0.38253695430014645,8
20,5,Flow608,7,0.12042253521126778,8
20,5,Flow608,8,0.2946277795200336,8
20,5,Flow608,9,0.38900561015098445,8
20,5,Flow608,10,0.33259311610375386,8
20,5,Flow608,11,0.11250000000000027,8
20,5,Flow608,12,0.11250000000000027,8
20,5,Flow608,13,0.22688172043010768,8
20,5,Flow608,14,0.11249999999999982,8
20,5,Flow608,15,0.1499999999999999,8
20,5,Flow608,16,0.3334505541346977,8
20,5,Flow608,17,0.32712773515203253,8
20,5,Flow608,18,0.4204301075268817,8
20,5,Flow608,19,0.3379442973150728,8
20,5,Flow608,20,0.3379442973150728,8
20,5,Flow608,21,0.4169483470116382,8
20,5,Flow608,22,0.5913647342995167,8
20,5,Flow608,23,1.8209357691186474,8
20,5,Flow608,24,1.827536231884058,8
1,1,Flow609,1,5.0,9
1,1,Flow609,2,5.0,9
1,1,Flow609,3,2.1297297297297297,9
1,1,Flow609,4,0.21740662438336855,9
1,1,Flow609,5,0.21740662438336855,9
1,1,Flow609,6,0.21740662438336855,9
1,1,Flow609,7,0.21740662438336855,9
1,1,Flow609,8,0.21740662438336855,9
1,1,Flow609,9,0.5300366300366304,9
1,1,Flow609,10,0.4119047619047622,9
1,1,Flow609,11,0.22773536895674296,9
1,1,Flow609,12,0.2630522088353411,9
1,1,Flow609,13,0.6904761904761902,9
1,1,Flow609,14,0.41176470588235325,9
1,1,Flow609,15,0.41176470588235325,9
1,1,Flow609,16,0.41176470588235325,9
1,1,Flow609,17,0.41176470588235325,9
1,1,Flow609,18,3.0,9
1,1,Flow609,19,0.10588235294117654,9
1,1,Flow609,20,0.10588235294117654,9
1,1,Flow609,21,0.10588235294117654,9
1,1,Flow609,22,0.10588235294117654,9
1,1,Flow609,23,0.10588235294117654,9
1,1,Flow609,24,1.6503267973856208,9
2,1,Flow609,1,5.0,9
2,1,Flow609,2,5.0,9
2,1,Flow609,3,2.517543859649123,9
2,1,Flow609,4,0.20238095238095255,9
2,1,Flow609,5,0.20238095238095255,9
2,1,Flow609,6,0.937229437229437,9
2,1,Flow609,7,0.937229437229437,9
2,1,Flow609,8,0.22222222222222188,9
2,1,Flow609,9,0.23383838383838418,9
2,1,Flow609,10,0.22455737920195906,9
2,1,Flow609,11,0.9497434297205469,9
2,1,Flow609,12,0.8213285055390318,9
2,1,Flow609,13,1.3257575757575757,9
2,1,Flow609,14,1.3257575757575757,9
2,1,Flow609,15,1.3257575757575757,9
2,1,Flow609,16,0.6627140974967065,9
2,1,Flow609,17,0.6663379132944351,9
2,1,Flow609,18,0.7147851182633795,9
2,1,Flow609,19,0.5340220226657597,9
2,1,Flow609,20,0.5340220226657597,9
2,1,Flow609,21,0.5971329125125364,9
2,1,Flow609,22,0.6768430574400726,9
2,1,Flow609,23,0.2004268879268878,9
2,1,Flow609,24,0.23095467143086168,9
3,1,Flow609,1,5.0,9
3,1,Flow609,2,2.0784313725490198,9
3,1,Flow609,3,2.0784313725490198,9
3,1,Flow609,4,0.15705063950924192,9
3,1,Flow609,5,0.18047218887555028,9
3,1,Flow609,6,0.16117368933388931,9
3,1,Flow609,7,0.16117368933388931,9
3,1,Flow609,8,0.5784313725490198,9
3,1,Flow609,9,0.5784313725490198,9
3,1,Flow609,10,0.5784313725490198,9
3,1,Flow609,11,0.4203612479474552,9
3,1,Flow609,12,0.5784313725490198,9
3,1,Flow609,13,0.5784313725490198,9
3,1,Flow609,14,0.32512725996138325,9
3,1,Flow609,15,0.16555777334220467,9
3,1,Flow609,16,0.16884531590413943,9
3,1,Flow609,17,0.25495334402104675,9
3,1,Flow609,18,0.3091315586063481,9
3,1,Flow609,19,0.3091315586063481,9
3,1,Flow609,20,0.24510440928508137,9
3,1,Flow609,21,0.3091315586063481,9
3,1,Flow609,22,0.3091315586063481,9
3,1,Flow609,23,0.3091315586063481,9
3,1,Flow609,24,0.3091315586063481,9
4,1,Flow609,1,5.0,9
4,1,Flow609,2,5.0,9
4,1,Flow609,3,2.0701754385964914,9
4,1,Flow609,4,0.18878820184790301,9
4,1,Flow609,5,0.40174129353233834,9
4,1,Flow609,6,0.19482074443837671,9
4,1,Flow609,7,0.18878820184790346,9
4,1,Flow609,8,0.18878820184790346,9
4,1,Flow609,9,0.18878820184790346,9
4,1,Flow609,10,0.13374906290465471,9
4,1,Flow609,11,0.13374906290465471,9
4,1,Flow609,12,0.13374906290465471,9
4,1,Flow609,13,0.13374906290465471,9
4,1,Flow609,14,0.13374906290465471,9
4,1,Flow609,15,0.12183781621837797,9
4,1,Flow609,16,0.29138988197074633,9
4,1,Flow609,17,0.3500360490266763,9
4,1,Flow609,18,0.17882488859547774,9
4,1,Flow609,19,0.3991228070175441,9
4,1,Flow609,20,0.12037037037037068,9
4,1,Flow609,21,0.3408662900188322,9
4,1,Flow609,22,0.24477019392273647,9
4,1,Flow609,23,0.20330330330330293,9
4,1,Flow609,24,0.2777777777777777,9
5,2,Flow609,1,5.0,9
5,2,Flow609,2,3.537037037037037,9
5,2,Flow609,3,0.6926406926406927,9
5,2,Flow609,4,0.5819506918139732,9
5,2,Flow609,5,0.17192760942760943,9
5,2,Flow609,6,0.17192760942760943,9
5,2,Flow609,7,0.15309059059059038,9
5,2,Flow609,8,0.15309059059059038,9
5,2,Flow609,9,0.15309059059059038,9
5,2,Flow609,10,0.1948790896159318,9
5,2,Flow609,11,0.1948790896159318,9
5,2,Flow609,12,0.1948790896159318,9
5,2,Flow609,13,0.21371610845295042,9
5,2,Flow609,14,0.21371610845295042,9
5,2,Flow609,15,0.21371610845295042,9
5,2,Flow609,16,0.43530701754385914,9
5,2,Flow609,17,0.42280701754385985,9
5,2,Flow609,18,0.4228070175438594,9
5,2,Flow609,19,0.4228070175438594,9
5,2,Flow609,20,0.33930186290468445,9
5,2,Flow609,21,0.9556937585261973,9
5,2,Flow609,22,0.9498277347114554,9
5,2,Flow609,23,0.8433876631551047,9
5,2,Flow609,24,0.8433876631551047,9
6,2,Flow609,1,5.0,9
6,2,Flow609,2,3.518181818181818,9
6,2,Flow609,3,0.33653846153846123,9
6,2,Flow609,4,0.18993352326685642,9
6,2,Flow609,5,0.16699155295646495,9
6,2,Flow609,6,0.16699155295646495,9
6,2,Flow609,7,0.19298245614035103,9
6,2,Flow609,8,0.7765200708382527,9
6,2,Flow609,9,0.7538961038961038,9
6,2,Flow609,10,2.2857142857142856,9
6,2,Flow609,11,0.40874845147904026,9
6,2,Flow609,12,0.41071428571428603,9
6,2,Flow609,13,0.5096153846153846,9
6,2,Flow609,14,0.5096153846153846,9
6,2,Flow609,15,0.5096153846153846,9
6,2,Flow609,16,0.3802631578947371,9
6,2,Flow609,17,0.41359649122806985,9
6,2,Flow609,18,0.5320023600048589,9
6,2,Flow609,19,0.6821862348178136,9
6,2,Flow609,20,2.326923076923077,9
6,2,Flow609,21,0.2435897435897436,9
6,2,Flow609,22,0.23134540897698752,9
6,2,Flow609,23,0.21666511319621318,9
6,2,Flow609,24,0.21666511319621318,9
7,2,Flow609,1,5.0,9
7,2,Flow609,2,2.5394736842105265,9
7,2,Flow609,3,0.6135477582846005,9
7,2,Flow609,4,0.35727029438001834,9
7,2,Flow609,5,0.25653011766658285,9
7,2,Flow609,6,0.25653011766658285,9
7,2,Flow609,7,0.48446327683615786,9
7,2,Flow609,8,0.48446327683615786,9
7,2,Flow609,9,0.18294790005316353,9
7,2,Flow609,10,0.18518518518518512,9
7,2,Flow609,11,0.18518518518518512,9
7,2,Flow609,12,0.1527257594673328,9
7,2,Flow609,13,0.15272575946733236,9
7,2,Flow609,14,0.15272575946733236,9
7,2,Flow609,15,0.18518518518518512,9
7,2,Flow609,16,0.18518518518518512,9
7,2,Flow609,17,0.10470797246280261,9
7,2,Flow609,18,0.10470797246280261,9
7,2,Flow609,19,0.1499999999999999,9
7,2,Flow609,20,0.25806451612903203,9
7,2,Flow609,21,0.09321357285429155,9
7,2,Flow609,22,0.4255544843909729,9
7,2,Flow609,23,0.34296135587660603,9
7,2,Flow609,24,0.3548199963794749,9
8,2,Flow609,1,5.0,9
8,2,Flow609,2,5.0,9
8,2,Flow609,3,0.6195263897250651,9
8,2,Flow609,4,0.4116161616161613,9
8,2,Flow609,5,0.331435687600071,9
8,2,Flow609,6,0.331435687600071,9
8,2,Flow609,7,0.40777882649048314,9
8,2,Flow609,8,0.6256015902908558,9
8,2,Flow609,9,0.2898322851153039,9
8,2,Flow609,10,0.2735908488063661,9
8,2,Flow609,11,0.34659567901234567,9
8,2,Flow609,12,0.34659567901234567,9
8,2,Flow609,13,0.34659567901234567,9
8,2,Flow609,14,0.2703437040151355,9
8,2,Flow609,15,0.2650657894736843,9
8,2,Flow609,16,0.24723923249642787,9
8,2,Flow609,17,0.23997690855276566,9
8,2,Flow609,18,0.23997690855276566,9
8,2,Flow609,19,0.3039241484591628,9
8,2,Flow609,20,0.3482950117682615,9
8,2,Flow609,21,0.2524303221441353,9
8,2,Flow609,22,0.2524303221441353,9
8,2,Flow609,23,0.07356682385088131,9
8,2,Flow609,24,0.07356682385088131,9
9,3,Flow609,1,5.0,9
9,3,Flow609,2,5.0,9
9,3,Flow609,3,0.13809523809523805,9
9,3,Flow609,4,0.1166666666666667,9
9,3,Flow609,5,0.1166666666666667,9
9,3,Flow609,6,0.12916666666666687,9
9,3,Flow609,7,0.26981132075471725,9
9,3,Flow609,8,0.3702290076335877,9
9,3,Flow609,9,0.3702290076335881,9
9,3,Flow609,10,0.6617647058823533,9
9,3,Flow609,11,0.6962474645030423,9
9,3,Flow609,12,0.8562091503267979,9
9,3,Flow609,13,0.6962474645030423,9
9,3,Flow609,14,0.1772869147659062,9
9,3,Flow609,15,0.22795518207282894,9
9,3,Flow609,16,0.19170475207626891,9
9,3,Flow609,17,0.19170475207626891,9
9,3,Flow609,18,0.3774509803921573,9
9,3,Flow609,19,0.3774509803921573,9
9,3,Flow609,20,1.3058285008591066,9
9,3,Flow609,21,0.24574829931972797,9
9,3,Flow609,22,0.14672303893047856,9
9,3,Flow609,23,0.14672303893047856,9
9,3,Flow609,24,0.14672303893047856,9
10,3,Flow609,1,5.0,9
10,3,Flow609,2,1.7400000000000002,9
10,3,Flow609,3,0.13201949565585913,9
10,3,Flow609,4,0.39518900343642605,9
10,3,Flow609,5,0.1705513222770061,9
10,3,Flow609,6,0.224318658280922,9
10,3,Flow609,7,0.582299054373522,9
10,3,Flow609,8,0.4896946564885498,9
10,3,Flow609,9,0.4896946564885498,9
10,3,Flow609,10,0.4896946564885498,9
10,3,Flow609,11,0.4490719952102977,9
10,3,Flow609,12,0.3666666666666667,9
10,3,Flow609,13,0.4490719952102977,9
10,3,Flow609,14,0.9984562607204113,9
10,3,Flow609,15,0.9984562607204113,9
10,3,Flow609,16,0.19018489865749233,9
10,3,Flow609,17,0.19018489865749233,9
10,3,Flow609,18,0.19018489865749233,9
10,3,Flow609,19,0.19018489865749233,9
10,3,Flow609,20,0.9104390681003585,9
10,3,Flow609,21,0.9572044094693024,9
10,3,Flow609,22,0.9798768939393945,9
10,3,Flow609,23,0.9798768939393945,9
10,3,Flow609,24,0.15344827586206877,9
11,3,Flow609,1,5.0,9
11,3,Flow609,2,2.148148148148148,9
11,3,Flow609,3,0.3127432023181842,9
11,3,Flow609,4,0.33386226594731827,9
11,3,Flow609,5,0.3127432023181842,9
11,3,Flow609,6,0.3127432023181842,9
11,3,Flow609,7,0.24248777078965755,9
11,3,Flow609,8,0.36410256410256436,9
11,3,Flow609,9,0.36410256410256436,9
11,3,Flow609,10,0.3495370370370372,9
11,3,Flow609,11,0.3495370370370372,9
11,3,Flow609,12,0.7435555964836473,9
11,3,Flow609,13,0.32135306553911214,9
11,3,Flow609,14,0.32135306553911214,9
11,3,Flow609,15,0.8479896942165568,9
11,3,Flow609,16,0.5252491694352157,9
11,3,Flow609,17,0.27111111111111086,9
11,3,Flow609,18,0.6468253968253967,9
11,3,Flow609,19,0.6468253968253967,9
11,3,Flow609,20,0.17777777777777803,9
11,3,Flow609,21,0.17777777777777803,9
11,3,Flow609,22,0.5454545454545454,9
11,3,Flow609,23,0.3512987012987012,9
11,3,Flow609,24,0.2645833333333334,9
12,3,Flow609,1,5.0,9
12,3,Flow609,2,5.0,9
12,3,Flow609,3,0.2775032938076416,9
12,3,Flow609,4,0.41190964647224515,9
12,3,Flow609,5,0.41190964647224515,9
12,3,Flow609,6,0.2808547526469054,9
12,3,Flow609,7,0.2569000488141526,9
12,3,Flow609,8,0.4586026077097505,9
12,3,Flow609,9,0.2628205128205128,9
12,3,Flow609,10,0.36934237848872,9
12,3,Flow609,11,0.329226089068269,9
12,3,Flow609,12,0.41472490160981845,9
12,3,Flow609,13,0.28351640077557505,9
12,3,Flow609,14,0.4651559454191032,9
12,3,Flow609,15,0.5007253797576379,9
12,3,Flow609,16,0.5046296296296298,9
12,3,Flow609,17,0.6387362637362637,9
12,3,Flow609,18,0.6144447657605552,9
12,3,Flow609,19,0.9555555555555557,9
12,3,Flow609,20,0.9555555555555557,9
12,3,Flow609,21,0.785138888888889,9
12,3,Flow609,22,0.41507936507936494,9
12,3,Flow609,23,0.5192857781721232,9
12,3,Flow609,24,0.8281135531135533,9
13,4,Flow609,1,5.0,9
13,4,Flow609,2,3.1777777777777776,9
13,4,Flow609,3,0.392081736909323,9
13,4,Flow609,4,0.2773718849025082,9
13,4,Flow609,5,0.3475400970324998,9
13,4,Flow609,6,0.2715161204369836,9
13,4,Flow609,7,0.2843587389041935,9
13,4,Flow609,8,0.3793685262740638,9
13,4,Flow609,9,0.29427609427609447,9
13,4,Flow609,10,0.3018844151587512,9
13,4,Flow609,11,0.35433773350633757,9
13,4,Flow609,12,0.30332864510079727,9
13,4,Flow609,13,0.4321380178564196,9
13,4,Flow609,14,0.19074501127629473,9
13,4,Flow609,15,0.1256756756756756,9
13,4,Flow609,16,0.16546920821114375,9
13,4,Flow609,17,0.24443988846973919,9
13,4,Flow609,18,1.8166666666666667,9
13,4,Flow609,19,0.2500000000000002,9
13,4,Flow609,20,0.2500000000000002,9
13,4,Flow609,21,0.2500000000000002,9
13,4,Flow609,22,0.2500000000000002,9
13,4,Flow609,23,0.2500000000000002,9
13,4,Flow609,24,0.2500000000000002,9
14,4,Flow609,1,5.0,9
14,4,Flow609,2,5.0,9
14,4,Flow609,3,1.1105664488017428,9
14,4,Flow609,4,0.19310344827586245,9
14,4,Flow609,5,0.13082274652147596,9
14,4,Flow609,6,1.0313405797101454,9
14,4,Flow609,7,0.325814536340852,9
14,4,Flow609,8,0.325814536340852,9
14,4,Flow609,9,0.19261440314071887,9
14,4,Flow609,10,0.18575763858782723,9
14,4,Flow609,11,0.292395104895105,9
14,4,Flow609,12,0.3374999999999999,9
14,4,Flow609,13,0.18242424242424238,9
14,4,Flow609,14,0.18242424242424238,9
14,4,Flow609,15,0.18242424242424238,9
14,4,Flow609,16,0.22083333333333344,9
14,4,Flow609,17,0.22083333333333344,9
14,4,Flow609,18,0.17517586580086597,9
14,4,Flow609,19,0.5908045977011496,9
14,4,Flow609,20,0.5889673273599421,9
14,4,Flow609,21,0.5889673273599421,9
14,4,Flow609,22,0.5889673273599421,9
14,4,Flow609,23,0.1743532058492685,9
14,4,Flow609,24,0.176190476190476,9
15,4,Flow609,1,5.0,9
15,4,Flow609,2,5.0,9
15,4,Flow609,3,0.2055555555555557,9
15,4,Flow609,4,0.2792397660818704,9
15,4,Flow609,5,0.19653065247388168,9
15,4,Flow609,6,0.19653065247388168,9
15,4,Flow609,7,0.2055555555555557,9
15,4,Flow609,8,0.2701497963932522,9
15,4,Flow609,9,0.11039844509232255,9
15,4,Flow609,10,0.1304964539007094,9
15,4,Flow609,11,0.1304964539007094,9
15,4,Flow609,12,0.10686662893793608,9
15,4,Flow609,13,0.7357142857142858,9
15,4,Flow609,14,2.3138297872340425,9
15,4,Flow609,15,0.3638297872340426,9
15,4,Flow609,16,0.3638297872340426,9
15,4,Flow609,17,0.916666666666667,9
15,4,Flow609,18,0.9916666666666669,9
15,4,Flow609,19,0.18725490196078454,9
15,4,Flow609,20,1.4805882352941178,9
15,4,Flow609,21,1.4337974551522736,9
15,4,Flow609,22,0.2705882352941178,9
15,4,Flow609,23,1.4337974551522736,9
15,4,Flow609,24,1.4337974551522736,9
16,4,Flow609,1,5.0,9
16,4,Flow609,2,2.175438596491228,9
16,4,Flow609,3,0.2934472934472936,9
16,4,Flow609,4,0.5820787966930023,9
16,4,Flow609,5,0.26984762300407983,9
16,4,Flow609,6,0.28438824014118724,9
16,4,Flow609,7,0.28438824014118724,9
16,4,Flow609,8,0.3254385964912281,9
16,4,Flow609,9,0.25877192982456165,9
16,4,Flow609,10,0.5277777777777779,9
16,4,Flow609,11,0.5519877675840976,9
16,4,Flow609,12,0.4439742476851851,9
16,4,Flow609,13,0.4820601851851851,9
16,4,Flow609,14,0.5601851851851851,9
16,4,Flow609,15,0.6574074074074074,9
16,4,Flow609,16,0.6574074074074074,9
16,4,Flow609,17,0.28935185185185164,9
16,4,Flow609,18,0.6121212121212121,9
16,4,Flow609,19,0.7166666666666666,9
16,4,Flow609,20,0.7166666666666666,9
16,4,Flow609,21,0.3319727891156461,9
16,4,Flow609,22,0.3319727891156461,9
16,4,Flow609,23,0.34947550798459703,9
16,4,Flow609,24,0.14146528576908324,9
17,5,Flow609,1,5.0,9
17,5,Flow609,2,1.0708333333333333,9
17,5,Flow609,3,0.2502421307506051,9
17,5,Flow609,4,0.2502421307506051,9
17,5,Flow609,5,0.5210004312203544,9
17,5,Flow609,6,0.16666666666666652,9
17,5,Flow609,7,0.8075757575757576,9
17,5,Flow609,8,2.3,9
17,5,Flow609,9,0.3678625333797747,9
17,5,Flow609,10,0.3592128178335079,9
17,5,Flow609,11,0.3463957759412306,9
17,5,Flow609,12,0.35579277624732164,9
17,5,Flow609,13,0.07196969696969724,9
17,5,Flow609,14,0.08333333333333304,9
17,5,Flow609,15,0.09166666666666679,9
17,5,Flow609,16,0.09166666666666634,9
17,5,Flow609,17,2.5416666666666665,9
17,5,Flow609,18,0.23809523809523814,9
17,5,Flow609,19,0.23346560846560882,9
17,5,Flow609,20,0.14879320539697893,9
17,5,Flow609,21,0.7666040100250631,9
17,5,Flow609,22,0.7666040100250631,9
17,5,Flow609,23,0.7145955698875199,9
17,5,Flow609,24,0.12103566352858186,9
18,5,Flow609,1,5.0,9
18,5,Flow609,2,1.6521739130434785,9
18,5,Flow609,3,0.7946127946127945,9
18,5,Flow609,4,0.1535885167464115,9
18,5,Flow609,5,0.0984807379272925,9
18,5,Flow609,6,0.0984807379272925,9
18,5,Flow609,7,0.15395029417084238,9
18,5,Flow609,8,0.15395029417084238,9
18,5,Flow609,9,0.12525571880230624,9
18,5,Flow609,10,0.12525571880230624,9
18,5,Flow609,11,0.1045967624904689,9
18,5,Flow609,12,0.18166383701188416,9
18,5,Flow609,13,0.18166383701188416,9
18,5,Flow609,14,0.1832484436898696,9
18,5,Flow609,15,0.1832484436898696,9
18,5,Flow609,16,0.20394736842105265,9
18,5,Flow609,17,0.11426055315772121,9
18,5,Flow609,18,0.11426055315772121,9
18,5,Flow609,19,0.11426055315772121,9
18,5,Flow609,20,0.12894736842105248,9
18,5,Flow609,21,0.12894736842105248,9
18,5,Flow609,22,1.1166666666666663,9
18,5,Flow609,23,0.5871212121212119,9
18,5,Flow609,24,0.15833333333333321,9
19,5,Flow609,1,5.0,9
19,5,Flow609,2,0.7374489200233509,9
19,5,Flow609,3,0.7167288557213931,9
19,5,Flow609,4,0.14360887868350547,9
19,5,Flow609,5,0.14360887868350591,9
19,5,Flow609,6,0.08788318361354808,9
19,5,Flow609,7,0.3153735632183907,9
19,5,Flow609,8,0.16744026130307743,9
19,5,Flow609,9,0.16744026130307743,9
19,5,Flow609,10,0.167440261303077,9
19,5,Flow609,11,0.167440261303077,9
19,5,Flow609,12,0.17945956325898438,9
19,5,Flow609,13,0.15270698765691249,9
19,5,Flow609,14,0.15937762825904134,9
19,5,Flow609,15,0.1593776282590409,9
19,5,Flow609,16,2.141352549889135,9
19,5,Flow609,17,0.6845343680709535,9
19,5,Flow609,18,0.6845343680709535,9
19,5,Flow609,19,0.10542879622344614,9
19,5,Flow609,20,0.10542879622344614,9
19,5,Flow609,21,0.08225806451612927,9
19,5,Flow609,22,0.08225806451612927,9
19,5,Flow609,23,0.10542879622344614,9
19,5,Flow609,24,0.10542879622344614,9
20,5,Flow609,1,5.0,9
20,5,Flow609,2,2.1186943620178043,9
20,5,Flow609,3,0.4125000000000001,9
20,5,Flow609,4,0.04629629629629628,9
20,5,Flow609,5,0.04629629629629628,9
20,5,Flow609,6,0.04629629629629628,9
20,5,Flow609,7,0.1437728937728937,9
20,5,Flow609,8,0.1437728937728937,9
20,5,Flow609,9,0.1437728937728937,9
20,5,Flow609,10,0.10173086629833739,9
20,5,Flow609,11,0.14342380917377273,9
20,5,Flow609,12,0.21666666666666679,9
20,5,Flow609,13,0.21666666666666679,9
20,5,Flow609,14,0.15363247863247853,9
20,5,Flow609,15,0.21458333333333401,9
20,5,Flow609,16,0.35347222222222285,9
20,5,Flow609,17,0.35347222222222285,9
20,5,Flow609,18,0.2943724812895798,9
20,5,Flow609,19,0.3122222222222222,9
20,5,Flow609,20,0.3122222222222222,9
20,5,Flow609,21,0.4722222222222223,9
20,5,Flow609,22,0.4722222222222223,9
20,5,Flow609,23,0.12222222222222223,9
20,5,Flow609,24,0.4722222222222223,9
1,1,Flow6010,1,5.0,10
1,1,Flow6010,2,2.1944444444444446,10
1,1,Flow6010,3,1.2976190476190477,10
1,1,Flow6010,4,3.0350877192982457,10
1,1,Flow6010,5,0.4022931882479006,10
1,1,Flow6010,6,0.4022931882479006,10
1,1,Flow6010,7,0.3128654970760234,10
1,1,Flow6010,8,0.18795698924731186,10
1,1,Flow6010,9,0.18795698924731186,10
1,1,Flow6010,10,0.3044444444444445,10
1,1,Flow6010,11,0.27666666666666684,10
1,1,Flow6010,12,0.27666666666666684,10
1,1,Flow6010,13,1.7472222222222222,10
1,1,Flow6010,14,0.3527536231884061,10
1,1,Flow6010,15,0.38858695652173925,10
1,1,Flow6010,16,1.285266457680251,10
1,1,Flow6010,17,1.633211678832117,10
1,1,Flow6010,18,2.446218487394958,10
1,1,Flow6010,19,0.3801587301587306,10
1,1,Flow6010,20,0.3176470588235296,10
1,1,Flow6010,21,0.3176470588235296,10
1,1,Flow6010,22,0.3176470588235296,10
1,1,Flow6010,23,2.1176470588235294,10
1,1,Flow6010,24,0.39950372208436713,10
2,1,Flow6010,1,5.0,10
2,1,Flow6010,2,2.2637362637362637,10
2,1,Flow6010,3,1.5637362637362635,10
2,1,Flow6010,4,0.21391475579455177,10
2,1,Flow6010,5,0.29329634766527946,10
2,1,Flow6010,6,0.7545454545454544,10
2,1,Flow6010,7,0.7545454545454544,10
2,1,Flow6010,8,1.4545454545454546,10
2,1,Flow6010,9,0.4712121212121212,10
2,1,Flow6010,10,0.46891311963566373,10
2,1,Flow6010,11,1.5466324946400847,10
2,1,Flow6010,12,0.6295454545454549,10
2,1,Flow6010,13,1.6250000000000004,10
2,1,Flow6010,14,1.1182539682539683,10
2,1,Flow6010,15,0.14261603375527399,10
2,1,Flow6010,16,0.2703938115330522,10
2,1,Flow6010,17,0.3098290598290596,10
2,1,Flow6010,18,2.1153846153846154,10
2,1,Flow6010,19,2.1153846153846154,10
2,1,Flow6010,20,0.9837662337662341,10
2,1,Flow6010,21,0.8636310290539573,10
2,1,Flow6010,22,1.0122942177180578,10
2,1,Flow6010,23,0.7228835978835979,10
2,1,Flow6010,24,0.8057774001699234,10
3,1,Flow6010,1,5.0,10
3,1,Flow6010,2,5.0,10
3,1,Flow6010,3,0.724919093851133,10
3,1,Flow6010,4,0.2805023923444976,10
3,1,Flow6010,5,0.7613636363636367,10
3,1,Flow6010,6,0.8363636363636369,10
3,1,Flow6010,7,0.2608187134502926,10
3,1,Flow6010,8,0.3456140350877197,10
3,1,Flow6010,9,0.17222222222222205,10
3,1,Flow6010,10,0.267425320056899,10
3,1,Flow6010,11,0.267425320056899,10
3,1,Flow6010,12,0.267425320056899,10
3,1,Flow6010,13,0.3325358851674638,10
3,1,Flow6010,14,0.4729709428215436,10
3,1,Flow6010,15,0.5660643379456092,10
3,1,Flow6010,16,0.264181071972168,10
3,1,Flow6010,17,0.14066135030427374,10
3,1,Flow6010,18,0.15790612895876066,10
3,1,Flow6010,19,0.15358328253065068,10
3,1,Flow6010,20,0.15358328253065068,10
3,1,Flow6010,21,0.15358328253065068,10
3,1,Flow6010,22,0.15358328253065068,10
3,1,Flow6010,23,0.15790612895876066,10
3,1,Flow6010,24,0.23026315789473673,10
4,1,Flow6010,1,5.0,10
4,1,Flow6010,2,1.5213675213675213,10
4,1,Flow6010,3,0.28174061433447184,10
4,1,Flow6010,4,0.1703060773949443,10
4,1,Flow6010,5,0.16216381165177074,10
4,1,Flow6010,6,0.18596491228070144,10
4,1,Flow6010,7,0.07234699030038305,10
4,1,Flow6010,8,0.08257503699006552,10
4,1,Flow6010,9,0.08257503699006552,10
4,1,Flow6010,10,0.0805305947796322,10
4,1,Flow6010,11,0.8380952380952382,10
4,1,Flow6010,12,0.3380952380952382,10
4,1,Flow6010,13,0.3380952380952382,10
4,1,Flow6010,14,0.1812725090036018,10
4,1,Flow6010,15,0.1812725090036018,10
4,1,Flow6010,16,0.273076923076923,10
4,1,Flow6010,17,0.2721405934889085,10
4,1,Flow6010,18,0.2721405934889085,10
4,1,Flow6010,19,0.13000420975769655,10
4,1,Flow6010,20,0.125857843137255,10
4,1,Flow6010,21,2.00625,10
4,1,Flow6010,22,0.3517730496453897,10
4,1,Flow6010,23,0.3517730496453897,10
4,1,Flow6010,24,0.3517730496453897,10
5,2,Flow6010,1,5.0,10
5,2,Flow6010,2,1.6818181818181817,10
5,2,Flow6010,3,3.0,10
5,2,Flow6010,4,0.46543209876543257,10
5,2,Flow6010,5,1.6176470588235294,10
5,2,Flow6010,6,0.7380952380952379,10
5,2,Flow6010,7,1.0714285714285714,10
5,2,Flow6010,8,0.8285714285714285,10
5,2,Flow6010,9,1.4970388155262104,10
5,2,Flow6010,10,0.7826330532212888,10
5,2,Flow6010,11,0.9414781297134234,10
5,2,Flow6010,12,0.7754901960784315,10
5,2,Flow6010,13,0.2588235294117647,10
5,2,Flow6010,14,0.2588235294117647,10
5,2,Flow6010,15,0.608823529411765,10
5,2,Flow6010,16,0.608823529411765,10
5,2,Flow6010,17,0.21882352941176464,10
5,2,Flow6010,18,0.44333333333333336,10
5,2,Flow6010,19,0.6599999999999999,10
5,2,Flow6010,20,0.6352747252747253,10
5,2,Flow6010,21,0.19703703703703712,10
5,2,Flow6010,22,0.15618597320724992,10
5,2,Flow6010,23,0.7146403242147923,10
5,2,Flow6010,24,0.4167679837892604,10
6,2,Flow6010,1,5.0,10
6,2,Flow6010,2,2.375,10
6,2,Flow6010,3,1.505589490296937,10
6,2,Flow6010,4,0.8235269454382825,10
6,2,Flow6010,5,0.7895833333333333,10
6,2,Flow6010,6,0.8624999999999998,10
6,2,Flow6010,7,2.6777777777777776,10
6,2,Flow6010,8,1.9722222222222223,10
6,2,Flow6010,9,1.9957264957264957,10
6,2,Flow6010,10,2.625,10
6,2,Flow6010,11,0.3374384236453203,10
6,2,Flow6010,12,1.0761143818334737,10
6,2,Flow6010,13,0.5420506912442398,10
6,2,Flow6010,14,0.5420506912442398,10
6,2,Flow6010,15,0.1730182926829269,10
6,2,Flow6010,16,0.15331890331890308,10
6,2,Flow6010,17,0.22170087976539543,10
6,2,Flow6010,18,0.19036840175953085,10
6,2,Flow6010,19,0.20970768020335284,10
6,2,Flow6010,20,0.16718587746625113,10
6,2,Flow6010,21,0.2653167185877463,10
6,2,Flow6010,22,0.13501549358123066,10
6,2,Flow6010,23,0.12262742589038167,10
6,2,Flow6010,24,0.5378321042529548,10
7,2,Flow6010,1,5.0,10
7,2,Flow6010,2,1.6739130434782608,10
7,2,Flow6010,3,0.8243493278934093,10
7,2,Flow6010,4,0.13907499247105126,10
7,2,Flow6010,5,0.12035319831445035,10
7,2,Flow6010,6,0.11089367253750826,10
7,2,Flow6010,7,0.1022408963585435,10
7,2,Flow6010,8,0.14966926529647973,10
7,2,Flow6010,9,0.12260915319030086,10
7,2,Flow6010,10,0.09789491160858987,10
7,2,Flow6010,11,0.21261614401858298,10
7,2,Flow6010,12,0.21261614401858298,10
7,2,Flow6010,13,0.12475061170713331,10
7,2,Flow6010,14,0.11232825145868608,10
7,2,Flow6010,15,0.16341991341991347,10
7,2,Flow6010,16,0.16341991341991324,10
7,2,Flow6010,17,0.14110965487112237,10
7,2,Flow6010,18,0.14110965487112237,10
7,2,Flow6010,19,3.7727272727272725,10
7,2,Flow6010,20,3.7727272727272725,10
7,2,Flow6010,21,0.26923076923076916,10
7,2,Flow6010,22,0.20082288401253923,10
7,2,Flow6010,23,0.3647214854111407,10
7,2,Flow6010,24,0.2565174187514614,10
8,2,Flow6010,1,5.0,10
8,2,Flow6010,2,2.090909090909091,10
8,2,Flow6010,3,0.9229166666666666,10
8,2,Flow6010,4,0.9666666666666668,10
8,2,Flow6010,5,0.14074074074074083,10
8,2,Flow6010,6,0.2800618780897004,10
8,2,Flow6010,7,0.14537614480070848,10
8,2,Flow6010,8,0.12095359606324951,10
8,2,Flow6010,9,0.8116104868913858,10
8,2,Flow6010,10,0.45345853701917904,10
8,2,Flow6010,11,1.2352274721417915,10
8,2,Flow6010,12,0.8224806201550385,10
8,2,Flow6010,13,1.9305555555555556,10
8,2,Flow6010,14,0.85343300110742,10
8,2,Flow6010,15,0.1669250645994831,10
8,2,Flow6010,16,0.11831395348837193,10
8,2,Flow6010,17,0.5558139534883721,10
8,2,Flow6010,18,0.43488372093023253,10
8,2,Flow6010,19,0.4466926070038908,10
8,2,Flow6010,20,0.4466926070038908,10
8,2,Flow6010,21,0.4466926070038908,10
8,2,Flow6010,22,0.4466926070038908,10
8,2,Flow6010,23,0.4117617165407761,10
8,2,Flow6010,24,2.4,10
9,3,Flow6010,1,5.0,10
9,3,Flow6010,2,2.5555555555555554,10
9,3,Flow6010,3,0.714646464646465,10
9,3,Flow6010,4,0.2796849302976825,10
9,3,Flow6010,5,0.2929517458553299,10
9,3,Flow6010,6,0.18919491525423737,10
9,3,Flow6010,7,0.10416666666666652,10
9,3,Flow6010,8,0.3854166666666665,10
9,3,Flow6010,9,0.3854166666666665,10
9,3,Flow6010,10,0.8481897754633008,10
9,3,Flow6010,11,0.4159203328677843,10
9,3,Flow6010,12,0.41545831306744496,10
9,3,Flow6010,13,0.4655797101449277,10
9,3,Flow6010,14,0.4655797101449277,10
9,3,Flow6010,15,0.36610462602680505,10
9,3,Flow6010,16,0.19091544374563263,10
9,3,Flow6010,17,0.4249999999999998,10
9,3,Flow6010,18,0.3392156862745095,10
9,3,Flow6010,19,0.8333333333333333,10
9,3,Flow6010,20,0.8333333333333333,10
9,3,Flow6010,21,2.824074074074074,10
9,3,Flow6010,22,4.303571428571429,10
9,3,Flow6010,23,1.4224598930481285,10
9,3,Flow6010,24,1.1254901960784314,10
10,3,Flow6010,1,5.0,10
10,3,Flow6010,2,3.4444444444444446,10
10,3,Flow6010,3,0.050796359499431176,10
10,3,Flow6010,4,0.08547516714422176,10
10,3,Flow6010,5,0.03893028088461392,10
10,3,Flow6010,6,0.07342580792732711,10
10,3,Flow6010,7,0.09857040159461494,10
10,3,Flow6010,8,0.04553462607671577,10
10,3,Flow6010,9,0.07027981611740275,10
10,3,Flow6010,10,0.028107852039003678,10
10,3,Flow6010,11,0.03107588856868393,10
10,3,Flow6010,12,0.05368105546397395,10
10,3,Flow6010,13,0.05368105546397395,10
10,3,Flow6010,14,0.25079512342624666,10
10,3,Flow6010,15,0.12304964539007068,10
10,3,Flow6010,16,2.606382978723404,10
10,3,Flow6010,17,0.8666666666666667,10
10,3,Flow6010,18,0.6701863354037265,10
10,3,Flow6010,19,0.6701863354037265,10
10,3,Flow6010,20,0.2876643073811931,10
10,3,Flow6010,21,0.08998988877654202,10
10,3,Flow6010,22,0.4277777777777778,10
10,3,Flow6010,23,0.4277777777777778,10
10,3,Flow6010,24,0.4277777777777778,10
11,3,Flow6010,1,5.0,10
11,3,Flow6010,2,2.1322529011604643,10
11,3,Flow6010,3,0.1003307271084597,10
11,3,Flow6010,4,0.43333333333333335,10
11,3,Flow6010,5,0.43333333333333335,10
11,3,Flow6010,6,0.14583333333333348,10
11,3,Flow6010,7,0.14583333333333348,10
11,3,Flow6010,8,0.3991803278688526,10
11,3,Flow6010,9,0.06971538215542017,10
11,3,Flow6010,10,0.039002152716220984,10
11,3,Flow6010,11,0.039002152716220984,10
11,3,Flow6010,12,0.05685170286940178,10
11,3,Flow6010,13,0.19710144927536222,10
11,3,Flow6010,14,0.07442067736185365,10
11,3,Flow6010,15,0.3780373831775701,10
11,3,Flow6010,16,1.6157156910969013,10
11,3,Flow6010,17,1.588345864661654,10
11,3,Flow6010,18,1.588345864661654,10
11,3,Flow6010,19,0.15384615384615374,10
11,3,Flow6010,20,0.15384615384615374,10
11,3,Flow6010,21,0.15384615384615374,10
11,3,Flow6010,22,0.36696428571428585,10
11,3,Flow6010,23,0.36696428571428585,10
11,3,Flow6010,24,0.36696428571428585,10
12,3,Flow6010,1,5.0,10
12,3,Flow6010,2,0.1560606060606058,10
12,3,Flow6010,3,0.08712121212121238,10
12,3,Flow6010,4,0.14698097803721177,10
12,3,Flow6010,5,0.14698097803721177,10
12,3,Flow6010,6,0.13119445195913038,10
12,3,Flow6010,7,0.07645914779089624,10
12,3,Flow6010,8,0.07362459891680873,10
12,3,Flow6010,9,0.13151149855504407,10
12,3,Flow6010,10,0.13866064540091694,10
12,3,Flow6010,11,0.11871143285624042,10
12,3,Flow6010,12,0.3353493758846997,10
12,3,Flow6010,13,0.4119010839467645,10
12,3,Flow6010,14,0.1986290451139805,10
12,3,Flow6010,15,0.15398249695358368,10
12,3,Flow6010,16,0.1986290451139805,10
12,3,Flow6010,17,0.17593455835914673,10
12,3,Flow6010,18,0.35328947368421026,10
12,3,Flow6010,19,0.30019971094468545,10
12,3,Flow6010,20,0.30019971094468545,10
12,3,Flow6010,21,0.06370087336244534,10
12,3,Flow6010,22,0.6491951614928548,10
12,3,Flow6010,23,0.6491951614928548,10
12,3,Flow6010,24,0.7638241809881847,10
13,4,Flow6010,1,5.0,10
13,4,Flow6010,2,1.9084186120882638,10
13,4,Flow6010,3,0.3618175672731432,10
13,4,Flow6010,4,0.26666666666666683,10
13,4,Flow6010,5,0.30476190476190457,10
13,4,Flow6010,6,0.08764367816091978,10
13,4,Flow6010,7,0.08764367816091978,10
13,4,Flow6010,8,0.08764367816091978,10
13,4,Flow6010,9,0.10833333333333339,10
13,4,Flow6010,10,0.1416666666666666,10
13,4,Flow6010,11,0.3380952380952382,10
13,4,Flow6010,12,0.29191817572099277,10
13,4,Flow6010,13,0.338095238095238,10
13,4,Flow6010,14,0.4828178694158076,10
13,4,Flow6010,15,0.11851851851851847,10
13,4,Flow6010,16,0.2111111111111108,10
13,4,Flow6010,17,0.2111111111111108,10
13,4,Flow6010,18,0.6689773507206591,10
13,4,Flow6010,19,0.5117647058823529,10
13,4,Flow6010,20,0.21538461538461529,10
13,4,Flow6010,21,0.21538461538461529,10
13,4,Flow6010,22,0.21538461538461506,10
13,4,Flow6010,23,0.2142857142857142,10
13,4,Flow6010,24,0.2142857142857142,10
14,4,Flow6010,1,5.0,10
14,4,Flow6010,2,0.0774999999999999,10
14,4,Flow6010,3,0.0774999999999999,10
14,4,Flow6010,4,0.04227053140096615,10
14,4,Flow6010,5,0.07855869620575517,10
14,4,Flow6010,6,0.04829090379549106,10
14,4,Flow6010,7,0.06106940969326313,10
14,4,Flow6010,8,0.1684981684981688,10
14,4,Flow6010,9,0.2152668759811618,10
14,4,Flow6010,10,0.07827260458839413,10
14,4,Flow6010,11,0.22229456018518556,10
14,4,Flow6010,12,0.1864872685185186,10
14,4,Flow6010,13,0.23216925351071716,10
14,4,Flow6010,14,0.10238095238095246,10
14,4,Flow6010,15,0.27222222222222214,10
14,4,Flow6010,16,0.1547348484848483,10
14,4,Flow6010,17,0.1547348484848483,10
14,4,Flow6010,18,0.1346278317152103,10
14,4,Flow6010,19,1.0868800839674626,10
14,4,Flow6010,20,1.0868800839674626,10
14,4,Flow6010,21,0.18838068838068822,10
14,4,Flow6010,22,0.18838068838068822,10
14,4,Flow6010,23,1.155357142857143,10
14,4,Flow6010,24,1.155357142857143,10
15,4,Flow6010,1,5.0,10
15,4,Flow6010,2,1.6880361519607843,10
15,4,Flow6010,3,0.23007484243697474,10
15,4,Flow6010,4,0.40971685971685945,10
15,4,Flow6010,5,0.42768305740878043,10
15,4,Flow6010,6,0.15975232198142408,10
15,4,Flow6010,7,0.15975232198142408,10
15,4,Flow6010,8,0.1351285189718483,10
15,4,Flow6010,9,0.25263157894736854,10
15,4,Flow6010,10,0.2087719298245614,10
15,4,Flow6010,11,0.4233378561736769,10
15,4,Flow6010,12,0.4233378561736769,10
15,4,Flow6010,13,0.10012351397251829,10
15,4,Flow6010,14,0.12240515390121676,10
15,4,Flow6010,15,0.6718373773168291,10
15,4,Flow6010,16,0.27709279688513977,10
15,4,Flow6010,17,0.27709279688513977,10
15,4,Flow6010,18,0.27709279688513977,10
15,4,Flow6010,19,0.28326748720062134,10
15,4,Flow6010,20,0.47904631600283776,10
15,4,Flow6010,21,0.6757246376811594,10
15,4,Flow6010,22,0.3840579710144929,10
15,4,Flow6010,23,0.3840579710144929,10
15,4,Flow6010,24,0.25813008130081294,10
16,4,Flow6010,1,5.0,10
16,4,Flow6010,2,3.259259259259259,10
16,4,Flow6010,3,0.10740740740740762,10
16,4,Flow6010,4,0.1333333333333333,10
16,4,Flow6010,5,0.12651515151515147,10
16,4,Flow6010,6,0.12651515151515147,10
16,4,Flow6010,7,0.13424657534246576,10
16,4,Flow6010,8,0.19108910891089081,10
16,4,Flow6010,9,0.19108910891089081,10
16,4,Flow6010,10,0.12174087444845538,10
16,4,Flow6010,11,0.19887012242361735,10
16,4,Flow6010,12,0.12779529400137646,10
16,4,Flow6010,13,0.13133903133903124,10
16,4,Flow6010,14,0.12434526005164148,10
16,4,Flow6010,15,0.3090909090909095,10
16,4,Flow6010,16,0.7199934123847167,10
16,4,Flow6010,17,0.2094943240454077,10
16,4,Flow6010,18,0.6109025032938076,10
16,4,Flow6010,19,0.6109025032938076,10
16,4,Flow6010,20,0.5983953563526985,10
16,4,Flow6010,21,0.17159090909090935,10
16,4,Flow6010,22,0.17159090909090935,10
16,4,Flow6010,23,0.5545975179565641,10
16,4,Flow6010,24,0.5687260923441624,10
17,5,Flow6010,1,5.0,10
17,5,Flow6010,2,0.7183908045977012,10
17,5,Flow6010,3,2.3389830508474576,10
17,5,Flow6010,4,2.23728813559322,10
17,5,Flow6010,5,2.1016949152542375,10
17,5,Flow6010,6,0.1546413502109707,10
17,5,Flow6010,7,0.1546413502109707,10
17,5,Flow6010,8,0.4166666666666665,10
17,5,Flow6010,9,0.3846259625962598,10
17,5,Flow6010,10,0.26518151815181534,10
17,5,Flow6010,11,0.26518151815181534,10
17,5,Flow6010,12,0.16014492753623166,10
17,5,Flow6010,13,0.41078431372549007,10
17,5,Flow6010,14,0.13095823095823134,10
17,5,Flow6010,15,2.3202619414483823,10
17,5,Flow6010,16,0.14441287878787845,10
17,5,Flow6010,17,0.11688311688311703,10
17,5,Flow6010,18,0.17385748138117796,10
17,5,Flow6010,19,0.17122840927188765,10
17,5,Flow6010,20,0.15965171192443917,10
17,5,Flow6010,21,0.15965171192443917,10
17,5,Flow6010,22,0.1120789779326361,10
17,5,Flow6010,23,0.08065040650406496,10
17,5,Flow6010,24,0.1120789779326361,10
18,5,Flow6010,1,5.0,10
18,5,Flow6010,2,0.3666666666666667,10
18,5,Flow6010,3,0.24999999999999956,10
18,5,Flow6010,4,0.3833333333333333,10
18,5,Flow6010,5,0.5973484848484851,10
18,5,Flow6010,6,0.38333333333333375,10
18,5,Flow6010,7,0.10882352941176476,10
18,5,Flow6010,8,0.07222222222222241,10
18,5,Flow6010,9,0.3170498084291191,10
18,5,Flow6010,10,0.4190476190476189,10
18,5,Flow6010,11,0.06285178236397737,10
18,5,Flow6010,12,0.16804103755323263,10
18,5,Flow6010,13,0.16804103755323263,10
18,5,Flow6010,14,0.2080960879295204,10
18,5,Flow6010,15,0.20285714285714285,10
18,5,Flow6010,16,0.1912442396313363,10
18,5,Flow6010,17,0.1912442396313363,10
18,5,Flow6010,18,0.1912442396313363,10
18,5,Flow6010,19,0.20285714285714285,10
18,5,Flow6010,20,0.20285714285714285,10
18,5,Flow6010,21,0.1777408637873754,10
18,5,Flow6010,22,0.1777408637873754,10
18,5,Flow6010,23,2.0,10
18,5,Flow6010,24,2.0,10
19,5,Flow6010,1,5.0,10
19,5,Flow6010,2,2.0833333333333335,10
19,5,Flow6010,3,0.13405797101449268,10
19,5,Flow6010,4,0.6641414141414139,10
19,5,Flow6010,5,0.39999999999999947,10
19,5,Flow6010,6,0.39999999999999947,10
19,5,Flow6010,7,0.14926739926739918,10
19,5,Flow6010,8,0.20181958653026388,10
19,5,Flow6010,9,0.21376811594202882,10
19,5,Flow6010,10,1.9852941176470589,10
19,5,Flow6010,11,0.1817168338907469,10
19,5,Flow6010,12,0.18171683389074644,10
19,5,Flow6010,13,0.16679841897233194,10
19,5,Flow6010,14,0.36969696969696964,10
19,5,Flow6010,15,0.3586497890295357,10
19,5,Flow6010,16,0.13642756680731338,10
19,5,Flow6010,17,0.13642756680731338,10
19,5,Flow6010,18,0.1428571428571428,10
19,5,Flow6010,19,0.1511111111111112,10
19,5,Flow6010,20,1.1666666666666665,10
19,5,Flow6010,21,0.21666666666666634,10
19,5,Flow6010,22,0.4787835249042147,10
19,5,Flow6010,23,1.7666666666666666,10
19,5,Flow6010,24,0.3514124293785308,10
20,5,Flow6010,1,5.0,10
20,5,Flow6010,2,2.583333333333333,10
20,5,Flow6010,3,0.2428305795135186,10
20,5,Flow6010,4,0.0802399477341571,10
20,5,Flow6010,5,0.0802399477341571,10
20,5,Flow6010,6,0.0802399477341571,10
20,5,Flow6010,7,0.5406921618204805,10
20,5,Flow6010,8,0.10634846813226684,10
20,5,Flow6010,9,0.0802399477341571,10
20,5,Flow6010,10,0.40750105351875243,10
20,5,Flow6010,11,0.12066631962519514,10
20,5,Flow6010,12,0.11783306207858635,10
20,5,Flow6010,13,0.11783306207858635,10
20,5,Flow6010,14,0.1248868778280543,10
20,5,Flow6010,15,0.1248868778280543,10
20,5,Flow6010,16,0.12983193277310923,10
20,5,Flow6010,17,0.06836734693877577,10
20,5,Flow6010,18,0.14803767660910516,10
20,5,Flow6010,19,0.20950226244343906,10
20,5,Flow6010,20,0.11997971602434099,10
20,5,Flow6010,21,0.16446436998584213,10
20,5,Flow6010,22,1.1111111111111112,10
20,5,Flow6010,23,0.33395127589579454,10
20,5,Flow6010,24,0.6807291666666666,10
