direction,cumulative_quantity,fill_quantity,ce_quantity,ce_price,cash,in_market_quantity,ce_profit,excess_profit,period,group,block,format,gross_profits_norm,order_num,order_price_low,order_price_high,order_quantity,order_rate,order_price_low_initial,order_price_high_initial,order_quantity_initial,max_quantity/rate_orders_sell,max_quantity/rate_orders_buy,rational_shares,no_trans,order_rate_initial
buy,1540.0,553.0,1100.0,14.0,3806.0,1100,2400.0,1406.0,1,1,1,CDA,1.5858333333333334,9,7.666666666666667,7.666666666666667,115.22222222222223,0.0,8.0,8.0,154.33333333333334,3,2,569.0,,
sell,1540.0,553.0,1100.0,14.0,2325.0,1100,9300.0,-6975.0,1,1,1,CDA,0.25,25,12.28,12.28,96.4,0.0,17.0,17.0,128.0,3,2,569.0,,
buy,2186.0,757.0,1100.0,14.0,4085.0,1100,2400.0,1685.0,2,1,1,CDA,1.7020833333333334,12,7.416666666666667,7.416666666666667,122.66666666666667,0.0,11.5,11.5,164.5,1,2,785.0,,
sell,2186.0,757.0,1100.0,14.0,4322.0,1100,9300.0,-4978.0,2,1,1,CDA,0.4647311827956989,19,11.210526315789474,11.210526315789474,89.42105263157895,0.0,12.0,12.0,162.0,1,2,785.0,,
buy,2322.0,821.0,1100.0,14.0,5593.0,1100,2400.0,3193.0,3,1,1,CDA,2.330416666666667,13,5.615384615384615,5.615384615384615,89.6923076923077,0.0,6.25,6.25,135.5,5,1,1042.0,,
sell,2322.0,821.0,1100.0,14.0,3208.0,1100,9300.0,-6092.0,3,1,1,CDA,0.3449462365591398,25,12.0,12.0,93.16,0.0,10.4,10.4,120.2,5,1,1042.0,,
buy,2332.0,863.0,1100.0,14.0,4887.0,1100,2400.0,2487.0,4,1,1,CDA,2.03625,12,6.5,6.5,87.33333333333333,0.0,8.0,8.0,119.25,2,1,1247.0,,
sell,2332.0,863.0,1100.0,14.0,3950.0,1100,9300.0,-5350.0,4,1,1,CDA,0.42473118279569894,27,10.444444444444445,10.444444444444445,87.55555555555556,0.0,13.333333333333334,13.333333333333334,92.16666666666667,2,1,1247.0,,
buy,2504.0,896.0,1200.0,6.0,4276.0,1200,8800.0,-4524.0,5,1,2,CDA,0.4859090909090909,17,4.352941176470588,4.352941176470588,117.41176470588235,0.0,5.75,5.75,144.5,4,2,1057.0,,
sell,2504.0,896.0,1200.0,6.0,1728.0,1200,1900.0,-172.0,5,1,2,CDA,0.9094736842105263,27,8.518518518518519,8.518518518518519,93.5925925925926,0.0,9.0,9.0,169.25,4,2,1057.0,,
buy,2574.0,891.0,1200.0,6.0,3455.0,1200,8800.0,-5345.0,6,1,2,CDA,0.3926136363636364,18,4.555555555555555,4.555555555555555,106.22222222222223,0.0,6.75,6.75,164.0,2,1,1034.0,,
sell,2574.0,891.0,1200.0,6.0,2297.0,1200,1900.0,397.0,6,1,2,CDA,1.2089473684210525,29,7.0,7.0,79.79310344827586,0.0,6.0,6.0,200.0,2,1,1034.0,,
buy,2948.0,1271.0,1200.0,6.0,6689.0,1200,8800.0,-2111.0,7,1,2,CDA,0.7601136363636364,15,4.8,4.8,112.73333333333333,0.0,5.0,5.0,127.75,5,1,1063.0,,
sell,2948.0,1271.0,1200.0,6.0,1693.0,1200,1900.0,-207.0,7,1,2,CDA,0.8910526315789473,22,6.090909090909091,6.090909090909091,110.95454545454545,0.0,7.5,7.5,153.25,5,1,1063.0,,
buy,2770.0,1077.0,1200.0,6.0,6597.0,1200,8800.0,-2203.0,8,1,2,CDA,0.7496590909090909,14,5.0,5.0,108.14285714285714,0.0,5.666666666666667,5.666666666666667,150.0,2,2,1064.0,,
sell,2770.0,1077.0,1200.0,6.0,2569.0,1200,1900.0,669.0,8,1,2,CDA,1.3521052631578947,25,7.28,7.28,89.44,0.0,8.0,8.0,137.5,2,2,1064.0,,
buy,2386.0,872.0,1500.0,9.0,7892.0,1500,6900.0,992.0,9,1,3,CDA,1.143768115942029,11,5.454545454545454,5.454545454545454,104.0909090909091,0.0,10.5,10.5,159.5,3,0,646.0,,
sell,2386.0,872.0,1500.0,9.0,1452.0,1500,6300.0,-4848.0,9,1,3,CDA,0.23047619047619047,20,7.65,7.65,89.5,0.0,7.6,7.6,75.2,3,0,646.0,,
buy,2430.0,1106.0,1500.0,9.0,8332.0,1500,6900.0,1432.0,10,1,3,CDA,1.207536231884058,10,5.6,5.6,106.7,0.0,8.0,8.0,167.0,2,3,557.0,,
sell,2430.0,1106.0,1500.0,9.0,2327.0,1500,6300.0,-3973.0,10,1,3,CDA,0.36936507936507934,26,7.923076923076923,7.923076923076923,81.03846153846153,0.0,6.8,6.8,112.6,2,3,557.0,,
buy,2218.0,1109.0,1500.0,9.0,10018.0,1500,6900.0,3118.0,11,1,3,CDA,1.4518840579710144,6,4.333333333333333,4.333333333333333,110.66666666666667,0.0,2.5,2.5,117.0,5,1,715.0,,
sell,2218.0,1109.0,1500.0,9.0,1705.0,1500,6300.0,-4595.0,11,1,3,CDA,0.2706349206349206,23,7.217391304347826,7.217391304347826,106.34782608695652,0.0,6.75,6.75,155.5,5,1,715.0,,
buy,2446.0,1030.0,1500.0,9.0,9125.0,1500,6900.0,2225.0,12,1,3,CDA,1.3224637681159421,4,4.25,4.25,101.25,0.0,4.0,4.0,106.5,2,0,453.0,,
sell,2446.0,1030.0,1500.0,9.0,1435.0,1500,6300.0,-4865.0,12,1,3,CDA,0.22777777777777777,22,7.045454545454546,7.045454545454546,95.18181818181819,0.0,6.0,6.0,106.28571428571429,2,0,453.0,,
buy,1920.0,960.0,1200.0,6.0,7742.0,1200,8800.0,-1058.0,13,1,4,CDA,0.8797727272727273,10,3.4,3.4,77.0,0.0,3.0,3.0,112.0,4,0,749.0,,
sell,1920.0,960.0,1200.0,6.0,1816.0,1200,1900.0,-84.0,13,1,4,CDA,0.9557894736842105,26,7.653846153846154,7.653846153846154,87.23076923076923,0.0,7.75,7.75,144.25,4,0,749.0,,
buy,2200.0,980.0,1200.0,6.0,8412.0,1200,8800.0,-388.0,14,1,4,CDA,0.9559090909090909,7,3.142857142857143,3.142857142857143,134.0,0.0,2.5,2.5,169.5,1,0,745.0,,
sell,2200.0,980.0,1200.0,6.0,1157.0,1200,1900.0,-743.0,14,1,4,CDA,0.6089473684210527,20,6.0,6.0,93.35,0.0,5.75,5.75,147.25,1,0,745.0,,
buy,2112.0,997.0,1200.0,6.0,7535.0,1200,8800.0,-1265.0,15,1,4,CDA,0.85625,11,5.454545454545454,5.454545454545454,128.63636363636363,0.0,5.666666666666667,5.666666666666667,120.33333333333333,3,0,789.0,,
sell,2112.0,997.0,1200.0,6.0,1771.0,1200,1900.0,-129.0,15,1,4,CDA,0.9321052631578948,28,7.178571428571429,7.178571428571429,73.92857142857143,0.0,9.4,9.4,109.6,3,0,789.0,,
buy,1988.0,994.0,1200.0,6.0,8594.0,1200,8800.0,-206.0,16,1,4,CDA,0.9765909090909091,10,3.5,3.5,114.7,0.0,2.3333333333333335,2.3333333333333335,118.66666666666667,3,1,564.0,,
sell,1988.0,994.0,1200.0,6.0,823.0,1200,1900.0,-1077.0,16,1,4,CDA,0.43315789473684213,21,6.238095238095238,6.238095238095238,82.57142857142857,0.0,5.777777777777778,5.777777777777778,98.11111111111111,3,1,564.0,,
buy,1946.0,935.0,1100.0,14.0,6780.0,1100,2400.0,4380.0,17,1,5,CDA,2.825,13,7.3076923076923075,7.3076923076923075,97.84615384615384,0.0,11.0,11.0,123.75,3,1,996.0,,
sell,1946.0,935.0,1100.0,14.0,2847.0,1100,9300.0,-6453.0,17,1,5,CDA,0.30612903225806454,25,9.48,9.48,74.88,0.0,9.428571428571429,9.428571428571429,105.28571428571429,3,1,996.0,,
buy,1636.0,818.0,1100.0,14.0,6019.0,1100,2400.0,3619.0,18,1,5,CDA,2.5079166666666666,14,7.071428571428571,7.071428571428571,111.42857142857143,0.0,5.5,5.5,95.5,4,0,591.0,,
sell,1636.0,818.0,1100.0,14.0,3165.0,1100,9300.0,-6135.0,18,1,5,CDA,0.3403225806451613,20,11.3,11.3,93.75,0.0,10.714285714285714,10.714285714285714,106.28571428571429,4,0,591.0,,
buy,2110.0,1055.0,1100.0,14.0,6889.0,1100,2400.0,4489.0,19,1,5,CDA,2.870416666666667,11,7.7272727272727275,7.7272727272727275,102.0909090909091,0.0,7.5,7.5,113.5,3,0,711.0,,
sell,2110.0,1055.0,1100.0,14.0,3906.0,1100,9300.0,-5394.0,19,1,5,CDA,0.42,15,11.066666666666666,11.066666666666666,101.86666666666666,0.0,10.8,10.8,144.0,3,0,711.0,,
buy,1656.0,828.0,1100.0,14.0,5787.0,1100,2400.0,3387.0,20,1,5,CDA,2.41125,19,7.315789473684211,7.315789473684211,110.6842105263158,0.0,7.333333333333333,7.333333333333333,129.33333333333334,6,0,528.0,,
sell,1656.0,828.0,1100.0,14.0,3723.0,1100,9300.0,-5577.0,20,1,5,CDA,0.4003225806451613,16,10.8125,10.8125,128.375,0.0,11.428571428571429,11.428571428571429,138.71428571428572,6,0,528.0,,
buy,2396.0,1198.0,1100.0,14.0,8093.0,1100,2400.0,5693.0,1,2,1,CDA,3.3720833333333333,9,6.222222222222222,6.222222222222222,116.66666666666667,0.0,9.666666666666666,9.666666666666666,133.33333333333334,3,3,669.0,,
sell,2396.0,1198.0,1100.0,14.0,1620.0,1100,9300.0,-7680.0,1,2,1,CDA,0.17419354838709677,13,12.923076923076923,12.923076923076923,140.53846153846155,0.0,10.0,10.0,139.5,3,3,669.0,,
buy,2198.0,1018.0,1100.0,14.0,7162.0,1100,2400.0,4762.0,2,2,1,CDA,2.984166666666667,13,6.923076923076923,6.923076923076923,139.3846153846154,0.0,7.0,7.0,150.5,5,7,969.0,,
sell,2198.0,1018.0,1100.0,14.0,2919.0,1100,9300.0,-6381.0,2,2,1,CDA,0.31387096774193546,22,13.545454545454545,13.545454545454545,111.13636363636364,0.0,13.333333333333334,13.333333333333334,160.0,5,7,969.0,,
buy,2462.0,1231.0,1100.0,14.0,7669.0,1100,2400.0,5269.0,3,2,1,CDA,3.1954166666666666,8,8.75,8.75,149.625,0.0,7.666666666666667,7.666666666666667,160.0,3,3,629.0,,
sell,2462.0,1231.0,1100.0,14.0,2920.0,1100,9300.0,-6380.0,3,2,1,CDA,0.3139784946236559,15,12.866666666666667,12.866666666666667,102.4,0.0,12.75,12.75,105.5,3,3,629.0,,
buy,2562.0,1281.0,1100.0,14.0,7579.0,1100,2400.0,5179.0,4,2,1,CDA,3.1579166666666665,14,8.0,8.0,110.14285714285714,0.0,8.333333333333334,8.333333333333334,200.0,5,4,1253.0,,
sell,2562.0,1281.0,1100.0,14.0,3838.0,1100,9300.0,-5462.0,4,2,1,CDA,0.4126881720430107,20,12.6,12.6,119.85,0.0,11.25,11.25,129.0,5,4,1253.0,,
buy,2192.0,1068.0,1200.0,6.0,4979.0,1200,8800.0,-3821.0,5,2,2,CDA,0.5657954545454545,11,4.090909090909091,4.090909090909091,135.9090909090909,0.0,3.5,3.5,200.0,7,6,1209.0,,
sell,2192.0,1068.0,1200.0,6.0,2474.0,1200,1900.0,574.0,5,2,2,CDA,1.3021052631578947,22,10.272727272727273,10.272727272727273,98.86363636363636,0.0,10.5,10.5,200.0,7,6,1209.0,,
buy,2000.0,1000.0,1200.0,6.0,7079.0,1200,8800.0,-1721.0,6,2,2,CDA,0.8044318181818182,6,6.0,6.0,145.33333333333334,0.0,3.3333333333333335,3.3333333333333335,151.0,8,3,518.0,,
sell,2000.0,1000.0,1200.0,6.0,3111.0,1200,1900.0,1211.0,6,2,2,CDA,1.6373684210526316,23,9.826086956521738,9.826086956521738,110.69565217391305,0.0,10.5,10.5,200.0,8,3,518.0,,
buy,1696.0,842.0,1200.0,6.0,5321.0,1200,8800.0,-3479.0,7,2,2,CDA,0.6046590909090909,10,5.1,5.1,117.5,0.0,6.666666666666667,6.666666666666667,170.0,5,4,534.0,,
sell,1696.0,842.0,1200.0,6.0,3001.0,1200,1900.0,1101.0,7,2,2,CDA,1.5794736842105264,21,8.619047619047619,8.619047619047619,88.28571428571429,0.0,10.0,10.0,143.75,5,4,534.0,,
buy,2142.0,1071.0,1200.0,6.0,7100.0,1200,8800.0,-1700.0,8,2,2,CDA,0.8068181818181818,8,6.0,6.0,124.875,0.0,7.333333333333333,7.333333333333333,118.33333333333333,8,3,975.0,,
sell,2142.0,1071.0,1200.0,6.0,3070.0,1200,1900.0,1170.0,8,2,2,CDA,1.6157894736842104,22,9.090909090909092,9.090909090909092,117.4090909090909,0.0,8.6,8.6,129.0,8,3,975.0,,
buy,2712.0,1341.0,1500.0,9.0,8459.0,1500,6900.0,1559.0,9,2,3,CDA,1.2259420289855072,13,6.0,6.0,117.61538461538461,0.0,7.333333333333333,7.333333333333333,134.33333333333334,8,5,983.0,,
sell,2712.0,1341.0,1500.0,9.0,3722.0,1500,6300.0,-2578.0,9,2,3,CDA,0.5907936507936508,15,9.066666666666666,9.066666666666666,141.0,0.0,10.0,10.0,175.66666666666666,8,5,983.0,,
buy,2726.0,1307.0,1500.0,9.0,6760.0,1500,6900.0,-140.0,10,2,3,CDA,0.9797101449275363,11,5.7272727272727275,5.7272727272727275,103.81818181818181,0.0,5.5,5.5,116.75,8,3,1076.0,,
sell,2726.0,1307.0,1500.0,9.0,4522.0,1500,6300.0,-1778.0,10,2,3,CDA,0.7177777777777777,14,9.642857142857142,9.642857142857142,137.35714285714286,0.0,8.5,8.5,170.25,8,3,1076.0,,
buy,2720.0,1360.0,1500.0,9.0,6803.0,1500,6900.0,-97.0,11,2,3,CDA,0.9859420289855072,13,6.461538461538462,6.461538461538462,79.3076923076923,0.0,6.25,6.25,169.5,4,2,760.0,,
sell,2720.0,1360.0,1500.0,9.0,4983.0,1500,6300.0,-1317.0,11,2,3,CDA,0.790952380952381,17,9.235294117647058,9.235294117647058,114.52941176470588,0.0,8.6,8.6,177.4,4,2,760.0,,
buy,2970.0,1485.0,1500.0,9.0,7785.0,1500,6900.0,885.0,12,2,3,CDA,1.1282608695652174,17,6.882352941176471,6.882352941176471,82.82352941176471,0.0,7.333333333333333,7.333333333333333,137.0,7,1,1267.0,,
sell,2970.0,1485.0,1500.0,9.0,5288.0,1500,6300.0,-1012.0,12,2,3,CDA,0.8393650793650793,20,10.2,10.2,92.75,0.0,11.0,11.0,147.83333333333334,7,1,1267.0,,
buy,1896.0,933.0,1200.0,6.0,7184.0,1200,8800.0,-1616.0,13,2,4,CDA,0.8163636363636364,22,5.590909090909091,5.590909090909091,91.45454545454545,0.0,6.4,6.4,108.4,6,5,611.0,,
sell,1896.0,933.0,1200.0,6.0,2591.0,1200,1900.0,691.0,13,2,4,CDA,1.3636842105263158,17,7.882352941176471,7.882352941176471,114.70588235294117,0.0,9.0,9.0,200.0,6,5,611.0,,
buy,2298.0,1149.0,1200.0,6.0,6306.0,1200,8800.0,-2494.0,14,2,4,CDA,0.7165909090909091,21,5.333333333333333,5.333333333333333,87.66666666666667,0.0,6.2,6.2,167.4,4,5,1015.0,,
sell,2298.0,1149.0,1200.0,6.0,2562.0,1200,1900.0,662.0,14,2,4,CDA,1.348421052631579,20,7.6,7.6,103.4,0.0,8.166666666666666,8.166666666666666,173.16666666666666,4,5,1015.0,,
buy,2358.0,1179.0,1200.0,6.0,7682.0,1200,8800.0,-1118.0,15,2,4,CDA,0.8729545454545454,16,5.0,5.0,70.375,0.0,5.25,5.25,129.75,3,2,699.0,,
sell,2358.0,1179.0,1200.0,6.0,2471.0,1200,1900.0,571.0,15,2,4,CDA,1.3005263157894738,17,8.823529411764707,8.823529411764707,96.94117647058823,0.0,7.2,7.2,182.4,3,2,699.0,,
buy,2268.0,1134.0,1200.0,6.0,7375.0,1200,8800.0,-1425.0,16,2,4,CDA,0.8380681818181818,16,5.75,5.75,88.125,0.0,6.0,6.0,125.33333333333333,3,4,852.0,,
sell,2268.0,1134.0,1200.0,6.0,2676.0,1200,1900.0,776.0,16,2,4,CDA,1.408421052631579,13,8.0,8.0,108.84615384615384,0.0,9.25,9.25,145.75,3,4,852.0,,
buy,2220.0,1087.0,1100.0,14.0,7230.0,1100,2400.0,4830.0,17,2,5,CDA,3.0125,17,9.0,9.0,106.94117647058823,0.0,10.75,10.75,127.75,6,7,1011.0,,
sell,2220.0,1087.0,1100.0,14.0,4098.0,1100,9300.0,-5202.0,17,2,5,CDA,0.4406451612903226,17,13.588235294117647,13.588235294117647,105.41176470588235,0.0,14.0,14.0,163.66666666666666,6,7,1011.0,,
buy,2096.0,1048.0,1100.0,14.0,6633.0,1100,2400.0,4233.0,18,2,5,CDA,2.76375,6,8.0,8.0,140.16666666666666,0.0,7.0,7.0,200.0,4,3,808.0,,
sell,2096.0,1048.0,1100.0,14.0,4385.0,1100,9300.0,-4915.0,18,2,5,CDA,0.471505376344086,15,12.066666666666666,12.066666666666666,108.73333333333333,0.0,10.8,10.8,180.4,4,3,808.0,,
buy,2100.0,1050.0,1100.0,14.0,5643.0,1100,2400.0,3243.0,19,2,5,CDA,2.35125,13,9.23076923076923,9.23076923076923,101.84615384615384,0.0,9.25,9.25,170.5,5,5,1000.0,,
sell,2100.0,1050.0,1100.0,14.0,5715.0,1100,9300.0,-3585.0,19,2,5,CDA,0.614516129032258,14,13.428571428571429,13.428571428571429,121.57142857142857,0.0,11.2,11.2,198.2,5,5,1000.0,,
buy,2200.0,1100.0,1100.0,14.0,4671.0,1100,2400.0,2271.0,20,2,5,CDA,1.94625,16,10.0,10.0,111.125,0.0,9.333333333333334,9.333333333333334,197.0,4,7,772.0,,
sell,2200.0,1100.0,1100.0,14.0,7023.0,1100,9300.0,-2277.0,20,2,5,CDA,0.7551612903225806,13,14.0,14.0,122.23076923076923,0.0,12.166666666666666,12.166666666666666,159.0,4,7,772.0,,
buy,2012.0,976.0,1100.0,14.0,4741.0,1100,2400.0,2341.0,1,3,1,CDA,1.9754166666666666,20,8.05,8.05,112.7,0.0,7.4,7.4,126.0,3,6,606.0,,
sell,2012.0,976.0,1100.0,14.0,6359.0,1100,9300.0,-2941.0,1,3,1,CDA,0.683763440860215,9,14.777777777777779,14.777777777777779,142.44444444444446,0.0,15.5,15.5,182.0,3,6,606.0,,
buy,2480.0,1240.0,1100.0,14.0,6527.0,1100,2400.0,4127.0,2,3,1,CDA,2.7195833333333335,19,8.368421052631579,8.368421052631579,109.73684210526316,0.0,7.0,7.0,125.5,4,4,956.0,,
sell,2480.0,1240.0,1100.0,14.0,3635.0,1100,9300.0,-5665.0,2,3,1,CDA,0.39086021505376345,12,11.416666666666666,11.416666666666666,158.91666666666666,0.0,14.0,14.0,181.66666666666666,4,4,956.0,,
buy,1932.0,966.0,1100.0,14.0,5508.0,1100,2400.0,3108.0,3,3,1,CDA,2.295,18,9.5,9.5,126.27777777777777,0.0,8.25,8.25,149.5,4,6,722.0,,
sell,1932.0,966.0,1100.0,14.0,2945.0,1100,9300.0,-6355.0,3,3,1,CDA,0.31666666666666665,12,13.416666666666666,13.416666666666666,121.25,0.0,14.0,14.0,169.0,4,6,722.0,,
buy,1912.0,956.0,1100.0,14.0,5286.0,1100,2400.0,2886.0,4,3,1,CDA,2.2025,22,9.727272727272727,9.727272727272727,111.54545454545455,0.0,10.6,10.6,148.6,2,6,582.0,,
sell,1912.0,956.0,1100.0,14.0,5375.0,1100,9300.0,-3925.0,4,3,1,CDA,0.5779569892473119,12,12.75,12.75,120.83333333333333,0.0,12.5,12.5,120.5,2,6,582.0,,
buy,2538.0,1269.0,1200.0,6.0,7234.0,1200,8800.0,-1566.0,5,3,2,CDA,0.8220454545454545,19,4.7894736842105265,4.7894736842105265,121.21052631578948,0.0,6.25,6.25,136.75,4,8,968.0,,
sell,2538.0,1269.0,1200.0,6.0,3140.0,1200,1900.0,1240.0,5,3,2,CDA,1.6526315789473685,15,7.8,7.8,118.53333333333333,0.0,7.333333333333333,7.333333333333333,122.33333333333333,4,8,968.0,,
buy,2444.0,1222.0,1200.0,6.0,7197.0,1200,8800.0,-1603.0,6,3,2,CDA,0.8178409090909091,18,5.277777777777778,5.277777777777778,119.05555555555556,0.0,6.4,6.4,182.0,2,7,922.0,,
sell,2444.0,1222.0,1200.0,6.0,2832.0,1200,1900.0,932.0,6,3,2,CDA,1.4905263157894737,15,7.466666666666667,7.466666666666667,122.73333333333333,0.0,8.2,8.2,136.2,2,7,922.0,,
buy,2346.0,1143.0,1200.0,6.0,8352.0,1200,8800.0,-448.0,7,3,2,CDA,0.9490909090909091,20,4.65,4.65,115.3,0.0,6.0,6.0,166.33333333333334,4,7,1173.0,,
sell,2346.0,1143.0,1200.0,6.0,2182.0,1200,1900.0,282.0,7,3,2,CDA,1.148421052631579,11,7.0,7.0,156.72727272727272,0.0,8.0,8.0,136.75,4,7,1173.0,,
buy,2186.0,1043.0,1200.0,6.0,6943.0,1200,8800.0,-1857.0,8,3,2,CDA,0.7889772727272727,17,5.882352941176471,5.882352941176471,92.17647058823529,0.0,5.333333333333333,5.333333333333333,159.66666666666666,5,4,762.0,,
sell,2186.0,1043.0,1200.0,6.0,2593.0,1200,1900.0,693.0,8,3,2,CDA,1.3647368421052632,11,8.363636363636363,8.363636363636363,141.9090909090909,0.0,7.5,7.5,184.0,5,4,762.0,,
buy,2892.0,1393.0,1500.0,9.0,7773.0,1500,6900.0,873.0,9,3,3,CDA,1.1265217391304347,20,7.35,7.35,88.2,0.0,6.0,6.0,129.25,2,4,1209.0,,
sell,2892.0,1393.0,1500.0,9.0,4673.0,1500,6300.0,-1627.0,9,3,3,CDA,0.7417460317460317,13,9.0,9.0,116.07692307692308,0.0,8.5,8.5,174.5,2,4,1209.0,,
buy,2604.0,1302.0,1500.0,9.0,7187.0,1500,6900.0,287.0,10,3,3,CDA,1.0415942028985508,17,7.764705882352941,7.764705882352941,115.88235294117646,0.0,8.0,8.0,135.8,2,5,938.0,,
sell,2604.0,1302.0,1500.0,9.0,4879.0,1500,6300.0,-1421.0,10,3,3,CDA,0.7744444444444445,12,9.75,9.75,118.5,0.0,9.25,9.25,157.25,2,5,938.0,,
buy,2828.0,1414.0,1500.0,9.0,7419.0,1500,6900.0,519.0,11,3,3,CDA,1.075217391304348,19,7.2631578947368425,7.2631578947368425,116.05263157894737,0.0,6.666666666666667,6.666666666666667,123.16666666666667,1,5,1343.0,,
sell,2828.0,1414.0,1500.0,9.0,4923.0,1500,6300.0,-1377.0,11,3,3,CDA,0.7814285714285715,18,8.833333333333334,8.833333333333334,88.72222222222223,0.0,9.0,9.0,150.5,1,5,1343.0,,
buy,3038.0,1456.0,1500.0,9.0,7495.0,1500,6900.0,595.0,12,3,3,CDA,1.086231884057971,18,6.833333333333333,6.833333333333333,90.27777777777777,0.0,6.25,6.25,124.25,0,4,1329.0,,
sell,3038.0,1456.0,1500.0,9.0,5373.0,1500,6300.0,-927.0,12,3,3,CDA,0.8528571428571429,16,9.0,9.0,86.125,0.0,9.333333333333334,9.333333333333334,163.0,0,4,1329.0,,
buy,2420.0,1210.0,1200.0,6.0,7093.0,1200,8800.0,-1707.0,13,3,4,CDA,0.8060227272727273,18,5.944444444444445,5.944444444444445,130.55555555555554,0.0,6.0,6.0,167.0,2,7,1253.0,,
sell,2420.0,1210.0,1200.0,6.0,2320.0,1200,1900.0,420.0,13,3,4,CDA,1.2210526315789474,16,8.125,8.125,101.4375,0.0,7.75,7.75,141.5,2,7,1253.0,,
buy,2400.0,1200.0,1200.0,6.0,7622.0,1200,8800.0,-1178.0,14,3,4,CDA,0.8661363636363636,13,6.3076923076923075,6.3076923076923075,100.53846153846153,0.0,7.0,7.0,168.0,0,4,1028.0,,
sell,2400.0,1200.0,1200.0,6.0,2928.0,1200,1900.0,1028.0,14,3,4,CDA,1.5410526315789475,16,8.125,8.125,74.4375,0.0,8.0,8.0,127.33333333333333,0,4,1028.0,,
buy,2398.0,1199.0,1200.0,6.0,8220.0,1200,8800.0,-580.0,15,3,4,CDA,0.9340909090909091,13,6.076923076923077,6.076923076923077,137.23076923076923,0.0,5.5,5.5,170.5,3,6,1179.0,,
sell,2398.0,1199.0,1200.0,6.0,2391.0,1200,1900.0,491.0,15,3,4,CDA,1.2584210526315789,15,7.2,7.2,107.6,0.0,7.666666666666667,7.666666666666667,106.0,3,6,1179.0,,
buy,2426.0,1182.0,1200.0,6.0,8327.0,1200,8800.0,-473.0,16,3,4,CDA,0.94625,16,4.875,4.875,96.0,0.0,5.333333333333333,5.333333333333333,169.33333333333334,2,4,914.0,,
sell,2426.0,1182.0,1200.0,6.0,2078.0,1200,1900.0,178.0,16,3,4,CDA,1.0936842105263158,16,8.1875,8.1875,91.875,0.0,6.666666666666667,6.666666666666667,153.66666666666666,2,4,914.0,,
buy,2066.0,1033.0,1100.0,14.0,7439.0,1100,2400.0,5039.0,17,3,5,CDA,3.0995833333333334,20,8.55,8.55,98.2,0.0,7.75,7.75,158.0,3,2,990.0,,
sell,2066.0,1033.0,1100.0,14.0,2786.0,1100,9300.0,-6514.0,17,3,5,CDA,0.29956989247311827,9,12.0,12.0,106.22222222222223,0.0,11.0,11.0,46.0,3,2,990.0,,
buy,2214.0,1107.0,1100.0,14.0,4862.0,1100,2400.0,2462.0,18,3,5,CDA,2.0258333333333334,22,10.818181818181818,10.818181818181818,112.86363636363636,0.0,9.0,9.0,188.8,3,6,936.0,,
sell,2214.0,1107.0,1100.0,14.0,5291.0,1100,9300.0,-4009.0,18,3,5,CDA,0.5689247311827957,11,12.636363636363637,12.636363636363637,100.0,0.0,14.333333333333334,14.333333333333334,107.0,3,6,936.0,,
buy,2200.0,1100.0,1100.0,14.0,4228.0,1100,2400.0,1828.0,19,3,5,CDA,1.7616666666666667,17,11.823529411764707,11.823529411764707,96.11764705882354,0.0,10.75,10.75,125.5,5,2,908.0,,
sell,2200.0,1100.0,1100.0,14.0,5851.0,1100,9300.0,-3449.0,19,3,5,CDA,0.6291397849462366,12,13.833333333333334,13.833333333333334,119.25,0.0,14.666666666666666,14.666666666666666,200.0,5,2,908.0,,
buy,1986.0,993.0,1100.0,14.0,3218.0,1100,2400.0,818.0,20,3,5,CDA,1.3408333333333333,19,11.68421052631579,11.68421052631579,111.47368421052632,0.0,10.8,10.8,130.0,2,4,793.0,,
sell,1986.0,993.0,1100.0,14.0,6075.0,1100,9300.0,-3225.0,20,3,5,CDA,0.6532258064516129,13,13.846153846153847,13.846153846153847,88.15384615384616,0.0,13.0,13.0,141.0,2,4,793.0,,
buy,2090.0,836.0,1100.0,14.0,3748.0,1100,2400.0,1348.0,1,4,1,CDA,1.5616666666666668,16,8.5625,8.5625,111.4375,0.0,9.75,9.75,127.25,3,2,992.0,,
sell,2090.0,836.0,1100.0,14.0,4657.0,1100,9300.0,-4643.0,1,4,1,CDA,0.500752688172043,11,12.909090909090908,12.909090909090908,113.9090909090909,0.0,9.0,9.0,180.5,3,2,992.0,,
buy,2242.0,799.0,1100.0,14.0,4084.0,1100,2400.0,1684.0,2,4,1,CDA,1.7016666666666667,19,10.631578947368421,10.631578947368421,97.15789473684211,0.0,9.5,9.5,74.5,3,1,1130.0,,
sell,2242.0,799.0,1100.0,14.0,3832.0,1100,9300.0,-5468.0,2,4,1,CDA,0.4120430107526882,9,12.88888888888889,12.88888888888889,129.11111111111111,0.0,,,,3,1,1130.0,,
buy,1692.0,846.0,1100.0,14.0,4135.0,1100,2400.0,1735.0,3,4,1,CDA,1.7229166666666667,11,8.545454545454545,8.545454545454545,89.9090909090909,0.0,11.0,11.0,100.0,2,0,660.0,,
sell,1692.0,846.0,1100.0,14.0,5222.0,1100,9300.0,-4078.0,3,4,1,CDA,0.561505376344086,10,13.8,13.8,127.0,0.0,11.5,11.5,169.5,2,0,660.0,,
buy,1580.0,790.0,1100.0,14.0,3049.0,1100,2400.0,649.0,4,4,1,CDA,1.2704166666666667,10,11.2,11.2,113.5,0.0,11.333333333333334,11.333333333333334,119.0,4,0,493.0,,
sell,1580.0,790.0,1100.0,14.0,4882.0,1100,9300.0,-4418.0,4,4,1,CDA,0.5249462365591397,8,14.375,14.375,143.0,0.0,16.0,16.0,200.0,4,0,493.0,,
buy,1664.0,832.0,1200.0,6.0,5416.0,1200,8800.0,-3384.0,5,4,2,CDA,0.6154545454545455,12,5.666666666666667,5.666666666666667,119.08333333333333,0.0,5.666666666666667,5.666666666666667,149.33333333333334,2,4,832.0,,
sell,1664.0,832.0,1200.0,6.0,2882.0,1200,1900.0,982.0,5,4,2,CDA,1.516842105263158,14,9.928571428571429,9.928571428571429,113.85714285714286,0.0,10.0,10.0,200.0,2,4,832.0,,
buy,1788.0,894.0,1200.0,6.0,4906.0,1200,8800.0,-3894.0,6,4,2,CDA,0.5575,11,5.636363636363637,5.636363636363637,131.54545454545453,0.0,5.0,5.0,200.0,3,5,995.0,,
sell,1788.0,894.0,1200.0,6.0,3166.0,1200,1900.0,1266.0,6,4,2,CDA,1.6663157894736842,13,10.153846153846153,10.153846153846153,126.92307692307692,0.0,8.0,8.0,175.0,3,5,995.0,,
buy,1690.0,845.0,1200.0,6.0,5378.0,1200,8800.0,-3422.0,7,4,2,CDA,0.6111363636363636,11,4.454545454545454,4.454545454545454,136.36363636363637,0.0,5.25,5.25,149.0,2,5,845.0,,
sell,1690.0,845.0,1200.0,6.0,2632.0,1200,1900.0,732.0,7,4,2,CDA,1.3852631578947368,15,9.0,9.0,122.26666666666667,0.0,9.333333333333334,9.333333333333334,146.66666666666666,2,5,845.0,,
buy,1962.0,928.0,1200.0,6.0,6685.0,1200,8800.0,-2115.0,8,4,2,CDA,0.7596590909090909,15,4.533333333333333,4.533333333333333,146.06666666666666,0.0,4.0,4.0,194.66666666666666,1,8,985.0,,
sell,1962.0,928.0,1200.0,6.0,2604.0,1200,1900.0,704.0,8,4,2,CDA,1.3705263157894736,16,8.875,8.875,94.625,0.0,8.333333333333334,8.333333333333334,130.33333333333334,1,8,985.0,,
buy,2202.0,1101.0,1500.0,9.0,6354.0,1500,6900.0,-546.0,9,4,3,CDA,0.9208695652173913,15,7.733333333333333,7.733333333333333,134.73333333333332,0.0,8.75,8.75,159.5,1,4,866.0,,
sell,2202.0,1101.0,1500.0,9.0,4719.0,1500,6300.0,-1581.0,9,4,3,CDA,0.7490476190476191,12,9.75,9.75,92.25,0.0,5.0,5.0,200.0,1,4,866.0,,
buy,2604.0,1302.0,1500.0,9.0,6524.0,1500,6900.0,-376.0,10,4,3,CDA,0.9455072463768116,21,7.476190476190476,7.476190476190476,105.19047619047619,0.0,7.714285714285714,7.714285714285714,158.0,1,5,1110.0,,
sell,2604.0,1302.0,1500.0,9.0,5620.0,1500,6300.0,-680.0,10,4,3,CDA,0.8920634920634921,16,9.6875,9.6875,103.375,0.0,9.666666666666666,9.666666666666666,146.66666666666666,1,5,1110.0,,
buy,2736.0,1132.0,1500.0,9.0,5294.0,1500,6900.0,-1606.0,11,4,3,CDA,0.7672463768115942,18,6.722222222222222,6.722222222222222,110.66666666666667,0.0,7.8,7.8,164.2,1,5,997.0,,
sell,2736.0,1132.0,1500.0,9.0,4858.0,1500,6300.0,-1442.0,11,4,3,CDA,0.7711111111111111,11,9.818181818181818,9.818181818181818,112.63636363636364,0.0,10.333333333333334,10.333333333333334,141.0,1,5,997.0,,
buy,2640.0,1276.0,1500.0,9.0,7040.0,1500,6900.0,140.0,12,4,3,CDA,1.0202898550724637,15,7.133333333333334,7.133333333333334,147.4,0.0,6.25,6.25,180.75,4,5,1057.0,,
sell,2640.0,1276.0,1500.0,9.0,4291.0,1500,6300.0,-2009.0,12,4,3,CDA,0.6811111111111111,13,11.153846153846153,11.153846153846153,124.84615384615384,0.0,14.333333333333334,14.333333333333334,134.0,4,5,1057.0,,
buy,1860.0,917.0,1200.0,6.0,6492.0,1200,8800.0,-2308.0,13,4,4,CDA,0.7377272727272727,14,5.214285714285714,5.214285714285714,96.28571428571429,0.0,5.5,5.5,111.75,4,3,670.0,,
sell,1860.0,917.0,1200.0,6.0,2240.0,1200,1900.0,340.0,13,4,4,CDA,1.1789473684210525,19,8.0,8.0,118.89473684210526,0.0,11.0,11.0,159.0,4,3,670.0,,
buy,2364.0,1182.0,1200.0,6.0,7895.0,1200,8800.0,-905.0,14,4,4,CDA,0.897159090909091,11,5.909090909090909,5.909090909090909,113.81818181818181,0.0,5.0,5.0,134.0,3,4,1140.0,,
sell,2364.0,1182.0,1200.0,6.0,2730.0,1200,1900.0,830.0,14,4,4,CDA,1.436842105263158,16,8.3125,8.3125,90.625,0.0,8.666666666666666,8.666666666666666,186.66666666666666,3,4,1140.0,,
buy,2698.0,1042.0,1200.0,6.0,7172.0,1200,8800.0,-1628.0,15,4,4,CDA,0.815,18,5.0,5.0,110.94444444444444,0.0,5.333333333333333,5.333333333333333,132.0,5,6,1047.0,,
sell,2698.0,1042.0,1200.0,6.0,1619.0,1200,1900.0,-281.0,15,4,4,CDA,0.8521052631578947,22,7.590909090909091,7.590909090909091,113.95454545454545,0.0,7.333333333333333,7.333333333333333,167.0,5,6,1047.0,,
buy,2440.0,1181.0,1200.0,6.0,8261.0,1200,8800.0,-539.0,16,4,4,CDA,0.93875,15,5.4,5.4,97.4,0.0,4.75,4.75,127.25,3,3,918.0,,
sell,2440.0,1181.0,1200.0,6.0,2273.0,1200,1900.0,373.0,16,4,4,CDA,1.1963157894736842,17,8.294117647058824,8.294117647058824,113.11764705882354,0.0,7.0,7.0,129.66666666666666,3,3,918.0,,
buy,2238.0,940.0,1100.0,14.0,6726.0,1100,2400.0,4326.0,17,4,5,CDA,2.8025,10,7.7,7.7,137.0,0.0,5.5,5.5,200.0,3,5,973.0,,
sell,2238.0,940.0,1100.0,14.0,4036.0,1100,9300.0,-5264.0,17,4,5,CDA,0.4339784946236559,11,11.454545454545455,11.454545454545455,131.36363636363637,0.0,13.333333333333334,13.333333333333334,180.0,3,5,973.0,,
buy,2156.0,1078.0,1100.0,14.0,7608.0,1100,2400.0,5208.0,18,4,5,CDA,3.17,17,8.588235294117647,8.588235294117647,126.0,0.0,8.0,8.0,160.66666666666666,3,7,1025.0,,
sell,2156.0,1078.0,1100.0,14.0,3963.0,1100,9300.0,-5337.0,18,4,5,CDA,0.42612903225806453,14,12.714285714285714,12.714285714285714,112.07142857142857,0.0,14.5,14.5,145.75,3,7,1025.0,,
buy,1780.0,800.0,1100.0,14.0,6095.0,1100,2400.0,3695.0,19,4,5,CDA,2.5395833333333333,14,8.714285714285714,8.714285714285714,119.21428571428571,0.0,8.0,8.0,162.5,3,5,627.0,,
sell,1780.0,800.0,1100.0,14.0,3740.0,1100,9300.0,-5560.0,19,4,5,CDA,0.4021505376344086,14,11.857142857142858,11.857142857142858,111.14285714285714,0.0,11.5,11.5,160.5,3,5,627.0,,
buy,1842.0,921.0,1100.0,14.0,5740.0,1100,2400.0,3340.0,20,4,5,CDA,2.3916666666666666,15,8.733333333333333,8.733333333333333,122.8,0.0,7.75,7.75,170.0,5,5,897.0,,
sell,1842.0,921.0,1100.0,14.0,4365.0,1100,9300.0,-4935.0,20,4,5,CDA,0.4693548387096774,17,11.176470588235293,11.176470588235293,131.23529411764707,0.0,11.6,11.6,118.2,5,5,897.0,,
buy,1602.0,713.0,1100.0,14.0,1475.0,1100,2400.0,-925.0,1,5,1,CDA,0.6145833333333334,14,9.642857142857142,9.642857142857142,118.92857142857143,0.0,8.333333333333334,8.333333333333334,110.0,5,3,961.0,,
sell,1602.0,713.0,1100.0,14.0,3588.0,1100,9300.0,-5712.0,1,5,1,CDA,0.3858064516129032,13,16.53846153846154,16.53846153846154,140.46153846153845,0.0,16.333333333333332,16.333333333333332,140.66666666666666,5,3,961.0,,
buy,1354.0,677.0,1100.0,14.0,1335.0,1100,2400.0,-1065.0,2,5,1,CDA,0.55625,18,10.666666666666666,10.666666666666666,111.72222222222223,0.0,11.75,11.75,166.25,5,6,487.0,,
sell,1354.0,677.0,1100.0,14.0,6296.0,1100,9300.0,-3004.0,2,5,1,CDA,0.676989247311828,11,16.09090909090909,16.09090909090909,140.54545454545453,0.0,17.0,17.0,200.0,5,6,487.0,,
buy,2480.0,800.0,1100.0,14.0,1039.0,1100,2400.0,-1361.0,3,5,1,CDA,0.43291666666666667,19,10.947368421052632,10.947368421052632,123.05263157894737,0.0,11.5,11.5,159.0,6,6,598.0,,
sell,2480.0,800.0,1100.0,14.0,5844.0,1100,9300.0,-3456.0,3,5,1,CDA,0.6283870967741936,17,16.41176470588235,16.41176470588235,123.94117647058823,0.0,15.25,15.25,168.75,6,6,598.0,,
buy,2144.0,621.0,1100.0,14.0,805.0,1100,2400.0,-1595.0,4,5,1,CDA,0.33541666666666664,19,10.0,10.0,101.26315789473684,0.0,13.5,13.5,200.0,7,4,965.0,,
sell,2144.0,621.0,1100.0,14.0,5719.0,1100,9300.0,-3581.0,4,5,1,CDA,0.6149462365591398,19,16.63157894736842,16.63157894736842,116.84210526315789,0.0,17.2,17.2,120.8,7,4,965.0,,
buy,1906.0,764.0,1200.0,6.0,4460.0,1200,8800.0,-4340.0,5,5,2,CDA,0.5068181818181818,19,7.0,7.0,127.84210526315789,0.0,8.0,8.0,136.66666666666666,5,8,1025.0,,
sell,1906.0,764.0,1200.0,6.0,4435.0,1200,1900.0,2535.0,5,5,2,CDA,2.3342105263157893,16,14.4375,14.4375,132.5,0.0,15.0,15.0,176.5,5,8,1025.0,,
buy,1652.0,762.0,1200.0,6.0,4314.0,1200,8800.0,-4486.0,6,5,2,CDA,0.49022727272727273,10,8.0,8.0,139.4,0.0,7.0,7.0,152.5,4,5,426.0,,
sell,1652.0,762.0,1200.0,6.0,4460.0,1200,1900.0,2560.0,6,5,2,CDA,2.3473684210526318,14,13.785714285714286,13.785714285714286,138.28571428571428,0.0,14.0,14.0,200.0,4,5,426.0,,
buy,1702.0,761.0,1200.0,6.0,4234.0,1200,8800.0,-4566.0,7,5,2,CDA,0.48113636363636364,17,7.0588235294117645,7.0588235294117645,100.94117647058823,0.0,7.4,7.4,184.4,2,6,554.0,,
sell,1702.0,761.0,1200.0,6.0,4177.0,1200,1900.0,2277.0,7,5,2,CDA,2.198421052631579,17,13.941176470588236,13.941176470588236,107.0,0.0,15.333333333333334,15.333333333333334,129.0,2,6,554.0,,
buy,1782.0,891.0,1200.0,6.0,4951.0,1200,8800.0,-3849.0,8,5,2,CDA,0.5626136363636364,17,6.764705882352941,6.764705882352941,131.47058823529412,0.0,6.666666666666667,6.666666666666667,200.0,7,7,832.0,,
sell,1782.0,891.0,1200.0,6.0,4475.0,1200,1900.0,2575.0,8,5,2,CDA,2.3552631578947367,16,13.5625,13.5625,141.375,0.0,13.666666666666666,13.666666666666666,153.83333333333334,7,7,832.0,,
buy,2560.0,1133.0,1500.0,9.0,5553.0,1500,6900.0,-1347.0,9,5,3,CDA,0.8047826086956522,22,7.318181818181818,7.318181818181818,102.9090909090909,0.0,10.0,10.0,185.75,7,5,872.0,,
sell,2560.0,1133.0,1500.0,9.0,6197.0,1500,6300.0,-103.0,9,5,3,CDA,0.9836507936507937,16,11.5,11.5,136.0625,0.0,12.0,12.0,175.33333333333334,7,5,872.0,,
buy,2642.0,1112.0,1500.0,9.0,4993.0,1500,6900.0,-1907.0,10,5,3,CDA,0.7236231884057971,21,7.380952380952381,7.380952380952381,112.85714285714286,0.0,9.25,9.25,132.25,7,7,693.0,,
sell,2642.0,1112.0,1500.0,9.0,6088.0,1500,6300.0,-212.0,10,5,3,CDA,0.9663492063492064,14,11.785714285714286,11.785714285714286,151.42857142857142,0.0,10.666666666666666,10.666666666666666,182.33333333333334,7,7,693.0,,
buy,2660.0,1209.0,1500.0,9.0,6309.0,1500,6900.0,-591.0,11,5,3,CDA,0.9143478260869565,19,7.315789473684211,7.315789473684211,129.31578947368422,0.0,8.0,8.0,152.33333333333334,7,8,791.0,,
sell,2660.0,1209.0,1500.0,9.0,5777.0,1500,6300.0,-523.0,11,5,3,CDA,0.916984126984127,18,12.333333333333334,12.333333333333334,127.94444444444444,0.0,14.4,14.4,104.4,7,8,791.0,,
buy,2682.0,1058.0,1500.0,9.0,6455.0,1500,6900.0,-445.0,12,5,3,CDA,0.9355072463768116,23,8.173913043478262,8.173913043478262,131.43478260869566,0.0,8.2,8.2,199.2,5,7,590.0,,
sell,2682.0,1058.0,1500.0,9.0,4663.0,1500,6300.0,-1637.0,12,5,3,CDA,0.7401587301587301,11,12.454545454545455,12.454545454545455,158.0,0.0,15.333333333333334,15.333333333333334,126.66666666666667,5,7,590.0,,
buy,3238.0,1172.0,1200.0,6.0,5187.0,1200,8800.0,-3613.0,13,5,4,CDA,0.5894318181818182,14,6.357142857142857,6.357142857142857,131.71428571428572,0.0,6.75,6.75,200.0,9,6,1153.0,,
sell,3238.0,1172.0,1200.0,6.0,3170.0,1200,1900.0,1270.0,13,5,4,CDA,1.668421052631579,19,13.157894736842104,13.157894736842104,136.05263157894737,0.0,14.4,14.4,101.8,9,6,1153.0,,
buy,3214.0,1205.0,1200.0,6.0,6776.0,1200,8800.0,-2024.0,14,5,4,CDA,0.77,15,5.533333333333333,5.533333333333333,142.13333333333333,0.0,6.25,6.25,196.25,9,7,1399.0,,
sell,3214.0,1205.0,1200.0,6.0,2512.0,1200,1900.0,612.0,14,5,4,CDA,1.3221052631578947,21,10.666666666666666,10.666666666666666,136.8095238095238,0.0,11.4,11.4,119.4,9,7,1399.0,,
buy,3476.0,1155.0,1200.0,6.0,6642.0,1200,8800.0,-2158.0,15,5,4,CDA,0.7547727272727273,13,5.923076923076923,5.923076923076923,149.69230769230768,0.0,6.8,6.8,199.4,10,5,1668.0,,
sell,3476.0,1155.0,1200.0,6.0,3009.0,1200,1900.0,1109.0,15,5,4,CDA,1.5836842105263158,16,11.8125,11.8125,159.125,0.0,12.25,12.25,120.75,10,5,1668.0,,
buy,3674.0,1137.0,1200.0,6.0,7835.0,1200,8800.0,-965.0,16,5,4,CDA,0.8903409090909091,14,5.214285714285714,5.214285714285714,145.42857142857142,0.0,5.4,5.4,197.2,10,7,1825.0,,
sell,3674.0,1137.0,1200.0,6.0,1599.0,1200,1900.0,-301.0,16,5,4,CDA,0.8415789473684211,21,8.904761904761905,8.904761904761905,149.0952380952381,0.0,9.25,9.25,159.25,10,7,1825.0,,
buy,1830.0,856.0,1100.0,14.0,6291.0,1100,2400.0,3891.0,17,5,5,CDA,2.62125,13,6.384615384615385,6.384615384615385,127.15384615384616,0.0,7.0,7.0,159.8,9,5,591.0,,
sell,1830.0,856.0,1100.0,14.0,858.0,1100,9300.0,-8442.0,17,5,5,CDA,0.09225806451612903,16,14.0625,14.0625,165.6875,0.0,16.75,16.75,164.75,9,5,591.0,,
buy,2846.0,939.0,1100.0,14.0,6315.0,1100,2400.0,3915.0,18,5,5,CDA,2.63125,17,6.882352941176471,6.882352941176471,115.0,0.0,9.25,9.25,200.0,6,6,1126.0,,
sell,2846.0,939.0,1100.0,14.0,3658.0,1100,9300.0,-5642.0,18,5,5,CDA,0.3933333333333333,22,13.0,13.0,137.5,0.0,12.0,12.0,145.0,6,6,1126.0,,
buy,1910.0,889.0,1100.0,14.0,7299.0,1100,2400.0,4899.0,19,5,5,CDA,3.04125,11,6.181818181818182,6.181818181818182,138.0909090909091,0.0,7.2,7.2,179.8,4,5,570.0,,
sell,1910.0,889.0,1100.0,14.0,2810.0,1100,9300.0,-6490.0,19,5,5,CDA,0.3021505376344086,15,12.533333333333333,12.533333333333333,136.6,0.0,10.666666666666666,10.666666666666666,162.33333333333334,4,5,570.0,,
buy,2292.0,1064.0,1100.0,14.0,8370.0,1100,2400.0,5970.0,20,5,5,CDA,3.4875,15,7.666666666666667,7.666666666666667,99.26666666666667,0.0,7.5,7.5,174.75,6,3,732.0,,
sell,2292.0,1064.0,1100.0,14.0,2762.0,1100,9300.0,-6538.0,20,5,5,CDA,0.29698924731182796,21,13.571428571428571,13.571428571428571,103.0,0.0,12.75,12.75,113.0,6,3,732.0,,
buy,497.95654138400334,498.33000000000004,1100.0,14.0,4476.78,1100,2400.0,2076.7799999999997,1,1,1,Flow30,1.865325,8,1.625,8.5,181.25,11.875,1.0,9.0,175.0,3,1,992.5200000000013,11.0,6.0
sell,497.95654138400334,506.32000000000005,1100.0,14.0,1897.17,1100,9300.0,-7402.83,1,1,1,Flow30,0.2039967741935484,12,11.416666666666666,14.75,222.5,19.5,9.666666666666666,14.666666666666666,333.3333333333333,3,1,992.5200000000013,11.0,18.666666666666668
buy,621.6468484624772,631.65,1100.0,14.0,6028.3099999999995,1100,2400.0,3628.31,2,1,1,Flow30,2.5117958333333332,11,3.4545454545454546,6.636363636363637,136.36363636363637,12.909090909090908,0.0,9.0,300.0,4,0,1166.4899999999998,19.0,10.0
sell,621.6468484624772,634.79,1100.0,14.0,1062.6100000000001,1100,9300.0,-8237.39,2,1,1,Flow30,0.11425913978494626,19,10.789473684210526,14.052631578947368,164.21052631578948,15.210526315789474,11.5,15.0,250.0,4,0,1166.4899999999998,19.0,25.0
buy,387.0123573836282,417.13,1100.0,14.0,2831.08,1100,2400.0,431.07999999999987,3,1,1,Flow30,1.1796166666666665,14,2.5714285714285716,10.357142857142858,225.0,9.857142857142858,0.0,8.0,400.0,7,0,793.2300000000014,13.0,7.0
sell,387.0123573836282,408.2,1100.0,14.0,2563.12,1100,9300.0,-6736.88,3,1,1,Flow30,0.2756043010752688,22,10.090909090909092,16.227272727272727,164.3181818181818,16.272727272727273,5.5,14.5,250.0,7,0,793.2300000000014,13.0,16.5
buy,609.047629295411,632.47,1100.0,14.0,5478.61,1100,2400.0,3078.6099999999997,4,1,1,Flow30,2.2827541666666664,14,1.4285714285714286,7.642857142857143,178.57142857142858,11.071428571428571,2.3333333333333335,8.666666666666666,200.0,5,2,1214.7900000000025,9.0,8.333333333333334
sell,609.047629295411,637.14,1100.0,14.0,2720.33,1100,9300.0,-6579.67,4,1,1,Flow30,0.29250860215053764,19,9.31578947368421,13.894736842105264,139.21052631578948,20.157894736842106,8.333333333333334,13.0,200.0,5,2,1214.7900000000025,9.0,22.333333333333332
buy,736.3985711569712,760.8199999999999,1200.0,6.0,6137.73,1200,8800.0,-2662.27,5,1,2,Flow30,0.6974693181818181,16,1.3125,6.5625,137.5,10.3125,3.25,7.25,175.0,8,1,1479.2800000000018,9.0,10.75
sell,736.3985711569712,751.2,1200.0,6.0,2286.06,1200,1900.0,386.06000000000006,5,1,2,Flow30,1.2031894736842106,15,6.6,12.333333333333334,123.33333333333333,22.466666666666665,6.666666666666667,15.333333333333334,166.66666666666666,8,1,1479.2800000000018,9.0,30.0
buy,846.7049316139708,850.04,1200.0,6.0,7153.450000000001,1200,8800.0,-1646.5499999999997,6,1,2,Flow30,0.8128920454545455,17,1.2352941176470589,6.352941176470588,252.94117647058823,12.764705882352942,2.0,7.0,366.6666666666667,6,3,1681.510000000001,9.0,16.0
sell,846.7049316139708,865.55,1200.0,6.0,2077.5299999999997,1200,1900.0,177.52999999999997,6,1,2,Flow30,1.093436842105263,20,7.7,13.35,122.65,16.4,6.0,13.75,150.0,6,3,1681.510000000001,9.0,21.25
buy,982.2592740034053,1004.64,1200.0,6.0,7710.139999999999,1200,8800.0,-1089.8600000000001,7,1,2,Flow30,0.8761522727272727,17,1.1176470588235294,6.588235294117647,158.7058823529412,15.764705882352942,2.5,8.5,175.0,8,3,1976.2900000000004,9.0,22.25
sell,982.2592740034053,1010.77,1200.0,6.0,2337.16,1200,1900.0,437.15999999999997,7,1,2,Flow30,1.2300842105263157,17,7.294117647058823,12.705882352941176,158.11764705882354,20.0,6.0,11.333333333333334,166.66666666666666,8,3,1976.2900000000004,9.0,30.0
buy,1013.1662137548061,1033.86,1200.0,6.0,7465.48,1200,8800.0,-1334.52,8,1,2,Flow30,0.8483499999999999,11,1.0909090909090908,7.363636363636363,212.0,20.181818181818183,2.0,9.25,250.0,7,4,2004.4600000000041,12.0,25.5
sell,1013.1662137548061,1018.19,1200.0,6.0,2661.7799999999997,1200,1900.0,761.78,8,1,2,Flow30,1.400936842105263,16,8.375,12.75,122.0625,20.4375,6.0,9.75,225.0,7,4,2004.4600000000041,12.0,27.5
buy,1183.221557677122,1199.52,1500.0,9.0,7750.78,1500,6900.0,850.7799999999997,9,1,3,Flow30,1.1233014492753624,18,1.0,8.11111111111111,133.61111111111111,19.444444444444443,2.6666666666666665,10.333333333333334,183.33333333333334,1,4,2225.5199999999977,14.0,16.666666666666668
sell,1183.221557677122,1227.72,1500.0,9.0,2761.46,1500,6300.0,-3538.54,9,1,3,Flow30,0.4383269841269841,10,7.7,11.3,221.0,20.3,4.666666666666667,10.333333333333334,266.6666666666667,1,4,2225.5199999999977,14.0,26.333333333333332
buy,1142.8277710102373,1186.0900000000001,1500.0,9.0,7514.8099999999995,1500,6900.0,614.81,10,1,3,Flow30,1.0891028985507245,14,2.2857142857142856,7.928571428571429,174.28571428571428,20.714285714285715,2.25,9.5,312.5,2,4,2301.570000000002,22.0,23.75
sell,1142.8277710102373,1163.83,1500.0,9.0,4331.62,1500,6300.0,-1968.38,10,1,3,Flow30,0.6875587301587301,13,8.615384615384615,15.461538461538462,174.6153846153846,16.615384615384617,4.5,11.0,250.0,2,4,2301.570000000002,22.0,24.5
buy,1039.993618009012,1061.96,1500.0,9.0,5971.1,1500,6900.0,-928.9000000000001,11,1,3,Flow30,0.865376811594203,8,2.625,8.125,201.5,24.625,2.25,9.5,300.0,4,4,2083.9499999999975,12.0,24.0
sell,1039.993618009012,1049.87,1500.0,9.0,4193.83,1500,6300.0,-2106.17,11,1,3,Flow30,0.6656873015873016,11,7.2727272727272725,14.909090909090908,166.63636363636363,21.363636363636363,5.333333333333333,14.333333333333334,333.3333333333333,4,4,2083.9499999999975,12.0,22.0
buy,1099.8180261198638,1112.85,1500.0,9.0,5805.32,1500,6900.0,-1094.68,12,1,3,Flow30,0.8413507246376811,12,1.5833333333333333,8.25,231.16666666666666,20.0,1.0,8.0,350.0,6,3,2188.0699999999997,14.0,27.5
sell,1099.8180261198638,1106.98,1500.0,9.0,4280.45,1500,6300.0,-2019.5500000000002,12,1,3,Flow30,0.6794365079365079,12,8.583333333333334,13.916666666666666,187.33333333333334,26.75,5.666666666666667,14.333333333333334,316.6666666666667,6,3,2188.0699999999997,14.0,26.333333333333332
buy,1019.2883408049795,1022.83,1200.0,6.0,7414.33,1200,8800.0,-1385.67,13,1,4,Flow30,0.8425374999999999,11,1.6363636363636365,6.909090909090909,227.27272727272728,19.545454545454547,0.0,8.0,400.0,6,3,2003.0599999999968,12.0,25.5
sell,1019.2883408049795,1020.35,1200.0,6.0,2414.0099999999998,1200,1900.0,514.01,13,1,4,Flow30,1.2705315789473683,11,7.2727272727272725,13.0,233.45454545454547,23.454545454545453,6.25,11.5,312.5,6,3,2003.0599999999968,12.0,25.0
buy,1104.3375291697766,1111.12,1200.0,6.0,6890.37,1200,8800.0,-1909.6299999999999,14,1,4,Flow30,0.7829965909090909,11,2.090909090909091,7.636363636363637,278.1818181818182,24.636363636363637,1.25,8.0,375.0,6,4,2097.8399999999992,15.0,28.0
sell,1104.3375291697766,1097.19,1200.0,6.0,2683.79,1200,1900.0,783.79,14,1,4,Flow30,1.412521052631579,14,6.714285714285714,12.928571428571429,181.42857142857142,24.0,6.0,10.333333333333334,283.3333333333333,6,4,2097.8399999999992,15.0,30.0
buy,1082.2670551591818,1045.68,1200.0,6.0,6240.36,1200,8800.0,-2559.64,15,1,4,Flow30,0.7091318181818181,13,1.6153846153846154,6.615384615384615,162.30769230769232,19.46153846153846,2.5,8.5,300.0,10,2,2104.2799999999993,13.0,23.5
sell,1082.2670551591818,1056.07,1200.0,6.0,2350.83,1200,1900.0,450.83,15,1,4,Flow30,1.237278947368421,14,6.714285714285714,11.642857142857142,173.57142857142858,25.142857142857142,5.75,14.5,287.5,10,2,2104.2799999999993,13.0,26.75
buy,1259.0782943788577,1268.93,1200.0,6.0,7763.13,1200,8800.0,-1036.87,16,1,4,Flow30,0.8821738636363636,13,1.8461538461538463,6.615384615384615,127.53846153846153,16.46153846153846,1.0,7.75,250.0,9,1,2420.4300000000067,10.0,19.0
sell,1259.0782943788577,1278.4,1200.0,6.0,2488.77,1200,1900.0,588.7700000000001,16,1,4,Flow30,1.3098789473684211,13,5.6923076923076925,12.23076923076923,163.84615384615384,25.923076923076923,5.75,12.75,287.5,9,1,2420.4300000000067,10.0,27.5
buy,822.0293707228391,823.49,1100.0,14.0,4801.08,1100,2400.0,2401.08,17,1,5,Flow30,2.00045,14,1.9285714285714286,12.071428571428571,180.21428571428572,22.785714285714285,2.6666666666666665,11.666666666666666,183.33333333333334,4,3,1587.819999999996,10.0,26.333333333333332
sell,822.0293707228391,820.96,1100.0,14.0,4730.719999999999,1100,9300.0,-4569.280000000001,17,1,5,Flow30,0.5086795698924731,14,11.142857142857142,16.428571428571427,180.71428571428572,19.857142857142858,10.666666666666666,18.666666666666668,300.0,4,3,1587.819999999996,10.0,24.666666666666668
buy,968.5300815234816,1002.67,1100.0,14.0,4915.61,1100,2400.0,2515.6099999999997,18,1,5,Flow30,2.0481708333333333,14,1.7857142857142858,12.857142857142858,164.42857142857142,22.214285714285715,3.0,13.25,181.25,4,5,1950.8199999999995,11.0,25.0
sell,968.5300815234816,1000.0,1100.0,14.0,5556.66,1100,9300.0,-3743.34,18,1,5,Flow30,0.5974903225806452,9,12.88888888888889,16.88888888888889,311.1111111111111,25.22222222222222,10.666666666666666,17.0,366.6666666666667,4,5,1950.8199999999995,11.0,27.666666666666668
buy,1079.5678823005544,1086.33,1100.0,14.0,4125.64,1100,2400.0,1725.64,19,1,5,Flow30,1.7190166666666669,11,3.1818181818181817,13.363636363636363,161.8181818181818,24.181818181818183,1.75,14.0,268.75,5,3,2146.5499999999997,13.0,26.5
sell,1079.5678823005544,1094.73,1100.0,14.0,6237.16,1100,9300.0,-3062.84,19,1,5,Flow30,0.6706623655913978,10,12.2,16.1,244.4,26.2,10.666666666666666,15.0,366.6666666666667,5,3,2146.5499999999997,13.0,28.0
buy,974.6432183574711,993.87,1100.0,14.0,3442.85,1100,2400.0,1042.85,20,1,5,Flow30,1.4345208333333332,7,3.2857142857142856,14.0,204.28571428571428,28.142857142857142,3.5,14.0,237.5,7,4,1949.340000000003,9.0,27.25
sell,974.6432183574711,990.11,1100.0,14.0,6876.02,1100,9300.0,-2423.9800000000005,20,1,5,Flow30,0.7393569892473119,9,12.777777777777779,17.22222222222222,248.88888888888889,24.77777777777778,12.333333333333334,17.0,366.6666666666667,7,4,1949.340000000003,9.0,30.0
buy,821.7237714439758,816.8499999999999,1100.0,14.0,4071.0899999999997,1100,2400.0,1671.09,1,2,1,Flow30,1.6962875,10,4.5,12.9,190.0,15.0,5.5,14.0,200.0,3,0,1470.410000000002,15.0,20.5
sell,821.7237714439758,803.64,1100.0,14.0,4286.43,1100,9300.0,-5013.57,1,2,1,Flow30,0.4609064516129033,15,10.933333333333334,17.866666666666667,166.0,17.466666666666665,9.666666666666666,16.666666666666668,166.66666666666666,3,0,1470.410000000002,15.0,22.0
buy,873.3888844275356,800.78,1100.0,14.0,2965.92,1100,2400.0,565.92,2,2,1,Flow30,1.2358,16,5.625,12.0625,188.125,15.9375,5.0,11.333333333333334,266.6666666666667,6,2,1673.1499999999976,11.0,25.0
sell,873.3888844275356,802.0400000000001,1100.0,14.0,5073.43,1100,9300.0,-4226.57,2,2,1,Flow30,0.5455301075268818,17,12.529411764705882,18.294117647058822,140.0,17.235294117647058,11.333333333333334,18.333333333333332,166.66666666666666,6,2,1673.1499999999976,11.0,22.666666666666668
buy,929.7940870217185,898.5699999999999,1100.0,14.0,3203.6,1100,2400.0,803.5999999999999,3,2,1,Flow30,1.3348333333333333,14,5.285714285714286,11.714285714285714,146.42857142857142,17.642857142857142,4.0,10.5,200.0,6,2,1816.8600000000015,12.0,16.5
sell,929.7940870217185,885.78,1100.0,14.0,6209.03,1100,9300.0,-3090.9700000000003,3,2,1,Flow30,0.6676376344086021,17,14.0,18.41176470588235,172.35294117647058,19.470588235294116,13.0,18.0,233.33333333333334,6,2,1816.8600000000015,12.0,13.333333333333334
buy,838.7673659606281,751.78,1100.0,14.0,2840.33,1100,2400.0,440.33000000000004,4,2,1,Flow30,1.1834708333333332,14,6.571428571428571,12.857142857142858,214.14285714285714,15.857142857142858,5.5,12.75,225.0,7,3,1568.570000000001,7.0,16.5
sell,838.7673659606281,760.77,1100.0,14.0,4888.57,1100,9300.0,-4411.43,4,2,1,Flow30,0.525652688172043,12,13.25,18.833333333333332,119.16666666666667,24.75,13.0,18.5,162.5,7,3,1568.570000000001,7.0,26.25
buy,791.5873735623423,714.61,1200.0,6.0,2947.08,1200,8800.0,-5852.92,5,2,2,Flow30,0.33489545454545455,11,3.8181818181818183,8.181818181818182,254.54545454545453,17.0,5.333333333333333,10.333333333333334,300.0,10,3,1502.56,9.0,19.333333333333332
sell,791.5873735623423,719.7800000000001,1200.0,6.0,4860.9400000000005,1200,1900.0,2960.94,5,2,2,Flow30,2.558389473684211,17,10.529411764705882,17.705882352941178,189.64705882352942,25.941176470588236,10.666666666666666,18.666666666666668,266.6666666666667,10,3,1502.56,9.0,29.333333333333332
buy,827.4655707402331,859.61,1200.0,6.0,4367.509999999999,1200,8800.0,-4432.490000000001,6,2,2,Flow30,0.49630795454545445,15,3.2666666666666666,8.2,216.53333333333333,19.6,4.5,9.0,287.5,8,4,1596.720000000001,10.0,20.5
sell,827.4655707402331,872.7,1200.0,6.0,4423.78,1200,1900.0,2523.7799999999997,6,2,2,Flow30,2.3283052631578944,15,9.133333333333333,17.0,170.0,23.2,10.8,17.8,220.0,8,4,1596.720000000001,10.0,23.8
buy,656.3649816593011,694.96,1200.0,6.0,3875.2799999999997,1200,8800.0,-4924.72,7,2,2,Flow30,0.44037272727272725,14,4.357142857142857,8.428571428571429,168.57142857142858,26.714285714285715,6.0,11.333333333333334,216.66666666666666,7,9,1344.6499999999999,30.0,23.666666666666668
sell,656.3649816593011,704.12,1200.0,6.0,4525.09,1200,1900.0,2625.09,7,2,2,Flow30,2.381626315789474,12,10.5,17.5,161.66666666666666,22.333333333333332,8.6,17.6,220.0,7,9,1344.6499999999999,30.0,25.8
buy,696.6683672506493,709.64,1200.0,6.0,4874.34,1200,8800.0,-3925.66,8,2,2,Flow30,0.5539022727272728,15,3.7333333333333334,8.466666666666667,206.66666666666666,24.6,6.0,10.4,240.0,7,7,1438.1399999999987,18.0,23.4
sell,696.6683672506493,757.02,1200.0,6.0,3927.54,1200,1900.0,2027.54,8,2,2,Flow30,2.0671263157894737,10,8.1,16.6,138.0,26.0,7.0,16.25,200.0,7,7,1438.1399999999987,18.0,24.75
buy,940.8022836316798,751.0899999999999,1500.0,9.0,3382.7799999999997,1500,6900.0,-3517.2200000000003,9,2,3,Flow30,0.4902579710144927,18,4.0,10.166666666666666,222.72222222222223,23.055555555555557,4.25,11.25,262.5,4,7,1682.920000000001,10.0,21.75
sell,940.8022836316798,769.25,1500.0,9.0,3307.54,1500,6300.0,-2992.46,9,2,3,Flow30,0.5250063492063493,8,8.625,17.0,193.75,22.625,9.666666666666666,17.666666666666668,250.0,4,7,1682.920000000001,10.0,29.333333333333332
buy,954.9338772131945,971.79,1500.0,9.0,4401.5599999999995,1500,6900.0,-2498.44,10,2,3,Flow30,0.6379072463768115,12,3.8333333333333335,10.083333333333334,204.16666666666666,20.083333333333332,5.25,12.0,250.0,5,5,1925.2400000000007,11.0,21.25
sell,954.9338772131945,988.34,1500.0,9.0,5047.61,1500,6300.0,-1252.39,10,2,3,Flow30,0.8012079365079364,11,9.272727272727273,16.0,158.1818181818182,19.09090909090909,8.0,16.25,275.0,5,5,1925.2400000000007,11.0,25.25
buy,1137.7230336900168,1062.76,1500.0,9.0,4049.34,1500,6900.0,-2850.6600000000003,11,2,3,Flow30,0.5868608695652174,14,4.142857142857143,10.142857142857142,196.42857142857142,24.571428571428573,3.75,11.25,250.0,9,9,2186.93,8.0,22.0
sell,1137.7230336900168,1078.64,1500.0,9.0,5359.04,1500,6300.0,-940.96,11,2,3,Flow30,0.8506412698412699,11,8.909090909090908,16.545454545454547,153.63636363636363,26.727272727272727,8.75,17.25,262.5,9,9,2186.93,8.0,25.75
buy,1219.1153816819644,1238.04,1500.0,9.0,4541.62,1500,6900.0,-2358.38,12,2,3,Flow30,0.6582057971014492,11,5.2727272727272725,9.0,200.0,25.181818181818183,5.0,10.75,287.5,10,7,2434.9000000000015,11.0,25.0
sell,1219.1153816819644,1246.49,1500.0,9.0,6302.3099999999995,1500,6300.0,2.3099999999999454,12,2,3,Flow30,1.0003666666666666,15,11.466666666666667,17.466666666666665,153.33333333333334,23.866666666666667,11.25,16.25,237.5,10,7,2434.9000000000015,11.0,24.75
buy,861.218009344297,782.98,1200.0,6.0,5114.84,1200,8800.0,-3685.1600000000003,13,2,4,Flow30,0.5812318181818182,10,2.5,8.0,275.0,26.3,4.0,9.666666666666666,366.6666666666667,9,5,1515.9199999999953,9.0,24.333333333333332
sell,861.218009344297,786.91,1200.0,6.0,2208.94,1200,1900.0,308.94,13,2,4,Flow30,1.1626,14,10.071428571428571,17.214285714285715,175.0,23.571428571428573,10.0,18.333333333333332,266.6666666666667,9,5,1515.9199999999953,9.0,30.0
buy,1104.8261531693047,1018.84,1200.0,6.0,5937.44,1200,8800.0,-2862.56,14,2,4,Flow30,0.6747090909090908,14,3.5,7.214285714285714,291.35714285714283,25.642857142857142,2.6666666666666665,6.666666666666667,383.3333333333333,5,8,2051.610000000002,12.0,27.333333333333332
sell,1104.8261531693047,1037.05,1200.0,6.0,2301.48,1200,1900.0,401.4800000000001,14,2,4,Flow30,1.2113052631578947,10,6.2,15.2,200.9,20.6,6.25,16.0,237.5,5,8,2051.610000000002,12.0,20.0
buy,1050.7951903261978,921.55,1200.0,6.0,5172.19,1200,8800.0,-3627.81,15,2,4,Flow30,0.5877488636363636,13,2.6153846153846154,7.230769230769231,256.9230769230769,25.846153846153847,4.0,10.0,290.0,7,8,1960.8199999999945,11.0,26.5
sell,1050.7951903261978,941.91,1200.0,6.0,3253.29,1200,1900.0,1353.29,15,2,4,Flow30,1.712257894736842,12,8.416666666666666,17.0,166.66666666666666,22.0,8.0,15.666666666666666,200.0,7,8,1960.8199999999945,11.0,26.666666666666668
buy,968.5547524487067,970.24,1200.0,6.0,6058.82,1200,8800.0,-2741.18,16,2,4,Flow30,0.6885022727272727,12,2.4166666666666665,6.583333333333333,316.6666666666667,26.25,4.0,8.25,387.5,8,10,1929.0399999999997,11.0,25.5
sell,968.5547524487067,975.6,1200.0,6.0,2019.35,1200,1900.0,119.35000000000002,16,2,4,Flow30,1.0628157894736843,10,7.4,16.2,189.0,27.8,6.0,16.666666666666668,266.6666666666667,8,10,1929.0399999999997,11.0,30.0
buy,1089.2073082828633,1065.83,1100.0,14.0,7376.030000000001,1100,2400.0,4976.030000000001,17,2,5,Flow30,3.0733458333333337,15,2.6666666666666665,7.866666666666666,149.73333333333332,22.333333333333332,6.333333333333333,11.0,266.6666666666667,6,9,1756.8899999999999,7.0,21.333333333333332
sell,1089.2073082828633,1058.35,1100.0,14.0,1503.9099999999999,1100,9300.0,-7796.09,17,2,5,Flow30,0.16171075268817203,10,8.2,15.2,182.5,24.6,6.5,15.25,250.0,6,9,1756.8899999999999,7.0,28.25
buy,1028.5348203973506,997.29,1100.0,14.0,5789.24,1100,2400.0,3389.2400000000002,18,2,5,Flow30,2.412183333333333,20,4.1,9.3,131.05,23.3,4.5,11.0,250.0,5,12,1815.3599999999974,21.0,23.0
sell,1028.5348203973506,986.01,1100.0,14.0,3651.75,1100,9300.0,-5648.25,18,2,5,Flow30,0.3926612903225806,8,9.25,16.25,181.25,27.875,6.333333333333333,14.0,283.3333333333333,5,12,1815.3599999999974,21.0,27.666666666666668
buy,1077.7187964762845,1090.0,1100.0,14.0,6926.0,1100,2400.0,4526.0,19,2,5,Flow30,2.8858333333333333,13,4.923076923076923,10.307692307692308,184.84615384615384,23.0,5.5,12.0,262.5,5,7,1777.5700000000027,16.0,23.5
sell,1077.7187964762845,1101.83,1100.0,14.0,2391.75,1100,9300.0,-6908.25,19,2,5,Flow30,0.25717741935483873,9,7.888888888888889,15.88888888888889,202.22222222222223,26.0,6.75,16.25,225.0,5,7,1777.5700000000027,16.0,27.25
buy,1018.5237189546733,991.27,1100.0,14.0,5466.38,1100,2400.0,3066.38,20,2,5,Flow30,2.2776583333333336,10,5.1,11.0,191.8,23.8,5.75,12.0,287.5,9,6,1793.3299999999986,13.0,23.0
sell,1018.5237189546733,988.19,1100.0,14.0,3949.88,1100,9300.0,-5350.12,20,2,5,Flow30,0.4247182795698925,11,9.454545454545455,16.90909090909091,150.0,29.727272727272727,7.75,17.0,225.0,9,6,1793.3299999999986,13.0,29.75
buy,647.5335975575847,672.51,1100.0,14.0,1274.52,1100,2400.0,-1125.48,1,3,1,Flow30,0.53105,13,7.0,11.461538461538462,141.92307692307693,8.692307692307692,7.5,9.5,55.0,2,0,1146.0399999999995,28.0,5.5
sell,647.5335975575847,670.41,1100.0,14.0,5777.4800000000005,1100,9300.0,-3522.52,1,3,1,Flow30,0.6212344086021506,11,12.818181818181818,17.272727272727273,112.18181818181819,12.363636363636363,11.5,14.0,100.0,2,0,1146.0399999999995,28.0,19.0
buy,764.4735473482956,765.65,1100.0,14.0,1795.59,1100,2400.0,-604.4100000000001,2,3,1,Flow30,0.7481625,14,7.714285714285714,13.642857142857142,137.21428571428572,15.357142857142858,6.0,11.0,100.0,0,2,1286.5600000000006,11.0,16.0
sell,764.4735473482956,766.9,1100.0,14.0,6226.0599999999995,1100,9300.0,-3073.9400000000005,2,3,1,Flow30,0.6694688172043011,9,12.88888888888889,18.0,148.33333333333334,9.666666666666666,12.5,17.5,137.5,0,2,1286.5600000000006,11.0,6.5
buy,728.1518899114931,743.53,1100.0,14.0,3001.17,1100,2400.0,601.1699999999998,3,3,1,Flow30,1.2504875,10,6.2,12.0,191.0,21.1,5.5,12.5,225.0,3,5,1380.8699999999992,18.0,23.75
sell,728.1518899114931,749.92,1100.0,14.0,5632.45,1100,9300.0,-3667.55,3,3,1,Flow30,0.6056397849462365,14,12.0,17.642857142857142,133.57142857142858,15.642857142857142,12.333333333333334,17.333333333333332,233.33333333333334,3,5,1380.8699999999992,18.0,18.666666666666668
buy,806.929652631897,812.26,1100.0,14.0,2203.45,1100,2400.0,-196.55,4,3,1,Flow30,0.9181041666666666,9,6.444444444444445,13.333333333333334,238.88888888888889,22.0,6.5,14.0,250.0,0,4,1601.979999999998,16.0,22.5
sell,806.929652631897,813.99,1100.0,14.0,7092.549999999999,1100,9300.0,-2207.4500000000003,4,3,1,Flow30,0.7626397849462365,10,13.3,17.2,152.5,9.5,13.0,17.5,187.5,0,4,1601.979999999998,16.0,9.0
buy,867.6990818308259,877.06,1200.0,6.0,3574.55,1200,8800.0,-5225.45,5,3,2,Flow30,0.40619886363636365,8,5.0,9.25,201.25,19.0,4.0,9.5,250.0,1,3,1652.4499999999946,15.0,26.0
sell,867.6990818308259,883.49,1200.0,6.0,5312.39,1200,1900.0,3412.3900000000003,5,3,2,Flow30,2.7959947368421054,16,11.125,17.0,143.75,13.1875,13.0,20.0,250.0,1,3,1652.4499999999946,15.0,29.0
buy,859.8931337100631,799.3399999999999,1200.0,6.0,3288.84,1200,8800.0,-5511.160000000001,6,3,2,Flow30,0.3737318181818182,8,5.0,10.625,176.25,21.75,5.0,10.0,250.0,2,2,1606.1999999999998,11.0,26.0
sell,859.8931337100631,809.01,1200.0,6.0,5481.110000000001,1200,1900.0,3581.11,6,3,2,Flow30,2.8847947368421054,19,10.68421052631579,16.36842105263158,127.36842105263158,14.473684210526315,11.0,17.0,125.0,2,2,1606.1999999999998,11.0,13.0
buy,447.7328511134756,469.64,1200.0,6.0,2043.82,1200,8800.0,-6756.18,7,3,2,Flow30,0.23225227272727272,7,4.857142857142857,10.285714285714286,258.57142857142856,24.142857142857142,7.0,10.5,250.0,0,4,891.2700000000007,10.0,26.5
sell,447.7328511134756,468.55,1200.0,6.0,3719.55,1200,1900.0,1819.55,7,3,2,Flow30,1.9576578947368422,17,10.352941176470589,15.882352941176471,116.17647058823529,10.235294117647058,9.666666666666666,15.0,191.66666666666666,0,4,891.2700000000007,10.0,7.333333333333333
buy,624.7209027110207,627.74,1200.0,6.0,3111.1499999999996,1200,8800.0,-5688.85,8,3,2,Flow30,0.35353977272727266,6,3.0,8.833333333333334,289.5,22.666666666666668,5.333333333333333,8.666666666666666,400.0,0,3,1243.3599999999997,11.0,27.666666666666668
sell,624.7209027110207,626.39,1200.0,6.0,4315.969999999999,1200,1900.0,2415.97,8,3,2,Flow30,2.2715631578947364,11,10.181818181818182,16.09090909090909,112.27272727272727,7.0,9.5,16.5,168.75,0,3,1243.3599999999997,11.0,7.5
buy,925.8186785483591,969.7,1500.0,9.0,2596.49,1500,6900.0,-4303.51,9,3,3,Flow30,0.37630289855072463,12,6.166666666666667,10.166666666666666,160.83333333333334,22.666666666666668,9.333333333333334,12.333333333333334,266.6666666666667,3,7,1858.8999999999971,10.0,28.666666666666668
sell,925.8186785483591,984.62,1500.0,9.0,7288.14,1500,6300.0,988.1400000000001,9,3,3,Flow30,1.1568476190476191,14,10.142857142857142,15.214285714285714,147.14285714285714,15.071428571428571,10.0,12.5,100.0,3,7,1858.8999999999971,10.0,9.5
buy,1064.444922718078,1098.6100000000001,1500.0,9.0,4128.21,1500,6900.0,-2771.79,10,3,3,Flow30,0.5982913043478261,9,6.333333333333333,10.666666666666666,278.0,26.77777777777778,9.5,11.0,400.0,3,7,2136.989999999999,13.0,29.0
sell,1064.444922718078,1087.42,1500.0,9.0,7198.43,1500,6300.0,898.4300000000003,10,3,3,Flow30,1.1426079365079365,18,11.11111111111111,14.944444444444445,125.61111111111111,10.722222222222221,10.0,15.25,170.0,3,7,2136.989999999999,13.0,13.25
buy,1100.4271328962457,1123.09,1500.0,9.0,4572.5,1500,6900.0,-2327.5,11,3,3,Flow30,0.6626811594202898,8,7.0,10.25,236.625,26.375,9.0,10.0,400.0,2,6,2202.73,14.0,30.0
sell,1100.4271328962457,1130.36,1500.0,9.0,6858.3,1500,6300.0,558.3000000000004,11,3,3,Flow30,1.0886190476190476,12,11.25,14.166666666666666,150.0,9.583333333333334,10.0,14.5,243.75,2,6,2202.73,14.0,12.25
buy,1185.1571516450617,1204.77,1500.0,9.0,4779.47,1500,6900.0,-2120.53,12,3,3,Flow30,0.6926768115942029,11,7.363636363636363,10.272727272727273,164.0,27.454545454545453,8.5,11.0,200.0,2,10,2387.33,11.0,30.0
sell,1185.1571516450617,1226.14,1500.0,9.0,7305.07,1500,6300.0,1005.0699999999999,12,3,3,Flow30,1.1595349206349206,14,10.5,14.285714285714286,139.71428571428572,12.214285714285714,8.75,13.75,245.0,2,10,2387.33,11.0,13.25
buy,852.1114434965749,875.44,1200.0,6.0,4491.82,1200,8800.0,-4308.18,13,3,4,Flow30,0.5104340909090909,9,6.444444444444445,8.555555555555555,196.88888888888889,27.0,9.0,10.333333333333334,300.0,4,8,1708.98,13.0,30.0
sell,852.1114434965749,880.45,1200.0,6.0,4597.610000000001,1200,1900.0,2697.61,13,3,4,Flow30,2.4197947368421056,14,8.857142857142858,13.5,158.57142857142858,14.142857142857142,9.333333333333334,14.0,230.0,4,8,1708.98,13.0,17.0
buy,1061.0104656157848,1066.33,1200.0,6.0,4880.71,1200,8800.0,-3919.29,14,3,4,Flow30,0.5546261363636363,10,4.6,8.9,189.9,22.2,7.333333333333333,9.666666666666666,300.0,4,7,2108.1300000000006,9.0,30.0
sell,1061.0104656157848,1076.68,1200.0,6.0,5363.33,1200,1900.0,3463.33,14,3,4,Flow30,2.822805263157895,15,9.533333333333333,13.533333333333333,124.66666666666667,12.666666666666666,11.5,14.0,90.0,4,7,2108.1300000000006,9.0,7.5
buy,829.7822385192802,843.51,1200.0,6.0,5327.22,1200,8800.0,-3472.7799999999997,15,3,4,Flow30,0.6053659090909091,7,4.571428571428571,8.428571428571429,201.28571428571428,23.571428571428573,7.0,9.0,300.0,3,5,1656.1699999999983,9.0,24.0
sell,829.7822385192802,844.93,1200.0,6.0,4049.2,1200,1900.0,2149.2,15,3,4,Flow30,2.131157894736842,14,8.0,13.714285714285714,130.85714285714286,13.142857142857142,8.25,13.25,247.5,3,5,1656.1699999999983,9.0,16.25
buy,926.5154628489188,940.75,1200.0,6.0,5587.58,1200,8800.0,-3212.42,16,3,4,Flow30,0.6349522727272727,11,4.2727272727272725,8.363636363636363,254.54545454545453,22.0,7.333333333333333,8.666666666666666,400.0,3,7,1853.5899999999974,11.0,30.0
sell,926.5154628489188,949.03,1200.0,6.0,4271.17,1200,1900.0,2371.17,16,3,4,Flow30,2.2479842105263157,12,8.083333333333334,13.333333333333334,151.16666666666666,13.916666666666666,11.0,15.0,95.0,3,7,1853.5899999999974,11.0,9.0
buy,738.4292984436604,780.27,1100.0,14.0,2314.72,1100,2400.0,-85.28000000000009,17,3,5,Flow30,0.9644666666666666,13,6.153846153846154,11.23076923076923,264.7692307692308,21.53846153846154,10.5,13.0,350.0,5,8,1492.4,13.0,30.0
sell,738.4292984436604,767.2,1100.0,14.0,6424.799999999999,1100,9300.0,-2875.2,17,3,5,Flow30,0.6908387096774192,18,12.166666666666666,15.88888888888889,115.55555555555556,13.88888888888889,11.25,15.0,95.0,5,8,1492.4,13.0,13.0
buy,859.3067848727255,891.39,1100.0,14.0,2553.15,1100,2400.0,153.14999999999998,18,3,5,Flow30,1.0638125,12,8.416666666666666,12.666666666666666,185.08333333333334,26.0,8.0,12.666666666666666,266.6666666666667,3,9,1724.4900000000023,9.0,29.333333333333332
sell,859.3067848727255,906.0699999999999,1100.0,14.0,7322.7,1100,9300.0,-1977.3,18,3,5,Flow30,0.7873870967741935,15,12.066666666666666,16.066666666666666,116.66666666666667,12.2,11.666666666666666,14.333333333333334,193.33333333333334,3,9,1724.4900000000023,9.0,8.333333333333334
buy,843.9272409435247,870.3399999999999,1100.0,14.0,2615.73,1100,2400.0,215.72999999999996,19,3,5,Flow30,1.0898875,10,7.3,12.3,162.5,24.8,6.333333333333333,11.666666666666666,200.0,5,8,1681.1300000000008,9.0,21.666666666666668
sell,843.9272409435247,864.8399999999999,1100.0,14.0,7197.2300000000005,1100,9300.0,-2102.7699999999995,19,3,5,Flow30,0.7738956989247312,16,12.0625,15.8125,129.375,18.25,11.5,15.5,170.0,5,8,1681.1300000000008,9.0,17.75
buy,928.4855287612758,978.67,1100.0,14.0,3163.1,1100,2400.0,763.0999999999999,20,3,5,Flow30,1.3179583333333333,9,5.111111111111111,12.222222222222221,205.55555555555554,23.88888888888889,6.0,13.0,266.6666666666667,5,6,1866.2000000000003,11.0,19.666666666666668
sell,928.4855287612758,938.96,1100.0,14.0,7596.700000000001,1100,9300.0,-1703.3,20,3,5,Flow30,0.8168494623655915,13,12.23076923076923,16.23076923076923,129.23076923076923,20.46153846153846,12.0,15.75,170.0,5,6,1866.2000000000003,11.0,15.0
buy,654.2091546965787,646.03,1100.0,14.0,4046.58,1100,2400.0,1646.5800000000002,1,4,1,Flow30,1.686075,9,7.777777777777778,11.222222222222221,161.11111111111111,18.77777777777778,10.0,12.5,200.0,0,2,1281.4100000000017,17.0,16.5
sell,654.2091546965787,658.25,1100.0,14.0,4277.09,1100,9300.0,-5022.91,1,4,1,Flow30,0.45990215053763445,11,11.272727272727273,17.363636363636363,249.0909090909091,9.909090909090908,10.0,17.0,350.0,0,2,1281.4100000000017,17.0,9.0
buy,819.5814561124902,826.1600000000001,1100.0,14.0,3195.0200000000004,1100,2400.0,795.0200000000002,2,4,1,Flow30,1.3312583333333334,12,8.666666666666666,11.75,142.5,18.666666666666668,8.666666666666666,11.333333333333334,166.66666666666666,0,3,1624.9299999999967,12.0,20.0
sell,819.5814561124902,824.78,1100.0,14.0,6620.910000000001,1100,9300.0,-2679.0899999999997,2,4,1,Flow30,0.711925806451613,9,12.333333333333334,18.22222222222222,255.55555555555554,10.777777777777779,12.0,20.0,200.0,0,3,1624.9299999999967,12.0,3.0
buy,915.0035912334122,896.21,1100.0,14.0,4113.4,1100,2400.0,1713.4,3,4,1,Flow30,1.7139166666666665,16,8.625,11.125,121.875,20.9375,8.666666666666666,11.0,166.66666666666666,0,5,1813.3100000000027,14.0,21.0
sell,915.0035912334122,917.79,1100.0,14.0,6205.03,1100,9300.0,-3094.9700000000003,3,4,1,Flow30,0.6672075268817204,9,11.0,17.666666666666668,282.1111111111111,14.0,13.0,20.0,300.0,0,5,1813.3100000000027,14.0,11.5
buy,818.8661849293003,837.3599999999999,1100.0,14.0,3415.2,1100,2400.0,1015.1999999999998,4,4,1,Flow30,1.4229999999999998,10,9.5,13.0,150.0,24.9,10.333333333333334,13.0,200.0,0,5,1638.879999999996,10.0,25.0
sell,818.8661849293003,849.59,1100.0,14.0,6843.0199999999995,1100,9300.0,-2456.9800000000005,4,4,1,Flow30,0.7358086021505376,8,12.375,18.75,260.0,19.625,12.0,18.666666666666668,366.6666666666667,0,5,1638.879999999996,10.0,22.333333333333332
buy,914.570622658333,941.27,1200.0,6.0,6636.75,1200,8800.0,-2163.25,5,4,2,Flow30,0.7541761363636363,10,4.3,7.7,155.0,25.5,4.666666666666667,7.666666666666667,166.66666666666666,0,5,1828.109999999997,18.0,24.0
sell,914.570622658333,947.15,1200.0,6.0,3017.38,1200,1900.0,1117.3799999999999,5,4,2,Flow30,1.5880947368421052,10,5.7,16.9,238.0,15.9,6.333333333333333,17.0,300.0,0,5,1828.109999999997,18.0,18.666666666666668
buy,1187.0567771629094,1186.26,1200.0,6.0,7359.02,1200,8800.0,-1440.98,6,4,2,Flow30,0.8362522727272728,7,4.571428571428571,8.142857142857142,222.71428571428572,22.571428571428573,5.5,8.0,250.0,2,4,2361.94,13.0,23.0
sell,1187.0567771629094,1206.25,1200.0,6.0,3093.69,1200,1900.0,1193.69,6,4,2,Flow30,1.6282578947368422,9,6.333333333333333,16.11111111111111,238.88888888888889,21.333333333333332,4.0,20.0,250.0,2,4,2361.94,13.0,15.0
buy,1209.4336341156918,1235.45,1200.0,6.0,7036.33,1200,8800.0,-1763.67,7,4,2,Flow30,0.7995829545454546,10,4.1,7.2,210.4,23.5,5.333333333333333,8.0,266.6666666666667,3,6,2411.6300000000037,13.0,26.666666666666668
sell,1209.4336341156918,1227.85,1200.0,6.0,3480.25,1200,1900.0,1580.25,7,4,2,Flow30,1.8317105263157896,10,5.9,15.1,203.0,24.0,5.25,16.5,250.0,3,6,2411.6300000000037,13.0,24.25
buy,958.3892952768796,971.77,1200.0,6.0,6881.42,1200,8800.0,-1918.58,8,4,2,Flow30,0.7819795454545455,9,5.222222222222222,7.666666666666667,241.33333333333334,26.444444444444443,3.5,6.0,200.0,1,6,1911.64,12.0,30.0
sell,958.3892952768796,971.68,1200.0,6.0,2776.17,1200,1900.0,876.17,8,4,2,Flow30,1.461142105263158,10,5.8,13.8,199.3,14.2,4.666666666666667,15.333333333333334,266.6666666666667,1,6,1911.64,12.0,13.666666666666666
buy,1108.4627430723206,1130.09,1500.0,9.0,5301.7,1500,6900.0,-1598.3000000000002,9,4,3,Flow30,0.7683623188405797,12,6.75,10.166666666666666,219.83333333333334,24.333333333333332,7.0,10.0,200.0,1,8,2193.42,11.0,30.0
sell,1108.4627430723206,1158.07,1500.0,9.0,6493.650000000001,1500,6300.0,193.6500000000001,9,4,3,Flow30,1.0307380952380953,10,8.2,16.8,233.5,19.5,7.0,17.0,300.0,1,8,2193.42,11.0,12.0
buy,1156.6612273273122,1180.26,1500.0,9.0,7002.58,1500,6900.0,102.58000000000007,10,4,3,Flow30,1.0148666666666666,11,6.545454545454546,9.363636363636363,201.9090909090909,25.181818181818183,9.0,11.0,200.0,1,8,2313.9700000000003,14.0,30.0
sell,1156.6612273273122,1201.75,1500.0,9.0,5570.48,1500,6300.0,-729.5200000000001,10,4,3,Flow30,0.8842031746031745,16,10.375,17.125,193.75,14.5,7.0,15.666666666666666,333.3333333333333,1,8,2313.9700000000003,14.0,13.666666666666666
buy,1179.8613830702473,1185.12,1500.0,9.0,7617.6,1500,6900.0,717.6000000000001,11,4,3,Flow30,1.104,12,5.083333333333333,8.083333333333334,183.33333333333334,22.75,8.0,10.333333333333334,266.6666666666667,5,6,2329.2800000000016,12.0,26.0
sell,1179.8613830702473,1201.28,1500.0,9.0,4449.12,1500,6300.0,-1850.88,11,4,3,Flow30,0.7062095238095238,15,10.0,16.8,186.66666666666666,19.4,6.333333333333333,15.333333333333334,333.3333333333333,5,6,2329.2800000000016,12.0,18.666666666666668
buy,950.0169225603288,977.95,1500.0,9.0,5273.52,1500,6900.0,-1626.48,12,4,3,Flow30,0.7642782608695653,14,5.071428571428571,8.071428571428571,248.57142857142858,24.857142857142858,5.666666666666667,9.0,266.6666666666667,3,9,1907.2900000000009,14.0,26.0
sell,950.0169225603288,983.76,1500.0,9.0,3729.96,1500,6300.0,-2570.04,12,4,3,Flow30,0.5920571428571428,12,7.583333333333333,15.333333333333334,195.58333333333334,19.166666666666668,6.666666666666667,16.0,266.6666666666667,3,9,1907.2900000000009,14.0,13.666666666666666
buy,936.1961075809354,923.16,1200.0,6.0,6685.19,1200,8800.0,-2114.81,13,4,4,Flow30,0.7596806818181818,13,3.8461538461538463,7.769230769230769,234.30769230769232,24.53846153846154,4.666666666666667,8.666666666666666,266.6666666666667,3,8,1851.339999999995,19.0,26.0
sell,936.1961075809354,926.33,1200.0,6.0,2300.8,1200,1900.0,400.79999999999995,13,4,4,Flow30,1.2109473684210528,11,6.818181818181818,12.545454545454545,194.36363636363637,22.545454545454547,5.5,16.0,250.0,3,8,1851.339999999995,19.0,24.0
buy,930.3688562638022,949.0799999999999,1200.0,6.0,6903.04,1200,8800.0,-1896.96,14,4,4,Flow30,0.7844363636363636,11,4.636363636363637,7.2727272727272725,200.0,26.90909090909091,4.666666666666667,8.0,300.0,8,8,1862.620000000002,11.0,26.0
sell,930.3688562638022,937.61,1200.0,6.0,2518.51,1200,1900.0,618.5100000000002,14,4,4,Flow30,1.3255315789473685,15,6.8,14.266666666666667,148.6,22.666666666666668,5.0,14.333333333333334,233.33333333333334,8,8,1862.620000000002,11.0,16.0
buy,1179.5830686993343,1092.73,1200.0,6.0,7442.95,1200,8800.0,-1357.0499999999997,15,4,4,Flow30,0.8457897727272727,12,4.083333333333333,7.666666666666667,143.08333333333334,23.833333333333332,4.0,6.666666666666667,200.0,6,7,2245.830000000001,9.0,26.666666666666668
sell,1179.5830686993343,1120.77,1200.0,6.0,2642.51,1200,1900.0,742.5100000000001,15,4,4,Flow30,1.3907947368421054,11,6.090909090909091,13.0,161.45454545454547,22.09090909090909,5.0,14.0,200.0,6,7,2245.830000000001,9.0,18.666666666666668
buy,1078.0227764480362,1033.51,1200.0,6.0,6103.6900000000005,1200,8800.0,-2696.31,16,4,4,Flow30,0.6936011363636364,9,5.888888888888889,9.333333333333334,225.44444444444446,24.22222222222222,6.666666666666667,9.333333333333334,200.0,6,5,2101.869999999992,14.0,25.333333333333332
sell,1078.0227764480362,1048.99,1200.0,6.0,3227.25,1200,1900.0,1327.25,16,4,4,Flow30,1.6985526315789474,12,6.0,14.5,148.83333333333334,22.166666666666668,5.333333333333333,17.0,200.0,6,5,2101.869999999992,14.0,19.666666666666668
buy,1200.6054834529255,1221.29,1100.0,14.0,5857.129999999999,1100,2400.0,3457.1299999999997,17,4,5,Flow30,2.440470833333333,14,7.714285714285714,12.714285714285714,183.35714285714286,27.785714285714285,7.0,11.0,166.66666666666666,5,11,2127.8300000000017,15.0,25.333333333333332
sell,1200.6054834529255,1229.88,1100.0,14.0,5239.610000000001,1100,9300.0,-4060.39,17,4,5,Flow30,0.5633989247311828,10,10.0,16.6,210.0,22.6,6.666666666666667,16.666666666666668,233.33333333333334,5,11,2127.8300000000017,15.0,19.0
buy,1056.1459965276908,1011.01,1100.0,14.0,5257.88,1100,2400.0,2857.88,18,4,5,Flow30,2.1907833333333335,10,6.4,11.6,151.2,24.8,9.0,11.0,175.0,2,6,2054.370000000001,11.0,30.0
sell,1056.1459965276908,1027.54,1100.0,14.0,6034.84,1100,9300.0,-3265.1600000000003,18,4,5,Flow30,0.6489075268817205,9,8.777777777777779,17.333333333333332,255.33333333333334,19.88888888888889,8.5,16.5,325.0,2,6,2054.370000000001,11.0,20.5
buy,828.1778156291664,836.37,1100.0,14.0,4082.1000000000004,1100,2400.0,1682.1000000000001,19,4,5,Flow30,1.7008750000000001,10,8.9,13.0,183.8,26.8,6.0,12.0,300.0,4,8,1622.6900000000066,9.0,19.333333333333332
sell,828.1778156291664,827.06,1100.0,14.0,6190.23,1100,9300.0,-3109.77,19,4,5,Flow30,0.665616129032258,11,11.363636363636363,17.90909090909091,237.1818181818182,17.90909090909091,9.5,17.25,300.0,4,8,1622.6900000000066,9.0,20.25
buy,1066.645699072969,1110.48,1100.0,14.0,4421.55,1100,2400.0,2021.5500000000002,20,4,5,Flow30,1.8423125,11,7.0,12.727272727272727,200.9090909090909,27.09090909090909,10.0,15.0,233.33333333333334,4,9,2141.08,11.0,23.333333333333332
sell,1066.645699072969,1100.0,1100.0,14.0,6742.65,1100,9300.0,-2557.3500000000004,20,4,5,Flow30,0.725016129032258,8,9.875,17.625,212.5,22.125,10.0,17.666666666666668,266.6666666666667,4,9,2141.08,11.0,25.333333333333332
buy,480.0741326767171,491.25,1100.0,14.0,2693.62,1100,2400.0,293.62,1,5,1,Flow30,1.1223416666666666,11,3.5454545454545454,11.909090909090908,150.9090909090909,11.090909090909092,4.333333333333333,11.666666666666666,166.66666666666666,1,0,947.0800000000021,17.0,12.333333333333334
sell,480.0741326767171,484.63,1100.0,14.0,3013.73,1100,9300.0,-6286.2699999999995,1,5,1,Flow30,0.32405698924731186,11,13.272727272727273,19.818181818181817,272.72727272727275,8.454545454545455,13.25,19.5,325.0,1,0,947.0800000000021,17.0,14.75
buy,604.5467018916602,615.39,1100.0,14.0,3602.81,1100,2400.0,1202.81,2,5,1,Flow30,1.5011708333333333,11,3.272727272727273,12.272727272727273,107.27272727272727,11.181818181818182,2.5,13.25,112.5,1,1,1201.889999999999,11.0,8.5
sell,604.5467018916602,610.51,1100.0,14.0,3518.95,1100,9300.0,-5781.05,2,5,1,Flow30,0.3783817204301075,11,13.909090909090908,18.90909090909091,263.6363636363636,10.909090909090908,9.0,16.666666666666668,266.6666666666667,1,1,1201.889999999999,11.0,26.333333333333332
buy,694.3010489872897,669.41,1100.0,14.0,4002.48,1100,2400.0,1602.48,3,5,1,Flow30,1.6677,10,3.1,12.6,125.0,16.1,3.0,12.75,162.5,4,0,1347.300000000002,35.0,18.5
sell,694.3010489872897,670.03,1100.0,14.0,4318.8099999999995,1100,9300.0,-4981.1900000000005,3,5,1,Flow30,0.4643881720430107,9,10.666666666666666,18.666666666666668,255.55555555555554,23.333333333333332,9.5,19.0,287.5,4,0,1347.300000000002,35.0,27.75
buy,713.1605146542896,704.8,1100.0,14.0,3599.7599999999998,1100,2400.0,1199.7599999999998,4,5,1,Flow30,1.4999,11,3.727272727272727,11.818181818181818,128.9090909090909,12.363636363636363,4.0,13.5,125.0,4,0,1410.5899999999995,22.0,14.5
sell,713.1605146542896,713.81,1100.0,14.0,4612.8,1100,9300.0,-4687.2,4,5,1,Flow30,0.496,7,11.285714285714286,17.571428571428573,285.7142857142857,25.0,10.5,18.5,350.0,4,0,1410.5899999999995,22.0,27.75
buy,772.9409909844029,791.25,1200.0,6.0,5309.17,1200,8800.0,-3490.8300000000004,5,5,2,Flow30,0.6033147727272727,11,2.0,8.181818181818182,240.0,8.909090909090908,5.0,6.0,300.0,9,0,1528.3100000000027,16.0,10.0
sell,772.9409909844029,809.04,1200.0,6.0,2029.62,1200,1900.0,129.62000000000006,5,5,2,Flow30,1.068221052631579,15,8.066666666666666,15.866666666666667,216.33333333333334,27.333333333333332,8.0,20.0,300.0,9,0,1528.3100000000027,16.0,23.0
buy,1041.720722570267,1061.44,1200.0,6.0,7729.65,1200,8800.0,-1070.35,6,5,2,Flow30,0.8783693181818182,10,2.5,7.1,155.5,10.7,2.5,8.5,200.0,7,0,2054.069999999995,11.0,7.75
sell,1041.720722570267,1073.77,1200.0,6.0,2283.1400000000003,1200,1900.0,383.1400000000002,6,5,2,Flow30,1.2016526315789475,12,7.25,13.416666666666666,175.58333333333334,22.916666666666668,6.0,16.666666666666668,333.3333333333333,7,0,2054.069999999995,11.0,26.666666666666668
buy,956.3263564543417,973.6500000000001,1200.0,6.0,7587.9,1200,8800.0,-1212.1000000000004,7,5,2,Flow30,0.8622613636363636,12,2.8333333333333335,7.75,125.83333333333333,11.0,2.0,9.333333333333334,200.0,8,0,1864.1900000000007,9.0,10.666666666666666
sell,956.3263564543417,990.26,1200.0,6.0,2034.7599999999998,1200,1900.0,134.7599999999999,7,5,2,Flow30,1.0709263157894735,12,6.5,13.166666666666666,183.58333333333334,23.666666666666668,5.75,14.25,275.0,8,0,1864.1900000000007,9.0,25.5
buy,910.7948382148519,915.2,1200.0,6.0,7086.28,1200,8800.0,-1713.72,8,5,2,Flow30,0.8052590909090909,9,1.3333333333333333,8.666666666666666,137.77777777777777,11.333333333333334,1.3333333333333333,9.333333333333334,133.33333333333334,3,1,1800.8599999999997,11.0,10.0
sell,910.7948382148519,922.5,1200.0,6.0,1515.76,1200,1900.0,-384.24000000000007,8,5,2,Flow30,0.7977684210526316,12,5.833333333333333,13.916666666666666,174.33333333333334,18.75,5.25,15.25,278.25,3,1,1800.8599999999997,11.0,23.0
buy,1238.0485614199094,1259.57,1500.0,9.0,7410.1,1500,6900.0,510.0999999999999,9,5,3,Flow30,1.073927536231884,11,2.6363636363636362,9.727272727272727,157.27272727272728,14.454545454545455,3.5,11.5,225.0,5,1,2489.1199999999985,12.0,11.75
sell,1238.0485614199094,1265.21,1500.0,9.0,4346.88,1500,6300.0,-1953.12,9,5,3,Flow30,0.6899809523809524,7,7.142857142857143,15.142857142857142,235.71428571428572,25.571428571428573,6.666666666666667,14.333333333333334,316.6666666666667,5,1,2489.1199999999985,12.0,28.666666666666668
buy,,1301.19,1500.0,9.0,9492.77,1500,6900.0,2592.7700000000004,10,5,3,Flow30,1.375763768115942,13,2.076923076923077,8.846153846153847,156.76923076923077,14.23076923076923,1.75,9.75,200.0,5,0,2544.4500000000025,20.0,13.75
sell,,1300.0,1500.0,9.0,2507.77,1500,6300.0,-3792.23,10,5,3,Flow30,0.39805873015873017,5,5.4,10.2,260.0,30.0,5.666666666666667,12.0,300.0,5,0,2544.4500000000025,20.0,30.0
buy,1197.1826538042276,1251.08,1500.0,9.0,8879.28,1500,6900.0,1979.28,11,5,3,Flow30,1.2868521739130436,13,2.3846153846153846,8.923076923076923,155.30769230769232,16.23076923076923,2.1666666666666665,8.5,200.0,5,2,2408.6200000000013,9.0,12.166666666666666
sell,1197.1826538042276,1248.73,1500.0,9.0,3135.59,1500,6300.0,-3164.41,11,5,3,Flow30,0.49771269841269844,5,5.2,12.4,260.0,30.0,5.75,13.0,250.0,5,2,2408.6200000000013,9.0,30.0
buy,1146.7052670789503,1186.12,1500.0,9.0,8001.2,1500,6900.0,1101.1999999999998,12,5,3,Flow30,1.1595942028985506,11,2.3636363636363638,9.636363636363637,167.27272727272728,15.818181818181818,2.5,10.5,200.0,2,1,2291.989999999997,16.0,15.25
sell,1146.7052670789503,1179.0,1500.0,9.0,3401.42,1500,6300.0,-2898.58,12,5,3,Flow30,0.5399079365079366,8,3.125,12.125,216.25,20.75,4.5,14.0,300.0,2,1,2291.989999999997,16.0,17.0
buy,1131.4321808523528,1156.93,1200.0,6.0,8012.23,1200,8800.0,-787.7700000000003,13,5,4,Flow30,0.9104806818181818,15,2.066666666666667,8.4,210.0,15.666666666666666,3.3333333333333335,9.0,133.33333333333334,2,2,2257.569999999999,10.0,23.666666666666668
sell,1131.4321808523528,1177.69,1200.0,6.0,2546.59,1200,1900.0,646.5899999999999,13,5,4,Flow30,1.3403105263157895,6,4.666666666666667,10.333333333333334,238.16666666666666,23.833333333333332,5.25,11.5,312.5,2,2,2257.569999999999,10.0,25.0
buy,1010.6047692062306,1021.72,1200.0,6.0,7278.21,1200,8800.0,-1521.7900000000004,14,5,4,Flow30,0.8270693181818182,13,1.9230769230769231,8.538461538461538,153.84615384615384,14.461538461538462,3.0,6.666666666666667,133.33333333333334,2,2,1977.3999999999996,10.0,20.666666666666668
sell,1010.6047692062306,1036.04,1200.0,6.0,2249.85,1200,1900.0,349.85,14,5,4,Flow30,1.1841315789473683,7,4.142857142857143,11.857142857142858,229.42857142857142,15.571428571428571,5.5,11.5,300.0,2,2,1977.3999999999996,10.0,15.25
buy,1185.6874402556741,1209.0,1200.0,6.0,7138.47,1200,8800.0,-1661.5299999999995,15,5,4,Flow30,0.8111897727272728,10,3.1,9.0,150.0,14.1,2.25,9.0,150.0,3,2,2380.809999999997,12.0,13.75
sell,1185.6874402556741,1215.51,1200.0,6.0,3394.36,1200,1900.0,1494.3600000000001,15,5,4,Flow30,1.7865052631578948,8,5.75,12.25,199.5,19.0,5.0,11.75,300.0,3,2,2380.809999999997,12.0,25.0
buy,,1246.17,1200.0,6.0,7451.26,1200,8800.0,-1348.74,16,5,4,Flow30,0.8467340909090909,13,2.769230769230769,8.538461538461538,115.38461538461539,17.23076923076923,3.3333333333333335,10.0,133.33333333333334,5,5,2392.19,17.0,17.666666666666668
sell,,1264.71,1200.0,6.0,3084.16,1200,1900.0,1184.16,16,5,4,Flow30,1.6232421052631578,11,5.454545454545454,12.909090909090908,158.27272727272728,19.181818181818183,5.5,14.25,203.5,5,5,2392.19,17.0,18.0
buy,880.3867138228533,907.75,1100.0,14.0,7370.57,1100,2400.0,4970.57,17,5,5,Flow30,3.071070833333333,13,4.076923076923077,11.384615384615385,119.6923076923077,12.923076923076923,3.5,11.25,162.5,3,0,1732.2999999999959,12.0,13.0
sell,880.3867138228533,908.29,1100.0,14.0,3588.51,1100,9300.0,-5711.49,17,5,5,Flow30,0.38586129032258065,11,9.363636363636363,15.454545454545455,234.54545454545453,20.272727272727273,11.5,19.0,300.0,3,0,1732.2999999999959,12.0,27.0
buy,808.865929820544,896.38,1100.0,14.0,6118.62,1100,2400.0,3718.62,18,5,5,Flow30,2.549425,11,4.818181818181818,11.818181818181818,111.27272727272727,16.09090909090909,4.0,12.75,150.0,6,0,1610.0200000000007,11.0,12.75
sell,808.865929820544,863.9,1100.0,14.0,4609.26,1100,9300.0,-4690.74,18,5,5,Flow30,0.4956193548387097,10,10.8,14.8,168.0,24.1,12.0,16.333333333333332,300.0,6,0,1610.0200000000007,11.0,20.666666666666668
buy,817.3147398076094,875.49,1100.0,14.0,6562.8,1100,2400.0,4162.8,19,5,5,Flow30,2.7345,11,4.181818181818182,12.363636363636363,118.18181818181819,15.363636363636363,4.0,12.5,150.0,5,1,1629.4700000000003,9.0,11.25
sell,817.3147398076094,862.77,1100.0,14.0,4090.49,1100,9300.0,-5209.51,19,5,5,Flow30,0.43983763440860213,9,9.11111111111111,14.11111111111111,231.11111111111111,22.0,9.666666666666666,13.0,400.0,5,1,1629.4700000000003,9.0,24.0
buy,781.2659663486477,812.63,1100.0,14.0,5665.5,1100,2400.0,3265.5,20,5,5,Flow30,2.360625,12,3.0833333333333335,12.333333333333334,122.5,13.916666666666666,3.0,12.75,150.0,5,3,1562.8900000000006,10.0,13.5
sell,781.2659663486477,818.6800000000001,1100.0,14.0,4548.01,1100,9300.0,-4751.99,20,5,5,Flow30,0.4890333333333334,9,8.666666666666666,16.333333333333332,195.55555555555554,23.11111111111111,9.666666666666666,13.666666666666666,400.0,5,3,1562.8900000000006,10.0,23.333333333333332
buy,832.8121286030688,854.7,1100.0,14.0,4620.7,1100,2400.0,2220.7000000000003,1,6,1,Flow60,1.9252916666666666,16,4.625,10.8125,140.625,37.8125,3.5,10.0,150.0,1,1,1657.059999999998,17.0,50.25
sell,832.8121286030688,868.6,1100.0,14.0,5066.31,1100,9300.0,-4233.69,1,6,1,Flow60,0.5447645161290323,13,13.307692307692308,18.153846153846153,238.46153846153845,33.0,10.25,15.75,375.0,1,1,1657.059999999998,17.0,30.5
buy,700.354658481756,704.94,1100.0,14.0,3124.63,1100,2400.0,724.63,2,6,1,Flow60,1.3019291666666668,15,3.6,11.4,182.93333333333334,37.266666666666666,3.0,10.25,162.5,1,2,1379.9000000000003,13.0,50.25
sell,700.354658481756,707.5799999999999,1100.0,14.0,3905.13,1100,9300.0,-5394.87,2,6,1,Flow60,0.41990645161290324,12,10.916666666666666,17.083333333333332,250.25,19.083333333333332,13.666666666666666,16.666666666666668,300.0,1,2,1379.9000000000003,13.0,18.0
buy,1090.5890796765907,1103.5,1100.0,14.0,4155.4,1100,2400.0,1755.4,3,6,1,Flow60,1.7314166666666666,14,6.142857142857143,12.214285714285714,174.42857142857142,38.214285714285715,4.0,12.333333333333334,233.33333333333334,2,2,2205.680000000007,12.0,51.0
sell,1090.5890796765907,1107.98,1100.0,14.0,7227.110000000001,1100,9300.0,-2072.89,3,6,1,Flow60,0.7771086021505377,12,12.083333333333334,17.5,223.33333333333334,28.5,11.2,16.2,360.0,2,2,2205.680000000007,12.0,30.6
buy,1128.461780632017,1062.54,1100.0,14.0,3078.76,1100,2400.0,678.7600000000001,4,6,1,Flow60,1.2828166666666667,12,4.0,12.5,221.66666666666666,39.0,5.25,13.25,212.5,3,4,2179.5000000000023,11.0,38.5
sell,1128.461780632017,1052.08,1100.0,14.0,7651.03,1100,9300.0,-1648.9700000000003,4,6,1,Flow60,0.8226913978494623,15,12.133333333333333,17.666666666666668,150.0,24.266666666666666,11.0,14.666666666666666,266.6666666666667,3,4,2179.5000000000023,11.0,44.0
buy,781.6042297016077,799.3399999999999,1200.0,6.0,4256.07,1200,8800.0,-4543.93,5,6,2,Flow60,0.48364431818181813,16,2.625,7.5,210.625,36.0,2.0,9.666666666666666,233.33333333333334,3,4,1565.4800000000007,9.0,53.0
sell,781.6042297016077,807.55,1200.0,6.0,5077.33,1200,1900.0,3177.33,5,6,2,Flow60,2.672278947368421,12,9.666666666666666,16.0,189.08333333333334,35.083333333333336,8.5,16.0,207.5,3,4,1565.4800000000007,9.0,32.5
buy,1154.028634406153,1201.2,1200.0,6.0,6403.16,1200,8800.0,-2396.84,6,6,2,Flow60,0.7276318181818182,15,3.4,6.733333333333333,367.8666666666667,34.86666666666667,2.3333333333333335,7.0,400.0,4,6,2364.4300000000035,9.0,43.0
sell,1154.028634406153,1201.0,1200.0,6.0,4224.28,1200,1900.0,2324.2799999999997,6,6,2,Flow60,2.2233052631578945,10,8.7,12.2,250.0,43.7,7.666666666666667,14.0,366.6666666666667,4,6,2364.4300000000035,9.0,34.333333333333336
buy,948.9774486817479,975.77,1200.0,6.0,5183.77,1200,8800.0,-3616.2299999999996,7,6,2,Flow60,0.5890647727272728,13,2.769230769230769,7.076923076923077,250.0,36.38461538461539,2.0,13.0,300.0,2,2,1885.3200000000027,11.0,51.0
sell,948.9774486817479,986.5699999999999,1200.0,6.0,4758.18,1200,1900.0,2858.18,7,6,2,Flow60,2.504305263157895,11,8.363636363636363,14.636363636363637,208.0909090909091,34.36363636363637,8.25,14.25,300.0,2,2,1885.3200000000027,11.0,38.5
buy,1086.0882699391016,1109.1100000000001,1200.0,6.0,6442.27,1200,8800.0,-2357.7299999999996,8,6,2,Flow60,0.7320761363636364,15,3.2666666666666666,7.333333333333333,253.13333333333333,33.53333333333333,3.5,8.0,300.0,4,5,2176.6999999999985,10.0,48.25
sell,1086.0882699391016,1111.3899999999999,1200.0,6.0,3801.01,1200,1900.0,1901.0100000000002,8,6,2,Flow60,2.0005315789473683,12,7.666666666666667,13.333333333333334,244.66666666666666,43.5,8.0,14.0,350.0,4,5,2176.6999999999985,10.0,38.25
buy,1398.760886186279,1458.62,1500.0,9.0,7527.44,1500,6900.0,627.4399999999996,9,6,3,Flow60,1.0909333333333333,14,3.857142857142857,8.857142857142858,249.07142857142858,48.642857142857146,2.6666666666666665,7.666666666666667,300.0,3,9,2828.0699999999993,9.0,55.0
sell,1398.760886186279,1483.79,1500.0,9.0,5579.23,1500,6300.0,-720.7700000000001,9,6,3,Flow60,0.8855920634920634,8,10.0,14.25,287.5,38.25,7.25,14.25,375.0,3,9,2828.0699999999993,9.0,37.75
buy,1305.0692615850926,1361.78,1500.0,9.0,6492.46,1500,6900.0,-407.54,10,6,3,Flow60,0.940936231884058,11,4.0,8.818181818181818,246.0,47.36363636363637,2.0,8.666666666666666,316.6666666666667,2,4,2620.9799999999955,9.0,59.0
sell,1305.0692615850926,1345.01,1500.0,9.0,5395.95,1500,6300.0,-904.0499999999998,10,6,3,Flow60,0.8564999999999999,9,8.666666666666666,15.444444444444445,194.44444444444446,29.0,6.666666666666667,14.333333333333334,300.0,2,4,2620.9799999999955,9.0,32.666666666666664
buy,1234.9381631924032,1260.14,1500.0,9.0,5960.7699999999995,1500,6900.0,-939.2300000000002,11,6,3,Flow60,0.8638797101449275,14,3.9285714285714284,8.642857142857142,198.28571428571428,42.642857142857146,3.6666666666666665,9.333333333333334,233.33333333333334,4,7,2479.029999999995,10.0,57.0
sell,1234.9381631924032,1272.99,1500.0,9.0,5461.32,1500,6300.0,-838.68,11,6,3,Flow60,0.8668761904761905,11,10.545454545454545,15.090909090909092,213.54545454545453,31.818181818181817,7.75,15.25,325.0,4,7,2479.029999999995,10.0,39.75
buy,1387.0910182166715,1430.4099999999999,1500.0,9.0,6798.5599999999995,1500,6900.0,-101.43999999999994,12,6,3,Flow60,0.9852985507246376,13,3.0,10.153846153846153,176.46153846153845,43.0,4.25,10.25,325.0,5,6,2784.9299999999957,9.0,48.5
sell,1387.0910182166715,1441.6100000000001,1500.0,9.0,5861.31,1500,6300.0,-438.69,12,6,3,Flow60,0.9303666666666667,12,10.083333333333334,14.75,216.66666666666666,38.166666666666664,8.0,13.5,325.0,5,6,2784.9299999999957,9.0,39.75
buy,1124.418183312214,1142.95,1200.0,6.0,6898.59,1200,8800.0,-1901.4099999999999,13,6,4,Flow60,0.7839306818181818,16,2.0625,6.5625,233.0,49.8125,3.25,9.0,350.0,3,9,2183.0099999999998,7.0,48.0
sell,1124.418183312214,1162.42,1200.0,6.0,3086.42,1200,1900.0,1186.42,13,6,4,Flow60,1.6244315789473684,8,7.75,14.125,293.75,36.625,6.25,13.5,325.0,3,9,2183.0099999999998,7.0,37.5
buy,1061.2121985123742,1104.19,1200.0,6.0,7149.88,1200,8800.0,-1650.12,14,6,4,Flow60,0.8124863636363636,11,4.2727272727272725,6.545454545454546,243.54545454545453,54.63636363636363,3.0,5.0,350.0,3,7,2149.0099999999984,10.0,60.0
sell,1061.2121985123742,1111.3,1200.0,6.0,3365.81,1200,1900.0,1465.81,14,6,4,Flow60,1.771478947368421,6,8.166666666666666,13.166666666666666,243.33333333333334,40.833333333333336,6.0,12.333333333333334,333.3333333333333,3,7,2149.0099999999984,10.0,47.0
buy,1169.5978800466437,1191.68,1200.0,6.0,7253.64,1200,8800.0,-1546.36,15,6,4,Flow60,0.8242772727272728,11,3.272727272727273,6.2727272727272725,234.54545454545453,48.27272727272727,2.0,5.5,100.0,4,7,2347.2799999999966,13.0,46.5
sell,1169.5978800466437,1195.37,1200.0,6.0,3395.6,1200,1900.0,1495.6,15,6,4,Flow60,1.787157894736842,9,7.0,12.777777777777779,283.0,46.44444444444444,6.333333333333333,13.666666666666666,366.6666666666667,4,7,2347.2799999999966,13.0,34.333333333333336
buy,1088.234589008218,1119.51,1200.0,6.0,6541.23,1200,8800.0,-2258.77,16,6,4,Flow60,0.7433215909090909,11,2.4545454545454546,6.0,238.54545454545453,48.72727272727273,2.3333333333333335,6.333333333333333,100.0,4,7,2211.2700000000004,11.0,58.666666666666664
sell,1088.234589008218,1129.19,1200.0,6.0,3281.62,1200,1900.0,1381.62,16,6,4,Flow60,1.7271684210526315,8,9.375,15.375,237.75,39.75,6.25,13.0,350.0,4,7,2211.2700000000004,11.0,45.0
buy,958.8465166028107,924.48,1100.0,14.0,7391.030000000001,1100,2400.0,4991.030000000001,17,6,5,Flow60,3.0795958333333338,13,3.3846153846153846,8.153846153846153,212.30769230769232,41.53846153846154,2.6666666666666665,7.333333333333333,166.66666666666666,3,7,1751.7999999999984,10.0,55.0
sell,958.8465166028107,918.5699999999999,1100.0,14.0,3026.2,1100,9300.0,-6273.8,17,6,5,Flow60,0.32539784946236555,10,10.1,14.5,319.0,45.0,9.0,12.666666666666666,366.6666666666667,3,7,1751.7999999999984,10.0,49.0
buy,770.868491666186,839.04,1100.0,14.0,6585.889999999999,1100,2400.0,4185.889999999999,18,6,5,Flow60,2.744120833333333,20,4.1,10.0,218.35,42.8,4.5,10.25,300.0,3,9,1592.1400000000006,17.0,47.75
sell,770.868491666186,899.76,1100.0,14.0,3873.13,1100,9300.0,-5426.870000000001,18,6,5,Flow60,0.4164655913978495,7,9.285714285714286,13.714285714285714,255.71428571428572,45.857142857142854,9.25,13.75,250.0,3,9,1592.1400000000006,17.0,45.75
buy,903.4092604089395,947.77,1100.0,14.0,7753.639999999999,1100,2400.0,5353.64,19,6,5,Flow60,3.230683333333333,16,4.125,10.625,210.5,32.0,3.25,9.75,300.0,4,6,1743.7700000000038,14.0,47.5
sell,903.4092604089395,971.05,1100.0,14.0,3411.79,1100,9300.0,-5888.209999999999,19,6,5,Flow60,0.3668591397849462,8,11.125,14.25,297.5,46.5,12.0,14.0,366.6666666666667,4,6,1743.7700000000038,14.0,48.0
buy,910.2532494018444,983.1600000000001,1100.0,14.0,6616.6900000000005,1100,2400.0,4216.69,20,6,5,Flow60,2.756954166666667,13,4.461538461538462,11.153846153846153,259.3076923076923,40.61538461538461,4.0,9.0,333.3333333333333,2,7,1801.4200000000005,9.0,43.333333333333336
sell,910.2532494018444,954.65,1100.0,14.0,4743.11,1100,9300.0,-4556.89,20,6,5,Flow60,0.5100118279569892,5,11.6,13.6,260.0,39.8,12.0,14.333333333333334,266.6666666666667,2,7,1801.4200000000005,9.0,44.0
buy,722.7537052275417,775.15,1100.0,14.0,4369.1,1100,2400.0,1969.1,1,7,1,Flow60,1.8204583333333335,11,2.1818181818181817,11.090909090909092,213.63636363636363,43.36363636363637,3.2,12.4,220.0,0,0,1495.52,16.0,39.0
sell,722.7537052275417,757.71,1100.0,14.0,5646.02,1100,9300.0,-3653.98,1,7,1,Flow60,0.6070989247311829,12,11.916666666666666,15.416666666666666,145.83333333333334,32.416666666666664,8.0,12.0,250.0,0,0,1495.52,16.0,29.5
buy,1057.0664761046005,1078.3400000000001,1100.0,14.0,7001.9,1100,2400.0,4601.9,2,7,1,Flow60,2.9174583333333333,17,2.1176470588235294,9.705882352941176,127.70588235294117,34.11764705882353,3.25,12.25,200.0,0,1,1837.4000000000024,11.0,40.25
sell,1057.0664761046005,1075.9,1100.0,14.0,3606.9,1100,9300.0,-5693.1,2,7,1,Flow60,0.38783870967741935,9,9.0,12.777777777777779,177.77777777777777,31.77777777777778,8.0,13.0,233.33333333333334,0,1,1837.4000000000024,11.0,34.0
buy,,1065.44,1100.0,14.0,7138.23,1100,2400.0,4738.23,3,7,1,Flow60,2.9742625,22,2.909090909090909,10.363636363636363,188.45454545454547,32.77272727272727,2.0,10.4,240.0,2,2,1686.7799999999993,17.0,37.6
sell,,1033.73,1100.0,14.0,3410.3599999999997,1100,9300.0,-5889.639999999999,3,7,1,Flow60,0.366705376344086,13,10.461538461538462,14.23076923076923,153.92307692307693,31.0,10.333333333333334,14.666666666666666,233.33333333333334,2,2,1686.7799999999993,17.0,32.333333333333336
buy,,916.56,1100.0,14.0,6423.629999999999,1100,2400.0,4023.63,4,7,1,Flow60,2.6765125,18,2.888888888888889,9.61111111111111,135.88888888888889,40.0,3.25,11.25,250.0,0,2,1675.9199999999998,38.0,42.75
sell,,900.0,1100.0,14.0,4457.84,1100,9300.0,-4842.16,4,7,1,Flow60,0.47933763440860216,6,10.5,15.0,183.33333333333334,36.5,6.5,13.0,350.0,0,2,1675.9199999999998,38.0,34.5
buy,991.3195972253527,1020.69,1200.0,6.0,6828.43,1200,8800.0,-1971.57,5,7,2,Flow60,0.7759579545454546,17,2.0,7.0588235294117645,136.76470588235293,39.705882352941174,2.25,8.75,250.0,1,2,1956.4599999999982,12.0,41.75
sell,991.3195972253527,1023.39,1200.0,6.0,2816.64,1200,1900.0,916.6399999999999,5,7,2,Flow60,1.4824421052631578,7,6.0,10.714285714285714,220.42857142857142,41.57142857142857,7.0,13.0,300.0,1,2,1956.4599999999982,12.0,35.333333333333336
buy,1010.8175045647328,1056.87,1200.0,6.0,7100.0599999999995,1200,8800.0,-1699.94,6,7,2,Flow60,0.8068249999999999,12,2.5833333333333335,6.416666666666667,250.0,37.583333333333336,2.75,7.75,203.5,2,1,2034.6899999999964,10.0,41.75
sell,1010.8175045647328,1036.1799999999998,1200.0,6.0,2694.66,1200,1900.0,794.66,6,7,2,Flow60,1.4182421052631577,10,9.2,13.0,239.0,30.7,7.5,14.0,400.0,2,1,2034.6899999999964,10.0,34.5
buy,1179.9031003621947,1058.47,1200.0,6.0,7130.76,1200,8800.0,-1669.2399999999998,7,7,2,Flow60,0.8103136363636364,8,3.125,6.875,237.5,33.875,4.333333333333333,8.0,233.33333333333334,3,2,2186.1499999999983,13.0,43.333333333333336
sell,1179.9031003621947,1019.7,1200.0,6.0,2715.93,1200,1900.0,815.93,7,7,2,Flow60,1.429436842105263,8,5.625,11.25,243.5,42.375,6.333333333333333,11.0,300.0,3,2,2186.1499999999983,13.0,42.0
buy,1156.5716903943098,1213.98,1200.0,6.0,8177.33,1200,8800.0,-622.6699999999996,8,7,2,Flow60,0.9292420454545455,7,2.0,6.428571428571429,271.42857142857144,39.857142857142854,2.3333333333333335,7.333333333333333,300.0,0,2,2315.650000000002,16.0,46.333333333333336
sell,1156.5716903943098,1180.9,1200.0,6.0,2144.68,1200,1900.0,244.67999999999995,8,7,2,Flow60,1.1287789473684209,11,4.818181818181818,8.818181818181818,136.54545454545453,30.272727272727273,6.333333333333333,12.0,200.0,0,2,2315.650000000002,16.0,43.666666666666664
buy,1107.5299380801057,1180.01,1500.0,9.0,7731.2,1500,6900.0,831.1999999999999,9,7,3,Flow60,1.120463768115942,13,3.4615384615384617,7.461538461538462,207.84615384615384,31.23076923076923,5.5,11.0,200.0,0,1,1981.7499999999977,12.0,51.5
sell,1107.5299380801057,1160.96,1500.0,9.0,3500.46,1500,6300.0,-2799.54,9,7,3,Flow60,0.5556285714285715,6,5.666666666666667,12.5,200.0,38.833333333333336,7.0,14.666666666666666,233.33333333333334,0,1,1981.7499999999977,12.0,33.0
buy,1323.1700145110492,1397.38,1500.0,9.0,6352.2,1500,6900.0,-547.8,10,7,3,Flow60,0.9206086956521738,12,4.083333333333333,7.416666666666667,243.33333333333334,33.416666666666664,4.333333333333333,9.333333333333334,366.6666666666667,3,1,2700.9199999999996,21.0,43.0
sell,1323.1700145110492,1359.0,1500.0,9.0,5701.84,1500,6300.0,-598.1600000000001,10,7,3,Flow60,0.9050539682539682,12,9.75,14.333333333333334,140.0,35.833333333333336,6.5,17.0,300.0,3,1,2700.9199999999996,21.0,34.5
buy,1366.6114046759799,1427.78,1500.0,9.0,7262.96,1500,6900.0,362.96000000000004,11,7,3,Flow60,1.0526028985507248,13,4.538461538461538,7.846153846153846,203.30769230769232,34.84615384615385,4.25,9.25,375.0,4,1,2516.6200000000017,11.0,46.25
sell,1366.6114046759799,1412.48,1500.0,9.0,5170.2699999999995,1500,6300.0,-1129.73,11,7,3,Flow60,0.8206777777777777,10,8.0,11.8,180.0,46.4,7.666666666666667,13.333333333333334,233.33333333333334,4,1,2516.6200000000017,11.0,43.0
buy,1399.881096054774,1279.02,1500.0,9.0,7598.280000000001,1500,6900.0,698.2800000000002,12,7,3,Flow60,1.1012000000000002,14,5.214285714285714,9.428571428571429,199.21428571428572,41.92857142857143,5.25,9.0,300.0,2,3,2484.870000000007,32.0,48.25
sell,1399.881096054774,1324.25,1500.0,9.0,5119.99,1500,6300.0,-1180.0100000000002,12,7,3,Flow60,0.8126968253968254,11,6.636363636363637,11.636363636363637,191.36363636363637,40.81818181818182,7.333333333333333,11.666666666666666,233.33333333333334,2,3,2484.870000000007,32.0,45.666666666666664
buy,957.1985438503277,1036.89,1200.0,6.0,6642.71,1200,8800.0,-2157.29,13,7,4,Flow60,0.7548534090909091,12,3.9166666666666665,7.5,219.16666666666666,46.666666666666664,5.666666666666667,9.333333333333334,180.0,3,5,1923.8999999999955,12.0,46.0
sell,957.1985438503277,998.82,1200.0,6.0,3425.2799999999997,1200,1900.0,1525.28,13,7,4,Flow60,1.8027789473684208,11,7.363636363636363,12.090909090909092,151.45454545454547,44.72727272727273,7.333333333333333,12.666666666666666,233.33333333333334,3,5,1923.8999999999955,12.0,44.0
buy,1050.9245345447232,1184.58,1200.0,6.0,6939.83,1200,8800.0,-1860.17,14,7,4,Flow60,0.7886170454545455,8,2.875,6.5,277.875,46.25,2.3333333333333335,7.0,300.0,2,3,2194.0399999999945,25.0,56.666666666666664
sell,1050.9245345447232,1122.0,1200.0,6.0,3436.74,1200,1900.0,1536.7399999999998,14,7,4,Flow60,1.8088105263157894,11,5.636363636363637,10.363636363636363,233.0,40.45454545454545,,,,2,3,2194.0399999999945,25.0,
buy,1251.3017566386736,1293.48,1200.0,6.0,7059.15,1200,8800.0,-1740.8500000000001,15,7,4,Flow60,0.8021761363636363,8,3.375,7.0,237.5,38.75,3.75,7.5,325.0,1,3,2527.800000000001,12.0,52.25
sell,1251.3017566386736,1277.3600000000001,1200.0,6.0,3499.91,1200,1900.0,1599.9099999999999,15,7,4,Flow60,1.842057894736842,12,7.083333333333333,11.0,159.41666666666666,35.75,7.0,11.0,266.6666666666667,1,3,2527.800000000001,12.0,34.0
buy,1181.7339749476505,1229.14,1200.0,6.0,7419.31,1200,8800.0,-1380.69,16,7,4,Flow60,0.8431034090909091,7,2.5714285714285716,6.714285714285714,271.42857142857144,37.285714285714285,2.6666666666666665,7.333333333333333,400.0,2,2,2400.2899999999972,15.0,52.0
sell,1181.7339749476505,1234.7,1200.0,6.0,3194.15,1200,1900.0,1294.15,16,7,4,Flow60,1.6811315789473684,11,7.0,10.181818181818182,163.63636363636363,38.36363636363637,4.75,9.75,225.0,2,2,2400.2899999999972,15.0,29.25
buy,964.9014446827262,912.58,1100.0,14.0,7491.0599999999995,1100,2400.0,5091.0599999999995,17,7,5,Flow60,3.121275,9,3.888888888888889,8.666666666666666,220.88888888888889,37.44444444444444,3.0,8.333333333333334,333.3333333333333,1,1,1792.5999999999992,20.0,49.666666666666664
sell,964.9014446827262,881.58,1100.0,14.0,3541.75,1100,9300.0,-5758.25,17,7,5,Flow60,0.38083333333333336,15,8.6,12.933333333333334,160.0,29.866666666666667,6.666666666666667,11.0,266.6666666666667,1,1,1792.5999999999992,20.0,42.0
buy,821.0779727686357,842.54,1100.0,14.0,4444.32,1100,2400.0,2044.3200000000002,18,7,5,Flow60,1.8518,10,1.4,11.2,252.7,54.6,1.5,10.0,275.0,2,5,1646.8799999999997,11.0,51.75
sell,821.0779727686357,839.3399999999999,1100.0,14.0,5450.700000000001,1100,9300.0,-3849.2999999999997,18,7,5,Flow60,0.5860967741935484,14,8.785714285714286,12.642857142857142,199.28571428571428,31.785714285714285,9.0,13.666666666666666,166.66666666666666,2,5,1646.8799999999997,11.0,34.666666666666664
buy,999.8215254403169,828.63,1100.0,14.0,5260.39,1100,2400.0,2860.3900000000003,19,7,5,Flow60,2.191829166666667,10,2.6,11.2,278.0,45.4,1.0,11.0,333.3333333333333,2,4,1775.3600000000022,14.0,46.333333333333336
sell,999.8215254403169,806.6,1100.0,14.0,5225.83,1100,9300.0,-4074.1699999999996,19,7,5,Flow60,0.5619172043010753,12,8.0,10.916666666666666,166.58333333333334,32.25,7.0,12.0,266.6666666666667,2,4,1775.3600000000022,14.0,18.0
buy,1370.2785396235138,1148.32,1100.0,14.0,5583.92,1100,2400.0,3183.92,20,7,5,Flow60,2.3266333333333336,9,1.6666666666666667,11.222222222222221,261.77777777777777,47.44444444444444,3.0,12.0,325.0,4,4,2363.6000000000054,13.0,49.0
sell,1370.2785396235138,1109.25,1100.0,14.0,5011.12,1100,9300.0,-4288.88,20,7,5,Flow60,0.5388301075268818,11,8.636363636363637,11.272727272727273,136.36363636363637,40.90909090909091,7.75,10.5,175.0,4,4,2363.6000000000054,13.0,43.75
buy,731.5275597986897,685.8199999999999,1100.0,14.0,3962.8,1100,2400.0,1562.8000000000002,1,8,1,Flow60,1.6511666666666667,9,1.2222222222222223,9.0,164.44444444444446,29.0,0.6666666666666666,10.0,243.33333333333334,4,1,1395.1799999999998,38.0,38.0
sell,731.5275597986897,721.2,1100.0,14.0,3995.6600000000003,1100,9300.0,-5304.34,1,8,1,Flow60,0.4296408602150538,13,9.384615384615385,17.76923076923077,182.30769230769232,32.69230769230769,9.25,18.25,250.0,4,1,1395.1799999999998,38.0,39.5
buy,885.8566031838083,895.89,1100.0,14.0,6741.25,1100,2400.0,4341.25,2,8,1,Flow60,2.808854166666667,15,1.8,6.933333333333334,176.66666666666666,26.2,1.25,8.75,200.0,3,1,1629.269999999999,21.0,26.5
sell,885.8566031838083,945.8299999999999,1100.0,14.0,3065.73,1100,9300.0,-6234.27,2,8,1,Flow60,0.3296483870967742,15,10.333333333333334,16.4,149.33333333333334,26.666666666666668,8.75,17.25,250.0,3,1,1629.269999999999,21.0,26.0
buy,766.8404113122452,800.69,1100.0,14.0,5861.2300000000005,1100,2400.0,3461.2300000000005,3,8,1,Flow60,2.442179166666667,11,2.1818181818181817,7.454545454545454,141.8181818181818,33.0,2.0,8.666666666666666,173.33333333333334,1,2,1547.7599999999984,13.0,33.0
sell,766.8404113122452,800.0,1100.0,14.0,4062.0599999999995,1100,9300.0,-5237.9400000000005,3,8,1,Flow60,0.4367806451612903,10,11.4,15.4,175.2,31.9,9.333333333333334,14.0,200.0,1,2,1547.7599999999984,13.0,41.333333333333336
buy,847.6400112793681,941.05,1100.0,14.0,5051.75,1100,2400.0,2651.75,4,8,1,Flow60,2.1048958333333334,15,3.0,8.0,148.46666666666667,31.6,4.333333333333333,11.0,133.33333333333334,3,2,1652.6899999999991,23.0,36.333333333333336
sell,847.6400112793681,942.54,1100.0,14.0,5229.5,1100,9300.0,-4070.4999999999995,4,8,1,Flow60,0.5623118279569892,13,11.0,16.076923076923077,148.07692307692307,34.15384615384615,8.0,13.5,300.0,3,2,1652.6899999999991,23.0,51.0
buy,895.2691625240817,878.86,1200.0,6.0,5783.68,1200,8800.0,-3016.32,5,8,2,Flow60,0.6572363636363636,18,1.5555555555555556,6.666666666666667,249.72222222222223,28.444444444444443,2.0,7.5,200.0,6,5,1777.4200000000014,20.0,45.0
sell,895.2691625240817,894.05,1200.0,6.0,3320.5299999999997,1200,1900.0,1420.53,5,8,2,Flow60,1.7476473684210525,15,8.466666666666667,13.933333333333334,211.06666666666666,37.4,10.5,13.0,250.0,6,5,1777.4200000000014,20.0,34.0
buy,972.0767362968417,1021.05,1200.0,6.0,6847.52,1200,8800.0,-1952.48,6,8,2,Flow60,0.7781272727272728,14,1.3571428571428572,6.357142857142857,191.07142857142858,34.857142857142854,1.5,6.5,250.0,5,4,1985.9400000000026,17.0,42.0
sell,972.0767362968417,1029.52,1200.0,6.0,2141.8,1200,1900.0,241.8,6,8,2,Flow60,1.127263157894737,12,6.166666666666667,11.5,173.5,39.083333333333336,6.0,12.25,250.0,5,4,1985.9400000000026,17.0,32.0
buy,1161.083921652374,1168.22,1200.0,6.0,7218.5,1200,8800.0,-1581.5,7,8,2,Flow60,0.8202840909090909,13,1.8461538461538463,8.0,184.6153846153846,37.46153846153846,2.25,8.5,250.0,3,4,2292.24,8.0,48.75
sell,1161.083921652374,1198.02,1200.0,6.0,3192.79,1200,1900.0,1292.79,7,8,2,Flow60,1.6804157894736842,14,5.928571428571429,10.714285714285714,145.0,37.92857142857143,6.75,12.0,175.0,3,4,2292.24,8.0,29.25
buy,1133.5230033956539,1126.78,1200.0,6.0,7253.98,1200,8800.0,-1546.02,8,8,2,Flow60,0.824315909090909,13,2.0,8.461538461538462,201.53846153846155,33.69230769230769,1.25,8.5,287.5,6,4,2215.9000000000024,18.0,30.0
sell,1133.5230033956539,1143.77,1200.0,6.0,3200.17,1200,1900.0,1300.17,8,8,2,Flow60,1.6843000000000001,15,6.0,11.2,148.86666666666667,39.06666666666667,6.0,9.0,200.0,6,4,2215.9000000000024,18.0,35.0
buy,1309.8388729965593,1297.76,1500.0,9.0,7713.8,1500,6900.0,813.8,9,8,3,Flow60,1.1179420289855073,12,3.25,10.0,175.0,30.083333333333332,4.666666666666667,10.666666666666666,216.66666666666666,3,4,2555.0699999999993,25.0,27.0
sell,1309.8388729965593,1308.51,1500.0,9.0,4230.76,1500,6300.0,-2069.24,9,8,3,Flow60,0.6715492063492063,14,7.142857142857143,11.214285714285714,150.57142857142858,30.5,7.333333333333333,9.333333333333334,176.66666666666666,3,4,2555.0699999999993,25.0,35.333333333333336
buy,1261.991816800029,1205.93,1500.0,9.0,7016.66,1500,6900.0,116.66000000000031,10,8,3,Flow60,1.0169072463768116,15,2.8666666666666667,9.8,140.0,23.6,4.0,12.0,200.0,9,2,2498.179999999999,19.0,28.75
sell,1261.991816800029,1297.65,1500.0,9.0,3972.11,1500,6300.0,-2327.89,10,8,3,Flow60,0.6304936507936508,14,6.285714285714286,9.357142857142858,207.57142857142858,47.285714285714285,8.25,11.5,350.0,9,2,2498.179999999999,19.0,49.25
buy,1413.3586097549387,1453.31,1500.0,9.0,7792.67,1500,6900.0,892.6700000000001,11,8,3,Flow60,1.129372463768116,11,3.272727272727273,11.363636363636363,154.54545454545453,37.27272727272727,4.666666666666667,13.0,216.66666666666666,6,5,2804.190000000004,20.0,31.666666666666668
sell,1413.3586097549387,1434.16,1500.0,9.0,5132.29,1500,6300.0,-1167.71,11,8,3,Flow60,0.8146492063492063,12,6.833333333333333,10.833333333333334,169.41666666666666,45.0,7.25,9.5,287.5,6,5,2804.190000000004,20.0,44.5
buy,1251.273724440048,1304.27,1500.0,9.0,6717.630000000001,1500,6900.0,-182.3699999999995,12,8,3,Flow60,0.9735695652173915,11,3.1818181818181817,12.909090909090908,175.72727272727272,26.727272727272727,3.0,12.0,250.0,10,3,2453.5200000000023,15.0,28.25
sell,1251.273724440048,1242.4,1500.0,9.0,5058.29,1500,6300.0,-1241.7099999999998,12,8,3,Flow60,0.8029031746031746,14,8.357142857142858,11.571428571428571,226.85714285714286,52.357142857142854,8.0,9.5,250.0,10,3,2453.5200000000023,15.0,53.0
buy,1314.0113548514582,1337.33,1200.0,6.0,4515.200000000001,1200,8800.0,-4284.799999999999,13,8,4,Flow60,0.5130909090909092,19,2.526315789473684,9.789473684210526,142.10526315789474,25.94736842105263,3.2,13.0,150.0,6,4,2110.7200000000007,9.0,25.6
sell,1314.0113548514582,1356.55,1200.0,6.0,4990.8099999999995,1200,1900.0,3090.81,13,8,4,Flow60,2.6267421052631574,11,7.636363636363637,12.363636363636363,191.63636363636363,45.27272727272727,7.666666666666667,14.0,266.6666666666667,6,4,2110.7200000000007,9.0,56.0
buy,1290.0250038712113,1305.96,1200.0,6.0,7325.62,1200,8800.0,-1474.3799999999999,14,8,4,Flow60,0.8324568181818182,8,3.25,9.875,249.875,29.0,2.0,12.0,175.0,3,2,2542.110000000003,15.0,13.0
sell,1290.0250038712113,1317.9,1200.0,6.0,3243.29,1200,1900.0,1343.29,14,8,4,Flow60,1.7069947368421052,13,6.615384615384615,12.0,203.07692307692307,37.30769230769231,8.333333333333334,11.0,333.3333333333333,3,2,2542.110000000003,15.0,59.333333333333336
buy,1098.034626231973,1151.48,1200.0,6.0,6482.379999999999,1200,8800.0,-2317.6200000000003,15,8,4,Flow60,0.7366340909090908,13,5.153846153846154,9.846153846153847,207.69230769230768,24.384615384615383,3.6,9.4,260.0,7,2,2017.1399999999994,8.0,27.6
sell,1098.034626231973,1098.87,1200.0,6.0,3860.94,1200,1900.0,1960.94,15,8,4,Flow60,2.0320736842105265,17,8.352941176470589,11.823529411764707,146.76470588235293,40.705882352941174,7.75,11.5,225.0,7,2,2017.1399999999994,8.0,43.0
buy,1085.4671435605742,1138.01,1200.0,6.0,6692.639999999999,1200,8800.0,-2107.36,16,8,4,Flow60,0.7605272727272726,14,4.071428571428571,8.928571428571429,179.21428571428572,25.357142857142858,2.0,8.0,222.5,11,3,1959.3800000000008,15.0,14.75
sell,1085.4671435605742,1074.2,1200.0,6.0,3519.1000000000004,1200,1900.0,1619.1000000000001,16,8,4,Flow60,1.8521578947368422,16,7.75,11.1875,154.5,51.875,8.25,11.5,217.5,11,3,1959.3800000000008,15.0,52.0
buy,740.6196230614964,844.81,1100.0,14.0,6080.68,1100,2400.0,3680.6800000000003,17,8,5,Flow60,2.5336166666666666,14,4.214285714285714,10.285714285714286,127.85714285714286,27.214285714285715,5.5,12.5,175.0,6,2,1525.4499999999996,11.0,15.5
sell,740.6196230614964,823.0,1100.0,14.0,4515.37,1100,9300.0,-4784.63,17,8,5,Flow60,0.4855236559139785,9,9.333333333333334,13.777777777777779,222.22222222222223,51.888888888888886,8.333333333333334,14.333333333333334,300.0,6,2,1525.4499999999996,11.0,36.0
buy,963.682388889764,1083.75,1100.0,14.0,6751.12,1100,2400.0,4351.12,18,8,5,Flow60,2.8129666666666666,10,4.1,12.0,135.5,32.1,3.5,12.25,250.0,7,3,1998.110000000002,11.0,35.25
sell,963.682388889764,1023.39,1100.0,14.0,5047.47,1100,9300.0,-4252.53,18,8,5,Flow60,0.5427387096774193,14,10.928571428571429,14.571428571428571,221.42857142857142,40.642857142857146,9.5,14.5,250.0,7,3,1998.110000000002,11.0,50.5
buy,964.3990481718138,1033.07,1100.0,14.0,5828.12,1100,2400.0,3428.12,19,8,5,Flow60,2.428383333333333,9,2.111111111111111,11.0,155.55555555555554,35.888888888888886,3.5,12.25,212.5,8,3,1964.1100000000004,16.0,36.75
sell,964.3990481718138,991.3,1100.0,14.0,5472.39,1100,9300.0,-3827.6099999999997,19,8,5,Flow60,0.5884290322580645,17,10.588235294117647,15.117647058823529,153.1764705882353,40.94117647058823,9.25,13.75,250.0,8,3,1964.1100000000004,16.0,49.75
buy,1081.788831983967,1128.55,1100.0,14.0,6648.84,1100,2400.0,4248.84,20,8,5,Flow60,2.77035,13,3.076923076923077,11.23076923076923,121.92307692307692,34.61538461538461,2.75,10.25,112.5,7,4,2174.110000000004,13.0,22.25
sell,1081.788831983967,1071.0,1100.0,14.0,5285.7,1100,9300.0,-4014.3,20,8,5,Flow60,0.5683548387096774,14,9.857142857142858,15.071428571428571,150.0,35.785714285714285,7.666666666666667,13.0,266.6666666666667,7,4,2174.110000000004,13.0,46.333333333333336
buy,1017.0520427496522,1054.54,1100.0,14.0,4348.45,1100,2400.0,1948.4500000000003,1,9,1,Flow60,1.8118541666666665,9,5.777777777777778,11.222222222222221,188.22222222222223,30.0,4.0,12.0,283.3333333333333,0,0,1810.0700000000038,22.0,41.0
sell,1017.0520427496522,1057.32,1100.0,14.0,5868.47,1100,9300.0,-3431.53,1,9,1,Flow60,0.6310182795698925,12,13.416666666666666,17.416666666666668,199.33333333333334,15.916666666666666,7.0,11.5,400.0,0,0,1810.0700000000038,22.0,24.0
buy,686.4732981331144,703.81,1100.0,14.0,2846.0299999999997,1100,2400.0,446.03,2,9,1,Flow60,1.1858458333333333,10,8.2,12.3,242.0,37.8,10.0,11.5,350.0,0,0,1392.8999999999965,28.0,56.5
sell,686.4732981331144,683.91,1100.0,14.0,5953.490000000001,1100,9300.0,-3346.5099999999998,2,9,1,Flow60,0.6401602150537635,15,13.133333333333333,19.266666666666666,224.0,12.933333333333334,8.0,17.0,350.0,0,0,1392.8999999999965,28.0,21.0
buy,757.2309164822238,767.16,1100.0,14.0,2869.43,1100,2400.0,469.4299999999999,3,9,1,Flow60,1.1955958333333332,11,6.2727272727272725,10.454545454545455,153.36363636363637,30.818181818181817,7.0,12.333333333333334,266.6666666666667,0,1,1446.2300000000039,17.0,49.333333333333336
sell,757.2309164822238,752.36,1100.0,14.0,5409.4400000000005,1100,9300.0,-3890.56,3,9,1,Flow60,0.5816602150537635,13,12.384615384615385,18.153846153846153,255.15384615384616,20.23076923076923,10.0,17.0,300.0,0,1,1446.2300000000039,17.0,28.5
buy,995.5819742648218,1001.14,1100.0,14.0,3024.85,1100,2400.0,624.8499999999999,4,9,1,Flow60,1.2603541666666667,12,7.333333333333333,11.666666666666666,162.66666666666666,28.666666666666668,8.0,12.5,350.0,0,0,1855.1599999999964,11.0,56.5
sell,995.5819742648218,1028.04,1100.0,14.0,5771.53,1100,9300.0,-3528.47,4,9,1,Flow60,0.620594623655914,16,13.125,18.1875,180.0,20.1875,11.75,18.0,300.0,0,0,1855.1599999999964,11.0,17.25
buy,790.5530926056475,800.0,1200.0,6.0,2787.21,1200,8800.0,-6012.79,5,9,2,Flow60,0.3167284090909091,7,3.4285714285714284,9.857142857142858,235.71428571428572,27.571428571428573,6.0,9.75,375.0,0,0,1593.920000000002,12.0,40.25
sell,790.5530926056475,808.6,1200.0,6.0,6454.639999999999,1200,1900.0,4554.639999999999,5,9,2,Flow60,3.397178947368421,11,11.363636363636363,18.363636363636363,239.72727272727272,20.272727272727273,13.0,19.0,300.0,0,0,1593.920000000002,12.0,17.0
buy,936.6062496622931,799.3399999999999,1200.0,6.0,3748.7099999999996,1200,8800.0,-5051.29,6,9,2,Flow60,0.4259897727272727,13,5.153846153846154,8.076923076923077,295.46153846153845,28.76923076923077,6.5,9.5,350.0,0,0,1731.4500000000007,23.0,42.0
sell,936.6062496622931,797.4399999999999,1200.0,6.0,4959.93,1200,1900.0,3059.9300000000003,6,9,2,Flow60,2.610489473684211,16,8.9375,15.875,202.5625,26.125,9.5,17.0,400.0,0,0,1731.4500000000007,23.0,24.0
buy,1147.730569604693,1006.0899999999999,1200.0,6.0,2362.55,1200,8800.0,-6437.450000000001,7,9,2,Flow60,0.26847159090909095,12,3.8333333333333335,8.083333333333334,222.41666666666666,25.583333333333332,3.8,6.8,320.0,0,1,1858.9099999999992,10.0,29.2
sell,1147.730569604693,1015.24,1200.0,6.0,5949.049999999999,1200,1900.0,4049.0499999999997,7,9,2,Flow60,3.1310789473684206,15,9.466666666666667,15.266666666666667,200.46666666666667,27.866666666666667,9.0,20.0,300.0,0,1,1858.9099999999992,10.0,38.0
buy,843.9559039842372,792.3,1200.0,6.0,4816.34,1200,8800.0,-3983.66,8,9,2,Flow60,0.5473113636363637,18,4.0,8.333333333333334,200.88888888888889,33.22222222222222,6.0,10.333333333333334,266.6666666666667,0,1,1576.24,14.0,44.333333333333336
sell,843.9559039842372,837.5799999999999,1200.0,6.0,4112.3099999999995,1200,1900.0,2212.31,8,9,2,Flow60,2.164373684210526,11,8.454545454545455,15.363636363636363,214.54545454545453,35.54545454545455,7.333333333333333,14.0,366.6666666666667,0,1,1576.24,14.0,24.333333333333332
buy,1263.8343626625792,1159.73,1500.0,9.0,3974.62,1500,6900.0,-2925.38,9,9,3,Flow60,0.576031884057971,12,6.083333333333333,10.833333333333334,194.5,30.0,7.75,13.75,237.5,0,2,2336.779999999997,10.0,38.75
sell,1263.8343626625792,1170.93,1500.0,9.0,7097.5599999999995,1500,6300.0,797.5599999999998,9,9,3,Flow60,1.1265968253968253,20,10.8,16.25,185.5,30.25,9.5,15.25,275.0,0,2,2336.779999999997,10.0,28.5
buy,1160.45024556196,1188.08,1500.0,9.0,4511.26,1500,6900.0,-2388.74,10,9,3,Flow60,0.6538057971014493,11,5.545454545454546,10.272727272727273,203.63636363636363,27.90909090909091,8.25,12.25,275.0,0,2,2310.6900000000014,10.0,40.5
sell,1160.45024556196,1186.77,1500.0,9.0,6252.27,1500,6300.0,-47.729999999999905,10,9,3,Flow60,0.9924238095238096,14,10.642857142857142,15.571428571428571,234.78571428571428,34.142857142857146,9.5,14.75,300.0,0,2,2310.6900000000014,10.0,29.5
buy,1110.7290568371855,1042.72,1500.0,9.0,4853.67,1500,6900.0,-2046.3300000000004,11,9,3,Flow60,0.7034304347826087,11,5.909090909090909,10.363636363636363,233.45454545454547,34.72727272727273,7.0,11.25,275.0,0,3,2139.62,10.0,41.0
sell,1110.7290568371855,1068.8,1500.0,9.0,5927.64,1500,6300.0,-372.3600000000001,11,9,3,Flow60,0.9408952380952381,16,10.625,15.0,214.9375,23.8125,8.5,15.25,337.5,0,3,2139.62,10.0,28.0
buy,1050.583364859854,1065.08,1500.0,9.0,4370.93,1500,6900.0,-2529.07,12,9,3,Flow60,0.633468115942029,11,4.636363636363637,11.727272727272727,203.45454545454547,34.81818181818182,6.75,12.5,300.0,0,2,2115.199999999997,10.0,38.25
sell,1050.583364859854,1083.22,1500.0,9.0,6373.360000000001,1500,6300.0,73.3599999999999,12,9,3,Flow60,1.0116444444444446,13,11.153846153846153,15.461538461538462,188.3846153846154,19.846153846153847,9.25,15.75,325.0,0,2,2115.199999999997,10.0,25.75
buy,958.5550198675152,985.66,1200.0,6.0,4130.08,1200,8800.0,-4669.92,13,9,4,Flow60,0.4693272727272727,6,5.666666666666667,11.0,271.6666666666667,29.833333333333332,8.0,12.666666666666666,333.3333333333333,2,1,1936.2700000000027,10.0,34.0
sell,958.5550198675152,959.82,1200.0,6.0,6073.639999999999,1200,1900.0,4173.64,13,9,4,Flow60,3.196652631578947,15,9.2,15.466666666666667,210.53333333333333,36.4,9.5,16.5,325.0,2,1,1936.2700000000027,10.0,31.25
buy,1195.5144195353782,1136.69,1200.0,6.0,3649.12,1200,8800.0,-5150.88,14,9,4,Flow60,0.41467272727272725,9,4.111111111111111,9.11111111111111,188.88888888888889,34.0,9.0,14.0,400.0,3,2,2218.2299999999996,13.0,43.5
sell,1195.5144195353782,1141.2,1200.0,6.0,7044.53,1200,1900.0,5144.53,14,9,4,Flow60,3.7076473684210525,14,10.428571428571429,15.857142857142858,208.78571428571428,45.857142857142854,10.0,17.0,312.5,3,2,2218.2299999999996,13.0,40.5
buy,1237.1059289120487,1218.49,1200.0,6.0,4327.139999999999,1200,8800.0,-4472.860000000001,15,9,4,Flow60,0.4917204545454545,12,3.8333333333333335,8.5,140.0,28.083333333333332,5.75,10.5,275.0,1,2,2266.110000000003,19.0,40.5
sell,1237.1059289120487,1242.58,1200.0,6.0,6279.49,1200,1900.0,4379.49,15,9,4,Flow60,3.3049947368421053,18,10.38888888888889,14.055555555555555,207.22222222222223,27.833333333333332,8.25,15.0,300.0,1,2,2266.110000000003,19.0,37.5
buy,891.6007390228824,934.89,1200.0,6.0,4032.73,1200,8800.0,-4767.27,16,9,4,Flow60,0.45826477272727273,9,3.4444444444444446,9.11111111111111,212.22222222222223,33.0,6.333333333333333,10.666666666666666,366.6666666666667,0,2,1792.5399999999993,11.0,48.0
sell,891.6007390228824,922.3,1200.0,6.0,5465.25,1200,1900.0,3565.25,16,9,4,Flow60,2.8764473684210525,18,9.722222222222221,15.11111111111111,191.16666666666666,29.77777777777778,7.5,15.0,340.0,0,2,1792.5399999999993,11.0,25.5
buy,1251.6131790458069,1103.24,1100.0,14.0,5978.76,1100,2400.0,3578.76,17,9,5,Flow60,2.49115,18,4.944444444444445,11.555555555555555,125.33333333333333,35.166666666666664,6.5,11.75,275.0,1,4,2043.5599999999977,18.0,38.75
sell,1251.6131790458069,1098.79,1100.0,14.0,5642.34,1100,9300.0,-3657.66,17,9,5,Flow60,0.6067032258064516,11,11.272727272727273,14.363636363636363,218.1818181818182,37.63636363636363,10.75,14.75,250.0,1,4,2043.5599999999977,18.0,37.5
buy,1204.0497480499632,1236.03,1100.0,14.0,5389.12,1100,2400.0,2989.12,18,9,5,Flow60,2.2454666666666667,10,5.2,12.5,199.7,47.7,6.75,12.5,275.0,3,3,2259.9400000000014,10.0,46.25
sell,1204.0497480499632,1231.21,1100.0,14.0,6156.66,1100,9300.0,-3143.34,18,9,5,Flow60,0.6620064516129032,15,12.0,16.0,209.06666666666666,34.333333333333336,10.0,15.0,350.0,3,3,2259.9400000000014,10.0,40.666666666666664
buy,1155.5396421845146,1143.44,1100.0,14.0,4787.96,1100,2400.0,2387.96,19,9,5,Flow60,1.9949833333333333,12,7.25,12.833333333333334,167.75,37.666666666666664,6.75,12.5,250.0,3,3,2133.3199999999993,9.0,36.75
sell,1155.5396421845146,1176.31,1100.0,14.0,6528.96,1100,9300.0,-2771.04,19,9,5,Flow60,0.7020387096774193,10,11.2,15.6,231.0,36.8,11.0,14.666666666666666,273.3333333333333,3,3,2133.3199999999993,9.0,36.0
buy,1256.2888928632415,1203.81,1100.0,14.0,4353.6,1100,2400.0,1953.6,20,9,5,Flow60,1.814,12,5.916666666666667,12.833333333333334,168.75,42.166666666666664,6.5,12.5,237.5,3,4,2335.979999999998,10.0,44.75
sell,1256.2888928632415,1208.7,1100.0,14.0,7344.61,1100,9300.0,-1955.3900000000003,20,9,5,Flow60,0.7897430107526882,10,11.2,14.7,212.7,38.8,10.333333333333334,13.333333333333334,266.6666666666667,3,4,2335.979999999998,10.0,39.666666666666664
buy,1053.4456240652066,1102.66,1100.0,14.0,5407.92,1100,2400.0,3007.92,1,10,1,Flow60,2.2533,15,6.8,12.066666666666666,151.33333333333334,12.866666666666667,7.0,11.666666666666666,200.0,0,0,1793.8899999999999,19.0,10.666666666666666
sell,1053.4456240652066,1106.12,1100.0,14.0,2025.98,1100,9300.0,-7274.02,1,10,1,Flow60,0.217847311827957,14,10.928571428571429,14.928571428571429,137.92857142857142,28.357142857142858,9.666666666666666,12.0,166.66666666666666,0,0,1793.8899999999999,19.0,30.666666666666668
buy,1018.629352144043,1074.66,1100.0,14.0,4951.0599999999995,1100,2400.0,2551.0599999999995,2,10,1,Flow60,2.0629416666666667,17,5.352941176470588,10.764705882352942,149.7058823529412,13.882352941176471,7.25,13.25,212.5,4,0,1804.7599999999993,29.0,17.25
sell,1018.629352144043,1051.95,1100.0,14.0,4490.35,1100,9300.0,-4809.65,2,10,1,Flow60,0.4828333333333334,22,10.5,15.363636363636363,123.4090909090909,33.31818181818182,12.5,17.0,100.0,4,0,1804.7599999999993,29.0,52.5
buy,942.1792773731996,1009.78,1100.0,14.0,4543.8,1100,2400.0,2143.8,3,10,1,Flow60,1.89325,11,7.0,12.090909090909092,150.0,13.363636363636363,8.25,13.75,225.0,2,0,1761.7200000000046,11.0,15.25
sell,942.1792773731996,980.6700000000001,1100.0,14.0,4660.58,1100,9300.0,-4639.42,3,10,1,Flow60,0.5011376344086022,24,11.625,15.833333333333334,97.91666666666667,27.25,6.333333333333333,12.333333333333334,100.0,2,0,1761.7200000000046,11.0,33.666666666666664
buy,1094.1973066205514,1067.78,1100.0,14.0,4947.73,1100,2400.0,2547.73,4,10,1,Flow60,2.0615541666666664,17,6.411764705882353,10.176470588235293,149.11764705882354,16.705882352941178,8.0,13.5,262.5,1,0,2016.3100000000031,14.0,20.5
sell,1094.1973066205514,1033.12,1100.0,14.0,5365.53,1100,9300.0,-3934.4700000000003,4,10,1,Flow60,0.5769387096774193,18,11.5,16.61111111111111,110.55555555555556,32.166666666666664,11.4,15.4,170.0,1,0,2016.3100000000031,14.0,35.6
buy,753.8864023272002,756.96,1200.0,6.0,4771.26,1200,8800.0,-4028.74,5,10,2,Flow60,0.5421886363636363,22,5.7272727272727275,8.363636363636363,197.72727272727272,14.0,9.0,11.333333333333334,283.3333333333333,2,0,1489.1,19.0,12.333333333333334
sell,753.8864023272002,762.81,1200.0,6.0,3751.6299999999997,1200,1900.0,1851.6299999999997,5,10,2,Flow60,1.9745421052631578,17,10.588235294117647,15.588235294117647,121.17647058823529,32.1764705882353,11.5,16.5,100.0,2,0,1489.1,19.0,52.5
buy,921.9246383490469,960.84,1200.0,6.0,5518.88,1200,8800.0,-3281.12,6,10,2,Flow60,0.6271454545454546,16,7.9375,9.8125,131.25,14.375,7.25,9.0,175.0,3,0,1829.6100000000013,9.0,11.25
sell,921.9246383490469,981.26,1200.0,6.0,4380.8099999999995,1200,1900.0,2480.81,6,10,2,Flow60,2.30568947368421,24,9.25,14.5,105.66666666666667,35.583333333333336,8.75,14.5,100.0,3,0,1829.6100000000013,9.0,43.25
buy,1192.2641813993982,1030.19,1200.0,6.0,6649.49,1200,8800.0,-2150.5099999999998,7,10,2,Flow60,0.7556238636363636,19,5.7368421052631575,8.789473684210526,126.84210526315789,15.368421052631579,7.4,9.8,160.0,3,0,2281.6000000000004,17.0,12.4
sell,1192.2641813993982,1030.3899999999999,1200.0,6.0,3597.56,1200,1900.0,1697.56,7,10,2,Flow60,1.8934526315789473,13,7.384615384615385,12.076923076923077,140.6153846153846,39.30769230769231,8.0,13.5,112.5,3,0,2281.6000000000004,17.0,41.75
buy,,1095.33,1200.0,6.0,5801.79,1200,8800.0,-2998.21,8,10,2,Flow60,0.6592943181818182,19,6.578947368421052,9.368421052631579,203.1578947368421,20.63157894736842,8.666666666666666,10.0,200.0,1,1,1835.8900000000008,9.0,28.666666666666668
sell,,1109.3400000000001,1200.0,6.0,4556.95,1200,1900.0,2656.95,8,10,2,Flow60,2.3983947368421052,8,8.0,10.75,175.0,37.5,8.0,10.5,200.0,1,1,1835.8900000000008,9.0,46.5
buy,1294.7375012813015,1225.83,1500.0,9.0,5080.92,1500,6900.0,-1819.0800000000002,9,10,3,Flow60,0.7363652173913043,18,7.611111111111111,11.11111111111111,122.77777777777777,16.444444444444443,8.0,11.75,225.0,4,0,2429.809999999999,22.0,15.25
sell,1294.7375012813015,1211.97,1500.0,9.0,6594.49,1500,6300.0,294.49000000000024,9,10,3,Flow60,1.0467444444444445,18,10.277777777777779,13.5,141.88888888888889,36.888888888888886,9.25,13.75,162.5,4,0,2429.809999999999,22.0,38.0
buy,1282.7904575580358,1380.6399999999999,1500.0,9.0,5983.719999999999,1500,6900.0,-916.2800000000003,10,10,3,Flow60,0.8672057971014492,16,6.5625,9.75,131.3125,21.5,8.333333333333334,10.333333333333334,166.66666666666666,1,1,2537.44,15.0,31.0
sell,1282.7904575580358,1395.19,1500.0,9.0,6499.63,1500,6300.0,199.63,10,10,3,Flow60,1.0316873015873016,11,9.818181818181818,12.818181818181818,177.0909090909091,34.0,8.75,12.0,237.5,1,1,2537.44,15.0,46.5
buy,1425.2145424879316,1492.72,1500.0,9.0,6137.13,1500,6900.0,-762.87,11,10,3,Flow60,0.8894391304347826,14,7.928571428571429,10.071428571428571,167.57142857142858,18.857142857142858,6.25,11.0,225.0,4,0,2865.399999999999,9.0,15.5
sell,1425.2145424879316,1486.17,1500.0,9.0,6967.969999999999,1500,6300.0,667.9699999999998,11,10,3,Flow60,1.106026984126984,16,10.375,13.3125,138.9375,36.0,8.5,12.75,200.0,4,0,2865.399999999999,9.0,53.0
buy,1115.9703918516325,1112.18,1500.0,9.0,4808.5,1500,6900.0,-2091.5,12,10,3,Flow60,0.6968840579710145,14,8.857142857142858,10.785714285714286,143.71428571428572,18.071428571428573,8.5,10.75,225.0,0,0,2122.4300000000003,8.0,14.75
sell,1115.9703918516325,1124.17,1500.0,9.0,5832.13,1500,6300.0,-467.87,12,10,3,Flow60,0.9257349206349207,14,10.285714285714286,14.214285714285714,176.42857142857142,34.57142857142857,10.0,12.5,212.5,0,0,2122.4300000000003,8.0,34.0
buy,1017.5437808660365,1004.73,1200.0,6.0,6363.95,1200,8800.0,-2436.0499999999997,13,10,4,Flow60,0.7231761363636363,20,3.8,6.55,139.05,19.25,5.333333333333333,7.666666666666667,133.33333333333334,3,0,1902.12,9.0,10.0
sell,1017.5437808660365,1013.53,1200.0,6.0,3673.1000000000004,1200,1900.0,1773.1000000000001,13,10,4,Flow60,1.9332105263157897,15,8.666666666666666,13.6,161.33333333333334,41.86666666666667,6.5,13.5,200.0,3,0,1902.12,9.0,34.0
buy,1100.2363707037416,981.8399999999999,1200.0,6.0,6128.7,1200,8800.0,-2671.2999999999997,14,10,4,Flow60,0.6964431818181818,13,5.153846153846154,7.538461538461538,149.07692307692307,19.307692307692307,6.0,8.0,166.66666666666666,5,0,2125.749999999999,7.0,18.0
sell,1100.2363707037416,966.15,1200.0,6.0,3602.79,1200,1900.0,1702.79,14,10,4,Flow60,1.8962052631578947,16,10.0,13.5625,139.75,39.75,8.0,11.0,125.0,5,0,2125.749999999999,7.0,47.0
buy,1057.7779533586042,1112.71,1200.0,6.0,6645.72,1200,8800.0,-2154.28,15,10,4,Flow60,0.7551954545454546,20,4.25,6.85,114.15,27.8,5.25,7.5,250.0,4,3,2071.020000000001,6.0,14.0
sell,1057.7779533586042,1097.63,1200.0,6.0,3836.4700000000003,1200,1900.0,1936.4699999999998,15,10,4,Flow60,2.0191947368421053,15,7.4,12.666666666666666,130.93333333333334,40.13333333333333,7.0,11.25,162.5,4,3,2071.020000000001,6.0,43.5
buy,1288.8906620099424,1293.87,1200.0,6.0,7103.92,1200,8800.0,-1696.0799999999997,16,10,4,Flow60,0.8072636363636364,12,5.583333333333333,8.25,135.08333333333334,13.666666666666666,6.333333333333333,8.0,200.0,1,0,2376.179999999999,11.0,9.0
sell,1288.8906620099424,1289.44,1200.0,6.0,3317.9900000000002,1200,1900.0,1417.9900000000002,16,10,4,Flow60,1.7463105263157896,15,7.066666666666666,12.466666666666667,160.86666666666667,38.06666666666667,7.0,9.666666666666666,300.0,1,0,2376.179999999999,11.0,53.666666666666664
buy,985.2335709547073,937.78,1100.0,14.0,5808.710000000001,1100,2400.0,3408.71,17,10,5,Flow60,2.4202958333333338,16,9.875,12.1875,151.1875,14.6875,12.0,13.666666666666666,133.33333333333334,1,0,1866.1399999999971,8.0,12.0
sell,985.2335709547073,957.5799999999999,1100.0,14.0,3943.08,1100,9300.0,-5356.92,17,10,5,Flow60,0.42398709677419355,12,12.166666666666666,15.833333333333334,175.0,35.833333333333336,12.0,15.5,275.0,1,0,1866.1399999999971,8.0,55.25
buy,,1127.0900000000001,1100.0,14.0,5073.5599999999995,1100,2400.0,2673.56,18,10,5,Flow60,2.113983333333333,15,10.8,12.6,154.13333333333333,18.133333333333333,9.0,11.75,225.0,6,0,2089.3899999999994,15.0,12.5
sell,,1123.8600000000001,1100.0,14.0,5233.07,1100,9300.0,-4066.9300000000003,18,10,5,Flow60,0.5626956989247311,11,10.909090909090908,14.818181818181818,183.54545454545453,41.63636363636363,11.0,15.0,266.6666666666667,6,0,2089.3899999999994,15.0,60.0
buy,956.2203573688645,908.9300000000001,1100.0,14.0,4326.61,1100,2400.0,1926.61,19,10,5,Flow60,1.8027541666666664,16,10.0625,12.5,151.375,19.1875,9.5,12.25,225.0,4,1,1855.09,26.0,11.75
sell,956.2203573688645,921.15,1100.0,14.0,5611.17,1100,9300.0,-3688.83,19,10,5,Flow60,0.6033516129032258,12,11.75,16.25,133.33333333333334,46.25,10.666666666666666,14.666666666666666,250.0,4,1,1855.09,26.0,42.0
buy,1291.5573570741528,1057.4,1100.0,14.0,4049.29,1100,2400.0,1649.29,20,10,5,Flow60,1.6872041666666666,15,11.6,14.066666666666666,139.6,18.466666666666665,10.333333333333334,13.5,183.33333333333334,4,0,2399.7,10.0,21.5
sell,1291.5573570741528,1060.05,1100.0,14.0,6293.3,1100,9300.0,-3006.7,20,10,5,Flow60,0.6766989247311828,11,11.545454545454545,15.727272727272727,141.8181818181818,46.09090909090909,10.75,15.0,262.5,4,0,2399.7,10.0,46.25
